feature,r
terms_abstract_tfidf__001,0.03466750295886878
terms_abstract_tfidf__01,0.15041060813089505
terms_abstract_tfidf__05,0.1042876314627054
terms_abstract_tfidf__10,0.24270627052762372
terms_abstract_tfidf__100,-0.008016548883180053
terms_abstract_tfidf__11,0.0939854615231893
terms_abstract_tfidf__12,-0.014645290671971761
terms_abstract_tfidf__12 healthy,-0.11139711584730426
terms_abstract_tfidf__13,0.10308761271127385
terms_abstract_tfidf__14,-0.0027619150891350455
terms_abstract_tfidf__14 healthy,-0.014178644410855023
terms_abstract_tfidf__15,-0.012098747027783796
terms_abstract_tfidf__15 healthy,-0.0053476717083782805
terms_abstract_tfidf__16,0.10874637043247938
terms_abstract_tfidf__16 healthy,-0.03973043131675702
terms_abstract_tfidf__17,0.11384247662418694
terms_abstract_tfidf__18,0.15013838947751754
terms_abstract_tfidf__18 healthy,-0.058267807985032026
terms_abstract_tfidf__19,0.13303292232047173
terms_abstract_tfidf__20,0.14636335961049296
terms_abstract_tfidf__20 healthy,0.04856860521666798
terms_abstract_tfidf__200,-0.027237300654620628
terms_abstract_tfidf__2014,-0.017793949957463168
terms_abstract_tfidf__21,0.24472173576022213
terms_abstract_tfidf__22,0.1612130394927806
terms_abstract_tfidf__23,0.1043044703674922
terms_abstract_tfidf__24,0.17397242359294326
terms_abstract_tfidf__25,0.1451353768795394
terms_abstract_tfidf__26,0.12545541280747094
terms_abstract_tfidf__27,0.06942230282167813
terms_abstract_tfidf__28,0.17442907190786328
terms_abstract_tfidf__29,0.17237396440467312
terms_abstract_tfidf__30,-0.013669766577233403
terms_abstract_tfidf__31,0.14124620933507392
terms_abstract_tfidf__32,0.14517374487434861
terms_abstract_tfidf__33,0.1335621711922153
terms_abstract_tfidf__34,0.14261093820150816
terms_abstract_tfidf__35,0.09650039038806575
terms_abstract_tfidf__36,0.0035958427305854304
terms_abstract_tfidf__37,0.025033999170720064
terms_abstract_tfidf__38,0.19470533606779633
terms_abstract_tfidf__39,0.2582190518235092
terms_abstract_tfidf__3d,-0.29558258144240274
terms_abstract_tfidf__3t,-0.05087834794704297
terms_abstract_tfidf__40,-0.07832671893935528
terms_abstract_tfidf__41,0.18765656350457963
terms_abstract_tfidf__42,0.13848825431473838
terms_abstract_tfidf__43,0.11907148716562405
terms_abstract_tfidf__44,-0.12314112487663557
terms_abstract_tfidf__45,-0.05609705416136214
terms_abstract_tfidf__46,0.06579642751086016
terms_abstract_tfidf__47,0.24248701835722644
terms_abstract_tfidf__48,0.07937143681819582
terms_abstract_tfidf__49,0.04435701076237295
terms_abstract_tfidf__50,0.06906120167096472
terms_abstract_tfidf__60,-0.011241520564822789
terms_abstract_tfidf__70,-0.02377672854975327
terms_abstract_tfidf__75,-0.028799527877700855
terms_abstract_tfidf__80,-0.045242480566877866
terms_abstract_tfidf__90,-0.048268361409313856
terms_abstract_tfidf__aberrant,0.3168035334692723
terms_abstract_tfidf__abilities,-0.07468616631826644
terms_abstract_tfidf__ability,0.14540221453710922
terms_abstract_tfidf__able,-0.205992112938645
terms_abstract_tfidf__abnormal,0.2535506051447564
terms_abstract_tfidf__abnormalities,0.23328047797388388
terms_abstract_tfidf__abnormality,0.11983312867005835
terms_abstract_tfidf__absence,-0.0639282256813277
terms_abstract_tfidf__absent,-0.054304675516198324
terms_abstract_tfidf__abstract,-0.03343626482706673
terms_abstract_tfidf__abuse,0.14967092783988553
terms_abstract_tfidf__acc,0.24960839457935058
terms_abstract_tfidf__access,0.08021676880328092
terms_abstract_tfidf__accompanied,0.09383425186852647
terms_abstract_tfidf__accordance,-0.048832487216971664
terms_abstract_tfidf__according,-0.10865601948298458
terms_abstract_tfidf__accordingly,-0.08286221068459028
terms_abstract_tfidf__account,-0.08689994914733525
terms_abstract_tfidf__accounted,0.02528754229245825
terms_abstract_tfidf__accounts,0.10575844744114389
terms_abstract_tfidf__accumbens,0.13826766359510212
terms_abstract_tfidf__accuracy,0.08798821332103192
terms_abstract_tfidf__accurate,-0.03555967229654254
terms_abstract_tfidf__accurately,0.057252301122145556
terms_abstract_tfidf__achieve,-0.02520764515344287
terms_abstract_tfidf__achieved,-0.015526884346482812
terms_abstract_tfidf__acoustic,0.06484415554030368
terms_abstract_tfidf__acquired,-0.00492816688570898
terms_abstract_tfidf__acquisition,-0.1672119628446441
terms_abstract_tfidf__act,-0.033369740706995235
terms_abstract_tfidf__action,-0.4422507543570977
terms_abstract_tfidf__action observation,-0.4688876313050217
terms_abstract_tfidf__actions,-0.39342821922665927
terms_abstract_tfidf__activate,-0.2927938506327901
terms_abstract_tfidf__activates,-0.19878718153585448
terms_abstract_tfidf__activations,-0.33131758151220914
terms_abstract_tfidf__active,-0.2855632694941276
terms_abstract_tfidf__actively,-0.06035333611944703
terms_abstract_tfidf__activities,0.0282578547661564
terms_abstract_tfidf__acts,-0.14327436256107665
terms_abstract_tfidf__actual,-0.3309927691397505
terms_abstract_tfidf__actually,-0.1972940900577409
terms_abstract_tfidf__acute,0.08297507876898273
terms_abstract_tfidf__ad,0.2574476861254202
terms_abstract_tfidf__adaptation,-0.2345543550116633
terms_abstract_tfidf__adapted,0.07607411981629289
terms_abstract_tfidf__adaptive,0.16176088429148583
terms_abstract_tfidf__add,-0.09472811452627927
terms_abstract_tfidf__addiction,0.17835095897278516
terms_abstract_tfidf__addition,-0.05941528725111251
terms_abstract_tfidf__additional,-0.260067984014611
terms_abstract_tfidf__additionally,0.09276284086382572
terms_abstract_tfidf__addressed,0.1157938981754875
terms_abstract_tfidf__adhd,0.19643537227458796
terms_abstract_tfidf__adjacent,-0.30894304863679667
terms_abstract_tfidf__administered,0.04035526503470783
terms_abstract_tfidf__administration,0.0391996441400307
terms_abstract_tfidf__adolescence,0.2733735140955396
terms_abstract_tfidf__adolescent,0.33890801600774234
terms_abstract_tfidf__adolescents,0.35154648085845036
terms_abstract_tfidf__adopted,0.020694343179011233
terms_abstract_tfidf__adult,0.27504191568211656
terms_abstract_tfidf__adulthood,0.2867110351740056
terms_abstract_tfidf__adults,0.25344308172842267
terms_abstract_tfidf__advance,-0.1358735505726035
terms_abstract_tfidf__advanced,-0.09820689273506153
terms_abstract_tfidf__advances,0.09544275682708356
terms_abstract_tfidf__advantage,-0.13656121744104546
terms_abstract_tfidf__affect,0.2329346128905333
terms_abstract_tfidf__affected,-0.05294183261003213
terms_abstract_tfidf__affecting,-0.07698002013801665
terms_abstract_tfidf__affective,0.26061211463391143
terms_abstract_tfidf__affects,0.09580529951552394
terms_abstract_tfidf__age,0.28268685098097796
terms_abstract_tfidf__age controls,-0.13928224242146373
terms_abstract_tfidf__age gender,0.23866268589168296
terms_abstract_tfidf__age groups,0.026809818667444467
terms_abstract_tfidf__age healthy,-0.12893954965971127
terms_abstract_tfidf__age sex,0.10927316576333244
terms_abstract_tfidf__aged,0.13317518614092966
terms_abstract_tfidf__agent,-0.06541589782135603
terms_abstract_tfidf__ages,0.2146412845597292
terms_abstract_tfidf__aging,0.12779255253565477
terms_abstract_tfidf__agreement,-0.11994363442943609
terms_abstract_tfidf__aim,-0.03468016483769339
terms_abstract_tfidf__aimed,0.11658860794151071
terms_abstract_tfidf__aims,0.08809205745115554
terms_abstract_tfidf__al,0.0858455202432616
terms_abstract_tfidf__alcohol,0.20560304598194293
terms_abstract_tfidf__alff,0.1782683767855761
terms_abstract_tfidf__algorithm,0.010505819923264421
terms_abstract_tfidf__allele,0.1716244541802942
terms_abstract_tfidf__allocation,0.03341782443294505
terms_abstract_tfidf__allow,-0.10562065633006731
terms_abstract_tfidf__allowed,-0.12920657503039598
terms_abstract_tfidf__allowing,-0.08153417876979203
terms_abstract_tfidf__allows,-0.024241970246999003
terms_abstract_tfidf__alpha,-0.026253588093653187
terms_abstract_tfidf__alter,0.10142436669149059
terms_abstract_tfidf__alteration,0.1641976258995748
terms_abstract_tfidf__alterations,0.24548980200807957
terms_abstract_tfidf__altered,0.24232444698192976
terms_abstract_tfidf__alternating,-0.06669470245009487
terms_abstract_tfidf__alternative,0.0618019514589216
terms_abstract_tfidf__alters,-0.022450358206741513
terms_abstract_tfidf__alzheimer,0.23526710158104638
terms_abstract_tfidf__alzheimer disease,0.22905763138396204
terms_abstract_tfidf__ambiguous,0.058586850014656106
terms_abstract_tfidf__amnestic,0.26260642303730847
terms_abstract_tfidf__amplitude,-0.05460778169291761
terms_abstract_tfidf__amplitude low,0.1855734838289057
terms_abstract_tfidf__amplitudes,-0.09412167393618939
terms_abstract_tfidf__amygdala,0.28350299884214003
terms_abstract_tfidf__amygdala anterior,0.19951307426057607
terms_abstract_tfidf__amygdala hippocampus,0.15822559309616785
terms_abstract_tfidf__amygdala insula,0.10697200931724149
terms_abstract_tfidf__amygdala response,0.16006713541204148
terms_abstract_tfidf__amygdala responses,0.06043374317048186
terms_abstract_tfidf__analysed,0.038071608485356484
terms_abstract_tfidf__analyses,0.2674937553588302
terms_abstract_tfidf__analyze,-0.14520469834721494
terms_abstract_tfidf__analyzed,0.09270229347003381
terms_abstract_tfidf__analyzed using,-0.011644049680970141
terms_abstract_tfidf__analyzing,-0.11741846842184844
terms_abstract_tfidf__anatomical,-0.07433792726071195
terms_abstract_tfidf__anatomically,0.06765688259609379
terms_abstract_tfidf__anatomy,-0.11952622257302438
terms_abstract_tfidf__anger,0.14185048094170757
terms_abstract_tfidf__angry,0.06748221879532044
terms_abstract_tfidf__angular,0.1729002803496863
terms_abstract_tfidf__angular gyrus,0.1858726710787728
terms_abstract_tfidf__animal,0.040525087838706245
terms_abstract_tfidf__animals,-0.018456210465915456
terms_abstract_tfidf__anisotropy,0.05112761052060839
terms_abstract_tfidf__anisotropy fa,0.04920342993528169
terms_abstract_tfidf__anterior,0.3337828761511479
terms_abstract_tfidf__anterior cingulate,0.34296337449513736
terms_abstract_tfidf__anterior hippocampus,0.08233615147478643
terms_abstract_tfidf__anterior insula,0.06357114189854642
terms_abstract_tfidf__anterior insular,-0.13364354353444663
terms_abstract_tfidf__anterior intraparietal,-0.47624853736198136
terms_abstract_tfidf__anterior medial,0.31099230819042745
terms_abstract_tfidf__anterior posterior,0.2727134754594053
terms_abstract_tfidf__anterior prefrontal,0.15715040904055902
terms_abstract_tfidf__anterior superior,0.044085315801009196
terms_abstract_tfidf__anterior temporal,0.2477827660413946
terms_abstract_tfidf__anti,0.12559643199009915
terms_abstract_tfidf__anticipation,0.0011529642714526132
terms_abstract_tfidf__anticipatory,-0.017468049709056275
terms_abstract_tfidf__anxiety,0.22656620702056662
terms_abstract_tfidf__anxiety disorders,0.10631540557344285
terms_abstract_tfidf__apart,0.03087469784803281
terms_abstract_tfidf__aphasia,0.012995853868453627
terms_abstract_tfidf__apparent,-0.08091039506575144
terms_abstract_tfidf__appear,-0.02498798093433243
terms_abstract_tfidf__appeared,-0.0073427978360524
terms_abstract_tfidf__appears,-0.10113230411619162
terms_abstract_tfidf__application,0.07472018255350245
terms_abstract_tfidf__applied,-0.0908185783927942
terms_abstract_tfidf__apply,-0.018951111125701383
terms_abstract_tfidf__applying,-0.20148418422266995
terms_abstract_tfidf__appraisal,0.17995093263863615
terms_abstract_tfidf__approach,0.1592933383108138
terms_abstract_tfidf__approaches,0.22915504200681958
terms_abstract_tfidf__appropriate,-0.12889373525976114
terms_abstract_tfidf__approximately,-0.036509059025481204
terms_abstract_tfidf__architecture,0.25590146237056716
terms_abstract_tfidf__argue,-0.12264228643793647
terms_abstract_tfidf__arise,0.16734926899080985
terms_abstract_tfidf__arithmetic,-0.08081125845409745
terms_abstract_tfidf__arm,-0.3617799053820528
terms_abstract_tfidf__arousal,0.15118950132146958
terms_abstract_tfidf__arterial,0.047308270897793527
terms_abstract_tfidf__arterial spin,0.05529095013817612
terms_abstract_tfidf__articulatory,-0.1520901131209644
terms_abstract_tfidf__asd,0.14308035164091362
terms_abstract_tfidf__asked,0.02459788181139255
terms_abstract_tfidf__aspect,0.05469350850938567
terms_abstract_tfidf__aspects,0.06623885061980518
terms_abstract_tfidf__assess,-0.12583209202189752
terms_abstract_tfidf__assessed,0.20011720697742527
terms_abstract_tfidf__assessed using,0.037862475647531396
terms_abstract_tfidf__assessing,0.005419087506286675
terms_abstract_tfidf__assessment,0.08863000874788457
terms_abstract_tfidf__assessments,0.09238328117659536
terms_abstract_tfidf__assigned,0.16904265215389055
terms_abstract_tfidf__association,0.1977189440261899
terms_abstract_tfidf__associations,0.2593427029069727
terms_abstract_tfidf__associative,-0.02281804965146396
terms_abstract_tfidf__assume,-0.14494392854434465
terms_abstract_tfidf__assumed,0.07033755581868269
terms_abstract_tfidf__assumption,0.008164940867247885
terms_abstract_tfidf__asymmetry,-0.10723873682203472
terms_abstract_tfidf__atrophy,0.20093552489520164
terms_abstract_tfidf__attempt,-0.015419164307611316
terms_abstract_tfidf__attempted,0.04271380800380026
terms_abstract_tfidf__attend,-0.1933845519219639
terms_abstract_tfidf__attended,-0.17672019065478164
terms_abstract_tfidf__attending,-0.075184881623428
terms_abstract_tfidf__attention,-0.20670943129348412
terms_abstract_tfidf__attention deficit,0.14763330709597794
terms_abstract_tfidf__attention network,-0.09262728983177146
terms_abstract_tfidf__attention task,-0.19020406332566744
terms_abstract_tfidf__attentional,-0.21674218559189112
terms_abstract_tfidf__attentional control,-0.040888522843231294
terms_abstract_tfidf__attenuated,0.04570943258834359
terms_abstract_tfidf__attenuation,-0.03926781049264517
terms_abstract_tfidf__attributed,-0.017775297476725186
terms_abstract_tfidf__attributes,-0.08672841851672107
terms_abstract_tfidf__attribution,0.1358221483127296
terms_abstract_tfidf__atypical,0.18822686979529712
terms_abstract_tfidf__audiovisual,-0.07172144910930996
terms_abstract_tfidf__auditory,-0.08731985665031634
terms_abstract_tfidf__auditory cortex,0.01945377279792597
terms_abstract_tfidf__auditory stimuli,-0.00240518893885264
terms_abstract_tfidf__auditory visual,-0.02561237642285534
terms_abstract_tfidf__autism,0.18709618525234245
terms_abstract_tfidf__autism spectrum,0.17272036088732004
terms_abstract_tfidf__autobiographical,0.43028723527706875
terms_abstract_tfidf__autobiographical memory,0.34331847593177417
terms_abstract_tfidf__automated,-0.048047174888530504
terms_abstract_tfidf__automatic,-0.08987970479237148
terms_abstract_tfidf__automatically,-0.15528272939601692
terms_abstract_tfidf__autonomic,0.019527375083292057
terms_abstract_tfidf__available,0.13553721450281705
terms_abstract_tfidf__average,-0.02477503726956059
terms_abstract_tfidf__aversive,0.17063609590296255
terms_abstract_tfidf__avoid,0.007642584598141257
terms_abstract_tfidf__avoidance,0.09310268878517117
terms_abstract_tfidf__awareness,0.1038531898622575
terms_abstract_tfidf__away,-0.08146769920453692
terms_abstract_tfidf__axis,-0.011882402806034746
terms_abstract_tfidf__ba,-0.04226145588569846
terms_abstract_tfidf__ba 44,-0.1388036602046902
terms_abstract_tfidf__background,0.3338353101613419
terms_abstract_tfidf__balance,0.016610077738741458
terms_abstract_tfidf__band,0.04447296068688702
terms_abstract_tfidf__bands,0.0803452823831099
terms_abstract_tfidf__basal,-0.20084437890445522
terms_abstract_tfidf__basal ganglia,-0.21509692537184352
terms_abstract_tfidf__baseline,0.16209799237003172
terms_abstract_tfidf__bases,0.2052816585431102
terms_abstract_tfidf__basic,-0.11134502584072076
terms_abstract_tfidf__basis,0.044138348764840823
terms_abstract_tfidf__bayesian,0.07974872656069613
terms_abstract_tfidf__beginning,0.024067505974595216
terms_abstract_tfidf__behavior,0.23907177245439348
terms_abstract_tfidf__behavioral,0.10445935230658344
terms_abstract_tfidf__behavioral evidence,0.10333054296360274
terms_abstract_tfidf__behavioral level,-0.03695376856010992
terms_abstract_tfidf__behavioral measures,0.0017431649565168422
terms_abstract_tfidf__behavioral performance,-0.18330088035909092
terms_abstract_tfidf__behavioral responses,0.008612476094374754
terms_abstract_tfidf__behaviorally,0.05443740635308292
terms_abstract_tfidf__behaviors,0.29726856225352977
terms_abstract_tfidf__behaviour,0.18603173466488884
terms_abstract_tfidf__behavioural,-0.0015414329621374694
terms_abstract_tfidf__belief,0.29046957421733116
terms_abstract_tfidf__beliefs,0.35427399529736564
terms_abstract_tfidf__believed,0.003297165820756657
terms_abstract_tfidf__beneficial,0.1292757264106163
terms_abstract_tfidf__benefit,-0.04172732901081763
terms_abstract_tfidf__benefits,0.03964714373260638
terms_abstract_tfidf__best,0.08319045470518097
terms_abstract_tfidf__beta,-0.06588926856757756
terms_abstract_tfidf__better,0.09471555144727363
terms_abstract_tfidf__better understanding,0.11623950514609319
terms_abstract_tfidf__bias,0.06089395367218544
terms_abstract_tfidf__biased,0.057516232105078446
terms_abstract_tfidf__biases,0.010495359009459936
terms_abstract_tfidf__bilaterally,-0.36032872257567233
terms_abstract_tfidf__bilinguals,-0.04673407899986345
terms_abstract_tfidf__binding,0.013780525133963063
terms_abstract_tfidf__biological,0.013997203328772556
terms_abstract_tfidf__biomarker,0.1882977931624442
terms_abstract_tfidf__biomarkers,0.22464581316436305
terms_abstract_tfidf__bipolar,0.32682187596998413
terms_abstract_tfidf__bipolar disorder,0.30203733011844286
terms_abstract_tfidf__blind,-0.06962070124317152
terms_abstract_tfidf__block,-0.17885526568119975
terms_abstract_tfidf__block design,-0.10363980136023686
terms_abstract_tfidf__blocked,-0.18283759502020075
terms_abstract_tfidf__blocks,-0.09635987398145039
terms_abstract_tfidf__blood,0.055077358793634894
terms_abstract_tfidf__blood flow,0.07454582367051973
terms_abstract_tfidf__blood oxygen,-0.03470420896502437
terms_abstract_tfidf__blood oxygenation,0.04983334243207301
terms_abstract_tfidf__bodily,-0.17608154676836696
terms_abstract_tfidf__body,-0.49084941367562357
terms_abstract_tfidf__bold,-0.15905694066196172
terms_abstract_tfidf__bold response,-0.17441294621436124
terms_abstract_tfidf__bold responses,-0.056169560097060596
terms_abstract_tfidf__bold signal,-0.08516257486338555
terms_abstract_tfidf__bold signals,0.013657525629501047
terms_abstract_tfidf__brains,0.05794194500581288
terms_abstract_tfidf__brainstem,0.0035459281554799864
terms_abstract_tfidf__brief,0.0908607574756178
terms_abstract_tfidf__broad,0.11186726567022341
terms_abstract_tfidf__broader,0.05463430228938752
terms_abstract_tfidf__broca,0.037450452716187736
terms_abstract_tfidf__brodmann,-0.007045326118489841
terms_abstract_tfidf__brodmann ba,-0.11094317830169603
terms_abstract_tfidf__button,-0.06931880902495166
terms_abstract_tfidf__calculated,0.09558121674361923
terms_abstract_tfidf__calculation,-0.24499922270272634
terms_abstract_tfidf__called,-0.08221249553289957
terms_abstract_tfidf__callosum,-0.0208710488357191
terms_abstract_tfidf__candidate,-0.03035018971239134
terms_abstract_tfidf__canonical,0.052541506276757285
terms_abstract_tfidf__capacity,-0.0006792319928578034
terms_abstract_tfidf__capture,-0.035267339045528825
terms_abstract_tfidf__carried,-0.22107400251814563
terms_abstract_tfidf__carriers,0.13919964563077813
terms_abstract_tfidf__case,-0.10327258518757754
terms_abstract_tfidf__cases,0.08721763706378857
terms_abstract_tfidf__categorical,-0.11867099999441168
terms_abstract_tfidf__categories,-0.06742654707525282
terms_abstract_tfidf__categorization,-0.10352742768631304
terms_abstract_tfidf__category,-0.09749539902814254
terms_abstract_tfidf__caudal,-0.22028321900524792
terms_abstract_tfidf__caudate,0.11701536997188071
terms_abstract_tfidf__caudate nucleus,0.002163584912094269
terms_abstract_tfidf__causal,-0.18848553795037776
terms_abstract_tfidf__causal modeling,-0.21789658252188082
terms_abstract_tfidf__causality,0.259603224549774
terms_abstract_tfidf__cause,0.006365065525127198
terms_abstract_tfidf__caused,-0.06283644006092541
terms_abstract_tfidf__causes,-0.04736563320781132
terms_abstract_tfidf__center,-0.15237348564691272
terms_abstract_tfidf__centered,-0.030766042711074696
terms_abstract_tfidf__central,-0.1784060838545953
terms_abstract_tfidf__central role,0.06753691855914003
terms_abstract_tfidf__cerebellar,-0.2173343830739273
terms_abstract_tfidf__cerebellum,-0.2612148179776057
terms_abstract_tfidf__cerebral,-0.21610057400853105
terms_abstract_tfidf__cerebral blood,0.09139785353455396
terms_abstract_tfidf__cerebral cortex,-0.058954609946580736
terms_abstract_tfidf__certain,0.1005945061777233
terms_abstract_tfidf__challenge,0.1710440253150921
terms_abstract_tfidf__challenges,0.029297949026461392
terms_abstract_tfidf__challenging,0.047471940505131954
terms_abstract_tfidf__change,-0.07725297690790689
terms_abstract_tfidf__changed,-0.08407481061890996
terms_abstract_tfidf__changing,0.059346385840544524
terms_abstract_tfidf__character,0.020511144414202626
terms_abstract_tfidf__characteristic,0.011619996886944957
terms_abstract_tfidf__characteristics,0.10929956361897614
terms_abstract_tfidf__characterization,0.014515231136690806
terms_abstract_tfidf__characterize,0.024793650144066544
terms_abstract_tfidf__characterized,0.23335395146060725
terms_abstract_tfidf__characterizing,0.10271175817659751
terms_abstract_tfidf__characters,-0.17066649777791643
terms_abstract_tfidf__childhood,0.17940079607510845
terms_abstract_tfidf__children,0.2381530671370298
terms_abstract_tfidf__children adolescents,0.21550262821130153
terms_abstract_tfidf__chinese,-0.10951920907481075
terms_abstract_tfidf__choice,0.2789897831622294
terms_abstract_tfidf__choices,0.32861590872243207
terms_abstract_tfidf__choose,0.25620058874813606
terms_abstract_tfidf__chosen,0.0035566910714904722
terms_abstract_tfidf__chronic,0.07422889921049286
terms_abstract_tfidf__chronic pain,-0.002032410859353969
terms_abstract_tfidf__cingulate,0.38485601562577587
terms_abstract_tfidf__cingulate cortex,0.38910621960820696
terms_abstract_tfidf__cingulate cortices,0.11506285710629001
terms_abstract_tfidf__cingulate gyrus,0.24064160000291737
terms_abstract_tfidf__circuit,-0.14594180410083807
terms_abstract_tfidf__circuitry,0.2282306010092383
terms_abstract_tfidf__circuits,-0.005606036234161417
terms_abstract_tfidf__clarify,0.09476425909742837
terms_abstract_tfidf__class,-0.04837387475855988
terms_abstract_tfidf__classic,0.1623027163968892
terms_abstract_tfidf__classical,0.051301915205656336
terms_abstract_tfidf__classification,0.10244829453284081
terms_abstract_tfidf__classified,0.06018738220511484
terms_abstract_tfidf__clear,-0.1267856997532368
terms_abstract_tfidf__clearly,0.0222403597078331
terms_abstract_tfidf__clinical,0.17466284741480967
terms_abstract_tfidf__clinically,0.1197372291885761
terms_abstract_tfidf__clips,-0.2444260005788246
terms_abstract_tfidf__close,-0.1547476608736634
terms_abstract_tfidf__closed,-0.06645290821154841
terms_abstract_tfidf__closely,0.018001323611716268
terms_abstract_tfidf__cluster,-0.021006770968223704
terms_abstract_tfidf__clustering,0.11970489619352476
terms_abstract_tfidf__clusters,-0.06405348476686865
terms_abstract_tfidf__code,-0.12235863995205631
terms_abstract_tfidf__coding,-0.33061262681637316
terms_abstract_tfidf__cognition,0.3779421826291949
terms_abstract_tfidf__cognitive,0.39520045200481635
terms_abstract_tfidf__cognitive control,0.2475183616618553
terms_abstract_tfidf__cognitive deficits,-0.05777237727315205
terms_abstract_tfidf__cognitive emotional,0.19238546367181927
terms_abstract_tfidf__cognitive function,0.14238138511929763
terms_abstract_tfidf__cognitive functions,0.026256682071765982
terms_abstract_tfidf__cognitive impairment,0.29348816709735187
terms_abstract_tfidf__cognitive neuroscience,0.05790348053970433
terms_abstract_tfidf__cognitive performance,0.15581808945523332
terms_abstract_tfidf__cognitive processes,0.25241577778851176
terms_abstract_tfidf__cognitive task,0.05839902601797362
terms_abstract_tfidf__cognitive tasks,0.02233074705488026
terms_abstract_tfidf__cognitively,0.19631135997658397
terms_abstract_tfidf__coherence,0.1429945492685023
terms_abstract_tfidf__coherent,0.058043056833244365
terms_abstract_tfidf__cohort,0.13886742354453788
terms_abstract_tfidf__collected,0.12256023181198296
terms_abstract_tfidf__collectively,-0.09900939069722743
terms_abstract_tfidf__color,-0.27997406394937463
terms_abstract_tfidf__combination,-0.06190175231818995
terms_abstract_tfidf__combinations,-0.06068503860917145
terms_abstract_tfidf__combined,-0.08688191928160485
terms_abstract_tfidf__combining,-0.1297124535244547
terms_abstract_tfidf__common,-0.05663335925523506
terms_abstract_tfidf__commonly,0.06109874062567771
terms_abstract_tfidf__communication,0.13422604841623795
terms_abstract_tfidf__community,0.15414773035190452
terms_abstract_tfidf__comparable,-0.14221546888308936
terms_abstract_tfidf__compare,-0.11165285401227089
terms_abstract_tfidf__comparing,0.05321527999955114
terms_abstract_tfidf__comparisons,0.016208119859969904
terms_abstract_tfidf__compatible,-0.38160877010101135
terms_abstract_tfidf__compensate,-0.1511578028940771
terms_abstract_tfidf__compensation,-0.12735118055035954
terms_abstract_tfidf__compensatory,0.0021707050624329843
terms_abstract_tfidf__competing,0.051177737380440534
terms_abstract_tfidf__competition,-0.07295629929171035
terms_abstract_tfidf__complementary,-0.054894684097787874
terms_abstract_tfidf__complete,-0.13595508336405754
terms_abstract_tfidf__completed,0.3210536103949676
terms_abstract_tfidf__completely,-0.09230309393546816
terms_abstract_tfidf__complex,-0.18720049898757216
terms_abstract_tfidf__complexity,-0.15837241267418428
terms_abstract_tfidf__component,0.2243615402044915
terms_abstract_tfidf__component ica,0.32500143700926654
terms_abstract_tfidf__components,0.02539604281973714
terms_abstract_tfidf__composed,-0.11801477879062527
terms_abstract_tfidf__comprehension,0.22105312800700563
terms_abstract_tfidf__comprehensive,0.14166934527180605
terms_abstract_tfidf__comprised,0.04359504877739874
terms_abstract_tfidf__compromised,0.21224310673622093
terms_abstract_tfidf__compulsive,0.17183426817830258
terms_abstract_tfidf__compulsive disorder,0.15168152342674324
terms_abstract_tfidf__computation,0.12176463055988919
terms_abstract_tfidf__computational,0.003936101167498405
terms_abstract_tfidf__computed,0.12885290899365034
terms_abstract_tfidf__concentration,0.06616283534630926
terms_abstract_tfidf__concept,0.1322818092506138
terms_abstract_tfidf__concepts,0.07407403661544058
terms_abstract_tfidf__conceptual,0.07212058639074494
terms_abstract_tfidf__concerning,0.1142223796444714
terms_abstract_tfidf__conclude,-0.38884341726476856
terms_abstract_tfidf__conclusion,0.1014121213462806
terms_abstract_tfidf__concomitant,-0.19188585484977125
terms_abstract_tfidf__concrete,0.10976534696663924
terms_abstract_tfidf__concurrent,-0.05068343099614851
terms_abstract_tfidf__concurrently,-0.2755012557649504
terms_abstract_tfidf__condition,0.06194099492524356
terms_abstract_tfidf__conditioned,0.13214109195287782
terms_abstract_tfidf__conditioning,0.1014240935837712
terms_abstract_tfidf__conditions,-0.262308510098862
terms_abstract_tfidf__conductance,0.15736424336022092
terms_abstract_tfidf__conducted,0.2896224655378713
terms_abstract_tfidf__confidence,0.006730253796336686
terms_abstract_tfidf__confirm,0.020579410778253725
terms_abstract_tfidf__confirmed,-0.18001195276517776
terms_abstract_tfidf__conflict,0.05601022260846187
terms_abstract_tfidf__conflicting,-0.03220267761978251
terms_abstract_tfidf__confounding,-0.012147360455871259
terms_abstract_tfidf__congruency,-0.1929471935362841
terms_abstract_tfidf__congruent,-0.1993523455157091
terms_abstract_tfidf__congruent incongruent,-0.11134631787022647
terms_abstract_tfidf__conjunction,-0.09168060164926634
terms_abstract_tfidf__connected,0.20419075708554874
terms_abstract_tfidf__connection,-0.026633383415826026
terms_abstract_tfidf__connections,0.024596492989091858
terms_abstract_tfidf__connectivity,0.35258255913856446
terms_abstract_tfidf__connectivity amygdala,0.15461206602629346
terms_abstract_tfidf__connectivity analyses,0.0717452602927896
terms_abstract_tfidf__connectivity anterior,0.19881019414363832
terms_abstract_tfidf__connectivity fc,0.1920611096599184
terms_abstract_tfidf__connectivity networks,0.19678508723487154
terms_abstract_tfidf__connectivity patterns,0.18181463994638694
terms_abstract_tfidf__connectivity posterior,0.13339376933628358
terms_abstract_tfidf__connectivity rsfc,0.18952081258317188
terms_abstract_tfidf__connectivity using,0.06394152994425098
terms_abstract_tfidf__conscious,0.1029587610141703
terms_abstract_tfidf__consciousness,-0.027862011038965503
terms_abstract_tfidf__consecutive,-0.05785426880156219
terms_abstract_tfidf__consequence,0.008942547452701026
terms_abstract_tfidf__consequences,0.19903219316034598
terms_abstract_tfidf__consequently,0.008049853908857945
terms_abstract_tfidf__consider,0.040081397328866744
terms_abstract_tfidf__considerable,0.009894559515104838
terms_abstract_tfidf__considered,-0.02550553569165598
terms_abstract_tfidf__considering,0.14612129996086276
terms_abstract_tfidf__consisted,-0.13088719760954365
terms_abstract_tfidf__consistency,0.23605410567407814
terms_abstract_tfidf__consistently,0.09095361206180212
terms_abstract_tfidf__consisting,-0.2628612280171517
terms_abstract_tfidf__consists,0.012939294674488244
terms_abstract_tfidf__consolidation,0.05028722286714992
terms_abstract_tfidf__constant,-0.11663195035138695
terms_abstract_tfidf__constitute,0.070568543316407
terms_abstract_tfidf__constrained,0.0389469721775847
terms_abstract_tfidf__constraints,-0.050753977867620086
terms_abstract_tfidf__construct,0.16870758405856906
terms_abstract_tfidf__constructed,0.03926426768904759
terms_abstract_tfidf__construction,0.16522543746084725
terms_abstract_tfidf__consumption,0.12211954871030785
terms_abstract_tfidf__contain,-0.13425811186903544
terms_abstract_tfidf__contained,0.07763924602992452
terms_abstract_tfidf__containing,-0.08924647800609505
terms_abstract_tfidf__contains,-0.10215511671678189
terms_abstract_tfidf__content,0.24510590951140962
terms_abstract_tfidf__contents,0.05884249961718547
terms_abstract_tfidf__context,0.2587615423635121
terms_abstract_tfidf__contexts,0.20300975553324005
terms_abstract_tfidf__contextual,0.252189410247287
terms_abstract_tfidf__contingent,-0.021188818371974925
terms_abstract_tfidf__continuous,0.04888942085959743
terms_abstract_tfidf__continuously,-0.0058481145284032966
terms_abstract_tfidf__contralateral,-0.46700525384293856
terms_abstract_tfidf__contrary,-0.013609140721796684
terms_abstract_tfidf__contrast,-0.1547546800241396
terms_abstract_tfidf__contrasted,-0.044936481276655796
terms_abstract_tfidf__contrasting,-0.007570749346452276
terms_abstract_tfidf__contrasts,0.08880150541702257
terms_abstract_tfidf__contribute,0.08311350784818172
terms_abstract_tfidf__contributed,0.18812850749867957
terms_abstract_tfidf__contributes,0.08533618591062643
terms_abstract_tfidf__contributing,0.0844228801068516
terms_abstract_tfidf__contribution,-0.03379163101294275
terms_abstract_tfidf__contributions,0.04730585497410784
terms_abstract_tfidf__control,-0.0369447232168349
terms_abstract_tfidf__control condition,0.09804915541758634
terms_abstract_tfidf__control conditions,-0.21391895451691348
terms_abstract_tfidf__control group,0.039987400603474534
terms_abstract_tfidf__control groups,0.09995783659998238
terms_abstract_tfidf__control network,0.23048920082007363
terms_abstract_tfidf__control processes,0.034741249719328585
terms_abstract_tfidf__control task,-0.06064749032464901
terms_abstract_tfidf__controlled,0.1195377157059137
terms_abstract_tfidf__controlling,-0.10573746477405037
terms_abstract_tfidf__controls,0.21660064841815296
terms_abstract_tfidf__controls hc,0.207802004767683
terms_abstract_tfidf__controls hcs,0.15461733721579454
terms_abstract_tfidf__controls using,0.04762522393825488
terms_abstract_tfidf__controversial,-0.2781523807467035
terms_abstract_tfidf__conventional,0.025245464655187472
terms_abstract_tfidf__convergence,-0.0788019080405581
terms_abstract_tfidf__converging,-0.04043278776803903
terms_abstract_tfidf__conversely,-0.06498208985046844
terms_abstract_tfidf__conveyed,-0.014538119140505871
terms_abstract_tfidf__coordinates,-0.33369818430589443
terms_abstract_tfidf__coordination,-0.37879891213595035
terms_abstract_tfidf__core,0.19701997033415383
terms_abstract_tfidf__corpus,-0.020188335489327257
terms_abstract_tfidf__corpus callosum,-0.0208710488357191
terms_abstract_tfidf__correct,0.13991950369242448
terms_abstract_tfidf__corrected,0.1551771791740468
terms_abstract_tfidf__correction,0.025715280584720817
terms_abstract_tfidf__correctly,0.017172482950744493
terms_abstract_tfidf__correlate,-0.03598462202811231
terms_abstract_tfidf__correlated,0.1687872257904233
terms_abstract_tfidf__correlated negatively,0.12456358962867835
terms_abstract_tfidf__correlated positively,0.05159611465069391
terms_abstract_tfidf__correlates,0.3117734618806444
terms_abstract_tfidf__correlating,-0.07598542548443586
terms_abstract_tfidf__correlation,0.2062334975925043
terms_abstract_tfidf__correlation analyses,0.005492807322981144
terms_abstract_tfidf__correlations,0.25068974897151175
terms_abstract_tfidf__correspond,-0.18872016959729598
terms_abstract_tfidf__corresponded,-0.004344885190680442
terms_abstract_tfidf__correspondence,0.053047288417596705
terms_abstract_tfidf__corresponding,-0.16923025891692345
terms_abstract_tfidf__cortex acc,0.21500204685261828
terms_abstract_tfidf__cortex amygdala,0.13533118459421428
terms_abstract_tfidf__cortex anterior,0.12760148220318918
terms_abstract_tfidf__cortex ba,0.03661063089029643
terms_abstract_tfidf__cortex bilaterally,-0.2316494311080517
terms_abstract_tfidf__cortex cerebellum,-0.22522914559594656
terms_abstract_tfidf__cortex dacc,0.22665605039047626
terms_abstract_tfidf__cortex dlpfc,0.21565509039929784
terms_abstract_tfidf__cortex dmpfc,0.36950269640371464
terms_abstract_tfidf__cortex dorsal,-0.14511699995062935
terms_abstract_tfidf__cortex dorsolateral,-0.03131002543175515
terms_abstract_tfidf__cortex frontal,-0.027529021746934588
terms_abstract_tfidf__cortex hippocampus,0.12153505565728698
terms_abstract_tfidf__cortex inferior,0.05828028976842886
terms_abstract_tfidf__cortex insula,0.11257576780530582
terms_abstract_tfidf__cortex involved,-0.18324322241466023
terms_abstract_tfidf__cortex lateral,-0.02061147490909857
terms_abstract_tfidf__cortex m1,-0.34619481774815036
terms_abstract_tfidf__cortex medial,0.2055407456391911
terms_abstract_tfidf__cortex middle,0.1447477527574063
terms_abstract_tfidf__cortex mpfc,0.4775736178068543
terms_abstract_tfidf__cortex ofc,0.2772420407427235
terms_abstract_tfidf__cortex parietal,-0.1997192313669288
terms_abstract_tfidf__cortex pcc,0.3468218244202926
terms_abstract_tfidf__cortex pfc,0.2746146050504149
terms_abstract_tfidf__cortex posterior,0.2405040926442516
terms_abstract_tfidf__cortex ppc,-0.3053885286722667
terms_abstract_tfidf__cortex precuneus,0.1830724613802308
terms_abstract_tfidf__cortex suggest,0.03909375211369012
terms_abstract_tfidf__cortex superior,0.030480691110502604
terms_abstract_tfidf__cortex supplementary,-0.34751941194665803
terms_abstract_tfidf__cortex thalamus,-0.01495312656374595
terms_abstract_tfidf__cortex ventral,0.1679158770808752
terms_abstract_tfidf__cortex vlpfc,0.1675550377462111
terms_abstract_tfidf__cortex vmpfc,0.34494486660048224
terms_abstract_tfidf__cortical,-0.39430916307699504
terms_abstract_tfidf__cortical involved,-0.3001735373333302
terms_abstract_tfidf__cortical network,-0.27293890308378277
terms_abstract_tfidf__cortical networks,-0.09556460909166307
terms_abstract_tfidf__cortical subcortical,-0.14068538736673528
terms_abstract_tfidf__cortical thickness,0.03137312753415142
terms_abstract_tfidf__cortices,-0.2004957242218404
terms_abstract_tfidf__cortico,-0.1031379367613314
terms_abstract_tfidf__cost,-0.01804440908596333
terms_abstract_tfidf__costs,-0.12744919066005142
terms_abstract_tfidf__coupled,0.03348738441826838
terms_abstract_tfidf__coupling,0.0029676823398783526
terms_abstract_tfidf__course,0.053281298711540546
terms_abstract_tfidf__courses,-0.002808010114497936
terms_abstract_tfidf__covariance,0.1386335444048775
terms_abstract_tfidf__covaried,0.08525201736719508
terms_abstract_tfidf__covert,-0.36910830718908366
terms_abstract_tfidf__craving,0.1286842968750948
terms_abstract_tfidf__created,-0.08052979794385758
terms_abstract_tfidf__criteria,0.16742502452474065
terms_abstract_tfidf__critical,0.07999187747063109
terms_abstract_tfidf__critical role,-0.15042809501848023
terms_abstract_tfidf__critically,-0.08957039192948064
terms_abstract_tfidf__cross,-0.028227295266679765
terms_abstract_tfidf__cross modal,-0.191764498022605
terms_abstract_tfidf__cross sectional,0.17441865981054314
terms_abstract_tfidf__crossover,0.0518234069982883
terms_abstract_tfidf__crucial,0.047257879952510726
terms_abstract_tfidf__crucial role,-0.01953369558845327
terms_abstract_tfidf__crucially,-0.19522503588458648
terms_abstract_tfidf__crus,-0.08732281905300045
terms_abstract_tfidf__cue,-0.10282124366836086
terms_abstract_tfidf__cued,-0.2099390063429283
terms_abstract_tfidf__cues,-0.0795254421563139
terms_abstract_tfidf__cuneus,-0.03350679855288091
terms_abstract_tfidf__current,0.27963013057979125
terms_abstract_tfidf__current functional,0.001975449694976033
terms_abstract_tfidf__currently,0.1530870319533476
terms_abstract_tfidf__dacc,0.2593858860869296
terms_abstract_tfidf__daily,0.0616556592472791
terms_abstract_tfidf__daily life,0.06432617217073425
terms_abstract_tfidf__damage,-0.07799864290241305
terms_abstract_tfidf__dataset,0.16353760719024196
terms_abstract_tfidf__datasets,0.03018793335951719
terms_abstract_tfidf__date,0.15655288239546988
terms_abstract_tfidf__day,0.002541032399288859
terms_abstract_tfidf__days,-0.04866631586474518
terms_abstract_tfidf__deactivated,0.11978060779759486
terms_abstract_tfidf__deactivation,0.11695942961221771
terms_abstract_tfidf__deactivations,0.031233176085655536
terms_abstract_tfidf__debate,0.012315416026524258
terms_abstract_tfidf__debated,-0.04642873282944267
terms_abstract_tfidf__decision,0.26046271783371644
terms_abstract_tfidf__decision making,0.2711841204478265
terms_abstract_tfidf__decision task,0.04898234216604671
terms_abstract_tfidf__decisions,0.29264990414621767
terms_abstract_tfidf__decline,0.0014598712047948338
terms_abstract_tfidf__declines,-0.05991467211982555
terms_abstract_tfidf__decoding,-0.05883444532846247
terms_abstract_tfidf__decreases,0.11745593827637338
terms_abstract_tfidf__decreasing,-0.02823458249310114
terms_abstract_tfidf__deep,0.002017262644611727
terms_abstract_tfidf__default,0.4417521319793445
terms_abstract_tfidf__default mode,0.43979511731096643
terms_abstract_tfidf__default network,0.327387340240496
terms_abstract_tfidf__deficient,0.02291865466093024
terms_abstract_tfidf__deficit,0.08390774111206592
terms_abstract_tfidf__deficit hyperactivity,0.1528545353363016
terms_abstract_tfidf__deficits,0.1880362964230042
terms_abstract_tfidf__define,-0.1259489347296916
terms_abstract_tfidf__defined,0.01417393016416247
terms_abstract_tfidf__degree,0.08280225089430651
terms_abstract_tfidf__degrees,-0.12970578966825702
terms_abstract_tfidf__delay,-0.12020004938583057
terms_abstract_tfidf__delayed,-0.10700866650902832
terms_abstract_tfidf__delivered,-0.07011773194855159
terms_abstract_tfidf__demand,0.03326498081850381
terms_abstract_tfidf__demanding,0.00921015148776932
terms_abstract_tfidf__demands,-0.04675654431440562
terms_abstract_tfidf__dementia,0.21546508026264483
terms_abstract_tfidf__demonstrate,0.03469970007805458
terms_abstract_tfidf__demonstrated,0.07756671822309909
terms_abstract_tfidf__demonstrates,-0.13182132437704697
terms_abstract_tfidf__demonstrating,0.023638179552957123
terms_abstract_tfidf__density,0.0840357406533561
terms_abstract_tfidf__depend,0.02156754485338798
terms_abstract_tfidf__depended,-0.11224365388952029
terms_abstract_tfidf__dependence,0.12279260408493936
terms_abstract_tfidf__depending,-0.04783971807641376
terms_abstract_tfidf__depends,0.05952133734447685
terms_abstract_tfidf__depicting,-0.15365288847114433
terms_abstract_tfidf__depressed,0.3390579181625383
terms_abstract_tfidf__depression,0.35158734668136976
terms_abstract_tfidf__depressive,0.32407877251880096
terms_abstract_tfidf__depressive disorder,0.30660080125972744
terms_abstract_tfidf__deprivation,-0.08447262754856906
terms_abstract_tfidf__depth,-0.2588785610675653
terms_abstract_tfidf__derived,0.03033528233080447
terms_abstract_tfidf__described,-0.032278295427355545
terms_abstract_tfidf__describing,0.07672844231003595
terms_abstract_tfidf__design,-0.16488260447905545
terms_abstract_tfidf__designed,-0.07452986073928468
terms_abstract_tfidf__designs,-0.15309709952648762
terms_abstract_tfidf__despite,-0.09111834055875287
terms_abstract_tfidf__detailed,-0.20102653519222258
terms_abstract_tfidf__details,0.17247472209014889
terms_abstract_tfidf__detect,0.07297669760462762
terms_abstract_tfidf__detected,-0.14155367185581053
terms_abstract_tfidf__detecting,-0.018350231194343328
terms_abstract_tfidf__detection,-0.1615629762858295
terms_abstract_tfidf__detection task,-0.21919640511908042
terms_abstract_tfidf__determine,-0.027617261090443466
terms_abstract_tfidf__determined,-0.09666778789503473
terms_abstract_tfidf__determining,-0.049325954675996056
terms_abstract_tfidf__develop,0.08993319863482664
terms_abstract_tfidf__developed,-0.1448896610112481
terms_abstract_tfidf__developing,0.2290664967937074
terms_abstract_tfidf__development,0.17096654936245792
terms_abstract_tfidf__developmental,0.17515802266574426
terms_abstract_tfidf__diagnosed,0.1591166954034455
terms_abstract_tfidf__diagnosis,0.19087935583285584
terms_abstract_tfidf__diagnostic,0.17267664299894064
terms_abstract_tfidf__did,-0.17095918253322287
terms_abstract_tfidf__did differ,0.0016555101014483636
terms_abstract_tfidf__differ,0.037035832689920195
terms_abstract_tfidf__differed,0.06678502679083778
terms_abstract_tfidf__difference,-0.052474589521991084
terms_abstract_tfidf__differential,-0.028974469315692402
terms_abstract_tfidf__differentially,-0.034105299971156994
terms_abstract_tfidf__differentiate,-0.0006088006073201611
terms_abstract_tfidf__differentiated,0.24125433354465367
terms_abstract_tfidf__differentiation,-0.008374486782264916
terms_abstract_tfidf__differently,0.05535794768630079
terms_abstract_tfidf__differing,-0.04174372359748805
terms_abstract_tfidf__differs,-0.12617796823996513
terms_abstract_tfidf__difficult,-0.10336080036600277
terms_abstract_tfidf__difficulties,0.25655809717209904
terms_abstract_tfidf__difficulty,0.019477468971156785
terms_abstract_tfidf__diffusion,0.055424294380099055
terms_abstract_tfidf__diffusion tensor,0.0652623524142558
terms_abstract_tfidf__digit,-0.17095258790554382
terms_abstract_tfidf__dimension,-0.03592751799172868
terms_abstract_tfidf__dimensional,-0.2605397081585093
terms_abstract_tfidf__dimensions,0.02104719387469155
terms_abstract_tfidf__diminished,0.12281653930402438
terms_abstract_tfidf__direct,-0.08876667327596553
terms_abstract_tfidf__direct evidence,0.015602662350017503
terms_abstract_tfidf__directed,-0.09058467721500282
terms_abstract_tfidf__direction,-0.38866551666833105
terms_abstract_tfidf__directions,-0.25050062842300685
terms_abstract_tfidf__directly,-0.17807581376614412
terms_abstract_tfidf__disability,-0.008538234005433338
terms_abstract_tfidf__discrete,-0.053984633807658604
terms_abstract_tfidf__discriminate,-0.04062838360170338
terms_abstract_tfidf__discriminated,-0.1528051596313994
terms_abstract_tfidf__discrimination,-0.2657752586948614
terms_abstract_tfidf__discrimination task,-0.21917777851927947
terms_abstract_tfidf__discriminative,-0.06680550644753519
terms_abstract_tfidf__discuss,-0.06566973045709557
terms_abstract_tfidf__discussed,0.12110203445297602
terms_abstract_tfidf__discussion,0.08960338902529669
terms_abstract_tfidf__disease,0.14723823144073006
terms_abstract_tfidf__disease ad,0.2477477347815213
terms_abstract_tfidf__disease pd,-0.1510399992765623
terms_abstract_tfidf__diseases,0.09422800354655796
terms_abstract_tfidf__disentangle,0.012205707675280737
terms_abstract_tfidf__disgust,0.028749181702573866
terms_abstract_tfidf__disorder,0.3765906525991732
terms_abstract_tfidf__disorder adhd,0.1662180323464378
terms_abstract_tfidf__disorder mdd,0.288760446126289
terms_abstract_tfidf__disorder ocd,0.16972766407492457
terms_abstract_tfidf__disorder ptsd,0.20861685101179786
terms_abstract_tfidf__disorders,0.3217419083923498
terms_abstract_tfidf__display,-0.048629742175695975
terms_abstract_tfidf__displayed,0.0015879003534820745
terms_abstract_tfidf__displays,-0.0677680130648335
terms_abstract_tfidf__disrupted,0.17205609446494485
terms_abstract_tfidf__disruption,0.05159174116183104
terms_abstract_tfidf__dissociable,0.18040235821595182
terms_abstract_tfidf__dissociate,-0.08870019961416946
terms_abstract_tfidf__dissociated,-0.0404760080033264
terms_abstract_tfidf__dissociation,0.022365701308788174
terms_abstract_tfidf__distance,-0.09697970489702307
terms_abstract_tfidf__distinction,-0.1302513617571899
terms_abstract_tfidf__distinguish,-0.010895273486428166
terms_abstract_tfidf__distinguished,-0.03111212657346199
terms_abstract_tfidf__distraction,0.046635295320122894
terms_abstract_tfidf__distractor,-0.15351351704097402
terms_abstract_tfidf__distractors,-0.11576663649028418
terms_abstract_tfidf__distress,0.23029779701936537
terms_abstract_tfidf__distributed,-0.04687359437406856
terms_abstract_tfidf__distributed network,-0.024999838900854138
terms_abstract_tfidf__distribution,-0.09936603663697423
terms_abstract_tfidf__disturbances,0.17105784461200807
terms_abstract_tfidf__disturbed,0.09402096784665409
terms_abstract_tfidf__divergent,0.1401870567996767
terms_abstract_tfidf__diverse,0.04285432842672657
terms_abstract_tfidf__divided,-0.029886739788083844
terms_abstract_tfidf__dlpfc,0.25566798431361776
terms_abstract_tfidf__dmn,0.4250846513700001
terms_abstract_tfidf__dmpfc,0.4101482181864231
terms_abstract_tfidf__documented,-0.08015350816225736
terms_abstract_tfidf__does,-0.08400853220037663
terms_abstract_tfidf__domain,0.06850281507540149
terms_abstract_tfidf__domain general,0.18411228007142244
terms_abstract_tfidf__domains,0.1972554151444097
terms_abstract_tfidf__dominance,-0.22772838226083103
terms_abstract_tfidf__dominant,-0.23713791644925866
terms_abstract_tfidf__dopamine,0.03430224977540172
terms_abstract_tfidf__dopaminergic,0.07242170998071251
terms_abstract_tfidf__dorsal,-0.16472223067191893
terms_abstract_tfidf__dorsal anterior,0.31076395263799017
terms_abstract_tfidf__dorsal attention,0.03861575995286692
terms_abstract_tfidf__dorsal medial,0.3812777359835779
terms_abstract_tfidf__dorsal premotor,-0.426723013961823
terms_abstract_tfidf__dorsal striatum,0.10790889249765982
terms_abstract_tfidf__dorsal ventral,-0.23226091663906517
terms_abstract_tfidf__dorsolateral,0.23075211882693802
terms_abstract_tfidf__dorsolateral pfc,0.24258324929444167
terms_abstract_tfidf__dorsolateral prefrontal,0.2081180121583759
terms_abstract_tfidf__dorsomedial,0.46065205295604184
terms_abstract_tfidf__dorsomedial prefrontal,0.42762877174363834
terms_abstract_tfidf__dose,0.09621730675202166
terms_abstract_tfidf__dot,-0.31442718329381736
terms_abstract_tfidf__double,0.13076790199319402
terms_abstract_tfidf__double blind,0.1469683332439948
terms_abstract_tfidf__drive,0.0904334684805597
terms_abstract_tfidf__driven,-0.018553333011316123
terms_abstract_tfidf__driving,-0.10260941133686236
terms_abstract_tfidf__drug,0.13828538258337555
terms_abstract_tfidf__drugs,0.07797807564865895
terms_abstract_tfidf__dti,0.07436868800479957
terms_abstract_tfidf__dual,-0.050546937327411084
terms_abstract_tfidf__duration,-0.04971621245454421
terms_abstract_tfidf__dynamic,-0.18693621554494902
terms_abstract_tfidf__dynamic causal,-0.27571170909172554
terms_abstract_tfidf__dynamically,0.017917562957448056
terms_abstract_tfidf__dynamics,-0.09938421988772636
terms_abstract_tfidf__dysfunction,0.2810051346109259
terms_abstract_tfidf__dysfunctional,0.18555064062707816
terms_abstract_tfidf__dysfunctions,0.008609349209431077
terms_abstract_tfidf__dyslexia,-0.06933534537277608
terms_abstract_tfidf__dysregulation,0.2092166997736806
terms_abstract_tfidf__earlier,-0.03314112849664333
terms_abstract_tfidf__early,-0.11829248925623122
terms_abstract_tfidf__early stage,-0.19449737920639448
terms_abstract_tfidf__early stages,-0.14436642255543766
terms_abstract_tfidf__early visual,-0.22542662377846867
terms_abstract_tfidf__easy,-0.10128884703619206
terms_abstract_tfidf__eating,0.10912560539730601
terms_abstract_tfidf__echo,0.09397822156581419
terms_abstract_tfidf__economic,0.22053886803697959
terms_abstract_tfidf__education,0.07839262534020372
terms_abstract_tfidf__eeg,-0.01020160404089892
terms_abstract_tfidf__effect,0.09303712113098132
terms_abstract_tfidf__effective,-0.05415083366864406
terms_abstract_tfidf__effective connectivity,-0.1186297539594569
terms_abstract_tfidf__effectively,-0.06399354729699508
terms_abstract_tfidf__effects,-0.007867910132941086
terms_abstract_tfidf__efficacy,0.006132136395923783
terms_abstract_tfidf__efficiency,-0.056089317745656085
terms_abstract_tfidf__efficient,-0.161667374057924
terms_abstract_tfidf__effort,-0.07784245654124937
terms_abstract_tfidf__effortful,0.035798498329980596
terms_abstract_tfidf__eighteen,0.1255884974274337
terms_abstract_tfidf__elderly,-0.006757557452290975
terms_abstract_tfidf__electrical,-0.1865475099173021
terms_abstract_tfidf__electroencephalography,-0.02343050842747673
terms_abstract_tfidf__electroencephalography eeg,-0.03947666299492432
terms_abstract_tfidf__electrophysiological,-0.19780118727934917
terms_abstract_tfidf__elements,-0.11654381795797955
terms_abstract_tfidf__elevated,0.09075655428517274
terms_abstract_tfidf__elicit,0.046853496102409076
terms_abstract_tfidf__elicited,-0.096668776829913
terms_abstract_tfidf__elicits,-0.09481197529899518
terms_abstract_tfidf__elucidate,0.09069618080108072
terms_abstract_tfidf__elucidated,0.07538053116781056
terms_abstract_tfidf__elusive,0.02510248288459921
terms_abstract_tfidf__embedded,-0.030071047728394276
terms_abstract_tfidf__emerge,0.07815872246439125
terms_abstract_tfidf__emerged,-0.027572275701259027
terms_abstract_tfidf__emergence,-0.04480504032270277
terms_abstract_tfidf__emerging,-0.024383365804694416
terms_abstract_tfidf__emission,0.12962198237594916
terms_abstract_tfidf__emission tomography,0.1219081325940903
terms_abstract_tfidf__emotion,0.34331152438859425
terms_abstract_tfidf__emotion regulation,0.306215263460628
terms_abstract_tfidf__emotional,0.3703709024225222
terms_abstract_tfidf__emotional faces,0.12459441331308786
terms_abstract_tfidf__emotional information,0.16084435775871303
terms_abstract_tfidf__emotional responses,0.29416461823799966
terms_abstract_tfidf__emotional stimuli,0.22319059706518032
terms_abstract_tfidf__emotional valence,0.21445251545459854
terms_abstract_tfidf__emotionally,0.21042987656335885
terms_abstract_tfidf__emotions,0.27386926999516975
terms_abstract_tfidf__empathic,0.14690855565326721
terms_abstract_tfidf__empathy,0.0710240125212081
terms_abstract_tfidf__emphasize,0.01941943178222987
terms_abstract_tfidf__empirical,0.03172936891523209
terms_abstract_tfidf__employed,-0.028592852435402008
terms_abstract_tfidf__employing,0.03672754271645459
terms_abstract_tfidf__enable,0.003493006903869132
terms_abstract_tfidf__enabled,-0.17533339312346097
terms_abstract_tfidf__enables,0.045229663971097095
terms_abstract_tfidf__encode,-0.26209561783213225
terms_abstract_tfidf__encoded,-0.006983083687878075
terms_abstract_tfidf__encoding,-0.05553802946324271
terms_abstract_tfidf__encoding retrieval,0.05537941369823549
terms_abstract_tfidf__encompassing,0.14170521951635193
terms_abstract_tfidf__end,-0.11970285589141538
terms_abstract_tfidf__endogenous,-0.10933712138508367
terms_abstract_tfidf__engage,0.1562395948937451
terms_abstract_tfidf__engaged,0.030299672751120204
terms_abstract_tfidf__engagement,0.07964268326467874
terms_abstract_tfidf__engages,-0.11150863464941396
terms_abstract_tfidf__engaging,0.0747723454867363
terms_abstract_tfidf__english,0.025620527500064848
terms_abstract_tfidf__enhance,0.03334641162884301
terms_abstract_tfidf__enhancement,-0.09897759252596552
terms_abstract_tfidf__enhances,0.03306785168278603
terms_abstract_tfidf__enhancing,-0.0021482770235623084
terms_abstract_tfidf__entire,-0.12607948619451223
terms_abstract_tfidf__environment,-0.13940941503797571
terms_abstract_tfidf__environmental,0.07290275849817206
terms_abstract_tfidf__environments,0.03765912036406529
terms_abstract_tfidf__epilepsy,0.18370230691751607
terms_abstract_tfidf__episode,0.17949128002039585
terms_abstract_tfidf__episodes,0.1154748799064888
terms_abstract_tfidf__episodic,0.3127218257062727
terms_abstract_tfidf__episodic memory,0.2481864603273813
terms_abstract_tfidf__equal,-0.09004715738553049
terms_abstract_tfidf__equally,-0.018980037342546816
terms_abstract_tfidf__equivalent,-0.20331089791020113
terms_abstract_tfidf__erp,-0.0531989354191223
terms_abstract_tfidf__error,0.07398270696881751
terms_abstract_tfidf__errors,0.13120935221153612
terms_abstract_tfidf__especially,-0.04462063014928752
terms_abstract_tfidf__essential,0.04971015081429668
terms_abstract_tfidf__establish,-0.13697380411270427
terms_abstract_tfidf__established,-0.0021715798225447175
terms_abstract_tfidf__estimate,-0.03426856701798374
terms_abstract_tfidf__estimated,0.004397411866784978
terms_abstract_tfidf__estimates,-0.031928532285638904
terms_abstract_tfidf__estimation,0.1166834948017524
terms_abstract_tfidf__et,0.04640877573638032
terms_abstract_tfidf__et al,0.0736146130023573
terms_abstract_tfidf__evaluate,0.07556260233985101
terms_abstract_tfidf__evaluated,0.14058350354330446
terms_abstract_tfidf__evaluating,0.24683845577541666
terms_abstract_tfidf__evaluation,0.33889483094104056
terms_abstract_tfidf__evaluations,0.30339856434617823
terms_abstract_tfidf__event,-0.05845428741683157
terms_abstract_tfidf__event design,-0.20512483240671667
terms_abstract_tfidf__event functional,-0.10460870124635137
terms_abstract_tfidf__event potential,0.06812480358069317
terms_abstract_tfidf__event potentials,-0.030798997500861763
terms_abstract_tfidf__events,0.2947064973406428
terms_abstract_tfidf__everyday,0.12258709538129751
terms_abstract_tfidf__everyday life,0.07965729648873655
terms_abstract_tfidf__evidence,-0.025563162782896543
terms_abstract_tfidf__evidence suggests,0.0758894339541066
terms_abstract_tfidf__evidenced,-0.030465977874003968
terms_abstract_tfidf__evident,0.04512321338936557
terms_abstract_tfidf__evoke,-0.08564303492725232
terms_abstract_tfidf__evoked,-0.26678865474556834
terms_abstract_tfidf__evolution,-0.1389607550654592
terms_abstract_tfidf__exact,-0.03919492432637332
terms_abstract_tfidf__examination,0.27073183655437355
terms_abstract_tfidf__examining,0.2858860987879077
terms_abstract_tfidf__example,-0.024634619463786266
terms_abstract_tfidf__excessive,0.15628124302375795
terms_abstract_tfidf__exclusively,-0.04194959751365532
terms_abstract_tfidf__executed,-0.4041340598265186
terms_abstract_tfidf__execution,-0.45873969844707563
terms_abstract_tfidf__executive,0.17897330579176374
terms_abstract_tfidf__executive control,0.1078368106698861
terms_abstract_tfidf__executive function,0.14114591158775286
terms_abstract_tfidf__executive functions,0.08190009181187746
terms_abstract_tfidf__exert,0.02428452292457401
terms_abstract_tfidf__exhibit,0.2203024347071004
terms_abstract_tfidf__exhibited,0.2050113092321538
terms_abstract_tfidf__exhibited greater,0.18078409118607983
terms_abstract_tfidf__exhibiting,-0.06621917661416715
terms_abstract_tfidf__exist,-0.010033423201672137
terms_abstract_tfidf__existence,-0.21750896404214048
terms_abstract_tfidf__existing,0.12099615022409811
terms_abstract_tfidf__exists,0.014821688493114259
terms_abstract_tfidf__expectancy,0.10956700360400033
terms_abstract_tfidf__expectation,-0.0587886383477039
terms_abstract_tfidf__expectations,0.13351103507027037
terms_abstract_tfidf__expected,-0.15716746131242829
terms_abstract_tfidf__experience,0.014174628987258166
terms_abstract_tfidf__experienced,0.13188595629403743
terms_abstract_tfidf__experiences,0.14392253097245625
terms_abstract_tfidf__experiencing,0.12572046268275197
terms_abstract_tfidf__experiment,-0.13912429540346768
terms_abstract_tfidf__experimental,-0.061840041840337555
terms_abstract_tfidf__experimental conditions,-0.19486042799436326
terms_abstract_tfidf__experimentally,0.16660474041416531
terms_abstract_tfidf__experiments,-0.35863206344221565
terms_abstract_tfidf__expertise,-0.18209147217065713
terms_abstract_tfidf__explain,0.07698697472964393
terms_abstract_tfidf__explained,0.07490297058383531
terms_abstract_tfidf__explanation,-0.031535621836800226
terms_abstract_tfidf__explicit,0.10273196694601688
terms_abstract_tfidf__explicitly,0.16488932938045686
terms_abstract_tfidf__exploration,-0.22762881423307468
terms_abstract_tfidf__exploratory,0.12240920619169551
terms_abstract_tfidf__explore,0.17692273375319575
terms_abstract_tfidf__explored,0.1330100837442867
terms_abstract_tfidf__exploring,0.14124428292176192
terms_abstract_tfidf__exposed,0.15536685571723063
terms_abstract_tfidf__exposure,0.16537078510219827
terms_abstract_tfidf__expressed,0.05150960659201505
terms_abstract_tfidf__expression,-0.049902614333410256
terms_abstract_tfidf__expressions,0.06779948920878733
terms_abstract_tfidf__extend,0.010010919411429125
terms_abstract_tfidf__extended,0.006728761657138369
terms_abstract_tfidf__extending,0.06542650519298432
terms_abstract_tfidf__extends,-0.018507015720439456
terms_abstract_tfidf__extension,-0.3202674273393668
terms_abstract_tfidf__extensive,0.004503932835010224
terms_abstract_tfidf__extensively,-0.08632126434546512
terms_abstract_tfidf__extent,-0.07708995665100402
terms_abstract_tfidf__external,0.09495142880115337
terms_abstract_tfidf__externally,0.05883444917805281
terms_abstract_tfidf__extinction,0.16954625761727155
terms_abstract_tfidf__extra,-0.02149858092329732
terms_abstract_tfidf__extract,0.017735112916410868
terms_abstract_tfidf__extracted,0.10172383374950432
terms_abstract_tfidf__extrastriate,-0.3313227127766385
terms_abstract_tfidf__eye,-0.3969327157125332
terms_abstract_tfidf__eye field,-0.29002161530466275
terms_abstract_tfidf__eye fields,-0.3400113835073808
terms_abstract_tfidf__eye movement,-0.1724567407478168
terms_abstract_tfidf__eye movements,-0.4144176324040339
terms_abstract_tfidf__eyes,-0.18521821491392118
terms_abstract_tfidf__fa,0.06367907774868117
terms_abstract_tfidf__face,-0.049043619141085085
terms_abstract_tfidf__face ffa,-0.11172547972042794
terms_abstract_tfidf__face recognition,-0.023506401734256485
terms_abstract_tfidf__faces,0.04009407987001354
terms_abstract_tfidf__facial,0.07916524482356813
terms_abstract_tfidf__facial expression,-0.0741726551685848
terms_abstract_tfidf__facial expressions,0.020275902507966445
terms_abstract_tfidf__facilitate,0.06842092211908246
terms_abstract_tfidf__facilitated,-0.046801005144405175
terms_abstract_tfidf__facilitates,0.0757328810975072
terms_abstract_tfidf__facilitation,0.001714731464160526
terms_abstract_tfidf__fact,0.008926507035761448
terms_abstract_tfidf__factor,0.14548750691885784
terms_abstract_tfidf__factorial,-0.18473294855531727
terms_abstract_tfidf__factorial design,-0.2177232127261172
terms_abstract_tfidf__factors,0.035392293817220706
terms_abstract_tfidf__failed,-0.0009543309568784622
terms_abstract_tfidf__failure,0.1003206433744328
terms_abstract_tfidf__false,0.3312908906241411
terms_abstract_tfidf__familiar,-0.0488441883453533
terms_abstract_tfidf__familiarity,0.06073726347220925
terms_abstract_tfidf__family,0.23721187979325756
terms_abstract_tfidf__far,0.029891507418902105
terms_abstract_tfidf__fasciculus,-0.037093879322442534
terms_abstract_tfidf__fashion,-0.013952203042775778
terms_abstract_tfidf__fast,-0.1331709004492954
terms_abstract_tfidf__faster,-0.20113906084326305
terms_abstract_tfidf__fc,0.19692063508348367
terms_abstract_tfidf__fear,0.15425494488627048
terms_abstract_tfidf__fearful,0.08433866514637749
terms_abstract_tfidf__fearful faces,0.029494606464510055
terms_abstract_tfidf__feature,-0.15182112293240593
terms_abstract_tfidf__features,-0.13075356793081105
terms_abstract_tfidf__feedback,-0.12573657409428268
terms_abstract_tfidf__feeling,0.03177115842860925
terms_abstract_tfidf__feelings,0.161526046179567
terms_abstract_tfidf__female,0.2246242558565095
terms_abstract_tfidf__females,0.10356410430649388
terms_abstract_tfidf__fewer,0.16870276024051264
terms_abstract_tfidf__ffa,-0.09818980400816209
terms_abstract_tfidf__fiber,-0.07615998005500195
terms_abstract_tfidf__field,-0.34924457356257
terms_abstract_tfidf__fields,-0.375744344229586
terms_abstract_tfidf__final,0.27552845050730534
terms_abstract_tfidf__finally,-0.06781508928591737
terms_abstract_tfidf__fine,-0.18961502990851292
terms_abstract_tfidf__finger,-0.4486925219188873
terms_abstract_tfidf__finger movements,-0.40831657728977166
terms_abstract_tfidf__finger tapping,-0.3208219258539915
terms_abstract_tfidf__fixation,-0.29076160844715015
terms_abstract_tfidf__fixed,-0.11447391032095378
terms_abstract_tfidf__flexibility,0.015574047949145499
terms_abstract_tfidf__flexible,-0.04956337790834101
terms_abstract_tfidf__flexibly,-0.09045982048002157
terms_abstract_tfidf__flow,-0.045032359332846404
terms_abstract_tfidf__fluctuation,0.1777028837471997
terms_abstract_tfidf__fluctuations,0.22954824170493413
terms_abstract_tfidf__fluency,0.029799117196924345
terms_abstract_tfidf__focal,0.06125236565368817
terms_abstract_tfidf__foci,-0.3595390040005406
terms_abstract_tfidf__focus,0.020174773470098835
terms_abstract_tfidf__focused,0.1733518605276035
terms_abstract_tfidf__focusing,-0.054620175709033415
terms_abstract_tfidf__follow,0.14262038413240324
terms_abstract_tfidf__followed,0.04060321451682867
terms_abstract_tfidf__following,-0.2377205999451296
terms_abstract_tfidf__food,0.12938862814283833
terms_abstract_tfidf__foot,-0.3012860415171099
terms_abstract_tfidf__force,-0.34515872848499823
terms_abstract_tfidf__form,-0.1009501205812453
terms_abstract_tfidf__formation,0.05248247120323522
terms_abstract_tfidf__formed,-0.0643278530962331
terms_abstract_tfidf__forms,0.02468313419508451
terms_abstract_tfidf__forward,-0.22469048967121247
terms_abstract_tfidf__fourteen,-0.10491005495724305
terms_abstract_tfidf__fractional,0.07118617329943759
terms_abstract_tfidf__fractional anisotropy,0.05179951628421987
terms_abstract_tfidf__framework,0.28258539067643934
terms_abstract_tfidf__free,0.27243363086049127
terms_abstract_tfidf__frequencies,-0.10808228995209278
terms_abstract_tfidf__frequency,0.034670006879126365
terms_abstract_tfidf__frequency fluctuations,0.13960949204780718
terms_abstract_tfidf__frequent,0.10940192048210808
terms_abstract_tfidf__frequently,0.14631500231081504
terms_abstract_tfidf__frontal,0.07422558657075067
terms_abstract_tfidf__frontal cortex,0.12059252082640108
terms_abstract_tfidf__frontal cortices,0.07324300082682349
terms_abstract_tfidf__frontal eye,-0.3260289711663647
terms_abstract_tfidf__frontal gyri,0.08950282016479405
terms_abstract_tfidf__frontal gyrus,0.15919347059355482
terms_abstract_tfidf__frontal lobe,0.3061714962842427
terms_abstract_tfidf__frontal lobes,0.044243496416038176
terms_abstract_tfidf__frontal operculum,-0.028122774023881737
terms_abstract_tfidf__frontal parietal,-0.1076626280827747
terms_abstract_tfidf__frontal temporal,0.21783849744167638
terms_abstract_tfidf__fronto,-0.06997847472056408
terms_abstract_tfidf__fronto parietal,-0.2027374378990802
terms_abstract_tfidf__fronto striatal,0.07787746479656862
terms_abstract_tfidf__fronto temporal,0.25305011746274914
terms_abstract_tfidf__frontoparietal,-0.10715568871499562
terms_abstract_tfidf__frontoparietal network,-0.1770309965831745
terms_abstract_tfidf__frontopolar,0.3011891266623691
terms_abstract_tfidf__frontotemporal,0.25286193661747614
terms_abstract_tfidf__fully,-0.14989879357895722
terms_abstract_tfidf__function,0.25006563671710336
terms_abstract_tfidf__functional abnormalities,0.13664743729402234
terms_abstract_tfidf__functional connections,0.05863243745053026
terms_abstract_tfidf__functional connectivity,0.33294282440616635
terms_abstract_tfidf__functional coupling,0.006856114830494579
terms_abstract_tfidf__functional magnetic,-0.2870653278082236
terms_abstract_tfidf__functional network,0.11061640676357332
terms_abstract_tfidf__functional networks,0.2558940353520953
terms_abstract_tfidf__functional neuroanatomy,-0.10633681740004365
terms_abstract_tfidf__functional organization,0.06750731825216819
terms_abstract_tfidf__functional role,-0.045734489609407965
terms_abstract_tfidf__functional structural,0.11245990499542825
terms_abstract_tfidf__functionally,0.08570875266331121
terms_abstract_tfidf__functionally connected,0.0856309041324456
terms_abstract_tfidf__functioning,0.28514303486848397
terms_abstract_tfidf__functions,0.05833626452719838
terms_abstract_tfidf__fundamental,0.010035561343831505
terms_abstract_tfidf__furthermore,0.0002713244815735711
terms_abstract_tfidf__fusiform,-0.11831360633617799
terms_abstract_tfidf__fusiform face,-0.0950339910622353
terms_abstract_tfidf__fusiform gyri,-0.1496913502879147
terms_abstract_tfidf__fusiform gyrus,-0.1263455838651868
terms_abstract_tfidf__future,0.31141046057149585
terms_abstract_tfidf__gain,0.03745489698779879
terms_abstract_tfidf__gains,0.15782658628435756
terms_abstract_tfidf__gambling,0.2556986351270822
terms_abstract_tfidf__game,0.22648223567008058
terms_abstract_tfidf__gamma,-0.004634946096888049
terms_abstract_tfidf__ganglia,-0.2105938211474909
terms_abstract_tfidf__gap,0.14054469753720691
terms_abstract_tfidf__gaze,-0.30806186543104797
terms_abstract_tfidf__gender,0.30580924523751807
terms_abstract_tfidf__gene,0.15622788672134344
terms_abstract_tfidf__general,0.036942424266997495
terms_abstract_tfidf__general linear,-0.23739238799265774
terms_abstract_tfidf__generalized,0.10278886415655547
terms_abstract_tfidf__generally,-0.144834228239596
terms_abstract_tfidf__generate,0.020996993485292995
terms_abstract_tfidf__generated,-0.05125127948406491
terms_abstract_tfidf__generating,-0.005481627314419109
terms_abstract_tfidf__generation,-0.22669031719759034
terms_abstract_tfidf__genes,0.1275665746148327
terms_abstract_tfidf__genetic,0.15929710510469472
terms_abstract_tfidf__genetic risk,0.16720292355036404
terms_abstract_tfidf__genotype,0.1647717347724714
terms_abstract_tfidf__german,0.1173847989164539
terms_abstract_tfidf__gestures,-0.25074373967060065
terms_abstract_tfidf__given,0.05107869623457872
terms_abstract_tfidf__global,0.11516564251885947
terms_abstract_tfidf__globus,-0.11959184538321639
terms_abstract_tfidf__globus pallidus,-0.12014939278981072
terms_abstract_tfidf__gm,0.15237953155295147
terms_abstract_tfidf__gm volume,0.10635578345273358
terms_abstract_tfidf__goal,-0.028407752219912746
terms_abstract_tfidf__goal directed,-0.04983279490102719
terms_abstract_tfidf__goals,-0.08793832718509201
terms_abstract_tfidf__good,-0.0826771553680895
terms_abstract_tfidf__gradient,0.04353002915139594
terms_abstract_tfidf__granger,0.16832366480163535
terms_abstract_tfidf__graph,0.0955460483974647
terms_abstract_tfidf__grasping,-0.4736768542209848
terms_abstract_tfidf__gray,0.23411845353588812
terms_abstract_tfidf__gray matter,0.24625545463400308
terms_abstract_tfidf__great,0.15854826561283528
terms_abstract_tfidf__greater,0.12118737489023564
terms_abstract_tfidf__greater extent,-0.09249203030652263
terms_abstract_tfidf__greatest,0.057232009070022495
terms_abstract_tfidf__grey,0.09495769872878286
terms_abstract_tfidf__grey matter,0.12153105482571232
terms_abstract_tfidf__group,0.13642407727680886
terms_abstract_tfidf__group comparisons,0.06563770341056195
terms_abstract_tfidf__group healthy,0.0373900246480038
terms_abstract_tfidf__group level,-0.01599014078843343
terms_abstract_tfidf__groups,0.19900831740740374
terms_abstract_tfidf__growing,0.10257136470671492
terms_abstract_tfidf__guide,0.031058822814664315
terms_abstract_tfidf__guided,-0.34764336174216165
terms_abstract_tfidf__gyri,0.007980233284337997
terms_abstract_tfidf__gyrus,0.0495807079810105
terms_abstract_tfidf__gyrus anterior,0.11156767629883774
terms_abstract_tfidf__gyrus ba,0.016793085247138316
terms_abstract_tfidf__gyrus cerebellum,-0.13066876305052458
terms_abstract_tfidf__gyrus ifg,-0.004333058545709383
terms_abstract_tfidf__gyrus inferior,-0.06041321534601231
terms_abstract_tfidf__gyrus insula,-0.03067906638127816
terms_abstract_tfidf__gyrus medial,0.24800784406784546
terms_abstract_tfidf__gyrus mfg,0.08369388842429079
terms_abstract_tfidf__gyrus middle,0.20241432389399067
terms_abstract_tfidf__gyrus posterior,0.17532189114657898
terms_abstract_tfidf__gyrus precuneus,0.09574065422620176
terms_abstract_tfidf__gyrus stg,-0.004651200600403894
terms_abstract_tfidf__gyrus superior,-0.08206880382594482
terms_abstract_tfidf__half,0.009660467030470373
terms_abstract_tfidf__hand,-0.524929765825451
terms_abstract_tfidf__hand movements,-0.4095358192474677
terms_abstract_tfidf__handed,-0.4499828933384953
terms_abstract_tfidf__handedness,-0.1721778983747896
terms_abstract_tfidf__hands,-0.4897437616600915
terms_abstract_tfidf__happy,0.12536981648174658
terms_abstract_tfidf__happy faces,0.0677211020781333
terms_abstract_tfidf__having,0.04540026162829928
terms_abstract_tfidf__hc,0.27222390353918763
terms_abstract_tfidf__hcs,0.14890791212591817
terms_abstract_tfidf__head,-0.12160869913954599
terms_abstract_tfidf__health,0.32424845723904233
terms_abstract_tfidf__healthy,0.10097854345818325
terms_abstract_tfidf__healthy adults,0.029728402224417094
terms_abstract_tfidf__healthy control,0.13870961286614528
terms_abstract_tfidf__healthy controls,0.24312637046473407
terms_abstract_tfidf__healthy handed,-0.2932375256152313
terms_abstract_tfidf__healthy human,-0.02701354318311449
terms_abstract_tfidf__healthy individuals,0.17997431782440804
terms_abstract_tfidf__healthy male,-0.02133718080552168
terms_abstract_tfidf__healthy volunteers,-0.15955409021470493
terms_abstract_tfidf__healthy young,0.06759965373742724
terms_abstract_tfidf__heard,0.1519130691431375
terms_abstract_tfidf__hearing,-0.022521598105258292
terms_abstract_tfidf__heart,0.07601674769876009
terms_abstract_tfidf__heart rate,0.05939434198770912
terms_abstract_tfidf__heightened,0.08175692025910652
terms_abstract_tfidf__held,0.0014975987611171103
terms_abstract_tfidf__help,0.19274801008170828
terms_abstract_tfidf__hemisphere,-0.3088899398918366
terms_abstract_tfidf__hemispheres,-0.3695802623338265
terms_abstract_tfidf__hemispheric,-0.23885345225595644
terms_abstract_tfidf__hemodynamic,-0.07479730607948132
terms_abstract_tfidf__hemodynamic response,-0.1119300191283821
terms_abstract_tfidf__hemodynamic responses,0.03537516815945445
terms_abstract_tfidf__heschl,0.03340334674776467
terms_abstract_tfidf__heschl gyrus,0.03324013691022335
terms_abstract_tfidf__heterogeneity,0.08269498981098487
terms_abstract_tfidf__heterogeneous,0.09433711213546928
terms_abstract_tfidf__hierarchical,0.10597729775004427
terms_abstract_tfidf__hierarchy,-0.11164299508905018
terms_abstract_tfidf__high,0.19745651779902235
terms_abstract_tfidf__high frequency,-0.0528060898796189
terms_abstract_tfidf__high functioning,-0.0026805935346906713
terms_abstract_tfidf__high level,-0.05644439399979836
terms_abstract_tfidf__high low,0.1400138812932307
terms_abstract_tfidf__high resolution,0.05218481388543347
terms_abstract_tfidf__high risk,0.26708945311608956
terms_abstract_tfidf__higher,0.043360525459561476
terms_abstract_tfidf__higher level,0.03186381050331848
terms_abstract_tfidf__higher levels,-0.060424106816234335
terms_abstract_tfidf__higher order,-0.12164476301899083
terms_abstract_tfidf__highest,-0.025783346016581127
terms_abstract_tfidf__highlight,0.14213663037781074
terms_abstract_tfidf__highlighted,0.0131245882786845
terms_abstract_tfidf__highlights,-0.038707482191166
terms_abstract_tfidf__highly,0.1730802962186697
terms_abstract_tfidf__hippocampal,0.15917830365343402
terms_abstract_tfidf__hippocampus,0.23214421158585177
terms_abstract_tfidf__history,0.24351820492078158
terms_abstract_tfidf__hoc,0.0364715677556285
terms_abstract_tfidf__homogeneity,0.15205806815585926
terms_abstract_tfidf__homogeneity reho,0.16183663185883676
terms_abstract_tfidf__hub,0.21090108119495934
terms_abstract_tfidf__hubs,0.12445265828419846
terms_abstract_tfidf__hum,-0.05637026371601853
terms_abstract_tfidf__hum mapp,-0.07378294952347905
terms_abstract_tfidf__human,-0.2254403855665413
terms_abstract_tfidf__humans,-0.23523214765970998
terms_abstract_tfidf__hyperactivation,-0.056104626923164765
terms_abstract_tfidf__hyperactivity,0.13932562380388205
terms_abstract_tfidf__hyperactivity disorder,0.15932300990578063
terms_abstract_tfidf__hypoactivation,0.08629292000318398
terms_abstract_tfidf__hypothalamus,0.06880257934103376
terms_abstract_tfidf__hypotheses,0.04242702016725213
terms_abstract_tfidf__hypothesize,-0.06577697850556899
terms_abstract_tfidf__hypothesized,-0.013101361877999667
terms_abstract_tfidf__hz,-0.19704514354475264
terms_abstract_tfidf__ica,0.34253869577279483
terms_abstract_tfidf__idea,-0.10403163066304663
terms_abstract_tfidf__identical,-0.22440627324436418
terms_abstract_tfidf__identification,0.004078168632765536
terms_abstract_tfidf__identified,-0.04626922859738441
terms_abstract_tfidf__identify,0.07160030360934565
terms_abstract_tfidf__identifying,0.2008584559766463
terms_abstract_tfidf__identity,-0.07024958797341714
terms_abstract_tfidf__ifg,0.011499203674020754
terms_abstract_tfidf__ii,-0.07933951362730808
terms_abstract_tfidf__iii,-0.07088970255279854
terms_abstract_tfidf__illness,0.2846089480281623
terms_abstract_tfidf__illusion,-0.32683448827199973
terms_abstract_tfidf__illustrate,0.050391050312267135
terms_abstract_tfidf__image,-0.11708848599913385
terms_abstract_tfidf__imagery,-0.48027857872787455
terms_abstract_tfidf__images,-0.06798717155517384
terms_abstract_tfidf__images acquired,0.004415034340921567
terms_abstract_tfidf__imagine,-0.10703247988487756
terms_abstract_tfidf__imagined,-0.22844007757268814
terms_abstract_tfidf__imitation,-0.41097829686247644
terms_abstract_tfidf__immediate,0.07830144234430571
terms_abstract_tfidf__immediately,-0.12588602406764676
terms_abstract_tfidf__impact,0.2769635630744238
terms_abstract_tfidf__impacts,0.06309263502759928
terms_abstract_tfidf__impaired,0.2116836671158207
terms_abstract_tfidf__impairment,0.21923158874842474
terms_abstract_tfidf__impairments,0.2409401994545155
terms_abstract_tfidf__implementation,-0.07880622953484165
terms_abstract_tfidf__implemented,0.03901364790415547
terms_abstract_tfidf__implicate,0.12499577022932475
terms_abstract_tfidf__implicated,0.2666806979978329
terms_abstract_tfidf__implications,0.13244608016376136
terms_abstract_tfidf__implications understanding,0.08024276574228344
terms_abstract_tfidf__implicit,0.0710068403759342
terms_abstract_tfidf__imply,0.08152804417303831
terms_abstract_tfidf__importance,0.1561014985576522
terms_abstract_tfidf__important,0.12876389968054083
terms_abstract_tfidf__important role,-0.03915042718568162
terms_abstract_tfidf__importantly,0.04372214438230367
terms_abstract_tfidf__improve,-0.05845817932078319
terms_abstract_tfidf__improved,-0.0939414240274371
terms_abstract_tfidf__improvement,0.0332251328745106
terms_abstract_tfidf__improvements,-0.011557111966910298
terms_abstract_tfidf__improves,0.039487310551228325
terms_abstract_tfidf__impulsive,0.23013670390957577
terms_abstract_tfidf__impulsivity,0.28004143196552356
terms_abstract_tfidf__incentive,0.08359935113470322
terms_abstract_tfidf__incentive delay,0.07020025290970992
terms_abstract_tfidf__incidental,0.1685802151660952
terms_abstract_tfidf__include,0.017450451550235065
terms_abstract_tfidf__included,-0.016799713063503734
terms_abstract_tfidf__includes,0.05889567445369168
terms_abstract_tfidf__incongruent,-0.10139371746586724
terms_abstract_tfidf__inconsistent,0.018787212753122493
terms_abstract_tfidf__incorrect,0.10726882462543788
terms_abstract_tfidf__increases,0.08022057035446639
terms_abstract_tfidf__increasing,-0.039066690675048324
terms_abstract_tfidf__increasingly,-0.07160619856351128
terms_abstract_tfidf__independent,0.233332309055572
terms_abstract_tfidf__independent component,0.3307443870077656
terms_abstract_tfidf__independently,-0.12487161908041579
terms_abstract_tfidf__index,-0.26506148504287147
terms_abstract_tfidf__index finger,-0.3844582004936231
terms_abstract_tfidf__indexed,0.07729491460028899
terms_abstract_tfidf__indicate,-0.0182772533678942
terms_abstract_tfidf__indicated,-0.028427264897424552
terms_abstract_tfidf__indicates,-0.10639611390656072
terms_abstract_tfidf__indicating,-0.10720682600385173
terms_abstract_tfidf__indices,0.10126656555048116
terms_abstract_tfidf__indirect,0.1587898859587114
terms_abstract_tfidf__individual,0.0835227986552325
terms_abstract_tfidf__individual variability,0.0039034404397649512
terms_abstract_tfidf__individually,-0.05027082313029968
terms_abstract_tfidf__individuals,0.3325069516287599
terms_abstract_tfidf__induce,-0.09881599113888305
terms_abstract_tfidf__induced,-0.15982614574904855
terms_abstract_tfidf__induces,-0.14918669825154157
terms_abstract_tfidf__inducing,-0.02987146612022723
terms_abstract_tfidf__induction,-0.06186289455659185
terms_abstract_tfidf__infer,0.16908750644256945
terms_abstract_tfidf__inference,0.16889651348911655
terms_abstract_tfidf__inferences,0.29322030853918524
terms_abstract_tfidf__inferior,-0.0857256071276716
terms_abstract_tfidf__inferior frontal,0.016750076406949706
terms_abstract_tfidf__inferior middle,0.0245864966094192
terms_abstract_tfidf__inferior occipital,-0.15878863149202985
terms_abstract_tfidf__inferior parietal,-0.14888110136985724
terms_abstract_tfidf__inferior prefrontal,0.0750033994917643
terms_abstract_tfidf__inferior superior,-0.2610398740644282
terms_abstract_tfidf__inferior temporal,-0.05065357726486201
terms_abstract_tfidf__influence,0.06800222395201368
terms_abstract_tfidf__influenced,0.0433353964095949
terms_abstract_tfidf__influences,-0.0002166190489274144
terms_abstract_tfidf__inform,0.22589594055929527
terms_abstract_tfidf__information,-0.10308164614304935
terms_abstract_tfidf__inhibit,0.053095725311506026
terms_abstract_tfidf__inhibition,0.07378515292957168
terms_abstract_tfidf__inhibitory,0.0701682988355078
terms_abstract_tfidf__inhibitory control,0.17719156346746115
terms_abstract_tfidf__initial,0.09123671464497152
terms_abstract_tfidf__initially,0.07084429953099836
terms_abstract_tfidf__initiation,-0.1455685309776761
terms_abstract_tfidf__injury,-0.11860545921203886
terms_abstract_tfidf__input,-0.32143940723018355
terms_abstract_tfidf__inputs,-0.34176523818166343
terms_abstract_tfidf__insight,0.05622586643751301
terms_abstract_tfidf__insights,0.1136876118843018
terms_abstract_tfidf__instead,0.03868449660328767
terms_abstract_tfidf__instructed,-0.044999506657062587
terms_abstract_tfidf__instruction,-0.08283634072382318
terms_abstract_tfidf__instructions,0.08941230271866896
terms_abstract_tfidf__insula,0.06912132592941134
terms_abstract_tfidf__insula anterior,0.03699723669012435
terms_abstract_tfidf__insula inferior,-0.006127134421541797
terms_abstract_tfidf__insular,-0.05187543797755766
terms_abstract_tfidf__insular cortex,-0.06861493827513306
terms_abstract_tfidf__intact,-0.019984472628420066
terms_abstract_tfidf__integrate,-0.1624258213035315
terms_abstract_tfidf__integrated,0.01302834698800265
terms_abstract_tfidf__integrating,0.00311640344292583
terms_abstract_tfidf__integration,-0.08713519688295338
terms_abstract_tfidf__integrative,0.046876752983127434
terms_abstract_tfidf__integrity,0.13089173114992544
terms_abstract_tfidf__intelligence,0.15673015719010377
terms_abstract_tfidf__intense,0.016288943255493536
terms_abstract_tfidf__intensity,-0.02916687150480216
terms_abstract_tfidf__intention,0.2785682502946008
terms_abstract_tfidf__intentional,0.12958672884599967
terms_abstract_tfidf__intentions,0.2086122478996764
terms_abstract_tfidf__inter,0.02583890577226355
terms_abstract_tfidf__inter individual,-0.08957862576291231
terms_abstract_tfidf__interact,-0.06109726205890707
terms_abstract_tfidf__interacting,0.05231276387784757
terms_abstract_tfidf__interaction,0.12627763545972367
terms_abstract_tfidf__interactions,0.09294366562505119
terms_abstract_tfidf__interactive,0.07711935699999345
terms_abstract_tfidf__interacts,-0.049756360166978396
terms_abstract_tfidf__interestingly,-0.2495250351486817
terms_abstract_tfidf__interference,-0.18038684231620405
terms_abstract_tfidf__interhemispheric,-0.08536068089439906
terms_abstract_tfidf__intermediate,0.10567136297141008
terms_abstract_tfidf__internal,-0.038869296809956544
terms_abstract_tfidf__internally,0.1697735932376149
terms_abstract_tfidf__interoceptive,-0.011986389305110213
terms_abstract_tfidf__interpersonal,0.17019380267362522
terms_abstract_tfidf__interplay,-0.12302874707215683
terms_abstract_tfidf__interpret,-0.12154997887425219
terms_abstract_tfidf__interpretation,0.005027518568266276
terms_abstract_tfidf__interpreted,-0.16982336724565966
terms_abstract_tfidf__interval,-0.21685102420694952
terms_abstract_tfidf__intervals,-0.12549719503105464
terms_abstract_tfidf__intervention,0.12144900982384967
terms_abstract_tfidf__interventions,0.1321024421169753
terms_abstract_tfidf__intra,0.06990469884266119
terms_abstract_tfidf__intraparietal,-0.433210861621081
terms_abstract_tfidf__intraparietal sulcus,-0.4323909924030668
terms_abstract_tfidf__intrinsic,0.2613425693673683
terms_abstract_tfidf__intrinsic functional,0.2536748780663095
terms_abstract_tfidf__introduced,-0.14853764797728292
terms_abstract_tfidf__introduction,0.0193790938309418
terms_abstract_tfidf__invariant,-0.07672361797625868
terms_abstract_tfidf__invasive,-0.074487269517426
terms_abstract_tfidf__inventory,0.16817358277949537
terms_abstract_tfidf__inverse,0.05945277956158075
terms_abstract_tfidf__inversely,0.13142367377866787
terms_abstract_tfidf__investigates,-0.06986603692468898
terms_abstract_tfidf__investigating,0.2002457086234112
terms_abstract_tfidf__investigation,0.1658020510124496
terms_abstract_tfidf__investigations,0.10952666501565987
terms_abstract_tfidf__involve,0.005000837611004766
terms_abstract_tfidf__involved,-0.2752047811178156
terms_abstract_tfidf__involved cognitive,0.21357967335293682
terms_abstract_tfidf__involvement,-0.1929797184961553
terms_abstract_tfidf__involves,-0.06385212539841298
terms_abstract_tfidf__involving,0.00322480042432006
terms_abstract_tfidf__ipl,-0.09653917716284782
terms_abstract_tfidf__ips,-0.31613926066939196
terms_abstract_tfidf__ipsilateral,-0.4122041366583023
terms_abstract_tfidf__iq,0.20522216760946452
terms_abstract_tfidf__irrelevant,-0.16895641602343098
terms_abstract_tfidf__irrespective,-0.12190874884668898
terms_abstract_tfidf__isolate,-0.1235704881452905
terms_abstract_tfidf__isolated,-0.06960194011592605
terms_abstract_tfidf__issue,0.07718466869538819
terms_abstract_tfidf__issues,0.08666047147458554
terms_abstract_tfidf__item,0.07590418676366607
terms_abstract_tfidf__items,0.09469462658453334
terms_abstract_tfidf__iv,-0.02353684312529996
terms_abstract_tfidf__joint,-0.15835786568583501
terms_abstract_tfidf__judge,0.13687672605834766
terms_abstract_tfidf__judged,0.007464348986687904
terms_abstract_tfidf__judgment,0.17523369291053592
terms_abstract_tfidf__judgment task,0.025755787073268376
terms_abstract_tfidf__judgments,0.28335793455512004
terms_abstract_tfidf__junction,0.1556628657057263
terms_abstract_tfidf__junction tpj,0.1627125447918728
terms_abstract_tfidf__just,-0.15023820959535208
terms_abstract_tfidf__key,0.2498865289013093
terms_abstract_tfidf__key role,0.0835212969597088
terms_abstract_tfidf__kinds,0.011503997932854766
terms_abstract_tfidf__know,0.15518896105866126
terms_abstract_tfidf__knowledge,0.1908242775645712
terms_abstract_tfidf__known,0.013273032564348993
terms_abstract_tfidf__known involved,-0.19312362613848022
terms_abstract_tfidf__labeling,0.11419162182071393
terms_abstract_tfidf__laboratory,0.11564272470169193
terms_abstract_tfidf__lack,-0.042153379288238424
terms_abstract_tfidf__lacking,0.0627132179574313
terms_abstract_tfidf__language,0.059539585730171575
terms_abstract_tfidf__language comprehension,0.1757715498298253
terms_abstract_tfidf__language network,0.07527712558005822
terms_abstract_tfidf__languages,-0.054058629562400054
terms_abstract_tfidf__large,0.10014301116509043
terms_abstract_tfidf__large sample,0.12015267476068495
terms_abstract_tfidf__large scale,0.19504089955834192
terms_abstract_tfidf__largely,-0.0428138906055335
terms_abstract_tfidf__largely unknown,-0.08040676172513778
terms_abstract_tfidf__larger,-0.15664770527079563
terms_abstract_tfidf__late,-0.03119135041823728
terms_abstract_tfidf__latencies,-0.2368514650818007
terms_abstract_tfidf__latency,-0.14306769707649616
terms_abstract_tfidf__later,0.06618398296560733
terms_abstract_tfidf__lateral,0.05118510542251183
terms_abstract_tfidf__lateral frontal,0.04790291514865917
terms_abstract_tfidf__lateral medial,0.07346997337725894
terms_abstract_tfidf__lateral occipital,-0.34815130415087525
terms_abstract_tfidf__lateral orbitofrontal,0.31965235923320096
terms_abstract_tfidf__lateral parietal,0.29254773291040403
terms_abstract_tfidf__lateral prefrontal,0.20057255400971039
terms_abstract_tfidf__lateral temporal,0.27883406397909705
terms_abstract_tfidf__laterality,-0.20536077266912628
terms_abstract_tfidf__lateralization,-0.18721877400351045
terms_abstract_tfidf__lateralized,-0.16882284649161627
terms_abstract_tfidf__lead,0.003183654029001133
terms_abstract_tfidf__leading,-0.05431799915335899
terms_abstract_tfidf__leads,-0.043923704838763754
terms_abstract_tfidf__learn,0.041468339701477036
terms_abstract_tfidf__learned,-0.07265218052933756
terms_abstract_tfidf__learning,-0.08488753895526785
terms_abstract_tfidf__learning task,0.11402663320466119
terms_abstract_tfidf__led,-0.0686959155542255
terms_abstract_tfidf__length,-0.09271081427230105
terms_abstract_tfidf__lesion,-0.14275895021618848
terms_abstract_tfidf__lesions,-0.09991720290323469
terms_abstract_tfidf__lesser,-0.20123105492788831
terms_abstract_tfidf__letter,-0.1861535135840679
terms_abstract_tfidf__letters,-0.22652726172061094
terms_abstract_tfidf__level,-0.0022050541190981265
terms_abstract_tfidf__level bold,-0.05684509850196992
terms_abstract_tfidf__level signal,-0.008391766423456641
terms_abstract_tfidf__levels,0.1022483959279227
terms_abstract_tfidf__lexical,0.03310938881180671
terms_abstract_tfidf__lexical decision,-0.01560329721886943
terms_abstract_tfidf__life,0.26963209902584234
terms_abstract_tfidf__light,-0.048896123835323185
terms_abstract_tfidf__like,-0.026559174522528324
terms_abstract_tfidf__likelihood,-0.01880791971369536
terms_abstract_tfidf__likely,-0.13699744222855276
terms_abstract_tfidf__limb,-0.4197617507453896
terms_abstract_tfidf__limbic,0.2058526504504992
terms_abstract_tfidf__limitations,0.14647631221637877
terms_abstract_tfidf__limited,-0.033938862093354304
terms_abstract_tfidf__line,-0.11417622964982432
terms_abstract_tfidf__linear,-0.05482934316847195
terms_abstract_tfidf__linear model,-0.20912118839686536
terms_abstract_tfidf__linearly,0.03705907075136193
terms_abstract_tfidf__lingual,-0.13002905044380042
terms_abstract_tfidf__lingual gyrus,-0.05447109562524587
terms_abstract_tfidf__linguistic,0.11873082309595484
terms_abstract_tfidf__link,0.11456073474806071
terms_abstract_tfidf__linked,0.24889491280202036
terms_abstract_tfidf__linking,-0.018725358404174438
terms_abstract_tfidf__links,-0.03428507686278363
terms_abstract_tfidf__list,-0.01663154477016774
terms_abstract_tfidf__listened,0.14356221087101845
terms_abstract_tfidf__listening,0.09963370594649666
terms_abstract_tfidf__literature,0.04338037940587137
terms_abstract_tfidf__little,0.11727003902875494
terms_abstract_tfidf__little known,0.1227032518166586
terms_abstract_tfidf__load,-0.06747173592217619
terms_abstract_tfidf__lobe,0.1333506020211076
terms_abstract_tfidf__lobe mtl,0.09980062195689454
terms_abstract_tfidf__lobes,0.1243405035566928
terms_abstract_tfidf__lobule,-0.3178341586213714
terms_abstract_tfidf__lobule ipl,-0.07813393100888616
terms_abstract_tfidf__lobules,-0.2246852081144636
terms_abstract_tfidf__local,-0.03989782833740784
terms_abstract_tfidf__localization,-0.1643099022546791
terms_abstract_tfidf__localize,-0.17105839152739916
terms_abstract_tfidf__localized,-0.19546166128280976
terms_abstract_tfidf__located,-0.2615282087593292
terms_abstract_tfidf__location,-0.4091945206553361
terms_abstract_tfidf__locations,-0.2976123718667394
terms_abstract_tfidf__locus,-0.09419260658241291
terms_abstract_tfidf__long,0.10272163140786682
terms_abstract_tfidf__long term,0.17351943462889347
terms_abstract_tfidf__longer,-0.1071315825068673
terms_abstract_tfidf__longitudinal,0.012171525848906245
terms_abstract_tfidf__loop,-0.12235687437856499
terms_abstract_tfidf__loss,0.18165815114879458
terms_abstract_tfidf__losses,0.22114650941101285
terms_abstract_tfidf__low,0.23405265198945271
terms_abstract_tfidf__low frequency,0.14021636015292033
terms_abstract_tfidf__low high,-0.05619157871459615
terms_abstract_tfidf__low level,-0.1309107041740922
terms_abstract_tfidf__lower,0.04239018853931238
terms_abstract_tfidf__m1,-0.3646437767265669
terms_abstract_tfidf__machine,0.08661472057939588
terms_abstract_tfidf__magnetic,-0.27708542496484506
terms_abstract_tfidf__magnetic resonance,-0.2518466040170166
terms_abstract_tfidf__magnetic stimulation,-0.3323482395569896
terms_abstract_tfidf__magnetoencephalography,-0.07454060233628867
terms_abstract_tfidf__magnitude,-0.018580101578448364
terms_abstract_tfidf__main,-0.08277925914630274
terms_abstract_tfidf__main effect,-0.009450175947780654
terms_abstract_tfidf__mainly,-0.03978271089776353
terms_abstract_tfidf__maintain,-0.073188109917447
terms_abstract_tfidf__maintained,-0.12545880048117164
terms_abstract_tfidf__maintaining,-0.09378899200749333
terms_abstract_tfidf__maintenance,-0.04113808246501998
terms_abstract_tfidf__major,0.29841203355963897
terms_abstract_tfidf__major depression,0.25544557606219515
terms_abstract_tfidf__major depressive,0.3274577699490093
terms_abstract_tfidf__majority,-0.045133990008084955
terms_abstract_tfidf__make,0.13601937006454745
terms_abstract_tfidf__making,0.29946630014413955
terms_abstract_tfidf__male,0.15195572614709438
terms_abstract_tfidf__male female,0.13154467487632654
terms_abstract_tfidf__males,0.10876108930007714
terms_abstract_tfidf__manifest,0.1494130382228271
terms_abstract_tfidf__manipulated,-0.0587706616787276
terms_abstract_tfidf__manipulating,0.128811377976324
terms_abstract_tfidf__manipulation,-0.2830170902051796
terms_abstract_tfidf__manipulations,-0.06639370849442755
terms_abstract_tfidf__manner,-0.09402400899262829
terms_abstract_tfidf__manual,-0.32375320256791984
terms_abstract_tfidf__map,-0.12208502258165482
terms_abstract_tfidf__mapp,-0.0745119192315941
terms_abstract_tfidf__mapped,-0.09778410533519656
terms_abstract_tfidf__mapping,-0.07980643048105206
terms_abstract_tfidf__maps,-0.03629839120997207
terms_abstract_tfidf__marked,-0.09056278735311056
terms_abstract_tfidf__marker,0.1975533418697665
terms_abstract_tfidf__markers,0.1794501793543802
terms_abstract_tfidf__masked,0.08468063315043488
terms_abstract_tfidf__mass,0.0006722083413036912
terms_abstract_tfidf__match,-0.04682999823595441
terms_abstract_tfidf__matching,-0.13575260829789149
terms_abstract_tfidf__matching task,0.01290765262788739
terms_abstract_tfidf__material,0.08467430067593532
terms_abstract_tfidf__materials,0.04756378944967619
terms_abstract_tfidf__matrix,-0.037164785681089725
terms_abstract_tfidf__matter,0.21796220804423425
terms_abstract_tfidf__matter density,0.11389481540618995
terms_abstract_tfidf__matter gm,0.1298331249194861
terms_abstract_tfidf__matter volume,0.17156681393482928
terms_abstract_tfidf__matter volumes,0.16740044471600282
terms_abstract_tfidf__maturation,0.17531999622846858
terms_abstract_tfidf__maximal,-0.023785218252921153
terms_abstract_tfidf__maximum,-0.09271217447413592
terms_abstract_tfidf__mci,0.15135518899413458
terms_abstract_tfidf__mdd,0.28978249745435697
terms_abstract_tfidf__mean,0.08185848509613607
terms_abstract_tfidf__mean age,0.08470222198906235
terms_abstract_tfidf__meaning,0.1288931302059918
terms_abstract_tfidf__meaningful,-0.07117294941558044
terms_abstract_tfidf__means,-0.015972085605566393
terms_abstract_tfidf__measure,0.06985626836661343
terms_abstract_tfidf__measurement,0.010308748446581856
terms_abstract_tfidf__measurements,-0.028699050807253573
terms_abstract_tfidf__measures,0.09578015429517488
terms_abstract_tfidf__measuring,0.01695932483989833
terms_abstract_tfidf__mechanism,-0.020825198846543908
terms_abstract_tfidf__mechanisms,0.022107445589678164
terms_abstract_tfidf__mechanisms involved,0.024772704036548805
terms_abstract_tfidf__mechanisms underlying,0.059466780915634974
terms_abstract_tfidf__medial,0.4915243853403338
terms_abstract_tfidf__medial frontal,0.2670097524602636
terms_abstract_tfidf__medial lateral,0.3405662367983281
terms_abstract_tfidf__medial orbitofrontal,0.23325835042226797
terms_abstract_tfidf__medial pfc,0.3141459767247198
terms_abstract_tfidf__medial prefrontal,0.531616676787411
terms_abstract_tfidf__medial superior,0.026826878386039577
terms_abstract_tfidf__medial temporal,0.1416566658625107
terms_abstract_tfidf__median,-0.2410459657573548
terms_abstract_tfidf__mediate,0.046660410647304223
terms_abstract_tfidf__mediated,0.05694358832717214
terms_abstract_tfidf__mediates,0.11233194652417783
terms_abstract_tfidf__mediating,0.09304350306824527
terms_abstract_tfidf__medication,0.1562455573614708
terms_abstract_tfidf__meg,-0.1023736097160888
terms_abstract_tfidf__memories,0.30785943859363246
terms_abstract_tfidf__memory,0.19953743516260228
terms_abstract_tfidf__memory encoding,0.010664392068822071
terms_abstract_tfidf__memory load,-0.017790486676397033
terms_abstract_tfidf__memory performance,0.18573550228569433
terms_abstract_tfidf__memory processes,0.05013846690922081
terms_abstract_tfidf__memory retrieval,0.35607718528066995
terms_abstract_tfidf__memory task,0.13284474602437576
terms_abstract_tfidf__memory tasks,0.0750456983305263
terms_abstract_tfidf__memory test,0.193201672227356
terms_abstract_tfidf__memory wm,-0.11408583204435259
terms_abstract_tfidf__men,0.11377374871719083
terms_abstract_tfidf__men women,0.14802845009127846
terms_abstract_tfidf__mental,0.11028524942743242
terms_abstract_tfidf__mental imagery,-0.25334250398531066
terms_abstract_tfidf__mental state,0.3454892237826099
terms_abstract_tfidf__mental states,0.325621507990912
terms_abstract_tfidf__mentalizing,0.27379720486029474
terms_abstract_tfidf__mesial,-0.003486419602442993
terms_abstract_tfidf__mesolimbic,0.0926224496532207
terms_abstract_tfidf__met,0.19828967627221802
terms_abstract_tfidf__metabolic,0.16081085674286272
terms_abstract_tfidf__metabolism,0.16649688688223793
terms_abstract_tfidf__method,0.12632248235029542
terms_abstract_tfidf__methodological,-0.023343579109786815
terms_abstract_tfidf__methodology,0.10754410863755082
terms_abstract_tfidf__methodology principal,0.136427484045493
terms_abstract_tfidf__methods,0.23901849192236307
terms_abstract_tfidf__methods functional,0.057180991667524605
terms_abstract_tfidf__mfg,0.1661026994484183
terms_abstract_tfidf__mg,0.10519420842872601
terms_abstract_tfidf__mid,0.06702204482052074
terms_abstract_tfidf__midbrain,0.026054551996199438
terms_abstract_tfidf__middle,0.20984765880089243
terms_abstract_tfidf__middle cingulate,0.05769450060164961
terms_abstract_tfidf__middle frontal,0.19649377561450268
terms_abstract_tfidf__middle inferior,-0.0025401703515786534
terms_abstract_tfidf__middle occipital,-0.1909873691486875
terms_abstract_tfidf__middle superior,0.042021941557563516
terms_abstract_tfidf__middle temporal,0.20756386303237437
terms_abstract_tfidf__midline,0.29129053807013744
terms_abstract_tfidf__mild,0.19489489661922296
terms_abstract_tfidf__mild cognitive,0.258488590324393
terms_abstract_tfidf__min,0.0056810121474477285
terms_abstract_tfidf__mind,0.4224465005497382
terms_abstract_tfidf__mind tom,0.33652775271554897
terms_abstract_tfidf__minimal,-0.06787441283239438
terms_abstract_tfidf__mirror,-0.4464811586532826
terms_abstract_tfidf__mirror neuron,-0.3482357508649592
terms_abstract_tfidf__mixed,0.13079144917149857
terms_abstract_tfidf__mm,0.09365262660336304
terms_abstract_tfidf__mnemonic,0.0865130017900235
terms_abstract_tfidf__modal,-0.22092457399567342
terms_abstract_tfidf__modalities,-0.15184944392134525
terms_abstract_tfidf__modality,-0.1900046716455587
terms_abstract_tfidf__mode,0.42459915262891706
terms_abstract_tfidf__mode network,0.4346926750128895
terms_abstract_tfidf__model,-0.08970000438722726
terms_abstract_tfidf__modeling,-0.2003284892699153
terms_abstract_tfidf__models,-0.0008323081249496512
terms_abstract_tfidf__moderate,0.024098853527521547
terms_abstract_tfidf__modified,0.06622145780031793
terms_abstract_tfidf__modulate,0.0711847802013251
terms_abstract_tfidf__modulated,0.009445392949412575
terms_abstract_tfidf__modulates,0.017195239806037852
terms_abstract_tfidf__modulating,0.15273159249041962
terms_abstract_tfidf__modulation,-0.026172921225597483
terms_abstract_tfidf__modulations,-0.12652473032272546
terms_abstract_tfidf__modulatory,-0.03620004100760354
terms_abstract_tfidf__monetary,0.16328285743091678
terms_abstract_tfidf__monetary incentive,0.010909042798337175
terms_abstract_tfidf__monetary reward,0.06852694242927612
terms_abstract_tfidf__money,0.18876443495031633
terms_abstract_tfidf__monitor,-0.033361634143244355
terms_abstract_tfidf__monitored,-0.07955402475687012
terms_abstract_tfidf__monitoring,0.11095696539165978
terms_abstract_tfidf__monkey,-0.4198325464273078
terms_abstract_tfidf__monkeys,-0.2974524438171913
terms_abstract_tfidf__months,0.07111703801784731
terms_abstract_tfidf__mood,0.3210149876097096
terms_abstract_tfidf__moral,0.38475892035866355
terms_abstract_tfidf__morphological,0.08523995918486042
terms_abstract_tfidf__morphology,0.08929959227128421
terms_abstract_tfidf__morphometry,0.18051411663803218
terms_abstract_tfidf__morphometry vbm,0.19309793678912776
terms_abstract_tfidf__motion,-0.3518425526985875
terms_abstract_tfidf__motivation,0.12748714667881764
terms_abstract_tfidf__motivational,0.14572523086587288
terms_abstract_tfidf__motor,-0.47102991795786925
terms_abstract_tfidf__motor control,-0.3362447350114485
terms_abstract_tfidf__motor cortex,-0.41021190409934444
terms_abstract_tfidf__motor function,-0.3189133482546004
terms_abstract_tfidf__motor imagery,-0.4834165268529465
terms_abstract_tfidf__motor network,-0.3140178995756597
terms_abstract_tfidf__motor performance,-0.3468522000334296
terms_abstract_tfidf__motor pre,-0.14937672715824118
terms_abstract_tfidf__motor premotor,-0.3420213370220564
terms_abstract_tfidf__motor response,-0.1401587289078585
terms_abstract_tfidf__motor responses,-0.19435978758372857
terms_abstract_tfidf__motor sma,-0.32997425212969606
terms_abstract_tfidf__motor task,-0.34785085526129145
terms_abstract_tfidf__movement,-0.4721176326764964
terms_abstract_tfidf__movements,-0.541842000642295
terms_abstract_tfidf__moving,-0.43083334309396526
terms_abstract_tfidf__mpfc,0.48048375114125697
terms_abstract_tfidf__mr,-0.22250725533700116
terms_abstract_tfidf__ms,-0.12905391642924594
terms_abstract_tfidf__mt,-0.34711780316735363
terms_abstract_tfidf__mtg,0.22333835500254387
terms_abstract_tfidf__mtl,0.107404239516826
terms_abstract_tfidf__multi,-0.1491734300059002
terms_abstract_tfidf__multimodal,0.025940147448666195
terms_abstract_tfidf__multiple,0.017694648344384813
terms_abstract_tfidf__multiple comparisons,0.13771763247257493
terms_abstract_tfidf__multiple sclerosis,-0.13280314785237252
terms_abstract_tfidf__multisensory,-0.33939411606613074
terms_abstract_tfidf__multivariate,0.10165437721020898
terms_abstract_tfidf__multivariate pattern,0.004812687190267949
terms_abstract_tfidf__muscle,-0.29489545111724125
terms_abstract_tfidf__music,0.05074197739803977
terms_abstract_tfidf__musical,0.06077869421286205
terms_abstract_tfidf__musicians,-0.1600614210163608
terms_abstract_tfidf__naive,0.098790381396957
terms_abstract_tfidf__names,0.06995605637058545
terms_abstract_tfidf__naming,-0.20304617548590395
terms_abstract_tfidf__native,-0.08998832447552807
terms_abstract_tfidf__natural,0.025725874000827334
terms_abstract_tfidf__naturalistic,0.08151771598007405
terms_abstract_tfidf__nature,-0.001394697250548423
terms_abstract_tfidf__navigation,-0.16883096957608892
terms_abstract_tfidf__near,-0.1993232527542815
terms_abstract_tfidf__necessary,-0.04081288947118453
terms_abstract_tfidf__need,0.042236897081262964
terms_abstract_tfidf__needed,0.0336102394810801
terms_abstract_tfidf__needs,-0.12459799720545768
terms_abstract_tfidf__negative,0.4028157219835707
terms_abstract_tfidf__negative affect,0.27763548902263585
terms_abstract_tfidf__negative correlation,0.1593262905244778
terms_abstract_tfidf__negative correlations,0.1417882017590758
terms_abstract_tfidf__negative emotional,0.22338361273301321
terms_abstract_tfidf__negative emotions,0.1258187629608242
terms_abstract_tfidf__negative feedback,0.24150377438072618
terms_abstract_tfidf__negative neutral,0.22437506012087605
terms_abstract_tfidf__negative positive,0.26262420080562954
terms_abstract_tfidf__negatively,0.2976289004715659
terms_abstract_tfidf__negatively correlated,0.15357758855489073
terms_abstract_tfidf__negativity,0.23101612241618766
terms_abstract_tfidf__neocortical,0.15751884827469928
terms_abstract_tfidf__nerve,-0.13329866849704575
terms_abstract_tfidf__nervous,-0.1669805706458454
terms_abstract_tfidf__network,0.06162500003451435
terms_abstract_tfidf__network connectivity,0.2048269224908005
terms_abstract_tfidf__network dmn,0.44130091847066666
terms_abstract_tfidf__network involved,-0.11759430075091706
terms_abstract_tfidf__networks,0.2246924396119406
terms_abstract_tfidf__networks involved,0.005318341841840763
terms_abstract_tfidf__neuro,-0.006314118187336676
terms_abstract_tfidf__neuroanatomical,0.10211599480363484
terms_abstract_tfidf__neuroanatomy,-0.11459250427163531
terms_abstract_tfidf__neurobiological,0.2671176199093608
terms_abstract_tfidf__neurobiology,0.23248584579209047
terms_abstract_tfidf__neurocognitive,0.23605843119261313
terms_abstract_tfidf__neurodegenerative,0.012254273159293876
terms_abstract_tfidf__neurodevelopmental,0.19467409403767374
terms_abstract_tfidf__neurofunctional,-0.01661818329342215
terms_abstract_tfidf__neurological,-0.0683561028166303
terms_abstract_tfidf__neuron,-0.33228550925225186
terms_abstract_tfidf__neuronal,-0.1753814102060881
terms_abstract_tfidf__neurons,-0.36787380365398864
terms_abstract_tfidf__neurophysiological,-0.1881277938835653
terms_abstract_tfidf__neuropsychiatric,0.20931256834242687
terms_abstract_tfidf__neuropsychological,0.06702908321017252
terms_abstract_tfidf__neuroscience,0.16802637202557802
terms_abstract_tfidf__neutral,0.22963703563991208
terms_abstract_tfidf__neutral faces,0.051089243953998026
terms_abstract_tfidf__neutral pictures,0.14413052231653226
terms_abstract_tfidf__neutral stimuli,0.2080407210896118
terms_abstract_tfidf__new,0.003922363377943551
terms_abstract_tfidf__new insights,-0.07459247405295988
terms_abstract_tfidf__newly,0.03917607802198657
terms_abstract_tfidf__nineteen,0.18618261671888364
terms_abstract_tfidf__nociceptive,-0.12046175636613936
terms_abstract_tfidf__node,0.21524343722881709
terms_abstract_tfidf__nodes,0.1510000470263248
terms_abstract_tfidf__nogo,0.056867779701890185
terms_abstract_tfidf__noise,0.015875064061122993
terms_abstract_tfidf__non,-0.022246204443416823
terms_abstract_tfidf__normal,0.0016741536556854394
terms_abstract_tfidf__normal controls,0.1713497135041628
terms_abstract_tfidf__normalized,-0.0004236441963572131
terms_abstract_tfidf__normally,-0.15573372657747667
terms_abstract_tfidf__notably,0.14332680371243214
terms_abstract_tfidf__noted,0.11065935693607815
terms_abstract_tfidf__notion,-0.09336932294744581
terms_abstract_tfidf__nouns,0.051976875965934775
terms_abstract_tfidf__novel,0.10330497828379971
terms_abstract_tfidf__novelty,0.013436330783972928
terms_abstract_tfidf__noxious,0.033755778527712034
terms_abstract_tfidf__nuclei,-0.04559714417399057
terms_abstract_tfidf__nucleus,0.03909150692867587
terms_abstract_tfidf__nucleus accumbens,0.13494327225578714
terms_abstract_tfidf__number,-0.08124770010636889
terms_abstract_tfidf__numbers,-0.17454129133210217
terms_abstract_tfidf__numerical,-0.18616651425889813
terms_abstract_tfidf__numerous,0.11841170917414141
terms_abstract_tfidf__object,-0.4356690014243247
terms_abstract_tfidf__object recognition,-0.2701066184517015
terms_abstract_tfidf__objective,0.06963862170278515
terms_abstract_tfidf__objectives,0.15782837098775532
terms_abstract_tfidf__objects,-0.3544520990171316
terms_abstract_tfidf__observation,-0.4902170119293272
terms_abstract_tfidf__observations,-0.08359488042416885
terms_abstract_tfidf__observer,-0.3466236164315398
terms_abstract_tfidf__observers,-0.2005408606860216
terms_abstract_tfidf__observing,-0.2884427711704496
terms_abstract_tfidf__obsessive,0.17033140536292193
terms_abstract_tfidf__obsessive compulsive,0.16857526116666974
terms_abstract_tfidf__obtain,0.10273375917721918
terms_abstract_tfidf__obtained,0.02230659527068125
terms_abstract_tfidf__occipital,-0.32639486652459876
terms_abstract_tfidf__occipital cortex,-0.32156331745146793
terms_abstract_tfidf__occipital gyrus,-0.20721302040911346
terms_abstract_tfidf__occipital lobe,-0.036316393923156255
terms_abstract_tfidf__occipital parietal,-0.2167171879155836
terms_abstract_tfidf__occipital temporal,-0.13968032317534368
terms_abstract_tfidf__occipito,-0.3609658756319593
terms_abstract_tfidf__occipito temporal,-0.336123003493767
terms_abstract_tfidf__occipitotemporal,-0.3102089041168233
terms_abstract_tfidf__occipitotemporal cortex,-0.27248608434596194
terms_abstract_tfidf__occur,0.0741479851314022
terms_abstract_tfidf__occurred,-0.020099545578124278
terms_abstract_tfidf__occurrence,0.07091159966168639
terms_abstract_tfidf__occurring,-0.11114894629065378
terms_abstract_tfidf__occurs,-0.04436389049250897
terms_abstract_tfidf__ocd,0.18522355524038522
terms_abstract_tfidf__oddball,-0.05620183537498132
terms_abstract_tfidf__ofc,0.30134986496974336
terms_abstract_tfidf__offer,0.03134060119361846
terms_abstract_tfidf__offers,0.032576404340519324
terms_abstract_tfidf__old,0.1516260374805968
terms_abstract_tfidf__older,0.19865737170995312
terms_abstract_tfidf__older adults,0.17038411804753742
terms_abstract_tfidf__olfactory,0.03202233923710509
terms_abstract_tfidf__ones,-0.04394919864200612
terms_abstract_tfidf__ongoing,0.0910168911096218
terms_abstract_tfidf__online,-0.13661700092081666
terms_abstract_tfidf__onset,-0.12486021947449326
terms_abstract_tfidf__open,-0.016434714429386394
terms_abstract_tfidf__operation,-0.19544394397259376
terms_abstract_tfidf__operations,-0.1406529036263799
terms_abstract_tfidf__opercular,-0.16160642223202115
terms_abstract_tfidf__opercularis,-0.12737061497405242
terms_abstract_tfidf__operculum,-0.1815771269852314
terms_abstract_tfidf__opportunity,0.10355744771916381
terms_abstract_tfidf__opposed,-0.03119480419706626
terms_abstract_tfidf__opposite,-0.06376436804733376
terms_abstract_tfidf__optimal,0.17389634809321905
terms_abstract_tfidf__optimized,0.06583824493541772
terms_abstract_tfidf__options,0.2574629689798445
terms_abstract_tfidf__oral,-0.1667669968696886
terms_abstract_tfidf__orbital,0.2620461091704328
terms_abstract_tfidf__orbitofrontal,0.35192509466959426
terms_abstract_tfidf__orbitofrontal cortex,0.3317292096851492
terms_abstract_tfidf__order,-0.07542216242412551
terms_abstract_tfidf__organization,-0.1989491316319287
terms_abstract_tfidf__organized,-0.02388897452863882
terms_abstract_tfidf__orientation,-0.3097705458151523
terms_abstract_tfidf__oriented,-0.0743845019186262
terms_abstract_tfidf__orienting,-0.23689488150154198
terms_abstract_tfidf__origin,-0.14438642850230385
terms_abstract_tfidf__original,-0.0872544902314866
terms_abstract_tfidf__orthographic,-0.15252545313814775
terms_abstract_tfidf__oscillations,-0.030352913942667037
terms_abstract_tfidf__outcome,0.24389345300305554
terms_abstract_tfidf__outcomes,0.36812151538160287
terms_abstract_tfidf__output,-0.3156484554541246
terms_abstract_tfidf__outside,-0.04689843539950736
terms_abstract_tfidf__outside scanner,-0.13041343396143815
terms_abstract_tfidf__overall,0.10776834750770528
terms_abstract_tfidf__overcome,0.01203741578746687
terms_abstract_tfidf__overlap,-0.12709658752163516
terms_abstract_tfidf__overlapped,-0.10917663157538923
terms_abstract_tfidf__overlapping,-0.18125703958846978
terms_abstract_tfidf__overt,-0.2383964408972138
terms_abstract_tfidf__oxygen,-0.0189980608178323
terms_abstract_tfidf__oxygen level,-0.03400617152522533
terms_abstract_tfidf__oxygenation,0.06240902599960778
terms_abstract_tfidf__oxygenation level,0.04317721313002795
terms_abstract_tfidf__paced,-0.3691414298968069
terms_abstract_tfidf__pain,-0.07003299169582666
terms_abstract_tfidf__painful,-0.12940670783133762
terms_abstract_tfidf__pair,-0.09243335787190399
terms_abstract_tfidf__paired,0.14890675810518036
terms_abstract_tfidf__pairs,0.06089605552043469
terms_abstract_tfidf__pallidus,-0.12014939278981072
terms_abstract_tfidf__paper,-0.037587342044849474
terms_abstract_tfidf__paradigm,0.012299535339386932
terms_abstract_tfidf__paradigms,0.10086519506887558
terms_abstract_tfidf__parahippocampal,0.09812958804334401
terms_abstract_tfidf__parahippocampal cortex,0.008121698543878212
terms_abstract_tfidf__parahippocampal gyrus,0.09780481079104528
terms_abstract_tfidf__parahippocampus,0.16558949306270082
terms_abstract_tfidf__paralimbic,0.20078064376887314
terms_abstract_tfidf__parallel,-0.12741727439617123
terms_abstract_tfidf__parameter,-0.09223360956792666
terms_abstract_tfidf__parameters,-0.0549662952696126
terms_abstract_tfidf__parametric,-0.051937234620443154
terms_abstract_tfidf__parametric mapping,-0.03988532913452434
terms_abstract_tfidf__parametrically,-0.040207263472216044
terms_abstract_tfidf__parietal,-0.28015940854783544
terms_abstract_tfidf__parietal cortex,-0.2546476515359685
terms_abstract_tfidf__parietal cortices,-0.13041278732217215
terms_abstract_tfidf__parietal frontal,-0.2626879682159712
terms_abstract_tfidf__parietal junction,0.2398146696529142
terms_abstract_tfidf__parietal lobe,-0.25611313268733843
terms_abstract_tfidf__parietal lobes,-0.042317427697889
terms_abstract_tfidf__parietal lobule,-0.30235779030602633
terms_abstract_tfidf__parietal lobules,-0.2922074951944011
terms_abstract_tfidf__parietal network,-0.13946778962406217
terms_abstract_tfidf__parietal occipital,-0.2148337899121508
terms_abstract_tfidf__parietal temporal,-0.014861363324080518
terms_abstract_tfidf__parieto,-0.405587245105515
terms_abstract_tfidf__parieto occipital,-0.2994546251671681
terms_abstract_tfidf__parkinson,-0.18634156135554844
terms_abstract_tfidf__parkinson disease,-0.17426293409065416
terms_abstract_tfidf__pars,-0.053326324502177336
terms_abstract_tfidf__pars opercularis,-0.12763074622598666
terms_abstract_tfidf__partial,-0.006733943157147267
terms_abstract_tfidf__partially,-0.03249484639073309
terms_abstract_tfidf__participant,0.062239654533257006
terms_abstract_tfidf__participate,-0.04448737821210691
terms_abstract_tfidf__participated,0.055563163439376805
terms_abstract_tfidf__particular,-0.05763929040100698
terms_abstract_tfidf__particularly,-0.0600032626434106
terms_abstract_tfidf__partly,-0.14561150763179853
terms_abstract_tfidf__partner,0.19783166782219075
terms_abstract_tfidf__parts,-0.4090335132767117
terms_abstract_tfidf__passive,-0.19986852673388406
terms_abstract_tfidf__passive viewing,-0.1386664943782799
terms_abstract_tfidf__passively,-0.11842793612204355
terms_abstract_tfidf__past,0.33178408389763864
terms_abstract_tfidf__pathological,0.13447302469508202
terms_abstract_tfidf__pathology,0.1830880065387939
terms_abstract_tfidf__pathophysiological,0.14188029733665886
terms_abstract_tfidf__pathophysiology,0.2543787803947099
terms_abstract_tfidf__pathway,-0.27686389162800296
terms_abstract_tfidf__pathways,-0.15245356902876056
terms_abstract_tfidf__patient,0.017402689609716894
terms_abstract_tfidf__patient group,0.040329551688950194
terms_abstract_tfidf__patient groups,0.19477965806432412
terms_abstract_tfidf__pattern,-0.20465555006595262
terms_abstract_tfidf__patterns,-0.052430008849533055
terms_abstract_tfidf__pcc,0.3543242622484021
terms_abstract_tfidf__pd,-0.11205467654179953
terms_abstract_tfidf__peak,-0.18106022146304457
terms_abstract_tfidf__people,0.3249757626706256
terms_abstract_tfidf__perceive,-0.1193873663752478
terms_abstract_tfidf__perceived,-0.14225697109126442
terms_abstract_tfidf__perceiving,-0.22190970897971138
terms_abstract_tfidf__percept,-0.1929432591773805
terms_abstract_tfidf__perception,-0.3301304940358964
terms_abstract_tfidf__perceptual,-0.32989690760114104
terms_abstract_tfidf__perform,-0.2792955315733252
terms_abstract_tfidf__performance,-0.10145398088192095
terms_abstract_tfidf__performance task,0.005753203246753845
terms_abstract_tfidf__performances,-0.05899514793789954
terms_abstract_tfidf__performing,-0.27642304525376965
terms_abstract_tfidf__perfusion,0.09945767592822502
terms_abstract_tfidf__periaqueductal,0.0528623702520788
terms_abstract_tfidf__period,-0.009937094804797608
terms_abstract_tfidf__periodicals,-0.05582335724470372
terms_abstract_tfidf__periods,0.07447952677118297
terms_abstract_tfidf__peripheral,-0.24928843233364611
terms_abstract_tfidf__persistent,0.1282879285152576
terms_abstract_tfidf__person,0.2081321736745595
terms_abstract_tfidf__personal,0.363879587228885
terms_abstract_tfidf__personality,0.39292318491284856
terms_abstract_tfidf__personality traits,0.3156361360584099
terms_abstract_tfidf__persons,0.19680902831276323
terms_abstract_tfidf__perspective,0.1328874082983032
terms_abstract_tfidf__pet,0.08444818832084097
terms_abstract_tfidf__pfc,0.35731259166488555
terms_abstract_tfidf__pharmacological,0.1668320060325531
terms_abstract_tfidf__phase,-0.21397726151216592
terms_abstract_tfidf__phases,-0.08637629859109941
terms_abstract_tfidf__phenomena,-0.03604854972469593
terms_abstract_tfidf__phenomenon,-0.15205053274564834
terms_abstract_tfidf__phenotype,0.12164260764157948
terms_abstract_tfidf__phonological,-0.08219299399561895
terms_abstract_tfidf__photographs,0.050852999642201746
terms_abstract_tfidf__physical,-0.17656573757709962
terms_abstract_tfidf__physiological,0.058913556161172456
terms_abstract_tfidf__picture,0.0629796734222091
terms_abstract_tfidf__pictures,0.18163509687944682
terms_abstract_tfidf__pitch,-0.0527916031184352
terms_abstract_tfidf__place,-0.03822756302046788
terms_abstract_tfidf__placebo,0.17773296913142264
terms_abstract_tfidf__placebo controlled,0.11860718255636454
terms_abstract_tfidf__planning,-0.35906743655427814
terms_abstract_tfidf__planum,-0.03675905403500452
terms_abstract_tfidf__planum temporale,-0.014826012927745913
terms_abstract_tfidf__plasticity,-0.2621549729899502
terms_abstract_tfidf__play,-0.07198688670985609
terms_abstract_tfidf__play important,-0.1231427488284958
terms_abstract_tfidf__play role,-0.13392645443487503
terms_abstract_tfidf__played,0.03586762489753691
terms_abstract_tfidf__playing,0.031605049709811685
terms_abstract_tfidf__plays,-0.006300617887425819
terms_abstract_tfidf__plays important,0.0036304500832103153
terms_abstract_tfidf__plays role,-0.011095108025092743
terms_abstract_tfidf__pleasant,0.12939222376579385
terms_abstract_tfidf__point,-0.146977559259487
terms_abstract_tfidf__pointing,-0.2223803092288853
terms_abstract_tfidf__points,0.011005238499522204
terms_abstract_tfidf__pole,0.30201624040655806
terms_abstract_tfidf__polymorphism,0.17298028004463561
terms_abstract_tfidf__poor,-0.0013107445534512002
terms_abstract_tfidf__poorer,0.2552952958859794
terms_abstract_tfidf__poorly,0.05541924909236018
terms_abstract_tfidf__poorly understood,0.008508258204069127
terms_abstract_tfidf__population,0.15555826611635265
terms_abstract_tfidf__populations,0.012929593670989104
terms_abstract_tfidf__portion,-0.0411862629325255
terms_abstract_tfidf__portions,0.1349192903497148
terms_abstract_tfidf__position,-0.3661164423204451
terms_abstract_tfidf__positive,0.39149352357152495
terms_abstract_tfidf__positive correlation,0.13931854139938193
terms_abstract_tfidf__positive correlations,0.12588798884487645
terms_abstract_tfidf__positive negative,0.3777726340722812
terms_abstract_tfidf__positively,0.27394850280985766
terms_abstract_tfidf__positively correlated,0.2489596750164342
terms_abstract_tfidf__positron,0.12447945789280497
terms_abstract_tfidf__positron emission,0.12462322563787018
terms_abstract_tfidf__possibility,-0.013921521732380876
terms_abstract_tfidf__possible,-0.08286071289566962
terms_abstract_tfidf__possibly,-0.09647105956354161
terms_abstract_tfidf__post,0.16373865924846287
terms_abstract_tfidf__post hoc,0.020178610854865765
terms_abstract_tfidf__postcentral,-0.2660818213937855
terms_abstract_tfidf__postcentral gyrus,-0.2101365484553195
terms_abstract_tfidf__posterior,0.0550141321963305
terms_abstract_tfidf__posterior anterior,0.09741830534318961
terms_abstract_tfidf__posterior cingulate,0.44242260487222407
terms_abstract_tfidf__posterior inferior,-0.07480533580173555
terms_abstract_tfidf__posterior insula,-0.120639201244394
terms_abstract_tfidf__posterior middle,0.10953424046499503
terms_abstract_tfidf__posterior parietal,-0.3628523716140184
terms_abstract_tfidf__posterior superior,-0.033393926417552657
terms_abstract_tfidf__posterior temporal,0.08305849292585245
terms_abstract_tfidf__posttraumatic,0.16399025602971748
terms_abstract_tfidf__potential,0.22423643870287366
terms_abstract_tfidf__potentially,0.08202559716056111
terms_abstract_tfidf__potentials,-0.14731056048008104
terms_abstract_tfidf__power,-0.06024260204536385
terms_abstract_tfidf__powerful,0.10247201716467937
terms_abstract_tfidf__ppc,-0.30695840256089335
terms_abstract_tfidf__ppi,0.060367837331506156
terms_abstract_tfidf__practice,-0.2586765200933135
terms_abstract_tfidf__pre,-0.2269980466878141
terms_abstract_tfidf__pre post,0.015613812275816258
terms_abstract_tfidf__pre sma,-0.23124814471813235
terms_abstract_tfidf__pre supplementary,-0.11857899947443122
terms_abstract_tfidf__preceded,0.04322059412667877
terms_abstract_tfidf__preceding,-0.0038482720240049562
terms_abstract_tfidf__precentral,-0.3236676313572512
terms_abstract_tfidf__precentral gyrus,-0.22535438751026082
terms_abstract_tfidf__precise,0.005500549846092001
terms_abstract_tfidf__precuneus,0.17674809224752577
terms_abstract_tfidf__precuneus posterior,0.22265025025441726
terms_abstract_tfidf__predict,0.04945217144414253
terms_abstract_tfidf__predicted,0.16573218613910204
terms_abstract_tfidf__predicting,0.036977211290480504
terms_abstract_tfidf__prediction,0.02881222153821302
terms_abstract_tfidf__prediction error,0.050722808024737116
terms_abstract_tfidf__predictions,-0.07452697191957736
terms_abstract_tfidf__predictive,-0.04278851034617126
terms_abstract_tfidf__predictors,0.07061717822777852
terms_abstract_tfidf__predicts,0.07870573524187986
terms_abstract_tfidf__predominantly,-0.0854795667797415
terms_abstract_tfidf__preference,0.009832484978764705
terms_abstract_tfidf__preferences,0.2334052561488404
terms_abstract_tfidf__preferential,-0.08914542094898803
terms_abstract_tfidf__preferentially,-0.04551335774819121
terms_abstract_tfidf__prefrontal,0.5186648250125118
terms_abstract_tfidf__prefrontal cortex,0.5389230786103697
terms_abstract_tfidf__prefrontal cortical,0.20952692309523652
terms_abstract_tfidf__prefrontal cortices,0.20842458718881976
terms_abstract_tfidf__prefrontal parietal,0.04947863765792843
terms_abstract_tfidf__preliminary,0.166698122388932
terms_abstract_tfidf__premotor,-0.5234752214769307
terms_abstract_tfidf__premotor cortex,-0.5101505049289808
terms_abstract_tfidf__preparation,-0.3483361492253671
terms_abstract_tfidf__preparatory,-0.24000669254537627
terms_abstract_tfidf__presence,-0.06704780971452498
terms_abstract_tfidf__presentation,-0.06784416564591812
terms_abstract_tfidf__presentations,-0.011786139813471624
terms_abstract_tfidf__presented,-0.16176368057164678
terms_abstract_tfidf__presenting,-0.06464114883861358
terms_abstract_tfidf__preserved,-0.027423326602841906
terms_abstract_tfidf__press,-0.1761245944613284
terms_abstract_tfidf__pressure,-0.010097442948897776
terms_abstract_tfidf__presumably,-0.14994154609667548
terms_abstract_tfidf__previous,0.04681754608080791
terms_abstract_tfidf__previous functional,-0.03582790368062158
terms_abstract_tfidf__previous reports,-0.21107824092266636
terms_abstract_tfidf__previous research,0.15653061918110134
terms_abstract_tfidf__previous shown,0.022353173320924652
terms_abstract_tfidf__previous work,0.0290142290849517
terms_abstract_tfidf__primarily,-0.035670411362992524
terms_abstract_tfidf__primary,-0.405436194717682
terms_abstract_tfidf__primary auditory,0.0135851710993434
terms_abstract_tfidf__primary motor,-0.40743030537713837
terms_abstract_tfidf__primary secondary,-0.3322650225085105
terms_abstract_tfidf__primary sensorimotor,-0.365586523527061
terms_abstract_tfidf__primary somatosensory,-0.3818204146995503
terms_abstract_tfidf__primary visual,-0.2244420071058762
terms_abstract_tfidf__primates,-0.1843021369683413
terms_abstract_tfidf__prime,-0.059164824710348236
terms_abstract_tfidf__priming,0.03736946855090127
terms_abstract_tfidf__principal,0.05180706465202394
terms_abstract_tfidf__principle,-0.08983525137518411
terms_abstract_tfidf__prior,0.1193219207665715
terms_abstract_tfidf__priori,0.13720898256038894
terms_abstract_tfidf__probabilistic,0.15969130283406996
terms_abstract_tfidf__probability,0.19657941757897748
terms_abstract_tfidf__probably,-0.21831588598234614
terms_abstract_tfidf__probe,-0.06028956091356486
terms_abstract_tfidf__problem,0.16684478605854466
terms_abstract_tfidf__problems,0.24548822574680845
terms_abstract_tfidf__procedure,0.007561968272196046
terms_abstract_tfidf__procedures,-0.011893295036959982
terms_abstract_tfidf__process,0.06306053972916628
terms_abstract_tfidf__processed,-0.042854986382806784
terms_abstract_tfidf__processes,0.16429491685732864
terms_abstract_tfidf__processes involved,0.07885929491698808
terms_abstract_tfidf__processes underlying,0.016244775679774406
terms_abstract_tfidf__produce,-0.09024259881258624
terms_abstract_tfidf__produced,-0.2160196251330806
terms_abstract_tfidf__producing,-0.14483649158467676
terms_abstract_tfidf__production,-0.17613707915345722
terms_abstract_tfidf__profile,0.02541140548098704
terms_abstract_tfidf__profiles,0.11521030052005428
terms_abstract_tfidf__progression,0.14896840595853955
terms_abstract_tfidf__progressive,0.14113332068075035
terms_abstract_tfidf__prolonged,-0.16152923535875321
terms_abstract_tfidf__prominent,-0.1043545507205936
terms_abstract_tfidf__promising,0.1736237899149001
terms_abstract_tfidf__pronounced,-0.061396191219254055
terms_abstract_tfidf__proper,-0.21383420034666925
terms_abstract_tfidf__properties,-0.1848222848367702
terms_abstract_tfidf__proportion,0.03964631967807758
terms_abstract_tfidf__propose,-0.2284077295479651
terms_abstract_tfidf__proposed,-0.011805990714150127
terms_abstract_tfidf__prospective,0.17376096502214855
terms_abstract_tfidf__protocol,-0.031998183112048106
terms_abstract_tfidf__provide,0.14851119654931969
terms_abstract_tfidf__provide evidence,0.002603559645641779
terms_abstract_tfidf__provide new,-0.012493382934314104
terms_abstract_tfidf__provide novel,0.10852345950218321
terms_abstract_tfidf__provided,-0.044078057816106846
terms_abstract_tfidf__provides,-0.0020547451685867728
terms_abstract_tfidf__provides evidence,0.04674903332081853
terms_abstract_tfidf__providing,0.012256763757999152
terms_abstract_tfidf__pseudowords,-0.17270519828232672
terms_abstract_tfidf__psts,0.027154797165306596
terms_abstract_tfidf__psychiatric,0.3096420856059195
terms_abstract_tfidf__psychiatric disorders,0.2746947725690106
terms_abstract_tfidf__psychological,0.19052172879981782
terms_abstract_tfidf__psychopathology,0.22173142435762097
terms_abstract_tfidf__psychophysical,-0.12403920677612602
terms_abstract_tfidf__psychophysiological,-0.011948369904552879
terms_abstract_tfidf__psychophysiological interaction,-0.0010006680714171594
terms_abstract_tfidf__psychosis,0.2628049165831946
terms_abstract_tfidf__psychotic,0.18308919665761136
terms_abstract_tfidf__ptsd,0.2054593393028895
terms_abstract_tfidf__published,0.05241794505515603
terms_abstract_tfidf__punishment,0.23902894903794464
terms_abstract_tfidf__pure,-0.09043904660963553
terms_abstract_tfidf__purpose,-0.11095569994149479
terms_abstract_tfidf__putamen,-0.21172936075537563
terms_abstract_tfidf__putative,-0.1517351021635397
terms_abstract_tfidf__quality,0.13043106154777712
terms_abstract_tfidf__quantified,-0.02196855329147979
terms_abstract_tfidf__quantify,0.06091363227315182
terms_abstract_tfidf__quantitative,-0.01878012634241679
terms_abstract_tfidf__question,0.1338361852396634
terms_abstract_tfidf__questionnaire,0.18270040775109928
terms_abstract_tfidf__questions,0.21126803559027954
terms_abstract_tfidf__random,-0.18774011989399764
terms_abstract_tfidf__random effects,-0.13830749229694642
terms_abstract_tfidf__randomized,0.06312206130958964
terms_abstract_tfidf__randomly,-0.033763939733592194
terms_abstract_tfidf__range,-0.05172900682982888
terms_abstract_tfidf__ranging,0.009612436103814416
terms_abstract_tfidf__rapid,-0.12107851457996557
terms_abstract_tfidf__rapidly,-0.04493165307087802
terms_abstract_tfidf__rare,-0.03426013644972629
terms_abstract_tfidf__rarely,0.07915970121818125
terms_abstract_tfidf__rate,0.022014467351334735
terms_abstract_tfidf__rated,0.17581100608254785
terms_abstract_tfidf__rates,0.05146036280791576
terms_abstract_tfidf__rating,0.24202834466921047
terms_abstract_tfidf__ratings,0.14109756246851435
terms_abstract_tfidf__ratio,-0.01255512144248513
terms_abstract_tfidf__rationale,0.05366786070606711
terms_abstract_tfidf__reach,-0.2891641616877182
terms_abstract_tfidf__reaching,-0.22582928370236818
terms_abstract_tfidf__reaction,-0.12101295205426325
terms_abstract_tfidf__reaction time,-0.09445574508070605
terms_abstract_tfidf__reaction times,-0.14939229039668755
terms_abstract_tfidf__reactions,0.08636777404416511
terms_abstract_tfidf__reactivity,0.10375154613080095
terms_abstract_tfidf__read,0.09639928152164241
terms_abstract_tfidf__readers,-0.024798825464415697
terms_abstract_tfidf__reading,-0.11871702465953236
terms_abstract_tfidf__real,-0.0649458722001591
terms_abstract_tfidf__real time,-0.05528440853775711
terms_abstract_tfidf__real world,0.09378861358518113
terms_abstract_tfidf__reality,0.04631373758334115
terms_abstract_tfidf__reappraisal,0.2819861890939561
terms_abstract_tfidf__reasoning,0.25253820976975605
terms_abstract_tfidf__recall,0.3073774995404448
terms_abstract_tfidf__receive,0.2768479476858988
terms_abstract_tfidf__received,0.04190481246348386
terms_abstract_tfidf__receiving,0.14791274963466575
terms_abstract_tfidf__recently,0.10122508782742483
terms_abstract_tfidf__receptor,0.17918159848352253
terms_abstract_tfidf__recognition,0.03720101060053239
terms_abstract_tfidf__recognition memory,0.19444905787686473
terms_abstract_tfidf__recognition task,0.07205535035979109
terms_abstract_tfidf__recognize,-0.13564601552499816
terms_abstract_tfidf__recognized,0.03938789918645804
terms_abstract_tfidf__recognizing,0.10284489971255978
terms_abstract_tfidf__recollection,0.2640608401904485
terms_abstract_tfidf__recorded,-0.13207739486653983
terms_abstract_tfidf__recording,-0.07830833539960101
terms_abstract_tfidf__recordings,-0.17032210526380473
terms_abstract_tfidf__recovery,-0.11070583915008027
terms_abstract_tfidf__recruit,0.042427267837935045
terms_abstract_tfidf__recruited,-0.039448629315079475
terms_abstract_tfidf__recruitment,-0.10309763379631338
terms_abstract_tfidf__recruits,0.08018116501193084
terms_abstract_tfidf__reduce,0.11924162211682794
terms_abstract_tfidf__reduces,0.0550141077263845
terms_abstract_tfidf__reducing,0.23279161361469936
terms_abstract_tfidf__reduction,0.05677515475634846
terms_abstract_tfidf__reductions,0.13353100211891097
terms_abstract_tfidf__reference,0.05010882815333048
terms_abstract_tfidf__referential,0.44918530478518964
terms_abstract_tfidf__referred,0.005184732050416668
terms_abstract_tfidf__refers,0.042496379113788556
terms_abstract_tfidf__reflect,-0.059574994708679184
terms_abstract_tfidf__reflected,0.08579146860672782
terms_abstract_tfidf__reflecting,0.01701525080838869
terms_abstract_tfidf__reflects,0.03791709974955482
terms_abstract_tfidf__regard,0.0057520050786001335
terms_abstract_tfidf__regarding,0.22898422261010212
terms_abstract_tfidf__regardless,-0.1070727207276214
terms_abstract_tfidf__regional,0.21203232956178006
terms_abstract_tfidf__regional cerebral,0.036439349397244705
terms_abstract_tfidf__regional gray,0.16056569456186048
terms_abstract_tfidf__regional homogeneity,0.16461677865915542
terms_abstract_tfidf__regular,-0.02387339363733306
terms_abstract_tfidf__regulate,0.35613767287473985
terms_abstract_tfidf__regulating,0.19300197424197169
terms_abstract_tfidf__regulation,0.3597084438411746
terms_abstract_tfidf__regulatory,0.228008397505575
terms_abstract_tfidf__rehabilitation,-0.23280260052057034
terms_abstract_tfidf__rehearsal,-0.19535192192458953
terms_abstract_tfidf__reho,0.16219973801061133
terms_abstract_tfidf__reinforcement,0.1633003702300703
terms_abstract_tfidf__reinforcement learning,0.08337487261847921
terms_abstract_tfidf__relate,0.050445723608779844
terms_abstract_tfidf__relates,0.10408774096667059
terms_abstract_tfidf__relation,-0.021135700441135802
terms_abstract_tfidf__relational,0.07933204057345031
terms_abstract_tfidf__relations,0.03506877728230318
terms_abstract_tfidf__relationship,0.20808704640181833
terms_abstract_tfidf__relationships,0.2903927473281426
terms_abstract_tfidf__relatively,0.16163806424030655
terms_abstract_tfidf__relevance,0.00017989227681144138
terms_abstract_tfidf__relevant,-0.0166203358701576
terms_abstract_tfidf__relevant information,-0.1480068746112916
terms_abstract_tfidf__reliability,-0.05342484280588165
terms_abstract_tfidf__reliable,-0.02413267752429811
terms_abstract_tfidf__reliably,0.17040413028684423
terms_abstract_tfidf__reliance,-0.1284370289552297
terms_abstract_tfidf__relied,0.02048564167207751
terms_abstract_tfidf__relies,0.034264494013214325
terms_abstract_tfidf__rely,-0.12207492082589308
terms_abstract_tfidf__remain,0.13063950877351516
terms_abstract_tfidf__remain unclear,0.10951862252045633
terms_abstract_tfidf__remained,-0.08510000615642101
terms_abstract_tfidf__remaining,0.009331444907740493
terms_abstract_tfidf__remarkably,0.006637208826699737
terms_abstract_tfidf__remember,0.049978021674381146
terms_abstract_tfidf__remembered,0.09742215878781499
terms_abstract_tfidf__remembering,0.25084529791096116
terms_abstract_tfidf__remote,0.07043367278530832
terms_abstract_tfidf__reorganization,-0.22335988072902643
terms_abstract_tfidf__repeat,-0.052352944085318605
terms_abstract_tfidf__repeated,-0.24205476603624654
terms_abstract_tfidf__repeatedly,0.04750403639149815
terms_abstract_tfidf__repetition,-0.19446408207776544
terms_abstract_tfidf__repetition suppression,-0.23780302958042993
terms_abstract_tfidf__repetitive,-0.19435540276532998
terms_abstract_tfidf__replicate,-0.03613562630073397
terms_abstract_tfidf__replicated,0.03639703688340981
terms_abstract_tfidf__report,0.06959452522886551
terms_abstract_tfidf__reported,0.2472252614003717
terms_abstract_tfidf__reports,-0.05102545584586042
terms_abstract_tfidf__represent,0.09157446976388547
terms_abstract_tfidf__representation,-0.4027969999186155
terms_abstract_tfidf__representational,-0.17088314120913825
terms_abstract_tfidf__representations,-0.31248873172738917
terms_abstract_tfidf__represented,-0.11413752664437024
terms_abstract_tfidf__representing,0.09063022057829517
terms_abstract_tfidf__represents,-0.05071029623429172
terms_abstract_tfidf__require,0.012444586413624885
terms_abstract_tfidf__required,-0.17744901367979643
terms_abstract_tfidf__requirements,-0.19760889883219696
terms_abstract_tfidf__requires,-0.08665458528456396
terms_abstract_tfidf__requiring,-0.11821408428152318
terms_abstract_tfidf__research,0.3658748078123306
terms_abstract_tfidf__research suggests,0.06425724321920004
terms_abstract_tfidf__researchers,0.07250044681052721
terms_abstract_tfidf__residual,-0.23348395090644533
terms_abstract_tfidf__resolution,0.09136322500149625
terms_abstract_tfidf__resolve,-0.026115703221050425
terms_abstract_tfidf__resonance,-0.2577301053966157
terms_abstract_tfidf__resonance experiment,-0.07858078582468424
terms_abstract_tfidf__resonance healthy,-0.12132663659429063
terms_abstract_tfidf__resonance images,0.025378639265782144
terms_abstract_tfidf__resonance measure,-0.11961700426292578
terms_abstract_tfidf__resonance performing,0.0665120555956706
terms_abstract_tfidf__resonance rs,0.12129299706941415
terms_abstract_tfidf__resonance scans,0.15356787861682952
terms_abstract_tfidf__resources,-0.1141332320274692
terms_abstract_tfidf__respect,-0.09979521728203035
terms_abstract_tfidf__respective,0.0046034563407653445
terms_abstract_tfidf__respectively,0.1583026422405415
terms_abstract_tfidf__respond,-0.005733767168262118
terms_abstract_tfidf__responded,0.08214381266425959
terms_abstract_tfidf__responding,0.1347137444474124
terms_abstract_tfidf__responds,-0.1134519815102279
terms_abstract_tfidf__response,-0.010279897479189065
terms_abstract_tfidf__response inhibition,0.14230178577811894
terms_abstract_tfidf__response selection,-0.16367213508223646
terms_abstract_tfidf__response time,-0.06153814188354753
terms_abstract_tfidf__response times,-0.09105860324282954
terms_abstract_tfidf__responses,0.07203699714786962
terms_abstract_tfidf__responsible,-0.21723787240523876
terms_abstract_tfidf__responsive,-0.10797483276396615
terms_abstract_tfidf__responsiveness,-0.01004241177651917
terms_abstract_tfidf__rest,0.1326345178615282
terms_abstract_tfidf__resting,0.34759714456285307
terms_abstract_tfidf__resting state,0.3565299357488118
terms_abstract_tfidf__restricted,-0.17133938571521926
terms_abstract_tfidf__result,-0.15439633161133426
terms_abstract_tfidf__resulted,-0.18611298045018923
terms_abstract_tfidf__resulting,-0.09308695241814917
terms_abstract_tfidf__retention,-0.059584997537929854
terms_abstract_tfidf__retrieval,0.248791056117672
terms_abstract_tfidf__retrieved,0.26119654558352734
terms_abstract_tfidf__retrosplenial,0.16525359386736635
terms_abstract_tfidf__retrosplenial cortex,0.19876064920027633
terms_abstract_tfidf__reveal,-0.1117039488508964
terms_abstract_tfidf__revealing,0.055193327172733356
terms_abstract_tfidf__reveals,-0.022111371444954106
terms_abstract_tfidf__reversal,0.2499065744985224
terms_abstract_tfidf__reverse,-0.09207942519562744
terms_abstract_tfidf__reversed,0.022830791793572402
terms_abstract_tfidf__reward,0.28682002881502666
terms_abstract_tfidf__reward anticipation,0.02384468730548213
terms_abstract_tfidf__rewarding,0.1338539223957837
terms_abstract_tfidf__rewards,0.24368638158463318
terms_abstract_tfidf__rhythm,-0.23118563363278158
terms_abstract_tfidf__rich,0.14887355049303236
terms_abstract_tfidf__rise,-0.11479496258994712
terms_abstract_tfidf__risk,0.3552116719563728
terms_abstract_tfidf__risk taking,0.2192772020352037
terms_abstract_tfidf__risky,0.2233390072772513
terms_abstract_tfidf__robust,0.10771384172978578
terms_abstract_tfidf__roi,-0.021952774791963513
terms_abstract_tfidf__rois,0.0562825446017943
terms_abstract_tfidf__role,-0.09716497491505703
terms_abstract_tfidf__roles,0.08864610076975474
terms_abstract_tfidf__rostral,0.05950603911116741
terms_abstract_tfidf__rostral anterior,0.2715706587487147
terms_abstract_tfidf__rotation,-0.36030055060164357
terms_abstract_tfidf__rs,0.20223209604452855
terms_abstract_tfidf__rsfc,0.18795134208109998
terms_abstract_tfidf__rt,-0.07646909025624703
terms_abstract_tfidf__rule,0.050702776156020785
terms_abstract_tfidf__rules,0.09411615041822807
terms_abstract_tfidf__run,-0.17020762053685648
terms_abstract_tfidf__runs,-0.13099263414639822
terms_abstract_tfidf__s1,-0.3180307490384675
terms_abstract_tfidf__saccade,-0.25299697499534607
terms_abstract_tfidf__saccades,-0.3041687080266929
terms_abstract_tfidf__sad,0.23390343174344264
terms_abstract_tfidf__salience,0.28802666265078447
terms_abstract_tfidf__salience network,0.2908476305181895
terms_abstract_tfidf__salient,0.13064103918854217
terms_abstract_tfidf__sample,0.21800393170871385
terms_abstract_tfidf__samples,0.16473550793610384
terms_abstract_tfidf__sampling,0.0008225198607184749
terms_abstract_tfidf__scale,0.3013473096790363
terms_abstract_tfidf__scales,0.14446899040316777
terms_abstract_tfidf__scalp,-0.06940005662220901
terms_abstract_tfidf__scan,0.2713015207580067
terms_abstract_tfidf__scanned,-0.10121439273287387
terms_abstract_tfidf__scanned using,0.09245715701041951
terms_abstract_tfidf__scanner,-0.10918212149311306
terms_abstract_tfidf__scanning,0.040657948380153325
terms_abstract_tfidf__scans,0.08524289392663202
terms_abstract_tfidf__scene,-0.04311864997776658
terms_abstract_tfidf__scenes,-0.008539719661366057
terms_abstract_tfidf__schizophrenia,0.35107839549279524
terms_abstract_tfidf__schizophrenic,0.1418703012105184
terms_abstract_tfidf__sclerosis,-0.08767118149212022
terms_abstract_tfidf__score,0.07926779589574467
terms_abstract_tfidf__scores,0.31409657910839334
terms_abstract_tfidf__sd,0.017635229199782276
terms_abstract_tfidf__se,-0.09263321176103081
terms_abstract_tfidf__search,-0.08691051072022453
terms_abstract_tfidf__second,-0.05110814323134693
terms_abstract_tfidf__secondary,-0.2880274162696084
terms_abstract_tfidf__secondary somatosensory,-0.30018779440408344
terms_abstract_tfidf__sectional,0.17441865981054314
terms_abstract_tfidf__seed,0.31889110931113385
terms_abstract_tfidf__seeds,0.1767483275722756
terms_abstract_tfidf__seeking,0.12920518191005698
terms_abstract_tfidf__seen,-0.2259567458470315
terms_abstract_tfidf__segregated,-0.10267452144427681
terms_abstract_tfidf__segregation,-0.1062363805766132
terms_abstract_tfidf__select,-0.010927676255586395
terms_abstract_tfidf__selected,-0.0086269484087049
terms_abstract_tfidf__selection,-0.10393597096172512
terms_abstract_tfidf__selective,-0.28988905220487177
terms_abstract_tfidf__selective attention,-0.21833567322082342
terms_abstract_tfidf__selectively,-0.06674712838284518
terms_abstract_tfidf__selectivity,-0.1971036279170985
terms_abstract_tfidf__self,0.40860937014942394
terms_abstract_tfidf__self referential,0.45154724702069976
terms_abstract_tfidf__self report,0.18600840336086258
terms_abstract_tfidf__self reported,0.18356583079509395
terms_abstract_tfidf__semantic,0.22381147482153116
terms_abstract_tfidf__semantic memory,0.24889670389590912
terms_abstract_tfidf__semantically,0.0841095226548854
terms_abstract_tfidf__semantics,-0.02751260135129085
terms_abstract_tfidf__sensation,-0.2022130718443548
terms_abstract_tfidf__sensations,-0.12481983163513194
terms_abstract_tfidf__sense,-0.03101192941735444
terms_abstract_tfidf__sensitive,-0.12242853810808914
terms_abstract_tfidf__sensitivity,0.14556310041289477
terms_abstract_tfidf__sensorimotor,-0.4410486623230357
terms_abstract_tfidf__sensorimotor cortex,-0.3879964173311553
terms_abstract_tfidf__sensorimotor network,-0.2807486216241901
terms_abstract_tfidf__sensory,-0.3887992177052725
terms_abstract_tfidf__sensory information,-0.14630600792213172
terms_abstract_tfidf__sensory motor,-0.31628941615566325
terms_abstract_tfidf__sentence,0.23530786850351465
terms_abstract_tfidf__sentence comprehension,0.13732334298307058
terms_abstract_tfidf__sentences,0.17833535228707195
terms_abstract_tfidf__separable,0.005630965325357395
terms_abstract_tfidf__separate,-0.22250776198245872
terms_abstract_tfidf__separated,-0.2706296201290841
terms_abstract_tfidf__separately,-0.10426418440549405
terms_abstract_tfidf__separation,0.1378279760101954
terms_abstract_tfidf__sequence,-0.31764828652508875
terms_abstract_tfidf__sequences,-0.2703054306447921
terms_abstract_tfidf__sequential,-0.3737701419861599
terms_abstract_tfidf__serial,-0.2419683320629565
terms_abstract_tfidf__series,0.008541575720379618
terms_abstract_tfidf__serotonin,0.22055948518753307
terms_abstract_tfidf__serve,-0.05783003961942427
terms_abstract_tfidf__served,-0.0896569061883075
terms_abstract_tfidf__serves,-0.013085167289379016
terms_abstract_tfidf__session,-0.040308633209780134
terms_abstract_tfidf__sessions,-0.11147627483510812
terms_abstract_tfidf__set,0.025291798360554802
terms_abstract_tfidf__sets,-0.0066258451102809155
terms_abstract_tfidf__setting,0.0013139767250225367
terms_abstract_tfidf__settings,-0.1389991206042102
terms_abstract_tfidf__seven,-0.10771088221277925
terms_abstract_tfidf__seventeen,0.07920047039223208
terms_abstract_tfidf__severe,-0.013669035607142563
terms_abstract_tfidf__severity,0.21295976775073286
terms_abstract_tfidf__sex,0.14593990025218193
terms_abstract_tfidf__sexual,0.09414520200217297
terms_abstract_tfidf__sham,0.061186764945420975
terms_abstract_tfidf__shape,-0.3756790454538537
terms_abstract_tfidf__shaped,-0.010241183255181027
terms_abstract_tfidf__shapes,-0.22017136200412962
terms_abstract_tfidf__share,-0.09914963117053259
terms_abstract_tfidf__shared,-0.12527572289483802
terms_abstract_tfidf__shed,0.05645575478303199
terms_abstract_tfidf__shed light,0.04730840319532795
terms_abstract_tfidf__shift,-0.15821575600033289
terms_abstract_tfidf__shifted,-0.10556492280027546
terms_abstract_tfidf__shifting,-0.06931080370045971
terms_abstract_tfidf__shifts,-0.2681981260085018
terms_abstract_tfidf__short,-0.1900771149934804
terms_abstract_tfidf__short term,-0.20823978438016796
terms_abstract_tfidf__shorter,-0.0750716505331228
terms_abstract_tfidf__showing,0.0013615820139712795
terms_abstract_tfidf__shown,-0.005785879019858793
terms_abstract_tfidf__shows,0.01248209992278982
terms_abstract_tfidf__si,-0.3403852752844892
terms_abstract_tfidf__sided,-0.16558297892442886
terms_abstract_tfidf__sighted,-0.25071458783168915
terms_abstract_tfidf__sign,-0.1448620422761045
terms_abstract_tfidf__signal,0.017428635270300703
terms_abstract_tfidf__signal change,-0.12685828698830476
terms_abstract_tfidf__signal task,0.15732718523925246
terms_abstract_tfidf__signaling,0.027521297564901504
terms_abstract_tfidf__signals,-0.147522574158138
terms_abstract_tfidf__signature,0.11931257726420998
terms_abstract_tfidf__significance,0.19005706940273795
terms_abstract_tfidf__significance statement,0.1496709805635995
terms_abstract_tfidf__signs,-0.12127594299773185
terms_abstract_tfidf__sii,-0.30480273623549076
terms_abstract_tfidf__silent,-0.15893297589240654
terms_abstract_tfidf__similarities,0.2236283068355544
terms_abstract_tfidf__similarity,-0.09695770827058256
terms_abstract_tfidf__similarly,0.00861619005607671
terms_abstract_tfidf__simple,-0.341942565309368
terms_abstract_tfidf__simply,-0.11392315963811081
terms_abstract_tfidf__simulated,-0.13854737191300964
terms_abstract_tfidf__simulation,-0.21323642355543646
terms_abstract_tfidf__simultaneous,-0.20570568013755955
terms_abstract_tfidf__simultaneous eeg,-0.05637214290261264
terms_abstract_tfidf__simultaneously,-0.16929516685551158
terms_abstract_tfidf__single,-0.2842227831138424
terms_abstract_tfidf__single subject,-0.19363392996458414
terms_abstract_tfidf__single trial,-0.1291605073169955
terms_abstract_tfidf__site,-0.164310776741073
terms_abstract_tfidf__sites,-0.3657385531380654
terms_abstract_tfidf__situation,0.16353861505789077
terms_abstract_tfidf__situations,0.27345000648670165
terms_abstract_tfidf__sixteen,-0.06811161626937985
terms_abstract_tfidf__size,-0.12332565632199198
terms_abstract_tfidf__sizes,0.0676404696302776
terms_abstract_tfidf__skill,-0.1723647810302461
terms_abstract_tfidf__skills,-0.22366212705855262
terms_abstract_tfidf__skin,-0.015368785463072484
terms_abstract_tfidf__skin conductance,0.15381965412053805
terms_abstract_tfidf__sleep,0.03666952687295702
terms_abstract_tfidf__slow,0.07477808843210285
terms_abstract_tfidf__slower,0.01246679527804258
terms_abstract_tfidf__sma,-0.366118740832825
terms_abstract_tfidf__small,-0.07557921100263217
terms_abstract_tfidf__smaller,0.016776165462862445
terms_abstract_tfidf__smokers,0.1843350904510108
terms_abstract_tfidf__smoking,0.1933168048381554
terms_abstract_tfidf__sn,0.2860579473173813
terms_abstract_tfidf__social,0.3973147210874883
terms_abstract_tfidf__social cognition,0.36040885645719084
terms_abstract_tfidf__social cognitive,0.3467507055283545
terms_abstract_tfidf__social interaction,0.24724534663265096
terms_abstract_tfidf__social interactions,0.23769298303454636
terms_abstract_tfidf__socially,0.12535334820010258
terms_abstract_tfidf__software,0.04780528781047868
terms_abstract_tfidf__solving,0.10970916295078144
terms_abstract_tfidf__somatosensory,-0.40115265827994545
terms_abstract_tfidf__somatosensory cortex,-0.34708806483821353
terms_abstract_tfidf__somatosensory cortices,-0.31489862828994086
terms_abstract_tfidf__sought,0.23626311338600528
terms_abstract_tfidf__sound,-0.0901818458802754
terms_abstract_tfidf__sounds,0.038085569583283706
terms_abstract_tfidf__source,0.03268659787687863
terms_abstract_tfidf__sources,-0.08650350848715085
terms_abstract_tfidf__space,-0.3354333671678305
terms_abstract_tfidf__span,-0.007411673440815757
terms_abstract_tfidf__sparse,-0.03931235476163742
terms_abstract_tfidf__spatial,-0.3809689469264462
terms_abstract_tfidf__spatial attention,-0.33624582425937666
terms_abstract_tfidf__spatial information,-0.23551033441667288
terms_abstract_tfidf__spatial temporal,-0.07426550746695779
terms_abstract_tfidf__spatially,-0.23407374813029636
terms_abstract_tfidf__spatiotemporal,-0.035701466054777004
terms_abstract_tfidf__speaker,0.12681534901356617
terms_abstract_tfidf__speakers,-0.037220133500006164
terms_abstract_tfidf__speaking,0.04144132374015223
terms_abstract_tfidf__special,-0.016980736931414355
terms_abstract_tfidf__specialization,-0.29035662412000574
terms_abstract_tfidf__specialized,-0.2509702178408886
terms_abstract_tfidf__species,0.03494217636232403
terms_abstract_tfidf__specifically,0.059563535995268965
terms_abstract_tfidf__specificity,-0.08507900070826341
terms_abstract_tfidf__specified,-0.17143532937580516
terms_abstract_tfidf__spectral,0.10903214686186118
terms_abstract_tfidf__spectrum,0.21962918425414588
terms_abstract_tfidf__spectrum disorder,0.1695622094693229
terms_abstract_tfidf__spectrum disorders,0.1355840319724386
terms_abstract_tfidf__speech,0.012902840166258095
terms_abstract_tfidf__speech perception,0.03960449584657794
terms_abstract_tfidf__speech production,-0.10039661339628368
terms_abstract_tfidf__speed,-0.16837085784798878
terms_abstract_tfidf__spin,0.07658196937909355
terms_abstract_tfidf__spin labeling,0.07664044261027954
terms_abstract_tfidf__spinal,-0.16510394502266917
terms_abstract_tfidf__spl,-0.39165016171119343
terms_abstract_tfidf__spoken,0.03145792109083691
terms_abstract_tfidf__spontaneous,0.20926667575074043
terms_abstract_tfidf__stable,0.15623736791448928
terms_abstract_tfidf__stage,-0.10706162109529659
terms_abstract_tfidf__stages,-0.15166486926265255
terms_abstract_tfidf__standard,0.0848771754556348
terms_abstract_tfidf__standardized,0.07747063386333734
terms_abstract_tfidf__state,0.3967324941872908
terms_abstract_tfidf__state connectivity,0.27202585751892594
terms_abstract_tfidf__state functional,0.3399109327221391
terms_abstract_tfidf__state networks,0.27459931816992755
terms_abstract_tfidf__statement,0.19141185445547818
terms_abstract_tfidf__states,0.30375711055480825
terms_abstract_tfidf__static,-0.2572145976384731
terms_abstract_tfidf__statistics,-0.025174147824919616
terms_abstract_tfidf__status,0.15909480561584977
terms_abstract_tfidf__step,-0.1053371715698261
terms_abstract_tfidf__stg,0.04350959366376992
terms_abstract_tfidf__stimulated,-0.3848078745712352
terms_abstract_tfidf__stimulation,-0.35534650816435176
terms_abstract_tfidf__stimulation tms,-0.28658321579478796
terms_abstract_tfidf__stimuli,-0.17121230837733037
terms_abstract_tfidf__stimuli presented,-0.12188011108191965
terms_abstract_tfidf__stimulus,-0.33801255051254736
terms_abstract_tfidf__stimulus driven,-0.1088146809487115
terms_abstract_tfidf__stimulus response,-0.15016976036221855
terms_abstract_tfidf__stop,0.14346036198596734
terms_abstract_tfidf__stop signal,0.14566016460790265
terms_abstract_tfidf__storage,-0.13238757903457082
terms_abstract_tfidf__stored,0.03960498290080009
terms_abstract_tfidf__strategic,0.12461736225135217
terms_abstract_tfidf__strategies,0.06798623351803941
terms_abstract_tfidf__strategy,0.17029882897786688
terms_abstract_tfidf__stream,-0.31934584132201876
terms_abstract_tfidf__streams,-0.2264053859158264
terms_abstract_tfidf__strength,0.07510191804595408
terms_abstract_tfidf__stress,0.2107697742254781
terms_abstract_tfidf__stress disorder,0.2148789417178695
terms_abstract_tfidf__striatal,0.07004857979883193
terms_abstract_tfidf__striatum,0.20134425591345081
terms_abstract_tfidf__striking,0.1120663149801413
terms_abstract_tfidf__stroke,-0.2518794749724761
terms_abstract_tfidf__strong,0.004018064762723934
terms_abstract_tfidf__strongest,-0.04693161800129529
terms_abstract_tfidf__strongly,-0.09058697993250579
terms_abstract_tfidf__stroop,0.0019459326917034034
terms_abstract_tfidf__stroop task,0.025815638578126653
terms_abstract_tfidf__structural,0.08835759016544463
terms_abstract_tfidf__structural functional,0.02044861669999675
terms_abstract_tfidf__structural magnetic,0.08653040227329134
terms_abstract_tfidf__structure,-0.0245074655607661
terms_abstract_tfidf__structure function,0.14711601463998114
terms_abstract_tfidf__structures,0.08805393163761845
terms_abstract_tfidf__structures involved,-0.10310328472000173
terms_abstract_tfidf__sts,0.025532806307691742
terms_abstract_tfidf__students,0.06996374024886926
terms_abstract_tfidf__studied,-0.031289173592054
terms_abstract_tfidf__studying,0.1969298806037256
terms_abstract_tfidf__sub,0.05697839529002814
terms_abstract_tfidf__subcortical,-0.13928632716667952
terms_abstract_tfidf__subcortical structures,-0.04615055557928884
terms_abstract_tfidf__subgenual,0.21945845260899574
terms_abstract_tfidf__subject,-0.14787344370258693
terms_abstract_tfidf__subjective,0.14355576463458444
terms_abstract_tfidf__subregions,0.01941567499469229
terms_abstract_tfidf__subsequent,0.08816111377352813
terms_abstract_tfidf__subsequent memory,0.14988965301323656
terms_abstract_tfidf__subsequently,0.05941605284618255
terms_abstract_tfidf__subserve,0.12918262247988044
terms_abstract_tfidf__subserved,0.08586194403723754
terms_abstract_tfidf__subserving,0.02067727788337054
terms_abstract_tfidf__subset,-0.054080817402405425
terms_abstract_tfidf__substance,0.1562622033636463
terms_abstract_tfidf__substantia,0.024666351711036448
terms_abstract_tfidf__substantial,0.1208031609451805
terms_abstract_tfidf__substantially,-0.16873948798429986
terms_abstract_tfidf__substrate,-0.18144754464949997
terms_abstract_tfidf__substrates,0.004305580566719064
terms_abstract_tfidf__subtle,0.08048119865000963
terms_abstract_tfidf__subtraction,-0.19150357724860573
terms_abstract_tfidf__success,0.26416315082691727
terms_abstract_tfidf__successful,0.25542971741099874
terms_abstract_tfidf__successfully,-0.04105098351256387
terms_abstract_tfidf__successive,-0.17115375446170367
terms_abstract_tfidf__suffering,-0.07556912737048266
terms_abstract_tfidf__sufficient,-0.02977696319305087
terms_abstract_tfidf__suggest,0.17956954333917066
terms_abstract_tfidf__suggest functional,0.016453993517762867
terms_abstract_tfidf__suggested,0.04414318858000148
terms_abstract_tfidf__suggesting,0.0399208713652175
terms_abstract_tfidf__suggests,0.07282015005429561
terms_abstract_tfidf__sulci,-0.13530703303047853
terms_abstract_tfidf__sulcus,-0.3367826945569259
terms_abstract_tfidf__sulcus ips,-0.3205824232423943
terms_abstract_tfidf__sulcus sts,0.00692244819803152
terms_abstract_tfidf__sum,0.061267840116076146
terms_abstract_tfidf__summary,0.027059067139917247
terms_abstract_tfidf__superior,-0.17189567832739105
terms_abstract_tfidf__superior frontal,0.25575412621300675
terms_abstract_tfidf__superior inferior,-0.3716735579334943
terms_abstract_tfidf__superior middle,0.027290518657572697
terms_abstract_tfidf__superior parietal,-0.47685230428928954
terms_abstract_tfidf__superior temporal,0.008899451011027187
terms_abstract_tfidf__supplementary,-0.3819363485501379
terms_abstract_tfidf__supplementary motor,-0.36673169938371525
terms_abstract_tfidf__supported,0.04495101929238502
terms_abstract_tfidf__supporting,0.09840544080335331
terms_abstract_tfidf__supports,0.13306864804189453
terms_abstract_tfidf__suppressed,-0.03780654720999954
terms_abstract_tfidf__suppression,-0.11890664934484754
terms_abstract_tfidf__supramarginal,-0.19436571514355705
terms_abstract_tfidf__supramarginal gyrus,-0.18840396375663876
terms_abstract_tfidf__surface,-0.2599842494365248
terms_abstract_tfidf__surprisingly,-0.07711211920611216
terms_abstract_tfidf__surrounding,-0.08149843127618668
terms_abstract_tfidf__susceptibility,0.17789853759819096
terms_abstract_tfidf__sustained,-0.12835238294022558
terms_abstract_tfidf__sustained attention,0.0059135880487978815
terms_abstract_tfidf__switch,-0.08452915584130934
terms_abstract_tfidf__switching,-0.057395607652973114
terms_abstract_tfidf__symbolic,-0.18684650701945033
terms_abstract_tfidf__symptom,0.18492979220981
terms_abstract_tfidf__symptom severity,0.15295595871100126
terms_abstract_tfidf__symptoms,0.24943278487955212
terms_abstract_tfidf__synchronization,-0.043611457420150955
terms_abstract_tfidf__syndrome,0.014415117812742616
terms_abstract_tfidf__syntactic,0.14845545364033716
terms_abstract_tfidf__systematic,0.03771072401237913
terms_abstract_tfidf__systematically,-0.005135809765767944
terms_abstract_tfidf__systems,0.01561489932989499
terms_abstract_tfidf__systems involved,0.02067429681250931
terms_abstract_tfidf__t1,0.027832169544468887
terms_abstract_tfidf__t1 weighted,0.031724790727373
terms_abstract_tfidf__tactile,-0.47123981291339345
terms_abstract_tfidf__taken,0.16966846961086732
terms_abstract_tfidf__taken suggest,0.0009209255485092964
terms_abstract_tfidf__taking,0.2546567753236111
terms_abstract_tfidf__tapping,-0.31591256978515114
terms_abstract_tfidf__target,-0.30182236810915475
terms_abstract_tfidf__target detection,-0.11627144634828046
terms_abstract_tfidf__targeted,0.1349203560438782
terms_abstract_tfidf__targets,-0.2088113649698856
terms_abstract_tfidf__task,-0.10665325428992294
terms_abstract_tfidf__task conditions,-0.11392547688025514
terms_abstract_tfidf__task demands,-0.005307887473130065
terms_abstract_tfidf__task difficulty,-0.07799927841177377
terms_abstract_tfidf__task functional,0.1528232732029896
terms_abstract_tfidf__task induced,0.03277679111437499
terms_abstract_tfidf__task involving,-0.03028792493423331
terms_abstract_tfidf__task irrelevant,-0.16004177266530004
terms_abstract_tfidf__task performance,-0.14541037506761773
terms_abstract_tfidf__task positive,0.19170778884263392
terms_abstract_tfidf__task relevant,-0.256286194399422
terms_abstract_tfidf__task required,-0.09265736168309337
terms_abstract_tfidf__task task,-0.003925730242320692
terms_abstract_tfidf__task using,-0.10240809144515367
terms_abstract_tfidf__tasks,-0.26048706575039343
terms_abstract_tfidf__taste,0.11328937060594799
terms_abstract_tfidf__td,0.10735387652128114
terms_abstract_tfidf__technique,-0.008471544784531465
terms_abstract_tfidf__techniques,0.012241440995337395
terms_abstract_tfidf__tegmental,0.13598461206726334
terms_abstract_tfidf__temporal,0.142612005670239
terms_abstract_tfidf__temporal cortex,0.015343189039704955
terms_abstract_tfidf__temporal cortices,0.12106518238814458
terms_abstract_tfidf__temporal frontal,0.06789308449869967
terms_abstract_tfidf__temporal gyri,0.055428104882943016
terms_abstract_tfidf__temporal gyrus,0.1510609114221458
terms_abstract_tfidf__temporal inferior,0.0781240352747931
terms_abstract_tfidf__temporal lobe,0.22729143469874502
terms_abstract_tfidf__temporal lobes,0.15286438851888282
terms_abstract_tfidf__temporal occipital,-0.1263200567259284
terms_abstract_tfidf__temporal parietal,0.20443863368475598
terms_abstract_tfidf__temporal pole,0.23867029755748823
terms_abstract_tfidf__temporal sulcus,0.04729083072270538
terms_abstract_tfidf__temporale,-0.014826012927745913
terms_abstract_tfidf__temporally,0.01565689632840161
terms_abstract_tfidf__temporo,0.1186191570054082
terms_abstract_tfidf__temporo parietal,0.1961636273401979
terms_abstract_tfidf__temporoparietal,0.21656880826428426
terms_abstract_tfidf__temporoparietal junction,0.24077105479758357
terms_abstract_tfidf__tend,0.07655640438225923
terms_abstract_tfidf__tendency,0.23119910626419862
terms_abstract_tfidf__tensor,0.07572082592213969
terms_abstract_tfidf__tensor dti,0.07520053754122878
terms_abstract_tfidf__term,-0.017750274636090888
terms_abstract_tfidf__term memory,-0.11813429663500712
terms_abstract_tfidf__terms,0.007766195306799845
terms_abstract_tfidf__tesla,-0.05428371529605817
terms_abstract_tfidf__test,0.12011616487632625
terms_abstract_tfidf__tested,-0.07275656643449113
terms_abstract_tfidf__testing,0.03193534768998918
terms_abstract_tfidf__tests,0.15944577920781702
terms_abstract_tfidf__thalamic,0.014618651884735009
terms_abstract_tfidf__thalamus,-0.048451500763453045
terms_abstract_tfidf__theoretical,0.145780772802047
terms_abstract_tfidf__theories,0.045193540006489064
terms_abstract_tfidf__theory,0.35705050454458126
terms_abstract_tfidf__theory mind,0.3894782965102411
terms_abstract_tfidf__therapeutic,0.08938327923386492
terms_abstract_tfidf__therapy,-0.0030656712326562366
terms_abstract_tfidf__thickness,0.04217664027139849
terms_abstract_tfidf__thinking,0.36691142548587363
terms_abstract_tfidf__thirteen,-0.07269677364885663
terms_abstract_tfidf__thirty,0.18181731745256183
terms_abstract_tfidf__thought,0.23659799915670277
terms_abstract_tfidf__thoughts,0.370669712463054
terms_abstract_tfidf__threat,0.17710301620262192
terms_abstract_tfidf__threatening,0.09280293086495549
terms_abstract_tfidf__threshold,-0.09516273994167153
terms_abstract_tfidf__time,-0.04249599714427689
terms_abstract_tfidf__time course,-0.11895893861088813
terms_abstract_tfidf__time courses,-0.0011839671886761662
terms_abstract_tfidf__time points,0.026940233865506202
terms_abstract_tfidf__time series,0.053398830904155675
terms_abstract_tfidf__time task,-0.10123002411526653
terms_abstract_tfidf__times,-0.09459931931811805
terms_abstract_tfidf__timing,-0.20641269564276024
terms_abstract_tfidf__tissue,0.066115552878241
terms_abstract_tfidf__tms,-0.3055996255603352
terms_abstract_tfidf__tom,0.3446784370705056
terms_abstract_tfidf__tomography,0.1347907631516512
terms_abstract_tfidf__tomography pet,0.026933553409394583
terms_abstract_tfidf__tone,0.017057312520724843
terms_abstract_tfidf__tones,-0.03956664306904327
terms_abstract_tfidf__took,0.10058591517349005
terms_abstract_tfidf__tool,-0.2737023637323674
terms_abstract_tfidf__tools,-0.3353548172994336
terms_abstract_tfidf__total,0.14450580640491734
terms_abstract_tfidf__touch,-0.4484859527930051
terms_abstract_tfidf__tpj,0.1994085851530847
terms_abstract_tfidf__track,0.08827833392426998
terms_abstract_tfidf__tracking,-0.2748940717688486
terms_abstract_tfidf__tract,-0.023566985397594966
terms_abstract_tfidf__tractography,-0.03712047396882244
terms_abstract_tfidf__tracts,0.0053179985451400815
terms_abstract_tfidf__traditional,-0.1368613598050903
terms_abstract_tfidf__traditionally,-0.05731768783818629
terms_abstract_tfidf__trained,-0.28713974272981135
terms_abstract_tfidf__training,-0.3266798061688617
terms_abstract_tfidf__trait,0.3726611873574934
terms_abstract_tfidf__traits,0.37110097033698003
terms_abstract_tfidf__trajectories,-0.10896797618624833
terms_abstract_tfidf__transcranial,-0.2796500187747394
terms_abstract_tfidf__transcranial magnetic,-0.3294868987690207
terms_abstract_tfidf__transfer,-0.09072427653571549
terms_abstract_tfidf__transformation,-0.2997137865243546
terms_abstract_tfidf__transient,-0.07121737719893678
terms_abstract_tfidf__transition,0.07869997708579601
terms_abstract_tfidf__trauma,0.16440617488714496
terms_abstract_tfidf__traumatic,0.038869658256698754
terms_abstract_tfidf__treated,0.13886586136814144
terms_abstract_tfidf__treatment,0.27975294413570995
terms_abstract_tfidf__treatments,0.13572786557673341
terms_abstract_tfidf__trend,0.26094254796479227
terms_abstract_tfidf__trial,-0.03236325513144153
terms_abstract_tfidf__trial trial,-0.01902003936391666
terms_abstract_tfidf__trials,0.012013043788351342
terms_abstract_tfidf__trigger,-0.13605393664153762
terms_abstract_tfidf__triggered,-0.2467579956325207
terms_abstract_tfidf__true,0.13762552197095898
terms_abstract_tfidf__turn,0.054747984373010046
terms_abstract_tfidf__twice,-0.010016374307213562
terms_abstract_tfidf__type,-0.10051365562703399
terms_abstract_tfidf__types,-0.061733189569125636
terms_abstract_tfidf__typical,0.08195528274168705
terms_abstract_tfidf__typically,0.14945953618358285
terms_abstract_tfidf__typically developing,0.10676158475970296
terms_abstract_tfidf__unaffected,0.09103645069810211
terms_abstract_tfidf__uncertain,0.03176948965742512
terms_abstract_tfidf__uncertainty,0.19941297429462787
terms_abstract_tfidf__unclear,0.07365268319815343
terms_abstract_tfidf__undergoing,0.1587719900311581
terms_abstract_tfidf__undergoing functional,0.07854623857887112
terms_abstract_tfidf__underlie,0.14812864411897608
terms_abstract_tfidf__underlies,0.09855441465445906
terms_abstract_tfidf__underlying,0.13078116710571766
terms_abstract_tfidf__underlying mechanisms,-0.04257738577095136
terms_abstract_tfidf__underpinning,0.01150874472262145
terms_abstract_tfidf__underpinnings,0.272247763261305
terms_abstract_tfidf__understand,0.09158175018322073
terms_abstract_tfidf__understanding,0.2540312632142935
terms_abstract_tfidf__understood,0.06203982324281686
terms_abstract_tfidf__unexpected,0.006087823777407575
terms_abstract_tfidf__unfamiliar,-0.0466389679543731
terms_abstract_tfidf__unilateral,-0.3013039742435341
terms_abstract_tfidf__unimodal,-0.12480379173574914
terms_abstract_tfidf__unique,0.038063653518462554
terms_abstract_tfidf__uniquely,0.11563219218994127
terms_abstract_tfidf__univariate,0.11878763507300262
terms_abstract_tfidf__unknown,-0.010494415665365181
terms_abstract_tfidf__unlike,0.03500726326208026
terms_abstract_tfidf__unmedicated,0.15277411786480555
terms_abstract_tfidf__unpleasant,0.10654973336426117
terms_abstract_tfidf__unrelated,0.15133142823828902
terms_abstract_tfidf__upcoming,-0.21229369402822343
terms_abstract_tfidf__updating,-0.08376556511747026
terms_abstract_tfidf__upper,-0.3713862250638704
terms_abstract_tfidf__use,0.07757773535677004
terms_abstract_tfidf__use functional,-0.06133995354108771
terms_abstract_tfidf__useful,0.0655174419993727
terms_abstract_tfidf__users,0.08470549730012421
terms_abstract_tfidf__uses,-0.05823215092541093
terms_abstract_tfidf__using,-0.05894426905930672
terms_abstract_tfidf__using event,-0.1332586967482819
terms_abstract_tfidf__using functional,-0.2808602043660141
terms_abstract_tfidf__using resting,0.25347433821646
terms_abstract_tfidf__using voxel,0.12484482189600363
terms_abstract_tfidf__usually,-0.08306138434017521
terms_abstract_tfidf__utility,0.15649806212233958
terms_abstract_tfidf__utilized,-0.0007886018912975498
terms_abstract_tfidf__v1,-0.23465761826929765
terms_abstract_tfidf__v5,-0.36804019908813085
terms_abstract_tfidf__valence,0.3017016112369208
terms_abstract_tfidf__valid,0.0008886252281311023
terms_abstract_tfidf__validated,0.173241632490151
terms_abstract_tfidf__validity,-0.08141293051148135
terms_abstract_tfidf__valuable,-0.021500951354669996
terms_abstract_tfidf__value,0.33170407447322037
terms_abstract_tfidf__values,0.22174000745914893
terms_abstract_tfidf__variability,0.0851977380547476
terms_abstract_tfidf__variable,-0.13106238449517013
terms_abstract_tfidf__variables,0.08654230647614028
terms_abstract_tfidf__variance,0.042052567233227194
terms_abstract_tfidf__variant,0.1053917514548018
terms_abstract_tfidf__variation,0.2733033599615403
terms_abstract_tfidf__variations,-0.020949173198032394
terms_abstract_tfidf__varied,0.009696435174872656
terms_abstract_tfidf__varies,0.0015143610738443574
terms_abstract_tfidf__variety,-0.0645311797085637
terms_abstract_tfidf__various,-0.035072169352021204
terms_abstract_tfidf__vary,0.10302055057241118
terms_abstract_tfidf__varying,0.01744898234486373
terms_abstract_tfidf__vbm,0.18711601797914096
terms_abstract_tfidf__vector,0.05519992657412669
terms_abstract_tfidf__ventral,-0.10205686800619385
terms_abstract_tfidf__ventral anterior,0.2144458452366594
terms_abstract_tfidf__ventral dorsal,-0.09358584222291094
terms_abstract_tfidf__ventral medial,0.26408188622082257
terms_abstract_tfidf__ventral premotor,-0.506724744915503
terms_abstract_tfidf__ventral striatum,0.26877869414860056
terms_abstract_tfidf__ventral tegmental,0.13618573827269073
terms_abstract_tfidf__ventral visual,-0.20710311267749063
terms_abstract_tfidf__ventrolateral,0.15153064016770404
terms_abstract_tfidf__ventrolateral prefrontal,0.175133365451359
terms_abstract_tfidf__ventromedial,0.4249397852106638
terms_abstract_tfidf__ventromedial prefrontal,0.4001526290979296
terms_abstract_tfidf__verb,0.018087535725109252
terms_abstract_tfidf__verbal,0.052521065488422204
terms_abstract_tfidf__verbal fluency,-0.023123843993046695
terms_abstract_tfidf__verbal working,-0.02470497491058319
terms_abstract_tfidf__verbs,-0.059133896605922505
terms_abstract_tfidf__vermis,-0.16851370741150412
terms_abstract_tfidf__version,0.12453525796869423
terms_abstract_tfidf__versus,0.060745368143338384
terms_abstract_tfidf__vi,-0.14650414077513363
terms_abstract_tfidf__video,-0.30423357335952006
terms_abstract_tfidf__video clips,-0.29833330347512016
terms_abstract_tfidf__videos,-0.21143796036119158
terms_abstract_tfidf__view,-0.06560790466502812
terms_abstract_tfidf__viewed,-0.07609485218605692
terms_abstract_tfidf__viewing,-0.15002557135980976
terms_abstract_tfidf__violations,0.193485693338168
terms_abstract_tfidf__virtual,-0.16998474178557035
terms_abstract_tfidf__vision,-0.34263705118959187
terms_abstract_tfidf__visual,-0.40618339319005214
terms_abstract_tfidf__visual attention,-0.260337705066861
terms_abstract_tfidf__visual auditory,-0.11770790664838209
terms_abstract_tfidf__visual cortex,-0.2716723741258932
terms_abstract_tfidf__visual cortices,-0.1948265409799338
terms_abstract_tfidf__visual field,-0.2525244637083747
terms_abstract_tfidf__visual information,-0.2855906270839809
terms_abstract_tfidf__visual motion,-0.34594110158062413
terms_abstract_tfidf__visual perception,-0.2597667416825851
terms_abstract_tfidf__visual stimuli,-0.2265328124524608
terms_abstract_tfidf__visual stimulus,-0.17698595139007547
terms_abstract_tfidf__visual stream,-0.2619615659516918
terms_abstract_tfidf__visual word,-0.15097784091983105
terms_abstract_tfidf__visually,-0.43982924315039135
terms_abstract_tfidf__visually presented,-0.2042509834812481
terms_abstract_tfidf__visuo,-0.34692744533739833
terms_abstract_tfidf__visuo spatial,-0.14450321857953477
terms_abstract_tfidf__visuomotor,-0.4144685345124593
terms_abstract_tfidf__visuospatial,-0.28322848143474544
terms_abstract_tfidf__vivo,0.10693782894900876
terms_abstract_tfidf__vlpfc,0.24358782281096278
terms_abstract_tfidf__vmpfc,0.3675354510701758
terms_abstract_tfidf__vocal,-0.05554342031068482
terms_abstract_tfidf__voice,0.1281371463858219
terms_abstract_tfidf__volume,0.16005951751651432
terms_abstract_tfidf__volumes,0.18547487889307132
terms_abstract_tfidf__volumetric,0.07281595765992692
terms_abstract_tfidf__voluntary,-0.29922481201587403
terms_abstract_tfidf__volunteers,-0.2572822616672482
terms_abstract_tfidf__voxel,0.16107836136357268
terms_abstract_tfidf__voxel morphometry,0.18654554502418066
terms_abstract_tfidf__voxel wise,0.11415885568579213
terms_abstract_tfidf__voxels,-0.09959330674401032
terms_abstract_tfidf__voxelwise,0.09633442295630935
terms_abstract_tfidf__vs,0.10034036772589806
terms_abstract_tfidf__vulnerability,0.26333615059807364
terms_abstract_tfidf__watched,-0.2794909568072983
terms_abstract_tfidf__watching,-0.12371698615273552
terms_abstract_tfidf__way,0.04878860502068884
terms_abstract_tfidf__ways,0.15563405066573852
terms_abstract_tfidf__weak,0.022879067184099454
terms_abstract_tfidf__weaker,0.16587702015294412
terms_abstract_tfidf__week,-0.028032610386877495
terms_abstract_tfidf__weeks,0.029158196966278308
terms_abstract_tfidf__weight,0.1557371414704039
terms_abstract_tfidf__weighted,-0.0038250616839278356
terms_abstract_tfidf__whilst,-0.0970573431807092
terms_abstract_tfidf__white,0.10531076409566029
terms_abstract_tfidf__white matter,0.12215429355665613
terms_abstract_tfidf__wide,-0.15350588831703862
terms_abstract_tfidf__widely,0.03972689859798939
terms_abstract_tfidf__widespread,0.014113916338590141
terms_abstract_tfidf__wiley,-0.042392946128239385
terms_abstract_tfidf__wiley periodicals,-0.05582335724470372
terms_abstract_tfidf__window,0.04193223586735351
terms_abstract_tfidf__wise,0.13341818657360674
terms_abstract_tfidf__wm,-0.08767722221004426
terms_abstract_tfidf__wm task,-0.07575550216672779
terms_abstract_tfidf__women,0.1487745554013594
terms_abstract_tfidf__word,0.042211837239911086
terms_abstract_tfidf__word form,-0.1132924680705316
terms_abstract_tfidf__word pairs,0.21698914435092198
terms_abstract_tfidf__word recognition,-0.039912673857860806
terms_abstract_tfidf__words,0.07572272054505588
terms_abstract_tfidf__work,0.1791837731449355
terms_abstract_tfidf__working,-0.05831767042524368
terms_abstract_tfidf__working memory,-0.06145011304996995
terms_abstract_tfidf__world,0.10859662119693134
terms_abstract_tfidf__worse,0.20239411979604388
terms_abstract_tfidf__written,-0.04370421287651448
terms_abstract_tfidf__year,0.10974632720182452
terms_abstract_tfidf__year old,0.06801102271331734
terms_abstract_tfidf__years,0.13378882315782503
terms_abstract_tfidf__years old,0.17433673730800478
terms_abstract_tfidf__yield,0.011191838075298294
terms_abstract_tfidf__yielded,-0.17304861879344768
terms_abstract_tfidf__young,0.18751174415236918
terms_abstract_tfidf__young adults,0.1676864825664077
terms_abstract_tfidf__young healthy,0.00515897176896257
terms_abstract_tfidf__young older,0.08446265770166228
terms_abstract_tfidf__younger,0.05792422971217483
terms_abstract_tfidf__younger adults,0.07895471686719328
terms_abstract_tfidf__youth,0.1978687663575597
terms_abstract_tfidf__zone,-0.04327000259375345
