feature,r
terms_abstract_tfidf__001,-0.10378578191440402
terms_abstract_tfidf__01,-0.06806921560969106
terms_abstract_tfidf__05,-0.04570543154229112
terms_abstract_tfidf__10,0.07488960819955268
terms_abstract_tfidf__100,-0.07568560980540975
terms_abstract_tfidf__11,-0.048450811746229706
terms_abstract_tfidf__12,0.04711669217298029
terms_abstract_tfidf__12 healthy,0.054208766917394194
terms_abstract_tfidf__13,0.013291546871080811
terms_abstract_tfidf__14,0.014866642554563799
terms_abstract_tfidf__14 healthy,-0.030340762834361792
terms_abstract_tfidf__15,-0.06961877742357674
terms_abstract_tfidf__15 healthy,-0.08221712877874912
terms_abstract_tfidf__16,-0.05183760563656753
terms_abstract_tfidf__16 healthy,-0.13364971635181389
terms_abstract_tfidf__17,-0.10949407861081577
terms_abstract_tfidf__18,-0.04246985848251146
terms_abstract_tfidf__18 healthy,-0.03219855563479873
terms_abstract_tfidf__19,0.0015616758507398785
terms_abstract_tfidf__20,0.012362845406123535
terms_abstract_tfidf__20 healthy,-0.030375250026521097
terms_abstract_tfidf__200,-0.05197497667294559
terms_abstract_tfidf__2014,-0.11914682007346947
terms_abstract_tfidf__21,-0.01225974588465135
terms_abstract_tfidf__22,-0.08158032924318195
terms_abstract_tfidf__23,-0.032589070211401575
terms_abstract_tfidf__24,-0.017370804554785107
terms_abstract_tfidf__25,-0.021451556100672137
terms_abstract_tfidf__26,-0.10267260631804649
terms_abstract_tfidf__27,-0.09019750220332128
terms_abstract_tfidf__28,-0.027030059226459832
terms_abstract_tfidf__29,-0.08549542390958935
terms_abstract_tfidf__30,-0.13579565535643828
terms_abstract_tfidf__31,-0.051650696544269147
terms_abstract_tfidf__32,-0.05800346579783592
terms_abstract_tfidf__33,0.006497497420062947
terms_abstract_tfidf__34,-0.07166580428742188
terms_abstract_tfidf__35,-0.029068092263806487
terms_abstract_tfidf__36,-0.06636374856546022
terms_abstract_tfidf__37,0.05272617302079766
terms_abstract_tfidf__38,-0.02441293126194472
terms_abstract_tfidf__39,0.04786041605145797
terms_abstract_tfidf__3d,-0.10106078713275321
terms_abstract_tfidf__3t,-0.09048694933664123
terms_abstract_tfidf__40,0.02720001462277391
terms_abstract_tfidf__41,-0.040739902821987944
terms_abstract_tfidf__42,0.00524026576593426
terms_abstract_tfidf__43,-0.10272859402569831
terms_abstract_tfidf__44,0.07380512411003862
terms_abstract_tfidf__45,0.15612277768919486
terms_abstract_tfidf__46,0.18064401319798662
terms_abstract_tfidf__47,0.19222813969019878
terms_abstract_tfidf__48,-0.03606859650369948
terms_abstract_tfidf__49,-0.003908596454268914
terms_abstract_tfidf__50,-0.09263118369419698
terms_abstract_tfidf__60,-0.01987217873786588
terms_abstract_tfidf__70,-0.02782799095004754
terms_abstract_tfidf__75,-0.13236411725396102
terms_abstract_tfidf__80,-0.06413430216866783
terms_abstract_tfidf__90,-0.006871562148359055
terms_abstract_tfidf__aberrant,-0.070532332682303
terms_abstract_tfidf__abilities,0.08283340593167841
terms_abstract_tfidf__ability,0.13077381578503833
terms_abstract_tfidf__able,-0.08555237498791986
terms_abstract_tfidf__abnormal,-0.08630346703625602
terms_abstract_tfidf__abnormalities,-0.03682873068765778
terms_abstract_tfidf__abnormality,0.02235979082834065
terms_abstract_tfidf__absence,-0.10938779141509239
terms_abstract_tfidf__absent,0.11139478239824134
terms_abstract_tfidf__abstract,0.16263900684006996
terms_abstract_tfidf__abuse,0.00578091707344119
terms_abstract_tfidf__acc,0.027157088344311707
terms_abstract_tfidf__access,0.12321943971571238
terms_abstract_tfidf__accompanied,-0.05901471366233755
terms_abstract_tfidf__accordance,-0.02802224630865343
terms_abstract_tfidf__according,0.13544594355810843
terms_abstract_tfidf__accordingly,-0.129096811157389
terms_abstract_tfidf__account,-0.059045186872226464
terms_abstract_tfidf__accounted,0.16960709157762416
terms_abstract_tfidf__accounts,0.0378612378443835
terms_abstract_tfidf__accumbens,0.004088812337479198
terms_abstract_tfidf__accuracy,0.14260290286595928
terms_abstract_tfidf__accurate,0.043785960842605054
terms_abstract_tfidf__accurately,0.038562066450190204
terms_abstract_tfidf__achieve,0.002585103898748193
terms_abstract_tfidf__achieved,5.576997538965837e-05
terms_abstract_tfidf__acoustic,-0.18270631158930387
terms_abstract_tfidf__acquired,-0.17368980340853432
terms_abstract_tfidf__acquisition,-0.09115091757583192
terms_abstract_tfidf__act,-0.022513831572666038
terms_abstract_tfidf__action,-0.06432712375528289
terms_abstract_tfidf__action observation,-0.12038612166798125
terms_abstract_tfidf__actions,-0.07310975259471615
terms_abstract_tfidf__activate,-0.00832997381112562
terms_abstract_tfidf__activates,-0.025413260329631968
terms_abstract_tfidf__activations,0.05646472240772922
terms_abstract_tfidf__active,-0.1069861319348536
terms_abstract_tfidf__actively,0.03405741110381636
terms_abstract_tfidf__activities,-0.005022852670373928
terms_abstract_tfidf__acts,0.09984588898118435
terms_abstract_tfidf__actual,-0.09168138036704168
terms_abstract_tfidf__actually,-0.02886474889257225
terms_abstract_tfidf__acute,-0.11903696206572874
terms_abstract_tfidf__ad,-0.09424141948739315
terms_abstract_tfidf__adaptation,0.0109612900137851
terms_abstract_tfidf__adapted,-0.000649832495479925
terms_abstract_tfidf__adaptive,0.06930761705153324
terms_abstract_tfidf__add,0.048328294472995824
terms_abstract_tfidf__addiction,-0.011885546982981186
terms_abstract_tfidf__addition,0.1170051731797371
terms_abstract_tfidf__additional,0.07762157207051361
terms_abstract_tfidf__additionally,0.026418621356774283
terms_abstract_tfidf__addressed,0.030044300543188143
terms_abstract_tfidf__adhd,0.03742667510843133
terms_abstract_tfidf__adjacent,-0.13643480903640776
terms_abstract_tfidf__administered,0.10948984135160388
terms_abstract_tfidf__administration,-0.024121874366353976
terms_abstract_tfidf__adolescence,0.09840409674034234
terms_abstract_tfidf__adolescent,0.07288776171609893
terms_abstract_tfidf__adolescents,0.05616223832532756
terms_abstract_tfidf__adopted,-0.011653503544971662
terms_abstract_tfidf__adult,0.06693384018012448
terms_abstract_tfidf__adulthood,0.039589033238536506
terms_abstract_tfidf__adults,0.11611469459541382
terms_abstract_tfidf__advance,0.01327267538738654
terms_abstract_tfidf__advanced,-0.040733880489709856
terms_abstract_tfidf__advances,-0.08646472036327586
terms_abstract_tfidf__advantage,-0.07751405917398625
terms_abstract_tfidf__affect,0.02611927655188684
terms_abstract_tfidf__affected,-0.08239926480467802
terms_abstract_tfidf__affecting,-0.07876259064688605
terms_abstract_tfidf__affective,-0.11035477900379798
terms_abstract_tfidf__affects,-0.04103166082082688
terms_abstract_tfidf__age,-0.038080809416353924
terms_abstract_tfidf__age controls,-0.050780547306208436
terms_abstract_tfidf__age gender,-0.03156284991388981
terms_abstract_tfidf__age groups,-0.007702575746905372
terms_abstract_tfidf__age healthy,-0.193527881304627
terms_abstract_tfidf__age sex,-0.022440376724603396
terms_abstract_tfidf__aged,0.024673154706154683
terms_abstract_tfidf__agent,-0.0017087995705059456
terms_abstract_tfidf__ages,0.022488413145703504
terms_abstract_tfidf__aging,0.04844043729247137
terms_abstract_tfidf__agreement,0.0016352052699697155
terms_abstract_tfidf__aim,-0.04442042267589519
terms_abstract_tfidf__aimed,0.027829871463166775
terms_abstract_tfidf__aims,-0.04438381219181045
terms_abstract_tfidf__al,0.08767640090559307
terms_abstract_tfidf__alcohol,0.11266239191043777
terms_abstract_tfidf__alff,-0.09188513120880566
terms_abstract_tfidf__algorithm,-0.0963358254577555
terms_abstract_tfidf__allele,-0.009058421684129722
terms_abstract_tfidf__allocation,0.09860948926962747
terms_abstract_tfidf__allow,-0.13116176041899089
terms_abstract_tfidf__allowed,0.12375300332509635
terms_abstract_tfidf__allowing,-0.04278179866180851
terms_abstract_tfidf__allows,0.08809461183680897
terms_abstract_tfidf__alpha,-0.04915810707539847
terms_abstract_tfidf__alter,0.04511882874965871
terms_abstract_tfidf__alteration,-0.09540896360336434
terms_abstract_tfidf__alterations,-0.07991540907356848
terms_abstract_tfidf__altered,-0.11974303496497854
terms_abstract_tfidf__alternating,-0.06308098736195158
terms_abstract_tfidf__alternative,-0.07686848520026249
terms_abstract_tfidf__alters,-0.12199798661087637
terms_abstract_tfidf__alzheimer,-0.09836451483213755
terms_abstract_tfidf__alzheimer disease,-0.09248600831300301
terms_abstract_tfidf__ambiguous,0.09896769431682867
terms_abstract_tfidf__amnestic,-0.057587523073315286
terms_abstract_tfidf__amplitude,-0.23169928147684732
terms_abstract_tfidf__amplitude low,-0.09932996470994605
terms_abstract_tfidf__amplitudes,-0.07004370680323624
terms_abstract_tfidf__amygdala,-0.0450762969796397
terms_abstract_tfidf__amygdala anterior,-0.024713618912234486
terms_abstract_tfidf__amygdala hippocampus,-0.07670376720345004
terms_abstract_tfidf__amygdala insula,-0.0943022611259629
terms_abstract_tfidf__amygdala response,0.033532095673910745
terms_abstract_tfidf__amygdala responses,-0.02598368972978754
terms_abstract_tfidf__analysed,0.002152711658623221
terms_abstract_tfidf__analyses,-0.08926850994345238
terms_abstract_tfidf__analyze,-0.13176375028814633
terms_abstract_tfidf__analyzed,-0.04933900400873049
terms_abstract_tfidf__analyzed using,0.03557835885680618
terms_abstract_tfidf__analyzing,0.00770078399960775
terms_abstract_tfidf__anatomical,-0.1061889038425913
terms_abstract_tfidf__anatomically,-0.08091261958163623
terms_abstract_tfidf__anatomy,-0.19584071209339102
terms_abstract_tfidf__anger,-0.05247733259787602
terms_abstract_tfidf__angry,0.0574020115052113
terms_abstract_tfidf__angular,0.055864772743318566
terms_abstract_tfidf__angular gyrus,0.05124677444781371
terms_abstract_tfidf__animal,-0.11422025530124913
terms_abstract_tfidf__animals,-0.0063005983314775625
terms_abstract_tfidf__anisotropy,-0.00942343696738638
terms_abstract_tfidf__anisotropy fa,0.004726004833898012
terms_abstract_tfidf__anterior,-0.057036081112001494
terms_abstract_tfidf__anterior cingulate,-0.0010692150964829543
terms_abstract_tfidf__anterior hippocampus,-0.07018357512793318
terms_abstract_tfidf__anterior insula,-0.09117009534679683
terms_abstract_tfidf__anterior insular,-0.05810436198102929
terms_abstract_tfidf__anterior intraparietal,-0.015261143681613685
terms_abstract_tfidf__anterior medial,-0.08114786142996713
terms_abstract_tfidf__anterior posterior,-0.1500261663494009
terms_abstract_tfidf__anterior prefrontal,0.2711201708136058
terms_abstract_tfidf__anterior superior,-0.13018304616869
terms_abstract_tfidf__anterior temporal,-0.019816110873508215
terms_abstract_tfidf__anti,-0.10400698878300148
terms_abstract_tfidf__anticipation,-0.038037909359739344
terms_abstract_tfidf__anticipatory,-0.00921169526882078
terms_abstract_tfidf__anxiety,-0.07500833653287321
terms_abstract_tfidf__anxiety disorders,-0.04237415914806068
terms_abstract_tfidf__apart,0.015610414805560835
terms_abstract_tfidf__aphasia,0.013848565800476689
terms_abstract_tfidf__apparent,-0.05579800670173641
terms_abstract_tfidf__appear,0.004364084267121277
terms_abstract_tfidf__appeared,0.022583674988944195
terms_abstract_tfidf__appears,0.029966030061840045
terms_abstract_tfidf__application,-0.05535495934483237
terms_abstract_tfidf__applied,-0.2136525536995834
terms_abstract_tfidf__apply,-0.051378020835431935
terms_abstract_tfidf__applying,-0.01579279200610594
terms_abstract_tfidf__appraisal,-0.048666989443478734
terms_abstract_tfidf__approach,-0.1962518202756731
terms_abstract_tfidf__approaches,-0.03476334199907608
terms_abstract_tfidf__appropriate,0.04443314933046491
terms_abstract_tfidf__approximately,-0.010025119191521156
terms_abstract_tfidf__architecture,0.05873100253721178
terms_abstract_tfidf__argue,-0.009606243419044385
terms_abstract_tfidf__arise,-0.00779905899135332
terms_abstract_tfidf__arithmetic,0.2600613969828964
terms_abstract_tfidf__arm,-0.2412751583607437
terms_abstract_tfidf__arousal,-0.12483707918299877
terms_abstract_tfidf__arterial,-0.1430961776213615
terms_abstract_tfidf__arterial spin,-0.15044914527223735
terms_abstract_tfidf__articulatory,0.004038931138660073
terms_abstract_tfidf__asd,-0.035648474868876415
terms_abstract_tfidf__asked,0.14747778823664137
terms_abstract_tfidf__aspect,0.0917965904896092
terms_abstract_tfidf__aspects,-0.0883023097089475
terms_abstract_tfidf__assess,-0.11055809583723589
terms_abstract_tfidf__assessed,-0.17825907107682049
terms_abstract_tfidf__assessed using,-0.05745968404360987
terms_abstract_tfidf__assessing,-0.007522738657858659
terms_abstract_tfidf__assessment,0.0008465687513485966
terms_abstract_tfidf__assessments,-0.09782009525290031
terms_abstract_tfidf__assigned,-0.02609446073070892
terms_abstract_tfidf__association,-0.11330825130497585
terms_abstract_tfidf__associations,0.05787654215783196
terms_abstract_tfidf__associative,0.05025095160967098
terms_abstract_tfidf__assume,-0.02111081457442749
terms_abstract_tfidf__assumed,-0.008725832317815827
terms_abstract_tfidf__assumption,0.09731730903935573
terms_abstract_tfidf__asymmetry,0.019813439088034755
terms_abstract_tfidf__atrophy,-0.02505828296851886
terms_abstract_tfidf__attempt,0.07065836815540927
terms_abstract_tfidf__attempted,0.01587497125453901
terms_abstract_tfidf__attend,0.04065076076071199
terms_abstract_tfidf__attended,0.0774485175010551
terms_abstract_tfidf__attending,0.08334563582828422
terms_abstract_tfidf__attention,0.059165096723545536
terms_abstract_tfidf__attention deficit,0.0065324855239074185
terms_abstract_tfidf__attention network,0.029646932036298264
terms_abstract_tfidf__attention task,0.0682528997350742
terms_abstract_tfidf__attentional,0.15433916090337396
terms_abstract_tfidf__attentional control,0.1701716696124947
terms_abstract_tfidf__attenuated,-0.012284089712797153
terms_abstract_tfidf__attenuation,-0.06550110630839255
terms_abstract_tfidf__attributed,-0.0265168800460866
terms_abstract_tfidf__attributes,-0.12396940975095026
terms_abstract_tfidf__attribution,-0.0541962776955384
terms_abstract_tfidf__atypical,0.0292335993097985
terms_abstract_tfidf__audiovisual,-0.09823315583565048
terms_abstract_tfidf__auditory,-0.16686535126901453
terms_abstract_tfidf__auditory cortex,-0.21939840486701065
terms_abstract_tfidf__auditory stimuli,-0.07814708021868667
terms_abstract_tfidf__auditory visual,-0.05364043853891913
terms_abstract_tfidf__autism,-0.08247861177276655
terms_abstract_tfidf__autism spectrum,-0.05467892507918711
terms_abstract_tfidf__autobiographical,-0.026659199533402796
terms_abstract_tfidf__autobiographical memory,-0.04192664044205904
terms_abstract_tfidf__automated,-0.18660098685889484
terms_abstract_tfidf__automatic,-0.009807825199418254
terms_abstract_tfidf__automatically,-0.02951385625999339
terms_abstract_tfidf__autonomic,-0.14621678192804247
terms_abstract_tfidf__available,0.013833260206014492
terms_abstract_tfidf__average,-0.08273734327558639
terms_abstract_tfidf__aversive,0.04875273201283815
terms_abstract_tfidf__avoid,-0.0328754004960292
terms_abstract_tfidf__avoidance,-0.05933591134254271
terms_abstract_tfidf__awareness,-0.09714662481508192
terms_abstract_tfidf__away,-0.08483183573798557
terms_abstract_tfidf__axis,-0.014340655366075152
terms_abstract_tfidf__ba,0.19650139522077134
terms_abstract_tfidf__ba 44,0.11545069013159612
terms_abstract_tfidf__background,0.051117026071489574
terms_abstract_tfidf__balance,-0.12418425783531167
terms_abstract_tfidf__band,-0.11055744344040713
terms_abstract_tfidf__bands,-0.06951332598265765
terms_abstract_tfidf__basal,-0.08435377230228902
terms_abstract_tfidf__basal ganglia,-0.08047663655735808
terms_abstract_tfidf__baseline,-0.07068078298244396
terms_abstract_tfidf__bases,0.053096740550880206
terms_abstract_tfidf__basic,-0.15479617509681592
terms_abstract_tfidf__basis,0.05993836729059559
terms_abstract_tfidf__bayesian,0.07860598922848241
terms_abstract_tfidf__beginning,0.06249536909972893
terms_abstract_tfidf__behavior,0.07347302903178579
terms_abstract_tfidf__behavioral,0.18401327545740712
terms_abstract_tfidf__behavioral evidence,0.03811440140116676
terms_abstract_tfidf__behavioral level,0.08207078026478923
terms_abstract_tfidf__behavioral measures,0.033686277003449276
terms_abstract_tfidf__behavioral performance,0.13341196295278981
terms_abstract_tfidf__behavioral responses,-0.030851588078359568
terms_abstract_tfidf__behaviorally,0.11863502884531013
terms_abstract_tfidf__behaviors,0.04130057497055036
terms_abstract_tfidf__behaviour,0.11759300232602006
terms_abstract_tfidf__behavioural,0.06164941542920594
terms_abstract_tfidf__belief,0.02995630809208917
terms_abstract_tfidf__beliefs,0.004272691327772168
terms_abstract_tfidf__believed,-0.033798104041862204
terms_abstract_tfidf__beneficial,-0.03713402622004529
terms_abstract_tfidf__benefit,-0.07686244422537626
terms_abstract_tfidf__benefits,-0.07277769177927502
terms_abstract_tfidf__best,0.007575655398118028
terms_abstract_tfidf__beta,-0.12330489110388007
terms_abstract_tfidf__better,0.045719349572524826
terms_abstract_tfidf__better understanding,-0.05866747333769178
terms_abstract_tfidf__bias,0.0406850096295321
terms_abstract_tfidf__biased,0.02908757199777307
terms_abstract_tfidf__biases,0.14144344662770256
terms_abstract_tfidf__bilaterally,-0.049742546193656
terms_abstract_tfidf__bilinguals,0.14301217606327735
terms_abstract_tfidf__binding,0.1074382971631519
terms_abstract_tfidf__biological,-0.0841082170812823
terms_abstract_tfidf__biomarker,-0.06685214238819139
terms_abstract_tfidf__biomarkers,-0.06736039222018246
terms_abstract_tfidf__bipolar,0.07814851442621686
terms_abstract_tfidf__bipolar disorder,0.08428926290862003
terms_abstract_tfidf__blind,-0.08065858764038489
terms_abstract_tfidf__block,-0.11894872557568949
terms_abstract_tfidf__block design,-0.04400369733048307
terms_abstract_tfidf__blocked,0.016123551407387363
terms_abstract_tfidf__blocks,0.06992311613629759
terms_abstract_tfidf__blood,-0.14379573787238797
terms_abstract_tfidf__blood flow,-0.08207176201784114
terms_abstract_tfidf__blood oxygen,-0.16578223523804309
terms_abstract_tfidf__blood oxygenation,-0.053793290781954876
terms_abstract_tfidf__bodily,-0.18272516599291655
terms_abstract_tfidf__body,-0.19125261011625322
terms_abstract_tfidf__bold,-0.24186348505956037
terms_abstract_tfidf__bold response,-0.13248516787472334
terms_abstract_tfidf__bold responses,-0.1290599905256077
terms_abstract_tfidf__bold signal,-0.24543697583618432
terms_abstract_tfidf__bold signals,-0.020834159468522535
terms_abstract_tfidf__brains,-0.06713156773767044
terms_abstract_tfidf__brainstem,-0.11811745485504727
terms_abstract_tfidf__brief,-0.0662209260635487
terms_abstract_tfidf__broad,0.14435732440750607
terms_abstract_tfidf__broader,-0.07904119292817677
terms_abstract_tfidf__broca,0.14982151651350245
terms_abstract_tfidf__brodmann,0.13696200151932067
terms_abstract_tfidf__brodmann ba,0.016380247597209456
terms_abstract_tfidf__button,-0.04775090412253661
terms_abstract_tfidf__calculated,-0.16730494344083144
terms_abstract_tfidf__calculation,0.17158637130108018
terms_abstract_tfidf__called,-0.08820249666139365
terms_abstract_tfidf__callosum,-0.09027967613259755
terms_abstract_tfidf__candidate,-0.07005521840221676
terms_abstract_tfidf__canonical,0.016302623107202062
terms_abstract_tfidf__capacity,0.14262291358541213
terms_abstract_tfidf__capture,-0.05526966193951415
terms_abstract_tfidf__carried,0.04017113399439339
terms_abstract_tfidf__carriers,-0.011137342802559218
terms_abstract_tfidf__case,-0.07255371642666929
terms_abstract_tfidf__cases,0.02515669770208107
terms_abstract_tfidf__categorical,0.05670463122864458
terms_abstract_tfidf__categories,-0.005293024732716888
terms_abstract_tfidf__categorization,0.006513627554498184
terms_abstract_tfidf__category,0.002178527202912191
terms_abstract_tfidf__caudal,-0.06612802231905102
terms_abstract_tfidf__caudate,0.06508208594223042
terms_abstract_tfidf__caudate nucleus,0.09312879277570014
terms_abstract_tfidf__causal,0.1324846389330674
terms_abstract_tfidf__causal modeling,0.13097349783928605
terms_abstract_tfidf__causality,0.04268599024121603
terms_abstract_tfidf__cause,-0.034217864398956195
terms_abstract_tfidf__caused,-0.008130348767052323
terms_abstract_tfidf__causes,-0.053936799888459334
terms_abstract_tfidf__center,-0.04391628994668128
terms_abstract_tfidf__centered,-0.049265446757628215
terms_abstract_tfidf__central,-0.22962522618103576
terms_abstract_tfidf__central role,-0.05373110967974227
terms_abstract_tfidf__cerebellar,-0.01906287223386994
terms_abstract_tfidf__cerebellum,-0.10732616753165848
terms_abstract_tfidf__cerebral,-0.12477553068426515
terms_abstract_tfidf__cerebral blood,-0.11042370179327704
terms_abstract_tfidf__cerebral cortex,-0.02947268419600554
terms_abstract_tfidf__certain,0.019786838358464516
terms_abstract_tfidf__challenge,0.029602905304567304
terms_abstract_tfidf__challenges,0.057674761028416704
terms_abstract_tfidf__challenging,-0.01571675008813336
terms_abstract_tfidf__change,-0.0774315854865235
terms_abstract_tfidf__changed,-0.05972928058469936
terms_abstract_tfidf__changing,0.13008984507593177
terms_abstract_tfidf__character,0.13722829832754235
terms_abstract_tfidf__characteristic,-0.013564152981338198
terms_abstract_tfidf__characteristics,-0.039739836630514724
terms_abstract_tfidf__characterization,-0.05590873724680819
terms_abstract_tfidf__characterize,-0.08697587135017858
terms_abstract_tfidf__characterized,-0.10213844414279533
terms_abstract_tfidf__characterizing,0.004571084764523914
terms_abstract_tfidf__characters,0.1504310214124235
terms_abstract_tfidf__childhood,-0.057960383076891143
terms_abstract_tfidf__children,0.1479267845392905
terms_abstract_tfidf__children adolescents,0.07375728128794497
terms_abstract_tfidf__chinese,0.19785247672012501
terms_abstract_tfidf__choice,0.17697329835765144
terms_abstract_tfidf__choices,0.1665463027605175
terms_abstract_tfidf__choose,0.17736408931773304
terms_abstract_tfidf__chosen,0.02140027336253316
terms_abstract_tfidf__chronic,-0.1628032389037234
terms_abstract_tfidf__chronic pain,-0.1583408752027581
terms_abstract_tfidf__cingulate,-0.12165345363162398
terms_abstract_tfidf__cingulate cortex,-0.12591625377051177
terms_abstract_tfidf__cingulate cortices,-0.06921294375885852
terms_abstract_tfidf__cingulate gyrus,-0.12055447730077398
terms_abstract_tfidf__circuit,-0.12247922923456632
terms_abstract_tfidf__circuitry,0.028385752059983657
terms_abstract_tfidf__circuits,-0.07416830550637005
terms_abstract_tfidf__clarify,-0.08664225294818857
terms_abstract_tfidf__class,0.06592510275988668
terms_abstract_tfidf__classic,0.04491187637794866
terms_abstract_tfidf__classical,0.012966282340125155
terms_abstract_tfidf__classification,0.033545083993887385
terms_abstract_tfidf__classified,0.13015545401985837
terms_abstract_tfidf__clear,-0.1117600028646658
terms_abstract_tfidf__clearly,0.037303195487817666
terms_abstract_tfidf__clinical,-0.14608468273839464
terms_abstract_tfidf__clinically,-0.05139699612626954
terms_abstract_tfidf__clips,-0.10239063807267272
terms_abstract_tfidf__close,-0.05585442988805932
terms_abstract_tfidf__closed,-0.1069280538600295
terms_abstract_tfidf__closely,0.04058721558521448
terms_abstract_tfidf__cluster,-0.16612204622484952
terms_abstract_tfidf__clustering,-0.022410772938785465
terms_abstract_tfidf__clusters,-0.12312150741220572
terms_abstract_tfidf__code,-0.019268944164202915
terms_abstract_tfidf__coding,-0.03752652481919027
terms_abstract_tfidf__cognition,0.11868648322809573
terms_abstract_tfidf__cognitive,0.26711465131806345
terms_abstract_tfidf__cognitive control,0.3186095757656663
terms_abstract_tfidf__cognitive deficits,0.034161396740066845
terms_abstract_tfidf__cognitive emotional,-0.03933420511300948
terms_abstract_tfidf__cognitive function,0.11681307917918252
terms_abstract_tfidf__cognitive functions,0.12790681557761688
terms_abstract_tfidf__cognitive impairment,0.00896821789245486
terms_abstract_tfidf__cognitive neuroscience,-0.019109764969440838
terms_abstract_tfidf__cognitive performance,0.04562028530046242
terms_abstract_tfidf__cognitive processes,0.1844774630328664
terms_abstract_tfidf__cognitive task,-0.0401094850996591
terms_abstract_tfidf__cognitive tasks,0.017696117951030824
terms_abstract_tfidf__cognitively,-0.013381349045262485
terms_abstract_tfidf__coherence,-0.05351022856557974
terms_abstract_tfidf__coherent,-0.00045438298217202587
terms_abstract_tfidf__cohort,-0.08954665406007052
terms_abstract_tfidf__collected,-0.0886649023407625
terms_abstract_tfidf__collectively,0.022252998835671178
terms_abstract_tfidf__color,0.18166607577787178
terms_abstract_tfidf__combination,-0.13758867609652425
terms_abstract_tfidf__combinations,-0.0956506247560746
terms_abstract_tfidf__combined,0.01916322732531044
terms_abstract_tfidf__combining,-0.1013335797941003
terms_abstract_tfidf__common,0.13035504573841458
terms_abstract_tfidf__commonly,-0.04493330480927509
terms_abstract_tfidf__communication,-0.07078079131888951
terms_abstract_tfidf__community,0.034474612150220706
terms_abstract_tfidf__comparable,-0.028107564492516206
terms_abstract_tfidf__compare,-0.11016873910795137
terms_abstract_tfidf__comparing,0.009095854609210549
terms_abstract_tfidf__comparisons,-0.04340519278588932
terms_abstract_tfidf__compatible,-0.11027832345107949
terms_abstract_tfidf__compensate,-0.0007864862429519371
terms_abstract_tfidf__compensation,-0.07844938921197217
terms_abstract_tfidf__compensatory,0.10468142699572273
terms_abstract_tfidf__competing,0.2003097393815229
terms_abstract_tfidf__competition,0.12204758421296283
terms_abstract_tfidf__complementary,-0.041986829637671474
terms_abstract_tfidf__complete,-0.0899406163045719
terms_abstract_tfidf__completed,0.026319522632555818
terms_abstract_tfidf__completely,-0.07457655032125436
terms_abstract_tfidf__complex,-0.16465988865406936
terms_abstract_tfidf__complexity,0.03680992067452988
terms_abstract_tfidf__component,-0.02347389529738474
terms_abstract_tfidf__component ica,-0.10097537829088131
terms_abstract_tfidf__components,0.029490201170593727
terms_abstract_tfidf__composed,-0.10432873183174121
terms_abstract_tfidf__comprehension,0.08993843450185948
terms_abstract_tfidf__comprehensive,0.012374223091802987
terms_abstract_tfidf__comprised,0.04023397748993767
terms_abstract_tfidf__compromised,0.0870946703984264
terms_abstract_tfidf__compulsive,0.06737473691152908
terms_abstract_tfidf__compulsive disorder,0.05587340023589541
terms_abstract_tfidf__computation,0.13023826346944
terms_abstract_tfidf__computational,-0.04586657726712105
terms_abstract_tfidf__computed,-0.09955091692963541
terms_abstract_tfidf__concentration,-0.0932035561651231
terms_abstract_tfidf__concept,0.05004750024661549
terms_abstract_tfidf__concepts,0.10483835743809322
terms_abstract_tfidf__conceptual,0.0735454029630645
terms_abstract_tfidf__concerning,0.0048290404482503055
terms_abstract_tfidf__conclude,0.04204635347338842
terms_abstract_tfidf__conclusion,-0.04845147583309761
terms_abstract_tfidf__concomitant,-0.07574282311974997
terms_abstract_tfidf__concrete,0.11014883074341737
terms_abstract_tfidf__concurrent,0.03298324949491396
terms_abstract_tfidf__concurrently,-0.06464335941124957
terms_abstract_tfidf__condition,0.0911379521242792
terms_abstract_tfidf__conditioned,-0.011013541100882738
terms_abstract_tfidf__conditioning,-0.019821144012962085
terms_abstract_tfidf__conditions,-0.05841689912834387
terms_abstract_tfidf__conductance,-0.04265326139732562
terms_abstract_tfidf__conducted,0.09419821668942154
terms_abstract_tfidf__confidence,-0.12138522290884306
terms_abstract_tfidf__confirm,-0.06508766197604252
terms_abstract_tfidf__confirmed,-0.01453489762857695
terms_abstract_tfidf__conflict,0.2084670606579212
terms_abstract_tfidf__conflicting,0.222987816579066
terms_abstract_tfidf__confounding,0.06783607665269334
terms_abstract_tfidf__congruency,0.07594761446226375
terms_abstract_tfidf__congruent,0.06177914333984955
terms_abstract_tfidf__congruent incongruent,-0.04252757945195196
terms_abstract_tfidf__conjunction,0.09518197242290159
terms_abstract_tfidf__connected,-0.030452407353295217
terms_abstract_tfidf__connection,-0.04748496277023114
terms_abstract_tfidf__connections,-0.07722841925813341
terms_abstract_tfidf__connectivity,-0.13179224144936158
terms_abstract_tfidf__connectivity amygdala,-0.04657358125969551
terms_abstract_tfidf__connectivity analyses,-0.013292277952936157
terms_abstract_tfidf__connectivity anterior,-0.09280010248721345
terms_abstract_tfidf__connectivity fc,-0.1578104524222226
terms_abstract_tfidf__connectivity networks,-0.044469818481894956
terms_abstract_tfidf__connectivity patterns,-0.043164466125688555
terms_abstract_tfidf__connectivity posterior,-0.14601011395357666
terms_abstract_tfidf__connectivity rsfc,-0.06614712384377905
terms_abstract_tfidf__connectivity using,0.03124491758650362
terms_abstract_tfidf__conscious,0.09377022079093535
terms_abstract_tfidf__consciousness,-0.04932713829372679
terms_abstract_tfidf__consecutive,-0.033812971096268005
terms_abstract_tfidf__consequence,0.024558518388050985
terms_abstract_tfidf__consequences,-0.021534056178405897
terms_abstract_tfidf__consequently,-0.09271702614779778
terms_abstract_tfidf__consider,0.07142350215771545
terms_abstract_tfidf__considerable,0.09468976835933084
terms_abstract_tfidf__considered,-0.03366552390057652
terms_abstract_tfidf__considering,0.03712766647117976
terms_abstract_tfidf__consisted,0.0012683409493402873
terms_abstract_tfidf__consistency,0.07065427469634739
terms_abstract_tfidf__consistently,0.05658754185076975
terms_abstract_tfidf__consisting,-0.11825358007239177
terms_abstract_tfidf__consists,0.00403771215924864
terms_abstract_tfidf__consolidation,-0.12609846167131356
terms_abstract_tfidf__constant,0.04308400696027544
terms_abstract_tfidf__constitute,0.11029479869823877
terms_abstract_tfidf__constrained,0.02239849484789466
terms_abstract_tfidf__constraints,-0.055919581153690376
terms_abstract_tfidf__construct,-0.035278132645333436
terms_abstract_tfidf__constructed,-0.09762233321074926
terms_abstract_tfidf__construction,-0.1096117958428482
terms_abstract_tfidf__consumption,-0.030872845989382617
terms_abstract_tfidf__contain,-0.029146538853866984
terms_abstract_tfidf__contained,-0.008079068812514667
terms_abstract_tfidf__containing,-0.006218139581508996
terms_abstract_tfidf__contains,0.01324812600443138
terms_abstract_tfidf__content,0.08235431570564361
terms_abstract_tfidf__contents,0.08758723631870108
terms_abstract_tfidf__context,0.07510647497639758
terms_abstract_tfidf__contexts,0.021597681415273844
terms_abstract_tfidf__contextual,0.1490484975657247
terms_abstract_tfidf__contingent,0.0025669320785420015
terms_abstract_tfidf__continuous,-0.08663140551285527
terms_abstract_tfidf__continuously,-0.04357534595383
terms_abstract_tfidf__contralateral,-0.22905072388799352
terms_abstract_tfidf__contrary,-0.02968739462100805
terms_abstract_tfidf__contrast,0.013877829479123695
terms_abstract_tfidf__contrasted,0.04961531865692512
terms_abstract_tfidf__contrasting,0.07402074101028369
terms_abstract_tfidf__contrasts,0.021913657636200158
terms_abstract_tfidf__contribute,-0.0893944347922417
terms_abstract_tfidf__contributed,0.0455345140610596
terms_abstract_tfidf__contributes,0.04777651991811467
terms_abstract_tfidf__contributing,0.02494188967967619
terms_abstract_tfidf__contribution,0.1905666719335686
terms_abstract_tfidf__contributions,0.1050469139611224
terms_abstract_tfidf__control,0.17835341213066416
terms_abstract_tfidf__control condition,0.14976368819821972
terms_abstract_tfidf__control conditions,0.00863934187636582
terms_abstract_tfidf__control group,0.05752834116493585
terms_abstract_tfidf__control groups,0.0020947350383855763
terms_abstract_tfidf__control network,0.19199976506176236
terms_abstract_tfidf__control processes,0.233391313966424
terms_abstract_tfidf__control task,0.16107648613160735
terms_abstract_tfidf__controlled,0.043029073316423715
terms_abstract_tfidf__controlling,-0.08858605646523351
terms_abstract_tfidf__controls,-0.13183772806904265
terms_abstract_tfidf__controls hc,-0.03796242590131871
terms_abstract_tfidf__controls hcs,0.001390419329591241
terms_abstract_tfidf__controls using,-0.08184619248191502
terms_abstract_tfidf__controversial,0.0392226732372601
terms_abstract_tfidf__conventional,-0.03586266699398586
terms_abstract_tfidf__convergence,-0.029685742576215746
terms_abstract_tfidf__converging,0.04535784539312142
terms_abstract_tfidf__conversely,0.021156602623175775
terms_abstract_tfidf__conveyed,-0.030736657113161262
terms_abstract_tfidf__coordinates,-0.09759711769431771
terms_abstract_tfidf__coordination,-0.1388600619806988
terms_abstract_tfidf__core,-0.02053951974216758
terms_abstract_tfidf__corpus,-0.10856696561787686
terms_abstract_tfidf__corpus callosum,-0.09027967613259755
terms_abstract_tfidf__correct,0.28330620432379794
terms_abstract_tfidf__corrected,-0.0951607237070082
terms_abstract_tfidf__correction,-0.07659595142012933
terms_abstract_tfidf__correctly,0.15675154347343956
terms_abstract_tfidf__correlate,-0.01648301343535376
terms_abstract_tfidf__correlated,-0.1366301655153037
terms_abstract_tfidf__correlated negatively,-0.038759962871756114
terms_abstract_tfidf__correlated positively,-0.07849110330143065
terms_abstract_tfidf__correlates,0.10806190337922722
terms_abstract_tfidf__correlating,-0.08270687575841398
terms_abstract_tfidf__correlation,-0.10785245216239481
terms_abstract_tfidf__correlation analyses,-0.048206077000752856
terms_abstract_tfidf__correlations,-0.10423810090060626
terms_abstract_tfidf__correspond,-0.08218205095064884
terms_abstract_tfidf__corresponded,0.029711783676044465
terms_abstract_tfidf__correspondence,-0.013991577851134548
terms_abstract_tfidf__corresponding,-0.06672773303450752
terms_abstract_tfidf__cortex acc,0.014314830103614663
terms_abstract_tfidf__cortex amygdala,-0.015893562665481444
terms_abstract_tfidf__cortex anterior,-0.05789289457696265
terms_abstract_tfidf__cortex ba,0.09474612657397408
terms_abstract_tfidf__cortex bilaterally,-0.03461956422670235
terms_abstract_tfidf__cortex cerebellum,-0.03582045800769324
terms_abstract_tfidf__cortex dacc,0.057281664393775585
terms_abstract_tfidf__cortex dlpfc,0.2693060916796982
terms_abstract_tfidf__cortex dmpfc,0.08705877521256246
terms_abstract_tfidf__cortex dorsal,-0.042200779767414945
terms_abstract_tfidf__cortex dorsolateral,0.092471535206963
terms_abstract_tfidf__cortex frontal,0.001517983989722953
terms_abstract_tfidf__cortex hippocampus,-0.04371830466150847
terms_abstract_tfidf__cortex inferior,0.1600743098911955
terms_abstract_tfidf__cortex insula,-0.0575722391186622
terms_abstract_tfidf__cortex involved,0.022632687929792148
terms_abstract_tfidf__cortex lateral,-0.005565519429906821
terms_abstract_tfidf__cortex m1,-0.21186919686612427
terms_abstract_tfidf__cortex medial,-0.08829218380857905
terms_abstract_tfidf__cortex middle,-0.03750454060458673
terms_abstract_tfidf__cortex mpfc,0.026117517288935035
terms_abstract_tfidf__cortex ofc,0.11091550594070454
terms_abstract_tfidf__cortex parietal,0.12007374809987305
terms_abstract_tfidf__cortex pcc,-0.13250212031409592
terms_abstract_tfidf__cortex pfc,0.3144668284624734
terms_abstract_tfidf__cortex posterior,-0.16020952796406518
terms_abstract_tfidf__cortex ppc,0.06614724302923408
terms_abstract_tfidf__cortex precuneus,-0.18912845257604638
terms_abstract_tfidf__cortex suggest,0.032674123380591606
terms_abstract_tfidf__cortex superior,-0.1296583164450075
terms_abstract_tfidf__cortex supplementary,-0.1471015974904017
terms_abstract_tfidf__cortex thalamus,-0.06504066486983771
terms_abstract_tfidf__cortex ventral,0.05412721346823482
terms_abstract_tfidf__cortex vlpfc,0.0310344271689075
terms_abstract_tfidf__cortex vmpfc,-0.033027972818338705
terms_abstract_tfidf__cortical,-0.18816999391427167
terms_abstract_tfidf__cortical involved,0.0038863952275053066
terms_abstract_tfidf__cortical network,-0.05369984081682752
terms_abstract_tfidf__cortical networks,0.07025304594371863
terms_abstract_tfidf__cortical subcortical,-0.14592266720944502
terms_abstract_tfidf__cortical thickness,-0.1289108792636586
terms_abstract_tfidf__cortices,-0.09516995920249856
terms_abstract_tfidf__cortico,-0.033988064946658875
terms_abstract_tfidf__cost,0.07772538237485423
terms_abstract_tfidf__costs,0.16027052894479255
terms_abstract_tfidf__coupled,-0.10318754374718753
terms_abstract_tfidf__coupling,-0.10870772857307069
terms_abstract_tfidf__course,-0.10248424832474017
terms_abstract_tfidf__courses,-0.116785042163302
terms_abstract_tfidf__covariance,-0.020994873590351102
terms_abstract_tfidf__covaried,-0.009635532766039977
terms_abstract_tfidf__covert,-0.08474481072506462
terms_abstract_tfidf__craving,-0.0612292115134914
terms_abstract_tfidf__created,-0.04369699265134107
terms_abstract_tfidf__criteria,0.0681710921644212
terms_abstract_tfidf__critical,0.13385628542645214
terms_abstract_tfidf__critical role,-0.033487481881590155
terms_abstract_tfidf__critically,0.09842330596899339
terms_abstract_tfidf__cross,-0.0472636790169378
terms_abstract_tfidf__cross modal,-0.07458261091915022
terms_abstract_tfidf__cross sectional,-0.06231409994661836
terms_abstract_tfidf__crossover,-0.03844504590804258
terms_abstract_tfidf__crucial,0.11227140996235974
terms_abstract_tfidf__crucial role,0.097575426445165
terms_abstract_tfidf__crucially,-0.12101541301328679
terms_abstract_tfidf__crus,0.047343678409655976
terms_abstract_tfidf__cue,0.16931264001585333
terms_abstract_tfidf__cued,0.08452200090705347
terms_abstract_tfidf__cues,0.022516627029853638
terms_abstract_tfidf__cuneus,-0.09224425853278302
terms_abstract_tfidf__current,0.14217324808705548
terms_abstract_tfidf__current functional,0.07648045864928127
terms_abstract_tfidf__currently,0.04579991690118288
terms_abstract_tfidf__dacc,0.09427997617810335
terms_abstract_tfidf__daily,0.10220990419374998
terms_abstract_tfidf__daily life,0.11337239414729378
terms_abstract_tfidf__damage,-0.07763901780048389
terms_abstract_tfidf__dataset,-0.05157985046474421
terms_abstract_tfidf__datasets,-0.12067838312576959
terms_abstract_tfidf__date,-0.02954905115435818
terms_abstract_tfidf__day,-0.05998524010500865
terms_abstract_tfidf__days,-0.05418623867452725
terms_abstract_tfidf__deactivated,-0.15011226992522958
terms_abstract_tfidf__deactivation,-0.2563598325118219
terms_abstract_tfidf__deactivations,-0.284772327393603
terms_abstract_tfidf__debate,0.1095528775467115
terms_abstract_tfidf__debated,0.028020637336051563
terms_abstract_tfidf__decision,0.2217971284567703
terms_abstract_tfidf__decision making,0.16678951859019622
terms_abstract_tfidf__decision task,0.02341426789941276
terms_abstract_tfidf__decisions,0.2308673017697834
terms_abstract_tfidf__decline,0.040570553995185915
terms_abstract_tfidf__declines,0.0024858521902958886
terms_abstract_tfidf__decoding,-0.06247247107842209
terms_abstract_tfidf__decreases,-0.11037431955531056
terms_abstract_tfidf__decreasing,0.02639764023312119
terms_abstract_tfidf__deep,0.008557568802800366
terms_abstract_tfidf__default,-0.12198001090115504
terms_abstract_tfidf__default mode,-0.1315811005519396
terms_abstract_tfidf__default network,-0.11974499810025951
terms_abstract_tfidf__deficient,0.01060130019955803
terms_abstract_tfidf__deficit,0.0224493049183132
terms_abstract_tfidf__deficit hyperactivity,0.007818309164666038
terms_abstract_tfidf__deficits,0.13518743674647055
terms_abstract_tfidf__define,-0.1409065783523884
terms_abstract_tfidf__defined,-0.03943584501506128
terms_abstract_tfidf__degree,-0.04299925323836617
terms_abstract_tfidf__degrees,-0.11427275755833179
terms_abstract_tfidf__delay,0.046585991455909546
terms_abstract_tfidf__delayed,0.014686830304403417
terms_abstract_tfidf__delivered,-0.1823407911958506
terms_abstract_tfidf__demand,0.1629631190653183
terms_abstract_tfidf__demanding,0.1270944435938123
terms_abstract_tfidf__demands,0.29023802195373327
terms_abstract_tfidf__dementia,-0.0437960324308819
terms_abstract_tfidf__demonstrate,-0.0015535402114342936
terms_abstract_tfidf__demonstrated,0.027736364049107617
terms_abstract_tfidf__demonstrates,-0.07497967675970381
terms_abstract_tfidf__demonstrating,-0.011406681281101085
terms_abstract_tfidf__density,-0.08033069698492891
terms_abstract_tfidf__depend,0.1027644122638973
terms_abstract_tfidf__depended,-0.08365849826272785
terms_abstract_tfidf__dependence,0.033491658806420896
terms_abstract_tfidf__depending,0.09483708835687117
terms_abstract_tfidf__depends,0.029740723130099355
terms_abstract_tfidf__depicting,-0.056974180360124985
terms_abstract_tfidf__depressed,0.04703633119383664
terms_abstract_tfidf__depression,0.004853788131359789
terms_abstract_tfidf__depressive,0.005031347855425612
terms_abstract_tfidf__depressive disorder,0.036685418658185365
terms_abstract_tfidf__deprivation,0.017392251826897336
terms_abstract_tfidf__depth,0.012607935150339613
terms_abstract_tfidf__derived,-0.05290278307288726
terms_abstract_tfidf__described,-0.18660526488322757
terms_abstract_tfidf__describing,-0.06090490775501519
terms_abstract_tfidf__design,-0.10101800106694474
terms_abstract_tfidf__designed,0.011336295680492436
terms_abstract_tfidf__designs,-0.14057600420649854
terms_abstract_tfidf__despite,-0.021030380346824765
terms_abstract_tfidf__detailed,-0.09831334887556756
terms_abstract_tfidf__details,0.018924258505015137
terms_abstract_tfidf__detect,-0.020657854998888465
terms_abstract_tfidf__detected,-0.13865271855734618
terms_abstract_tfidf__detecting,0.1547830233004701
terms_abstract_tfidf__detection,-0.004880688727512521
terms_abstract_tfidf__detection task,-0.006984985191612178
terms_abstract_tfidf__determine,-0.17874362936492916
terms_abstract_tfidf__determined,0.007312474321412141
terms_abstract_tfidf__determining,0.03316147655406275
terms_abstract_tfidf__develop,-0.05889537828431778
terms_abstract_tfidf__developed,-0.018729077054586332
terms_abstract_tfidf__developing,0.006359885854482121
terms_abstract_tfidf__development,-0.057989200507104294
terms_abstract_tfidf__developmental,0.12011313206266451
terms_abstract_tfidf__diagnosed,-0.045117585438826456
terms_abstract_tfidf__diagnosis,-0.05243257512639811
terms_abstract_tfidf__diagnostic,-0.05277572446942415
terms_abstract_tfidf__did,0.011138548841237097
terms_abstract_tfidf__did differ,0.09809421395594421
terms_abstract_tfidf__differ,0.057354781449635885
terms_abstract_tfidf__differed,0.04265204271995363
terms_abstract_tfidf__difference,-0.06899037895712538
terms_abstract_tfidf__differential,0.13206382018793295
terms_abstract_tfidf__differentially,0.19950772455577306
terms_abstract_tfidf__differentiate,0.03924581772015504
terms_abstract_tfidf__differentiated,0.08493351169638066
terms_abstract_tfidf__differentiation,-0.028286178074496186
terms_abstract_tfidf__differently,0.02778245166479608
terms_abstract_tfidf__differing,-0.017010140272043162
terms_abstract_tfidf__differs,-0.05834970319431937
terms_abstract_tfidf__difficult,0.11024647151164968
terms_abstract_tfidf__difficulties,-0.010877622794599683
terms_abstract_tfidf__difficulty,0.16690915747700222
terms_abstract_tfidf__diffusion,-0.007721399846552687
terms_abstract_tfidf__diffusion tensor,-0.043725941030807854
terms_abstract_tfidf__digit,0.10772714670730407
terms_abstract_tfidf__dimension,0.1464108573406287
terms_abstract_tfidf__dimensional,-0.043867079009367586
terms_abstract_tfidf__dimensions,-0.01394758901906784
terms_abstract_tfidf__diminished,-0.037627676727550706
terms_abstract_tfidf__direct,0.060406825087896444
terms_abstract_tfidf__direct evidence,0.04692394673370854
terms_abstract_tfidf__directed,-0.031840563634665316
terms_abstract_tfidf__direction,-0.06683998842313789
terms_abstract_tfidf__directions,-0.14007176382576722
terms_abstract_tfidf__directly,-0.04974641741055253
terms_abstract_tfidf__disability,-0.050833181615089144
terms_abstract_tfidf__discrete,0.0299719667969272
terms_abstract_tfidf__discriminate,0.05766886825451689
terms_abstract_tfidf__discriminated,-0.07160634431934793
terms_abstract_tfidf__discrimination,-0.018470040983421195
terms_abstract_tfidf__discrimination task,0.06948965080785244
terms_abstract_tfidf__discriminative,-0.20023080187115874
terms_abstract_tfidf__discuss,0.024320016284150967
terms_abstract_tfidf__discussed,0.09987023182198206
terms_abstract_tfidf__discussion,-0.0692602762105811
terms_abstract_tfidf__disease,-0.12697557862648776
terms_abstract_tfidf__disease ad,-0.07994165296005061
terms_abstract_tfidf__disease pd,-0.07449144880867985
terms_abstract_tfidf__diseases,-0.09473398023254906
terms_abstract_tfidf__disentangle,0.23407889380346092
terms_abstract_tfidf__disgust,-0.07985668573765872
terms_abstract_tfidf__disorder,0.023013831176460695
terms_abstract_tfidf__disorder adhd,0.052822271872777514
terms_abstract_tfidf__disorder mdd,0.014085597207569012
terms_abstract_tfidf__disorder ocd,0.09470097209005703
terms_abstract_tfidf__disorder ptsd,-0.011004200302835585
terms_abstract_tfidf__disorders,-0.07934762717515759
terms_abstract_tfidf__display,-0.045641286605951605
terms_abstract_tfidf__displayed,-0.06051330673347084
terms_abstract_tfidf__displays,0.0027730829936931057
terms_abstract_tfidf__disrupted,-0.0850688747927239
terms_abstract_tfidf__disruption,-0.01502698053346097
terms_abstract_tfidf__dissociable,0.12419368076794587
terms_abstract_tfidf__dissociate,0.06901118197164907
terms_abstract_tfidf__dissociated,0.09903839648288246
terms_abstract_tfidf__dissociation,0.07106342473133934
terms_abstract_tfidf__distance,0.13102535557906275
terms_abstract_tfidf__distinction,-0.00458134634995777
terms_abstract_tfidf__distinguish,0.0075601934445127545
terms_abstract_tfidf__distinguished,0.02653765841746017
terms_abstract_tfidf__distraction,0.06997985581008648
terms_abstract_tfidf__distractor,0.10427556914719956
terms_abstract_tfidf__distractors,0.09804051389219703
terms_abstract_tfidf__distress,-0.07811591412986399
terms_abstract_tfidf__distributed,0.08406380587645887
terms_abstract_tfidf__distributed network,0.06001262031607312
terms_abstract_tfidf__distribution,-0.049489042728255335
terms_abstract_tfidf__disturbances,-0.04957310519055284
terms_abstract_tfidf__disturbed,0.049366128551725286
terms_abstract_tfidf__divergent,-0.0531229503937538
terms_abstract_tfidf__diverse,-0.05469293473837334
terms_abstract_tfidf__divided,0.12224328180147574
terms_abstract_tfidf__dlpfc,0.3070608194241296
terms_abstract_tfidf__dmn,-0.12214519446042836
terms_abstract_tfidf__dmpfc,0.06365098768701948
terms_abstract_tfidf__documented,-0.0454872378897247
terms_abstract_tfidf__does,0.05945252550789789
terms_abstract_tfidf__domain,0.18747654031759453
terms_abstract_tfidf__domain general,0.19816582682958905
terms_abstract_tfidf__domains,0.2411327391904881
terms_abstract_tfidf__dominance,0.005471416544250097
terms_abstract_tfidf__dominant,-0.028610286807123863
terms_abstract_tfidf__dopamine,0.040260431149803017
terms_abstract_tfidf__dopaminergic,0.03349155915699218
terms_abstract_tfidf__dorsal,0.018656040562202936
terms_abstract_tfidf__dorsal anterior,0.025830103298980663
terms_abstract_tfidf__dorsal attention,0.019729478966732834
terms_abstract_tfidf__dorsal medial,0.012605967371486063
terms_abstract_tfidf__dorsal premotor,-0.12575954031952766
terms_abstract_tfidf__dorsal striatum,0.005705231610445277
terms_abstract_tfidf__dorsal ventral,0.04467964594488472
terms_abstract_tfidf__dorsolateral,0.3700848674057672
terms_abstract_tfidf__dorsolateral pfc,0.24851726306861782
terms_abstract_tfidf__dorsolateral prefrontal,0.3439105243702612
terms_abstract_tfidf__dorsomedial,0.1314299582185187
terms_abstract_tfidf__dorsomedial prefrontal,0.11419305186685133
terms_abstract_tfidf__dose,0.021464353175383293
terms_abstract_tfidf__dot,-0.010240377204179146
terms_abstract_tfidf__double,0.024058293826441292
terms_abstract_tfidf__double blind,-0.01183642420318248
terms_abstract_tfidf__drive,-0.05260900453041016
terms_abstract_tfidf__driven,-0.04004871670558414
terms_abstract_tfidf__driving,-0.06750009836690975
terms_abstract_tfidf__drug,0.011433886676544582
terms_abstract_tfidf__drugs,0.03455803174534506
terms_abstract_tfidf__dti,-0.03971521982441807
terms_abstract_tfidf__dual,0.07372553821882523
terms_abstract_tfidf__duration,-0.10933264661227964
terms_abstract_tfidf__dynamic,-0.06825919755095397
terms_abstract_tfidf__dynamic causal,0.08795266488360838
terms_abstract_tfidf__dynamically,0.091508429988461
terms_abstract_tfidf__dynamics,-0.03475351735789897
terms_abstract_tfidf__dysfunction,-0.03520103995944931
terms_abstract_tfidf__dysfunctional,0.019435431670175026
terms_abstract_tfidf__dysfunctions,-0.06479072396102012
terms_abstract_tfidf__dyslexia,0.05320873587620839
terms_abstract_tfidf__dysregulation,-0.03160110878232679
terms_abstract_tfidf__earlier,0.04030977885408456
terms_abstract_tfidf__early,-0.06657778014376846
terms_abstract_tfidf__early stage,-0.007745950722615682
terms_abstract_tfidf__early stages,0.04190739191886485
terms_abstract_tfidf__early visual,0.01218099241877978
terms_abstract_tfidf__easy,0.11605416974338294
terms_abstract_tfidf__eating,0.021836769989322515
terms_abstract_tfidf__echo,-0.05390389898914304
terms_abstract_tfidf__economic,-0.004191277510421785
terms_abstract_tfidf__education,0.054751372629616726
terms_abstract_tfidf__eeg,-0.13407638284145215
terms_abstract_tfidf__effect,0.0039025830651580828
terms_abstract_tfidf__effective,0.04841771184114724
terms_abstract_tfidf__effective connectivity,0.12760399111062964
terms_abstract_tfidf__effectively,0.0123367131649836
terms_abstract_tfidf__effects,-0.06901099842677251
terms_abstract_tfidf__efficacy,-0.06887975259242746
terms_abstract_tfidf__efficiency,0.11687689359302754
terms_abstract_tfidf__efficient,0.10503364734135721
terms_abstract_tfidf__effort,0.03538215568100174
terms_abstract_tfidf__effortful,0.06262275400793547
terms_abstract_tfidf__eighteen,0.056461311716971156
terms_abstract_tfidf__elderly,-0.056051550634133224
terms_abstract_tfidf__electrical,-0.2445082469597499
terms_abstract_tfidf__electroencephalography,-0.11717544393170591
terms_abstract_tfidf__electroencephalography eeg,-0.11058317765129062
terms_abstract_tfidf__electrophysiological,-0.10023279234009431
terms_abstract_tfidf__elements,-0.029414259311131414
terms_abstract_tfidf__elevated,-0.09371237744152973
terms_abstract_tfidf__elicit,-0.05370852080157439
terms_abstract_tfidf__elicited,0.0404063583790298
terms_abstract_tfidf__elicits,-0.026547762859935493
terms_abstract_tfidf__elucidate,-0.050378101766203144
terms_abstract_tfidf__elucidated,-0.033864579158460785
terms_abstract_tfidf__elusive,0.019729049799426617
terms_abstract_tfidf__embedded,0.04823029390453599
terms_abstract_tfidf__emerge,-0.04781462222629512
terms_abstract_tfidf__emerged,-0.05012147727363614
terms_abstract_tfidf__emergence,-0.02988441575914991
terms_abstract_tfidf__emerging,-0.1355609691481088
terms_abstract_tfidf__emission,-0.015333090666161755
terms_abstract_tfidf__emission tomography,-0.004400993813371994
terms_abstract_tfidf__emotion,-0.05537918123860569
terms_abstract_tfidf__emotion regulation,0.028012294306246
terms_abstract_tfidf__emotional,-0.02915561052500487
terms_abstract_tfidf__emotional faces,0.07367282792981437
terms_abstract_tfidf__emotional information,0.015288871101272186
terms_abstract_tfidf__emotional responses,-0.04842806271053264
terms_abstract_tfidf__emotional stimuli,0.002844133448904442
terms_abstract_tfidf__emotional valence,-0.044541910177978546
terms_abstract_tfidf__emotionally,-0.011862322650478414
terms_abstract_tfidf__emotions,-0.08246126629914287
terms_abstract_tfidf__empathic,-0.07576873590551081
terms_abstract_tfidf__empathy,-0.1015792798307847
terms_abstract_tfidf__emphasize,0.02577294865195317
terms_abstract_tfidf__empirical,0.09542517074703646
terms_abstract_tfidf__employed,0.11563383365338949
terms_abstract_tfidf__employing,-0.07304549792019709
terms_abstract_tfidf__enable,0.02494567498239484
terms_abstract_tfidf__enabled,-0.11779887456419265
terms_abstract_tfidf__enables,0.02312420531451174
terms_abstract_tfidf__encode,-0.0917179853043903
terms_abstract_tfidf__encoded,0.1095108540330708
terms_abstract_tfidf__encoding,0.1445940261468964
terms_abstract_tfidf__encoding retrieval,0.13813102600807087
terms_abstract_tfidf__encompassing,-0.07275616580546884
terms_abstract_tfidf__end,-0.042230025475633495
terms_abstract_tfidf__endogenous,-0.027033123192590495
terms_abstract_tfidf__engage,0.0642819110417841
terms_abstract_tfidf__engaged,0.10078918598793322
terms_abstract_tfidf__engagement,0.15759407650834575
terms_abstract_tfidf__engages,0.00678904811371882
terms_abstract_tfidf__engaging,-0.0530100686618652
terms_abstract_tfidf__english,0.17172916344115577
terms_abstract_tfidf__enhance,-0.03958193370427365
terms_abstract_tfidf__enhancement,-0.007281020324339935
terms_abstract_tfidf__enhances,-0.05173952330740636
terms_abstract_tfidf__enhancing,-0.04059314922257385
terms_abstract_tfidf__entire,-0.13706553971525215
terms_abstract_tfidf__environment,-0.09316731094791625
terms_abstract_tfidf__environmental,-0.12297875116270676
terms_abstract_tfidf__environments,0.04637811920887352
terms_abstract_tfidf__epilepsy,-0.0810291620714286
terms_abstract_tfidf__episode,0.0487648463188971
terms_abstract_tfidf__episodes,-0.026888088298418662
terms_abstract_tfidf__episodic,0.05891629063783868
terms_abstract_tfidf__episodic memory,0.03210778340794169
terms_abstract_tfidf__equal,0.035108501423129004
terms_abstract_tfidf__equally,0.08432640401579002
terms_abstract_tfidf__equivalent,0.06531693375019289
terms_abstract_tfidf__erp,0.06570745482005744
terms_abstract_tfidf__error,0.14384226451105958
terms_abstract_tfidf__errors,0.16942848178591094
terms_abstract_tfidf__especially,-0.058057585796428064
terms_abstract_tfidf__essential,0.06578659083338763
terms_abstract_tfidf__establish,-0.05343960678694527
terms_abstract_tfidf__established,-0.07060192389394686
terms_abstract_tfidf__estimate,-0.05508252453568465
terms_abstract_tfidf__estimated,-0.06488315055511515
terms_abstract_tfidf__estimates,-0.13937689080755075
terms_abstract_tfidf__estimation,0.06700031422168659
terms_abstract_tfidf__et,0.0862317413133496
terms_abstract_tfidf__et al,0.07943023137329343
terms_abstract_tfidf__evaluate,-0.09855309996762121
terms_abstract_tfidf__evaluated,-0.0022922505936500783
terms_abstract_tfidf__evaluating,0.03807480829844213
terms_abstract_tfidf__evaluation,-0.02073007430493966
terms_abstract_tfidf__evaluations,-0.004501478934764653
terms_abstract_tfidf__event,0.136142443016613
terms_abstract_tfidf__event design,-0.025071486001419233
terms_abstract_tfidf__event functional,0.16528565016828017
terms_abstract_tfidf__event potential,0.07812733612622158
terms_abstract_tfidf__event potentials,0.05282322021705063
terms_abstract_tfidf__events,0.021438908146388887
terms_abstract_tfidf__everyday,0.001251902389299873
terms_abstract_tfidf__everyday life,0.06542871960334466
terms_abstract_tfidf__evidence,-0.02485905112937682
terms_abstract_tfidf__evidence suggests,-0.03063976397524698
terms_abstract_tfidf__evidenced,-0.08905744797712764
terms_abstract_tfidf__evident,0.053837265110175746
terms_abstract_tfidf__evoke,-0.12721937477940712
terms_abstract_tfidf__evoked,-0.24147514180112153
terms_abstract_tfidf__evolution,-0.11484670843236218
terms_abstract_tfidf__exact,0.08457532128759992
terms_abstract_tfidf__examination,0.01169888174635252
terms_abstract_tfidf__examining,-0.0327875881707637
terms_abstract_tfidf__example,0.0678614968758131
terms_abstract_tfidf__excessive,-0.03812534655231065
terms_abstract_tfidf__exclusively,0.03904971049569363
terms_abstract_tfidf__executed,-0.1206839600641794
terms_abstract_tfidf__execution,-0.05849075807414724
terms_abstract_tfidf__executive,0.2935257907543054
terms_abstract_tfidf__executive control,0.22071891231995855
terms_abstract_tfidf__executive function,0.17337184539584502
terms_abstract_tfidf__executive functions,0.18161024570224854
terms_abstract_tfidf__exert,0.057810347816176624
terms_abstract_tfidf__exhibit,0.13729821276513848
terms_abstract_tfidf__exhibited,0.02920833969086158
terms_abstract_tfidf__exhibited greater,0.040239190420230844
terms_abstract_tfidf__exhibiting,-0.03410360700030436
terms_abstract_tfidf__exist,0.011877406328749946
terms_abstract_tfidf__existence,-0.09698165420704853
terms_abstract_tfidf__existing,0.06240878468382065
terms_abstract_tfidf__exists,0.020911667534503797
terms_abstract_tfidf__expectancy,0.14969022794499218
terms_abstract_tfidf__expectation,0.002807209485998605
terms_abstract_tfidf__expectations,-0.022407144894999367
terms_abstract_tfidf__expected,-0.065478050492021
terms_abstract_tfidf__experience,-0.19719187409405328
terms_abstract_tfidf__experienced,-0.12257044125217738
terms_abstract_tfidf__experiences,-0.17202188144920347
terms_abstract_tfidf__experiencing,-0.046000372222732934
terms_abstract_tfidf__experiment,0.09564737616542289
terms_abstract_tfidf__experimental,0.0078001254912072136
terms_abstract_tfidf__experimental conditions,-0.03411854941302508
terms_abstract_tfidf__experimentally,-0.01734626031063229
terms_abstract_tfidf__experiments,-0.053083770646719076
terms_abstract_tfidf__expertise,-0.006511173958570451
terms_abstract_tfidf__explain,-0.007558050744023851
terms_abstract_tfidf__explained,0.031189913314037216
terms_abstract_tfidf__explanation,0.011004181575356443
terms_abstract_tfidf__explicit,0.08125040667782595
terms_abstract_tfidf__explicitly,0.05950460951059234
terms_abstract_tfidf__exploration,-0.023794025046344727
terms_abstract_tfidf__exploratory,-0.002164870986872755
terms_abstract_tfidf__explore,0.07279869630907473
terms_abstract_tfidf__explored,-0.01817675770521529
terms_abstract_tfidf__exploring,0.06267563804553965
terms_abstract_tfidf__exposed,0.009355140071923151
terms_abstract_tfidf__exposure,0.01733241015094732
terms_abstract_tfidf__expressed,-0.024044167672310646
terms_abstract_tfidf__expression,-0.12545348560738628
terms_abstract_tfidf__expressions,-0.027568509996973262
terms_abstract_tfidf__extend,-0.051441172206007996
terms_abstract_tfidf__extended,-0.09854820318964697
terms_abstract_tfidf__extending,-0.04585770153550565
terms_abstract_tfidf__extends,-0.1134003366207163
terms_abstract_tfidf__extension,-0.24614939960992582
terms_abstract_tfidf__extensive,-0.0228779017922941
terms_abstract_tfidf__extensively,-0.012053997507537318
terms_abstract_tfidf__extent,0.002853821913319056
terms_abstract_tfidf__external,-0.1257628132581193
terms_abstract_tfidf__externally,0.053961802617245105
terms_abstract_tfidf__extinction,-0.003512508294760783
terms_abstract_tfidf__extra,-0.01194436207333961
terms_abstract_tfidf__extract,-0.015364728138925466
terms_abstract_tfidf__extracted,-0.1074219347217981
terms_abstract_tfidf__extrastriate,0.006616630708570384
terms_abstract_tfidf__eye,-0.005080674075175911
terms_abstract_tfidf__eye field,0.034498788999171866
terms_abstract_tfidf__eye fields,0.008567854769732883
terms_abstract_tfidf__eye movement,-0.019038023535703285
terms_abstract_tfidf__eye movements,-0.01686514091399423
terms_abstract_tfidf__eyes,-0.040256031519918835
terms_abstract_tfidf__fa,0.0019437290985483244
terms_abstract_tfidf__face,0.054078508193019785
terms_abstract_tfidf__face ffa,0.01710950909689805
terms_abstract_tfidf__face recognition,0.022902978487451403
terms_abstract_tfidf__faces,0.049426861497372535
terms_abstract_tfidf__facial,-0.03411943733634433
terms_abstract_tfidf__facial expression,-0.07578005357594217
terms_abstract_tfidf__facial expressions,-0.05189716855639435
terms_abstract_tfidf__facilitate,0.034338151647409776
terms_abstract_tfidf__facilitated,0.0313869479569682
terms_abstract_tfidf__facilitates,0.0910501216043732
terms_abstract_tfidf__facilitation,0.07488295873898529
terms_abstract_tfidf__fact,-0.0490195417868836
terms_abstract_tfidf__factor,-0.02051347473133985
terms_abstract_tfidf__factorial,-0.08027292710498904
terms_abstract_tfidf__factorial design,-0.10243302658967504
terms_abstract_tfidf__factors,0.04688841322602826
terms_abstract_tfidf__failed,0.05805688238820041
terms_abstract_tfidf__failure,0.029504814034282203
terms_abstract_tfidf__false,0.13813276107956482
terms_abstract_tfidf__familiar,0.068073667838399
terms_abstract_tfidf__familiarity,0.09631010702213284
terms_abstract_tfidf__family,0.07578594381353806
terms_abstract_tfidf__far,-0.0383420447023309
terms_abstract_tfidf__fasciculus,-0.017130411618380293
terms_abstract_tfidf__fashion,0.147027970347546
terms_abstract_tfidf__fast,-0.029062934355955305
terms_abstract_tfidf__faster,-0.003002237194210807
terms_abstract_tfidf__fc,-0.1576110315684461
terms_abstract_tfidf__fear,-0.09156330734560704
terms_abstract_tfidf__fearful,-0.010163480726387687
terms_abstract_tfidf__fearful faces,-0.030713255524757944
terms_abstract_tfidf__feature,0.07804074461401385
terms_abstract_tfidf__features,-0.021857687160199108
terms_abstract_tfidf__feedback,-0.07464593660790274
terms_abstract_tfidf__feeling,-0.1547460614507726
terms_abstract_tfidf__feelings,-0.15851269849379757
terms_abstract_tfidf__female,-0.05424400876956711
terms_abstract_tfidf__females,-0.026210419139044955
terms_abstract_tfidf__fewer,0.1264674901665396
terms_abstract_tfidf__ffa,0.03425650848217914
terms_abstract_tfidf__fiber,-0.03460359316246356
terms_abstract_tfidf__field,-0.03796766726113815
terms_abstract_tfidf__fields,-0.049714868061627705
terms_abstract_tfidf__final,0.11436342881097426
terms_abstract_tfidf__finally,-0.09071524924332876
terms_abstract_tfidf__fine,-0.15500970369757755
terms_abstract_tfidf__finger,-0.138226708483545
terms_abstract_tfidf__finger movements,-0.050766078044806366
terms_abstract_tfidf__finger tapping,-0.0806177637659346
terms_abstract_tfidf__fixation,0.019640988438646877
terms_abstract_tfidf__fixed,0.05408819659776383
terms_abstract_tfidf__flexibility,0.11487017795808802
terms_abstract_tfidf__flexible,0.14317741004341705
terms_abstract_tfidf__flexibly,0.052945767341643475
terms_abstract_tfidf__flow,-0.10540170812599621
terms_abstract_tfidf__fluctuation,-0.09242859141432366
terms_abstract_tfidf__fluctuations,-0.11693050706714578
terms_abstract_tfidf__fluency,0.06983724814028697
terms_abstract_tfidf__focal,0.004294383425428198
terms_abstract_tfidf__foci,-0.13896730428406986
terms_abstract_tfidf__focus,-0.004049120378090258
terms_abstract_tfidf__focused,-0.03303218665600403
terms_abstract_tfidf__focusing,-0.07452449545085937
terms_abstract_tfidf__follow,-0.05274820650728582
terms_abstract_tfidf__followed,-0.07557427823419446
terms_abstract_tfidf__following,-0.151788029725842
terms_abstract_tfidf__food,0.023759010877213105
terms_abstract_tfidf__foot,-0.2743526935651901
terms_abstract_tfidf__force,-0.16080940939676783
terms_abstract_tfidf__form,0.05046282013016036
terms_abstract_tfidf__formation,-0.029644550034698743
terms_abstract_tfidf__formed,0.015770357277158448
terms_abstract_tfidf__forms,0.20272652264624838
terms_abstract_tfidf__forward,-0.10888978388915367
terms_abstract_tfidf__fourteen,-0.04056484008836872
terms_abstract_tfidf__fractional,-0.03282174382350797
terms_abstract_tfidf__fractional anisotropy,-0.0053339555239462185
terms_abstract_tfidf__framework,0.013481091352285117
terms_abstract_tfidf__free,0.06073100646479956
terms_abstract_tfidf__frequencies,-0.2001194307399551
terms_abstract_tfidf__frequency,-0.19981653638448968
terms_abstract_tfidf__frequency fluctuations,-0.1236365562675116
terms_abstract_tfidf__frequent,0.047225197295739825
terms_abstract_tfidf__frequently,0.054605617667755554
terms_abstract_tfidf__frontal,0.31763778634008843
terms_abstract_tfidf__frontal cortex,0.28999928377641093
terms_abstract_tfidf__frontal cortices,0.16977354375146503
terms_abstract_tfidf__frontal eye,0.04106131440373654
terms_abstract_tfidf__frontal gyri,0.12239390066860903
terms_abstract_tfidf__frontal gyrus,0.24138422147935917
terms_abstract_tfidf__frontal lobe,0.2658098341905688
terms_abstract_tfidf__frontal lobes,0.23041621372728233
terms_abstract_tfidf__frontal operculum,0.0062099977324415025
terms_abstract_tfidf__frontal parietal,0.19215259652485017
terms_abstract_tfidf__frontal temporal,0.07068954106078533
terms_abstract_tfidf__fronto,0.26335405302801046
terms_abstract_tfidf__fronto parietal,0.22114323155857563
terms_abstract_tfidf__fronto striatal,0.157073443232315
terms_abstract_tfidf__fronto temporal,0.0637804690558366
terms_abstract_tfidf__frontoparietal,0.22259744352266916
terms_abstract_tfidf__frontoparietal network,0.15086625811699841
terms_abstract_tfidf__frontopolar,0.28247203692743744
terms_abstract_tfidf__frontotemporal,0.03354208414884514
terms_abstract_tfidf__fully,-0.03941149307973282
terms_abstract_tfidf__function,0.037090551904145244
terms_abstract_tfidf__functional abnormalities,0.04134743176056654
terms_abstract_tfidf__functional connections,-0.06629737964678682
terms_abstract_tfidf__functional connectivity,-0.14460352384836186
terms_abstract_tfidf__functional coupling,-0.04022005425301917
terms_abstract_tfidf__functional magnetic,-0.03160523785324201
terms_abstract_tfidf__functional network,-0.0827735411960783
terms_abstract_tfidf__functional networks,-0.029374474713960496
terms_abstract_tfidf__functional neuroanatomy,-0.028443395299571315
terms_abstract_tfidf__functional organization,-0.0479054232561654
terms_abstract_tfidf__functional role,-0.05397523125751379
terms_abstract_tfidf__functional structural,0.01050485045257103
terms_abstract_tfidf__functionally,-0.0631766302649433
terms_abstract_tfidf__functionally connected,-0.037693897683838136
terms_abstract_tfidf__functioning,0.023940790138202713
terms_abstract_tfidf__functions,0.15454222401839676
terms_abstract_tfidf__fundamental,0.05601043333922537
terms_abstract_tfidf__furthermore,-0.051820916188602004
terms_abstract_tfidf__fusiform,0.056676739175072925
terms_abstract_tfidf__fusiform face,0.020774048186248322
terms_abstract_tfidf__fusiform gyri,0.0592183385103617
terms_abstract_tfidf__fusiform gyrus,0.06485534883255789
terms_abstract_tfidf__future,-0.02760520935616969
terms_abstract_tfidf__gain,0.039854493566116485
terms_abstract_tfidf__gains,0.07633858766061544
terms_abstract_tfidf__gambling,0.10130943751553632
terms_abstract_tfidf__game,0.086496350009367
terms_abstract_tfidf__gamma,-0.07606447610652249
terms_abstract_tfidf__ganglia,-0.08065048056110216
terms_abstract_tfidf__gap,0.056310711917051566
terms_abstract_tfidf__gaze,-0.0859388272545147
terms_abstract_tfidf__gender,0.019541438257150726
terms_abstract_tfidf__gene,0.06832520649136586
terms_abstract_tfidf__general,0.07935324041560923
terms_abstract_tfidf__general linear,-0.22395833429036097
terms_abstract_tfidf__generalized,0.014387434899951975
terms_abstract_tfidf__generally,0.014415190136864759
terms_abstract_tfidf__generate,0.03505432248733756
terms_abstract_tfidf__generated,-0.09831876099412953
terms_abstract_tfidf__generating,-0.019076954782561696
terms_abstract_tfidf__generation,-0.006966950802343604
terms_abstract_tfidf__genes,0.022868500447195673
terms_abstract_tfidf__genetic,0.0681667430215385
terms_abstract_tfidf__genetic risk,0.0726482537114669
terms_abstract_tfidf__genotype,0.05990041309149923
terms_abstract_tfidf__german,0.1286893736125869
terms_abstract_tfidf__gestures,-0.02582503916173672
terms_abstract_tfidf__given,0.09475935296111371
terms_abstract_tfidf__global,-0.014045510125286941
terms_abstract_tfidf__globus,-0.01135199831759057
terms_abstract_tfidf__globus pallidus,-0.011275742055400453
terms_abstract_tfidf__gm,0.00614519742768945
terms_abstract_tfidf__gm volume,-0.009280517322484283
terms_abstract_tfidf__goal,0.07713370468263162
terms_abstract_tfidf__goal directed,-0.028540184378124837
terms_abstract_tfidf__goals,0.003981072956583969
terms_abstract_tfidf__good,-0.0847744111172913
terms_abstract_tfidf__gradient,0.10829169811789122
terms_abstract_tfidf__granger,-0.014001834551096432
terms_abstract_tfidf__graph,-0.10706843145304755
terms_abstract_tfidf__grasping,-0.055645129758505316
terms_abstract_tfidf__gray,-0.07157007977235688
terms_abstract_tfidf__gray matter,-0.03896639042278364
terms_abstract_tfidf__great,-0.010213049378048655
terms_abstract_tfidf__greater,0.1737517332483308
terms_abstract_tfidf__greater extent,0.03649064745288434
terms_abstract_tfidf__greatest,-0.07217661485915752
terms_abstract_tfidf__grey,-0.10049929028471907
terms_abstract_tfidf__grey matter,-0.07881106388762185
terms_abstract_tfidf__group,-0.0946409096363104
terms_abstract_tfidf__group comparisons,0.015965013287145596
terms_abstract_tfidf__group healthy,-0.07892283168311094
terms_abstract_tfidf__group level,-0.09349516419750613
terms_abstract_tfidf__groups,0.021035558943190022
terms_abstract_tfidf__growing,0.08860924303047789
terms_abstract_tfidf__guide,-0.00028653466868745
terms_abstract_tfidf__guided,-0.002839290360344285
terms_abstract_tfidf__gyri,-0.059714215785393626
terms_abstract_tfidf__gyrus,0.06612568317526907
terms_abstract_tfidf__gyrus anterior,-0.09469390736187897
terms_abstract_tfidf__gyrus ba,0.13708906529263307
terms_abstract_tfidf__gyrus cerebellum,-0.10450702296824717
terms_abstract_tfidf__gyrus ifg,0.19048296005369877
terms_abstract_tfidf__gyrus inferior,0.07374832545750029
terms_abstract_tfidf__gyrus insula,-0.10739893687365534
terms_abstract_tfidf__gyrus medial,0.06825551176089614
terms_abstract_tfidf__gyrus mfg,0.06269428299073579
terms_abstract_tfidf__gyrus middle,0.10861570540159929
terms_abstract_tfidf__gyrus posterior,0.0037848050134062106
terms_abstract_tfidf__gyrus precuneus,-0.09662383999811137
terms_abstract_tfidf__gyrus stg,-0.1361824582313316
terms_abstract_tfidf__gyrus superior,-0.06735072418879685
terms_abstract_tfidf__half,-0.029373648664234035
terms_abstract_tfidf__hand,-0.16601462490710406
terms_abstract_tfidf__hand movements,-0.1357592578752543
terms_abstract_tfidf__handed,-0.08436340434602552
terms_abstract_tfidf__handedness,-0.027991104785118973
terms_abstract_tfidf__hands,-0.10253075273682836
terms_abstract_tfidf__happy,-0.041555389885263895
terms_abstract_tfidf__happy faces,-0.007096414575814462
terms_abstract_tfidf__having,0.1284215881274636
terms_abstract_tfidf__hc,0.020224476868157586
terms_abstract_tfidf__hcs,-0.0036504364991768005
terms_abstract_tfidf__head,-0.14584461461266562
terms_abstract_tfidf__health,-0.018593676854768825
terms_abstract_tfidf__healthy,-0.14202000304661466
terms_abstract_tfidf__healthy adults,-0.005931336339626891
terms_abstract_tfidf__healthy control,-0.01763418198880985
terms_abstract_tfidf__healthy controls,-0.09048732244606984
terms_abstract_tfidf__healthy handed,-0.11991868827921742
terms_abstract_tfidf__healthy human,-0.013621859468850644
terms_abstract_tfidf__healthy individuals,-0.09580107891986467
terms_abstract_tfidf__healthy male,-0.06756284925472075
terms_abstract_tfidf__healthy volunteers,-0.15782949351219278
terms_abstract_tfidf__healthy young,0.08705902374361746
terms_abstract_tfidf__heard,-0.0938491897693068
terms_abstract_tfidf__hearing,-0.07789249038494551
terms_abstract_tfidf__heart,-0.05573850403995607
terms_abstract_tfidf__heart rate,-0.038457872657627255
terms_abstract_tfidf__heightened,-0.019785362616527108
terms_abstract_tfidf__held,0.12587970137043036
terms_abstract_tfidf__help,-0.02700708513937522
terms_abstract_tfidf__hemisphere,0.018183370588771515
terms_abstract_tfidf__hemispheres,-0.09312200756771447
terms_abstract_tfidf__hemispheric,0.08143902558828896
terms_abstract_tfidf__hemodynamic,-0.15126087713781597
terms_abstract_tfidf__hemodynamic response,-0.09774389124213267
terms_abstract_tfidf__hemodynamic responses,-0.053968156033180247
terms_abstract_tfidf__heschl,-0.20441895049882325
terms_abstract_tfidf__heschl gyrus,-0.20612101529522103
terms_abstract_tfidf__heterogeneity,0.09028932439268632
terms_abstract_tfidf__heterogeneous,-0.06540697673809655
terms_abstract_tfidf__hierarchical,0.06525808360591079
terms_abstract_tfidf__hierarchy,-0.006360553618870883
terms_abstract_tfidf__high,-0.023146594276161527
terms_abstract_tfidf__high frequency,-0.05329324503453772
terms_abstract_tfidf__high functioning,-0.0543841929910282
terms_abstract_tfidf__high level,0.02358164550028653
terms_abstract_tfidf__high low,0.0958932147253818
terms_abstract_tfidf__high resolution,-0.10936822169201765
terms_abstract_tfidf__high risk,0.008786993065183287
terms_abstract_tfidf__higher,0.023321889531393213
terms_abstract_tfidf__higher level,0.043325228981705474
terms_abstract_tfidf__higher levels,-0.06530386651640874
terms_abstract_tfidf__higher order,0.0001553180657822069
terms_abstract_tfidf__highest,-0.05454049094514487
terms_abstract_tfidf__highlight,-0.04636706605719166
terms_abstract_tfidf__highlighted,-0.019911583070013988
terms_abstract_tfidf__highlights,-0.04721716469061509
terms_abstract_tfidf__highly,-0.07779361766475765
terms_abstract_tfidf__hippocampal,-0.05310704619284416
terms_abstract_tfidf__hippocampus,-0.06283392895662038
terms_abstract_tfidf__history,0.08726541983093317
terms_abstract_tfidf__hoc,-0.12561550023015666
terms_abstract_tfidf__homogeneity,-0.12497956747078955
terms_abstract_tfidf__homogeneity reho,-0.12084287315946758
terms_abstract_tfidf__hub,-0.16298317703278206
terms_abstract_tfidf__hubs,-0.14867012417030756
terms_abstract_tfidf__hum,-0.06862435976450434
terms_abstract_tfidf__hum mapp,-0.09086635837675369
terms_abstract_tfidf__human,-0.1368758508990027
terms_abstract_tfidf__humans,-0.08483218784706667
terms_abstract_tfidf__hyperactivation,0.022456573682652015
terms_abstract_tfidf__hyperactivity,-0.012197237465852403
terms_abstract_tfidf__hyperactivity disorder,0.016489932784822327
terms_abstract_tfidf__hypoactivation,0.06004161908009229
terms_abstract_tfidf__hypothalamus,-0.11746419030141156
terms_abstract_tfidf__hypotheses,-0.03359233388822715
terms_abstract_tfidf__hypothesize,-0.007968521709942987
terms_abstract_tfidf__hypothesized,0.0025291516750361696
terms_abstract_tfidf__hz,-0.23878494804986403
terms_abstract_tfidf__ica,-0.07328678953894838
terms_abstract_tfidf__idea,0.02688183872485244
terms_abstract_tfidf__identical,-0.028229207797400735
terms_abstract_tfidf__identification,0.016147651282449934
terms_abstract_tfidf__identified,-0.12446349622264917
terms_abstract_tfidf__identify,-0.04230122798395368
terms_abstract_tfidf__identifying,0.0580199161994235
terms_abstract_tfidf__identity,0.03644096764663256
terms_abstract_tfidf__ifg,0.1913945064902233
terms_abstract_tfidf__ii,-0.03913054615954833
terms_abstract_tfidf__iii,-0.036066126949511806
terms_abstract_tfidf__illness,-0.04540899661405921
terms_abstract_tfidf__illusion,-0.10141722059085329
terms_abstract_tfidf__illustrate,0.01942601757904153
terms_abstract_tfidf__image,-0.06094674434180723
terms_abstract_tfidf__imagery,-0.14828945840333776
terms_abstract_tfidf__images,0.02677222507367286
terms_abstract_tfidf__images acquired,-0.01615110232673555
terms_abstract_tfidf__imagine,-0.11545987555900096
terms_abstract_tfidf__imagined,-0.12737491153986083
terms_abstract_tfidf__imitation,-0.10943874906169013
terms_abstract_tfidf__immediate,-0.019046434344965796
terms_abstract_tfidf__immediately,-0.06673588428256186
terms_abstract_tfidf__impact,0.1172950752485756
terms_abstract_tfidf__impacts,-0.06451238443551004
terms_abstract_tfidf__impaired,0.026645259009604908
terms_abstract_tfidf__impairment,-0.03189734824511541
terms_abstract_tfidf__impairments,0.05985006350407045
terms_abstract_tfidf__implementation,0.14254561935233304
terms_abstract_tfidf__implemented,0.0487667300812923
terms_abstract_tfidf__implicate,-0.04924781591756316
terms_abstract_tfidf__implicated,0.06505245323923793
terms_abstract_tfidf__implications,0.05826030885318917
terms_abstract_tfidf__implications understanding,-0.04097204740501003
terms_abstract_tfidf__implicit,-0.011932192184915988
terms_abstract_tfidf__imply,0.02018138618099319
terms_abstract_tfidf__importance,-0.032452237618949685
terms_abstract_tfidf__important,-0.06596407096909367
terms_abstract_tfidf__important role,-0.048934821228410266
terms_abstract_tfidf__importantly,-0.022990491818034937
terms_abstract_tfidf__improve,-0.1573859246850966
terms_abstract_tfidf__improved,0.09373362000197756
terms_abstract_tfidf__improvement,-0.026124298150472746
terms_abstract_tfidf__improvements,-0.09037596590733384
terms_abstract_tfidf__improves,0.005595275246084954
terms_abstract_tfidf__impulsive,0.1290743781799908
terms_abstract_tfidf__impulsivity,0.1430838944222017
terms_abstract_tfidf__incentive,0.04094083912141733
terms_abstract_tfidf__incentive delay,0.00902142226212576
terms_abstract_tfidf__incidental,0.07352690160565843
terms_abstract_tfidf__include,-0.054268956802627506
terms_abstract_tfidf__included,-0.05296170803045721
terms_abstract_tfidf__includes,0.006371453640771733
terms_abstract_tfidf__incongruent,0.12980166626456105
terms_abstract_tfidf__inconsistent,-0.02241020585850295
terms_abstract_tfidf__incorrect,0.05096902210439927
terms_abstract_tfidf__increases,0.028444880405261018
terms_abstract_tfidf__increasing,-0.032677593214165045
terms_abstract_tfidf__increasingly,-0.022546704797088462
terms_abstract_tfidf__independent,-0.007016784460703697
terms_abstract_tfidf__independent component,-0.11835686398405496
terms_abstract_tfidf__independently,-0.010745796207805294
terms_abstract_tfidf__index,-0.19083474377210702
terms_abstract_tfidf__index finger,-0.1619409984744173
terms_abstract_tfidf__indexed,0.09865866885938557
terms_abstract_tfidf__indicate,-0.004209013189639312
terms_abstract_tfidf__indicated,0.0851834917564592
terms_abstract_tfidf__indicates,-0.008927068602350794
terms_abstract_tfidf__indicating,0.05073314535966959
terms_abstract_tfidf__indices,-0.08688542523218042
terms_abstract_tfidf__indirect,0.018586923599983884
terms_abstract_tfidf__individual,-0.15347362558969543
terms_abstract_tfidf__individual variability,-0.11127888304491765
terms_abstract_tfidf__individually,-0.08597313915862957
terms_abstract_tfidf__individuals,-0.09554787101704279
terms_abstract_tfidf__induce,-0.04889228911337591
terms_abstract_tfidf__induced,-0.2718489090529209
terms_abstract_tfidf__induces,-0.12475973895157762
terms_abstract_tfidf__inducing,-0.09293790310825335
terms_abstract_tfidf__induction,-0.16250263429058137
terms_abstract_tfidf__infer,0.04511057185991176
terms_abstract_tfidf__inference,-0.029931778345231193
terms_abstract_tfidf__inferences,0.11947033785417663
terms_abstract_tfidf__inferior,0.25002150357606306
terms_abstract_tfidf__inferior frontal,0.20418550031469593
terms_abstract_tfidf__inferior middle,0.14111858080236236
terms_abstract_tfidf__inferior occipital,0.07637373803110152
terms_abstract_tfidf__inferior parietal,0.12725204280850036
terms_abstract_tfidf__inferior prefrontal,0.23103300606598937
terms_abstract_tfidf__inferior superior,0.027015870701959977
terms_abstract_tfidf__inferior temporal,0.11657350030115791
terms_abstract_tfidf__influence,0.07594184374743865
terms_abstract_tfidf__influenced,0.02223712562861067
terms_abstract_tfidf__influences,0.01970630364073632
terms_abstract_tfidf__inform,0.022779512558207617
terms_abstract_tfidf__information,0.09561922116031707
terms_abstract_tfidf__inhibit,0.1447446328709676
terms_abstract_tfidf__inhibition,0.06677964218875433
terms_abstract_tfidf__inhibitory,0.04640597524853562
terms_abstract_tfidf__inhibitory control,0.17638486570687842
terms_abstract_tfidf__initial,-0.05018650669219387
terms_abstract_tfidf__initially,0.028814334717032784
terms_abstract_tfidf__initiation,-0.06490647489749685
terms_abstract_tfidf__injury,-0.0610447548129522
terms_abstract_tfidf__input,-0.11259702430413905
terms_abstract_tfidf__inputs,-0.1308848304567448
terms_abstract_tfidf__insight,-0.13237388375556594
terms_abstract_tfidf__insights,-0.05875919102121236
terms_abstract_tfidf__instead,-0.04788004022209786
terms_abstract_tfidf__instructed,0.10719386558654652
terms_abstract_tfidf__instruction,0.09140390572530245
terms_abstract_tfidf__instructions,0.17241301824382166
terms_abstract_tfidf__insula,-0.193214494028456
terms_abstract_tfidf__insula anterior,-0.0803386074811374
terms_abstract_tfidf__insula inferior,-0.0663916886630057
terms_abstract_tfidf__insular,-0.2019578990968238
terms_abstract_tfidf__insular cortex,-0.15218288063771818
terms_abstract_tfidf__intact,0.018557477041167603
terms_abstract_tfidf__integrate,-0.034899211854769234
terms_abstract_tfidf__integrated,-0.06385809816007212
terms_abstract_tfidf__integrating,-0.006273692453130524
terms_abstract_tfidf__integration,-0.11724778034662253
terms_abstract_tfidf__integrative,0.019647799859884588
terms_abstract_tfidf__integrity,-0.033867113030689594
terms_abstract_tfidf__intelligence,0.16411650949212972
terms_abstract_tfidf__intense,-0.10360053724005638
terms_abstract_tfidf__intensity,-0.2337349123747553
terms_abstract_tfidf__intention,0.11937322835510603
terms_abstract_tfidf__intentional,0.07943541717018891
terms_abstract_tfidf__intentions,0.027133384433631856
terms_abstract_tfidf__inter,-0.12195260453606342
terms_abstract_tfidf__inter individual,-0.02979069958472885
terms_abstract_tfidf__interact,0.09817759449169056
terms_abstract_tfidf__interacting,-0.031497186369211685
terms_abstract_tfidf__interaction,-0.0007084252597687377
terms_abstract_tfidf__interactions,-0.057938420159667756
terms_abstract_tfidf__interactive,0.010279521332813985
terms_abstract_tfidf__interacts,-0.034870690797760354
terms_abstract_tfidf__interestingly,-0.013305421197455638
terms_abstract_tfidf__interference,0.2105417511437572
terms_abstract_tfidf__interhemispheric,-0.061433657283603976
terms_abstract_tfidf__intermediate,0.0854420433105127
terms_abstract_tfidf__internal,-0.06828195179721233
terms_abstract_tfidf__internally,0.08220583897914568
terms_abstract_tfidf__interoceptive,-0.14379284420627614
terms_abstract_tfidf__interpersonal,-0.022198531788951602
terms_abstract_tfidf__interplay,-0.04487819514230761
terms_abstract_tfidf__interpret,-0.019252533401533843
terms_abstract_tfidf__interpretation,0.021127396106547795
terms_abstract_tfidf__interpreted,0.03451433287106835
terms_abstract_tfidf__interval,0.022784310920607866
terms_abstract_tfidf__intervals,-0.055091819231658776
terms_abstract_tfidf__intervention,0.022036276066466368
terms_abstract_tfidf__interventions,-0.05383361366142676
terms_abstract_tfidf__intra,0.10334686828263737
terms_abstract_tfidf__intraparietal,0.10624280091556129
terms_abstract_tfidf__intraparietal sulcus,0.11295766084617977
terms_abstract_tfidf__intrinsic,-0.13896641027597165
terms_abstract_tfidf__intrinsic functional,-0.07706330702860595
terms_abstract_tfidf__introduced,0.0050233433824024756
terms_abstract_tfidf__introduction,-0.1592473796819527
terms_abstract_tfidf__invariant,0.058189127863377384
terms_abstract_tfidf__invasive,-0.12173758800486145
terms_abstract_tfidf__inventory,-0.04032839622692527
terms_abstract_tfidf__inverse,-0.015417746761072609
terms_abstract_tfidf__inversely,-0.09197734079109936
terms_abstract_tfidf__investigates,0.04901954346213418
terms_abstract_tfidf__investigating,0.035157921539796466
terms_abstract_tfidf__investigation,-0.03708634316373264
terms_abstract_tfidf__investigations,0.05711768289778322
terms_abstract_tfidf__involve,0.026804643662430554
terms_abstract_tfidf__involved,0.0701908294437291
terms_abstract_tfidf__involved cognitive,0.16341712668181754
terms_abstract_tfidf__involvement,0.10382865538038626
terms_abstract_tfidf__involves,0.10196474866425978
terms_abstract_tfidf__involving,0.04690730647197635
terms_abstract_tfidf__ipl,0.14989672445261187
terms_abstract_tfidf__ips,0.1950149568477252
terms_abstract_tfidf__ipsilateral,-0.2337498701486443
terms_abstract_tfidf__iq,0.03625244781651082
terms_abstract_tfidf__irrelevant,0.152202860236752
terms_abstract_tfidf__irrespective,-0.05787375909611591
terms_abstract_tfidf__isolate,0.01053725638042413
terms_abstract_tfidf__isolated,0.05202938089782279
terms_abstract_tfidf__issue,0.01606390600968993
terms_abstract_tfidf__issues,0.0010145283941810953
terms_abstract_tfidf__item,0.24052913504906745
terms_abstract_tfidf__items,0.21058646262614855
terms_abstract_tfidf__iv,0.005213012647558165
terms_abstract_tfidf__joint,-0.1628934761489426
terms_abstract_tfidf__judge,0.1748277082624909
terms_abstract_tfidf__judged,0.030317644452250467
terms_abstract_tfidf__judgment,0.264587565933269
terms_abstract_tfidf__judgment task,0.19043836236982356
terms_abstract_tfidf__judgments,0.17863498018732166
terms_abstract_tfidf__junction,-0.005697000071623731
terms_abstract_tfidf__junction tpj,0.039801000517195595
terms_abstract_tfidf__just,-0.01946985304526935
terms_abstract_tfidf__key,-0.07652773791328722
terms_abstract_tfidf__key role,-0.0915599984524538
terms_abstract_tfidf__kinds,0.11701488176179625
terms_abstract_tfidf__know,0.014597057502904368
terms_abstract_tfidf__knowledge,0.09820368810775874
terms_abstract_tfidf__known,-0.010330226923106181
terms_abstract_tfidf__known involved,-0.12006767879960774
terms_abstract_tfidf__labeling,-0.07922605262107135
terms_abstract_tfidf__laboratory,-0.09136391936993725
terms_abstract_tfidf__lack,0.07676628388594385
terms_abstract_tfidf__lacking,0.01210871778527914
terms_abstract_tfidf__language,0.1215481934942525
terms_abstract_tfidf__language comprehension,0.07103977683677468
terms_abstract_tfidf__language network,0.12106363746827233
terms_abstract_tfidf__languages,0.11537857882319158
terms_abstract_tfidf__large,-0.05172067407859068
terms_abstract_tfidf__large sample,-0.026858424184825203
terms_abstract_tfidf__large scale,-0.012970713491508745
terms_abstract_tfidf__largely,-0.025349690042914475
terms_abstract_tfidf__largely unknown,-0.0675453068159517
terms_abstract_tfidf__larger,-0.01657639922452
terms_abstract_tfidf__late,0.05948577719377529
terms_abstract_tfidf__latencies,-0.031140617603692317
terms_abstract_tfidf__latency,-0.02758043463795633
terms_abstract_tfidf__later,0.054971843483803406
terms_abstract_tfidf__lateral,0.30178658923248103
terms_abstract_tfidf__lateral frontal,0.24106597299475463
terms_abstract_tfidf__lateral medial,0.08904981151421815
terms_abstract_tfidf__lateral occipital,0.028550798191872583
terms_abstract_tfidf__lateral orbitofrontal,0.1510746504385592
terms_abstract_tfidf__lateral parietal,0.03398380774146949
terms_abstract_tfidf__lateral prefrontal,0.3941323689355101
terms_abstract_tfidf__lateral temporal,-0.05157279227800084
terms_abstract_tfidf__laterality,-0.06837068029884853
terms_abstract_tfidf__lateralization,-0.03668405953435779
terms_abstract_tfidf__lateralized,0.11319705032325009
terms_abstract_tfidf__lead,-0.04412363082596604
terms_abstract_tfidf__leading,-0.03841584041735502
terms_abstract_tfidf__leads,0.01721097977341918
terms_abstract_tfidf__learn,0.016356571115643963
terms_abstract_tfidf__learned,-0.08335297661984416
terms_abstract_tfidf__learning,0.05496627973799132
terms_abstract_tfidf__learning task,0.06292242568136162
terms_abstract_tfidf__led,0.08885095730913722
terms_abstract_tfidf__length,0.026727708725904083
terms_abstract_tfidf__lesion,0.05395439068218212
terms_abstract_tfidf__lesions,0.0034713119498308827
terms_abstract_tfidf__lesser,-0.027692205565420614
terms_abstract_tfidf__letter,0.1683447307914689
terms_abstract_tfidf__letters,0.15692124813334343
terms_abstract_tfidf__level,-0.10634914213147001
terms_abstract_tfidf__level bold,-0.15548154733055547
terms_abstract_tfidf__level signal,-0.006692711621453974
terms_abstract_tfidf__levels,-0.040772267040949925
terms_abstract_tfidf__lexical,0.09748493721333423
terms_abstract_tfidf__lexical decision,0.010791244960105813
terms_abstract_tfidf__life,0.034152099063728646
terms_abstract_tfidf__light,-0.09721040656179754
terms_abstract_tfidf__like,0.055491167376881236
terms_abstract_tfidf__likelihood,0.09076089042542655
terms_abstract_tfidf__likely,-0.024816326507259526
terms_abstract_tfidf__limb,-0.24520297221806836
terms_abstract_tfidf__limbic,-0.13622875995356679
terms_abstract_tfidf__limitations,-0.00749528016458019
terms_abstract_tfidf__limited,0.0092459397626741
terms_abstract_tfidf__line,0.12292190492411756
terms_abstract_tfidf__linear,-0.12606060499504548
terms_abstract_tfidf__linear model,-0.1762874653174423
terms_abstract_tfidf__linearly,0.04772364735135804
terms_abstract_tfidf__lingual,-0.05481221724312501
terms_abstract_tfidf__lingual gyrus,-0.026261529990024336
terms_abstract_tfidf__linguistic,0.1382535653945503
terms_abstract_tfidf__link,-0.008693672091250023
terms_abstract_tfidf__linked,0.06670689929665048
terms_abstract_tfidf__linking,0.03288300665275842
terms_abstract_tfidf__links,-0.02705695930273953
terms_abstract_tfidf__list,0.09282696824625755
terms_abstract_tfidf__listened,-0.10865977612845093
terms_abstract_tfidf__listening,-0.1423417605952273
terms_abstract_tfidf__literature,0.03692352188385041
terms_abstract_tfidf__little,0.018907385024960952
terms_abstract_tfidf__little known,0.06852004583358645
terms_abstract_tfidf__load,0.2208005796133873
terms_abstract_tfidf__lobe,-0.01639635883813208
terms_abstract_tfidf__lobe mtl,-0.021661528543375264
terms_abstract_tfidf__lobes,0.06883142379164871
terms_abstract_tfidf__lobule,0.047539434271339887
terms_abstract_tfidf__lobule ipl,0.18155387583718793
terms_abstract_tfidf__lobules,0.04634758644857589
terms_abstract_tfidf__local,-0.1255213457425192
terms_abstract_tfidf__localization,-0.12806045940477528
terms_abstract_tfidf__localize,-0.06630767577647066
terms_abstract_tfidf__localized,-0.1441568255293128
terms_abstract_tfidf__located,-0.05844947906093163
terms_abstract_tfidf__location,-0.09701735897657528
terms_abstract_tfidf__locations,-0.011896666394484789
terms_abstract_tfidf__locus,-0.028494440664898073
terms_abstract_tfidf__long,0.08128736871646225
terms_abstract_tfidf__long term,0.13007382696664244
terms_abstract_tfidf__longer,-0.03330676860156001
terms_abstract_tfidf__longitudinal,-0.0008903817947687828
terms_abstract_tfidf__loop,0.04937574728646687
terms_abstract_tfidf__loss,-0.11689160734230325
terms_abstract_tfidf__losses,0.1296990382270043
terms_abstract_tfidf__low,-0.004119399646259242
terms_abstract_tfidf__low frequency,-0.14390139726186302
terms_abstract_tfidf__low high,-0.05159711731922644
terms_abstract_tfidf__low level,-0.11919417386894703
terms_abstract_tfidf__lower,-0.03222249533983003
terms_abstract_tfidf__m1,-0.2049811823916943
terms_abstract_tfidf__machine,0.007977498646484458
terms_abstract_tfidf__magnetic,-0.07871471426125178
terms_abstract_tfidf__magnetic resonance,-0.07789052046960573
terms_abstract_tfidf__magnetic stimulation,-0.06636596661570102
terms_abstract_tfidf__magnetoencephalography,-0.15488516805762872
terms_abstract_tfidf__magnitude,0.03687647485098437
terms_abstract_tfidf__main,-0.004304315449883342
terms_abstract_tfidf__main effect,0.005884502821541623
terms_abstract_tfidf__mainly,-0.06882516133646727
terms_abstract_tfidf__maintain,0.10178364070916
terms_abstract_tfidf__maintained,0.1290177186828777
terms_abstract_tfidf__maintaining,0.08243868640626129
terms_abstract_tfidf__maintenance,0.21512924260058472
terms_abstract_tfidf__major,0.02493925728673124
terms_abstract_tfidf__major depression,0.07073802673568147
terms_abstract_tfidf__major depressive,0.03534648582323091
terms_abstract_tfidf__majority,-0.12399097874688098
terms_abstract_tfidf__make,0.20891389629319326
terms_abstract_tfidf__making,0.17002285785215238
terms_abstract_tfidf__male,-0.05160011449813549
terms_abstract_tfidf__male female,-0.043287632146167015
terms_abstract_tfidf__males,-0.09579858777183939
terms_abstract_tfidf__manifest,0.02734171917260244
terms_abstract_tfidf__manipulated,0.1707597390628914
terms_abstract_tfidf__manipulating,0.2255823651746523
terms_abstract_tfidf__manipulation,0.046875160844089034
terms_abstract_tfidf__manipulations,0.10495289191872634
terms_abstract_tfidf__manner,0.050501518730369066
terms_abstract_tfidf__manual,-0.15133766919695418
terms_abstract_tfidf__map,-0.16937279286504123
terms_abstract_tfidf__mapp,-0.09403908830284106
terms_abstract_tfidf__mapped,-0.09645879536228445
terms_abstract_tfidf__mapping,0.008908231894773293
terms_abstract_tfidf__maps,-0.2029566279499167
terms_abstract_tfidf__marked,-0.05122908011208291
terms_abstract_tfidf__marker,0.01503291183283202
terms_abstract_tfidf__markers,0.05389062929478527
terms_abstract_tfidf__masked,-0.0018020619807772205
terms_abstract_tfidf__mass,-0.047210719215762906
terms_abstract_tfidf__match,0.04807387400791569
terms_abstract_tfidf__matching,0.1422424718513774
terms_abstract_tfidf__matching task,0.19276216944377167
terms_abstract_tfidf__material,0.25018979014332615
terms_abstract_tfidf__materials,0.12746029695175584
terms_abstract_tfidf__matrix,-0.13318126737855684
terms_abstract_tfidf__matter,-0.03560108607955345
terms_abstract_tfidf__matter density,-0.03599507037178556
terms_abstract_tfidf__matter gm,0.009763318516432121
terms_abstract_tfidf__matter volume,-0.08023512213840521
terms_abstract_tfidf__matter volumes,-0.023061364660326752
terms_abstract_tfidf__maturation,0.07371567444992821
terms_abstract_tfidf__maximal,-0.02185905647538419
terms_abstract_tfidf__maximum,-0.0542847592392542
terms_abstract_tfidf__mci,-0.028769554084147494
terms_abstract_tfidf__mdd,0.019243800965667236
terms_abstract_tfidf__mean,-0.046902349628941103
terms_abstract_tfidf__mean age,-0.030682656674428214
terms_abstract_tfidf__meaning,0.08904022932269509
terms_abstract_tfidf__meaningful,-0.05414398462061274
terms_abstract_tfidf__means,-0.02561126978045218
terms_abstract_tfidf__measure,-0.05609476329662024
terms_abstract_tfidf__measurement,-0.04523374105632586
terms_abstract_tfidf__measurements,-0.08143091210304035
terms_abstract_tfidf__measures,-0.08156675764804948
terms_abstract_tfidf__measuring,-0.09918339083179777
terms_abstract_tfidf__mechanism,-0.07062021756031192
terms_abstract_tfidf__mechanisms,0.09897604584471843
terms_abstract_tfidf__mechanisms involved,0.1356790769350867
terms_abstract_tfidf__mechanisms underlying,-0.04942893263317754
terms_abstract_tfidf__medial,-0.010526088098923378
terms_abstract_tfidf__medial frontal,0.11859189937919588
terms_abstract_tfidf__medial lateral,0.1276825339020836
terms_abstract_tfidf__medial orbitofrontal,-0.036865544922467686
terms_abstract_tfidf__medial pfc,0.046111306134693913
terms_abstract_tfidf__medial prefrontal,-0.033811047513583416
terms_abstract_tfidf__medial superior,-0.07534048718397904
terms_abstract_tfidf__medial temporal,-0.014468334388145659
terms_abstract_tfidf__median,-0.263742475095435
terms_abstract_tfidf__mediate,-0.05678498502462356
terms_abstract_tfidf__mediated,0.06066870037599539
terms_abstract_tfidf__mediates,0.0967646093888482
terms_abstract_tfidf__mediating,0.10114023451570918
terms_abstract_tfidf__medication,0.025412588582732844
terms_abstract_tfidf__meg,-0.1548910827525548
terms_abstract_tfidf__memories,0.000692703018061512
terms_abstract_tfidf__memory,0.2692193247326383
terms_abstract_tfidf__memory encoding,0.09587509415802425
terms_abstract_tfidf__memory load,0.20855833325616532
terms_abstract_tfidf__memory performance,0.14979640602587777
terms_abstract_tfidf__memory processes,0.16193387600841647
terms_abstract_tfidf__memory retrieval,0.1100317343882774
terms_abstract_tfidf__memory task,0.20313534508299594
terms_abstract_tfidf__memory tasks,0.20539723830186263
terms_abstract_tfidf__memory test,0.13456067191190751
terms_abstract_tfidf__memory wm,0.20351296372271072
terms_abstract_tfidf__men,-0.005597937115722233
terms_abstract_tfidf__men women,0.024989769643767156
terms_abstract_tfidf__mental,-0.006379426413745474
terms_abstract_tfidf__mental imagery,-0.029340360914872035
terms_abstract_tfidf__mental state,-0.0521717370644463
terms_abstract_tfidf__mental states,-0.07257207331692499
terms_abstract_tfidf__mentalizing,-0.05568356849857514
terms_abstract_tfidf__mesial,-0.13600214129393573
terms_abstract_tfidf__mesolimbic,0.07524444866930724
terms_abstract_tfidf__met,-0.015722356478876563
terms_abstract_tfidf__metabolic,0.03703469623760352
terms_abstract_tfidf__metabolism,-0.047858505341997946
terms_abstract_tfidf__method,-0.13832020599143915
terms_abstract_tfidf__methodological,-0.006491972105724178
terms_abstract_tfidf__methodology,0.0835506091944689
terms_abstract_tfidf__methodology principal,0.09583017454794067
terms_abstract_tfidf__methods,-0.062029460520221645
terms_abstract_tfidf__methods functional,0.061360702828773
terms_abstract_tfidf__mfg,0.12718714923101532
terms_abstract_tfidf__mg,0.07814288682977992
terms_abstract_tfidf__mid,-0.07198398713643382
terms_abstract_tfidf__midbrain,-0.06038832142051425
terms_abstract_tfidf__middle,0.10101917809758051
terms_abstract_tfidf__middle cingulate,-0.2569299384233212
terms_abstract_tfidf__middle frontal,0.28718448902297
terms_abstract_tfidf__middle inferior,0.12223093899076595
terms_abstract_tfidf__middle occipital,-0.05653219394893915
terms_abstract_tfidf__middle superior,-0.08177320333679107
terms_abstract_tfidf__middle temporal,0.0359801173649346
terms_abstract_tfidf__midline,-0.20704699650799396
terms_abstract_tfidf__mild,-0.10948377714681021
terms_abstract_tfidf__mild cognitive,-0.04273091027859677
terms_abstract_tfidf__min,-0.12712261025123445
terms_abstract_tfidf__mind,-0.009596396574568854
terms_abstract_tfidf__mind tom,-0.014887202770409181
terms_abstract_tfidf__minimal,0.015728657132343858
terms_abstract_tfidf__mirror,-0.13297073012404392
terms_abstract_tfidf__mirror neuron,-0.0919838563584955
terms_abstract_tfidf__mixed,-0.050390257477556
terms_abstract_tfidf__mm,0.03381827031459351
terms_abstract_tfidf__mnemonic,0.09622937091466673
terms_abstract_tfidf__modal,-0.09908597019720917
terms_abstract_tfidf__modalities,0.0014701851902694275
terms_abstract_tfidf__modality,-0.013408234091705551
terms_abstract_tfidf__mode,-0.12696335573538256
terms_abstract_tfidf__mode network,-0.15008012586215824
terms_abstract_tfidf__model,-0.054715458673211474
terms_abstract_tfidf__modeling,0.08302988742090747
terms_abstract_tfidf__models,-0.04994210478193102
terms_abstract_tfidf__moderate,-0.12336065510460827
terms_abstract_tfidf__modified,0.10571074003547976
terms_abstract_tfidf__modulate,-0.03718699303600067
terms_abstract_tfidf__modulated,0.023285792500125777
terms_abstract_tfidf__modulates,0.022368237822472867
terms_abstract_tfidf__modulating,0.0319110854037877
terms_abstract_tfidf__modulation,-0.08666584399774845
terms_abstract_tfidf__modulations,-0.09136941182109731
terms_abstract_tfidf__modulatory,-0.12014216928625365
terms_abstract_tfidf__monetary,0.035572252684958144
terms_abstract_tfidf__monetary incentive,0.010628164969704637
terms_abstract_tfidf__monetary reward,0.07308213755404601
terms_abstract_tfidf__money,-0.053034701611073085
terms_abstract_tfidf__monitor,0.06135418975702111
terms_abstract_tfidf__monitored,-0.02253050964286359
terms_abstract_tfidf__monitoring,0.13518847893471195
terms_abstract_tfidf__monkey,-0.07342650855236987
terms_abstract_tfidf__monkeys,-0.011456554721470018
terms_abstract_tfidf__months,-0.06633777617656396
terms_abstract_tfidf__mood,0.029067696579213643
terms_abstract_tfidf__moral,-0.04467131367656285
terms_abstract_tfidf__morphological,-0.06975870595327334
terms_abstract_tfidf__morphology,-0.06542352944429826
terms_abstract_tfidf__morphometry,-0.05726354996162785
terms_abstract_tfidf__morphometry vbm,-0.0015949124899737035
terms_abstract_tfidf__motion,-0.11403105898069905
terms_abstract_tfidf__motivation,0.055257574193874705
terms_abstract_tfidf__motivational,0.059221292770516194
terms_abstract_tfidf__motor,-0.16352140610093774
terms_abstract_tfidf__motor control,-0.12480266130494119
terms_abstract_tfidf__motor cortex,-0.23870341429150235
terms_abstract_tfidf__motor function,-0.15783760742575328
terms_abstract_tfidf__motor imagery,-0.1381979564550112
terms_abstract_tfidf__motor network,-0.16833061599766797
terms_abstract_tfidf__motor performance,-0.14258690369679713
terms_abstract_tfidf__motor pre,0.11758811838351083
terms_abstract_tfidf__motor premotor,-0.12120368252000956
terms_abstract_tfidf__motor response,0.02305268156334159
terms_abstract_tfidf__motor responses,-0.014692034247394431
terms_abstract_tfidf__motor sma,-0.1882897803629016
terms_abstract_tfidf__motor task,-0.11448201335232928
terms_abstract_tfidf__movement,-0.2093129749304781
terms_abstract_tfidf__movements,-0.16359127918182056
terms_abstract_tfidf__moving,-0.10374367076480641
terms_abstract_tfidf__mpfc,0.019404151383134605
terms_abstract_tfidf__mr,-0.08431275232359113
terms_abstract_tfidf__ms,-0.045479048454205584
terms_abstract_tfidf__mt,-0.036112581485218745
terms_abstract_tfidf__mtg,0.017850060524148236
terms_abstract_tfidf__mtl,0.010246049086064284
terms_abstract_tfidf__multi,-0.06973914674697906
terms_abstract_tfidf__multimodal,-0.14688891090416425
terms_abstract_tfidf__multiple,-0.010161728366971235
terms_abstract_tfidf__multiple comparisons,-0.028292341201070707
terms_abstract_tfidf__multiple sclerosis,0.03021103166655941
terms_abstract_tfidf__multisensory,-0.19385858083047527
terms_abstract_tfidf__multivariate,-0.039876727894380536
terms_abstract_tfidf__multivariate pattern,-0.005247101392118808
terms_abstract_tfidf__muscle,-0.2754464676346958
terms_abstract_tfidf__music,-0.13663263075184445
terms_abstract_tfidf__musical,-0.12091287782400224
terms_abstract_tfidf__musicians,-0.06973358903264018
terms_abstract_tfidf__naive,-0.0023150842286182465
terms_abstract_tfidf__names,0.06991983949677912
terms_abstract_tfidf__naming,0.007538192197207832
terms_abstract_tfidf__native,0.13531576261877823
terms_abstract_tfidf__natural,-0.0397441090128086
terms_abstract_tfidf__naturalistic,-0.07151496246124353
terms_abstract_tfidf__nature,0.05189527002952894
terms_abstract_tfidf__navigation,-0.11161028705398005
terms_abstract_tfidf__near,0.009169468821142326
terms_abstract_tfidf__necessary,0.07656079191185329
terms_abstract_tfidf__need,0.040857971294453475
terms_abstract_tfidf__needed,0.05890144737962876
terms_abstract_tfidf__needs,-0.09277285962145768
terms_abstract_tfidf__negative,0.016521372893876084
terms_abstract_tfidf__negative affect,0.033546399397487395
terms_abstract_tfidf__negative correlation,-0.021899385510344368
terms_abstract_tfidf__negative correlations,-0.07187843284464324
terms_abstract_tfidf__negative emotional,-0.008862355163789712
terms_abstract_tfidf__negative emotions,0.015076159004206448
terms_abstract_tfidf__negative feedback,0.1378105352650197
terms_abstract_tfidf__negative neutral,0.07076634352177358
terms_abstract_tfidf__negative positive,0.010825595126628515
terms_abstract_tfidf__negatively,-0.015191035526309321
terms_abstract_tfidf__negatively correlated,-0.07239954090717819
terms_abstract_tfidf__negativity,0.1315434332021285
terms_abstract_tfidf__neocortical,0.008480032694634496
terms_abstract_tfidf__nerve,-0.23606439221240227
terms_abstract_tfidf__nervous,-0.28337102855620344
terms_abstract_tfidf__network,-0.0706269047514062
terms_abstract_tfidf__network connectivity,-0.10420793043338851
terms_abstract_tfidf__network dmn,-0.116823468406614
terms_abstract_tfidf__network involved,0.04046686539827521
terms_abstract_tfidf__networks,-0.0423773223679925
terms_abstract_tfidf__networks involved,-0.036296603372336415
terms_abstract_tfidf__neuro,0.0305880429196066
terms_abstract_tfidf__neuroanatomical,-0.061204378950565894
terms_abstract_tfidf__neuroanatomy,-0.042210338206040594
terms_abstract_tfidf__neurobiological,0.0008760659861233877
terms_abstract_tfidf__neurobiology,-0.0015232282228673252
terms_abstract_tfidf__neurocognitive,0.0724050067403018
terms_abstract_tfidf__neurodegenerative,-0.08761198451699254
terms_abstract_tfidf__neurodevelopmental,0.07582862197101879
terms_abstract_tfidf__neurofunctional,0.02336334201833104
terms_abstract_tfidf__neurological,-0.12634289868986065
terms_abstract_tfidf__neuron,-0.066091252771296
terms_abstract_tfidf__neuronal,0.02997896841039257
terms_abstract_tfidf__neurons,-0.08708553704112065
terms_abstract_tfidf__neurophysiological,-0.1332405602994113
terms_abstract_tfidf__neuropsychiatric,-0.017616711871659762
terms_abstract_tfidf__neuropsychological,0.1541704043602403
terms_abstract_tfidf__neuroscience,-0.005317192072674976
terms_abstract_tfidf__neutral,-0.006562422223702653
terms_abstract_tfidf__neutral faces,-0.008909770991315137
terms_abstract_tfidf__neutral pictures,-0.009160582951934714
terms_abstract_tfidf__neutral stimuli,0.0050805293185067915
terms_abstract_tfidf__new,0.08917191628516287
terms_abstract_tfidf__new insights,0.005081109831757014
terms_abstract_tfidf__newly,-0.09363052210371947
terms_abstract_tfidf__nineteen,0.09393407221341041
terms_abstract_tfidf__nociceptive,-0.15533679799673505
terms_abstract_tfidf__node,-0.07548169888458113
terms_abstract_tfidf__nodes,-0.011748577310192465
terms_abstract_tfidf__nogo,0.053622421878583224
terms_abstract_tfidf__noise,-0.163325376853159
terms_abstract_tfidf__non,-0.1531457357156875
terms_abstract_tfidf__normal,-0.07112351904375554
terms_abstract_tfidf__normal controls,0.03791871703843914
terms_abstract_tfidf__normalized,-0.07485949651629095
terms_abstract_tfidf__normally,-0.036304573998408425
terms_abstract_tfidf__notably,-0.13372219909760008
terms_abstract_tfidf__noted,-0.05579286794815103
terms_abstract_tfidf__notion,0.09255218965535039
terms_abstract_tfidf__nouns,0.0706191483770318
terms_abstract_tfidf__novel,0.08823744397649717
terms_abstract_tfidf__novelty,0.07261247550145324
terms_abstract_tfidf__noxious,-0.11641834825805754
terms_abstract_tfidf__nuclei,0.0034632018549839764
terms_abstract_tfidf__nucleus,0.009723457120417821
terms_abstract_tfidf__nucleus accumbens,0.0040404550028167435
terms_abstract_tfidf__number,0.22216059683822845
terms_abstract_tfidf__numbers,0.25544071789266404
terms_abstract_tfidf__numerical,0.20464644017771674
terms_abstract_tfidf__numerous,0.04322980582528339
terms_abstract_tfidf__object,-0.007067155519823172
terms_abstract_tfidf__object recognition,-0.01417376282691585
terms_abstract_tfidf__objective,-0.08623031563276717
terms_abstract_tfidf__objectives,-0.044159330353399584
terms_abstract_tfidf__objects,0.035208676382011354
terms_abstract_tfidf__observation,-0.12963915437997725
terms_abstract_tfidf__observations,0.01949627339660469
terms_abstract_tfidf__observer,-0.10686111377181565
terms_abstract_tfidf__observers,-0.03062579321181687
terms_abstract_tfidf__observing,-0.08532466186742803
terms_abstract_tfidf__obsessive,0.04885589082883776
terms_abstract_tfidf__obsessive compulsive,0.05156792444548818
terms_abstract_tfidf__obtain,-0.04428135818788012
terms_abstract_tfidf__obtained,-0.07253224801915173
terms_abstract_tfidf__occipital,0.007640217452958798
terms_abstract_tfidf__occipital cortex,0.01659206330185236
terms_abstract_tfidf__occipital gyrus,0.018930452876949104
terms_abstract_tfidf__occipital lobe,-0.10226173142337616
terms_abstract_tfidf__occipital parietal,0.023718936839094738
terms_abstract_tfidf__occipital temporal,0.023067838951406752
terms_abstract_tfidf__occipito,0.0665402526220644
terms_abstract_tfidf__occipito temporal,0.07154169630695574
terms_abstract_tfidf__occipitotemporal,0.047760359270891374
terms_abstract_tfidf__occipitotemporal cortex,0.039425339576937925
terms_abstract_tfidf__occur,0.03329701855034488
terms_abstract_tfidf__occurred,-0.01281762622885165
terms_abstract_tfidf__occurrence,0.07982812276633365
terms_abstract_tfidf__occurring,-0.07413418935942205
terms_abstract_tfidf__occurs,-0.01765645679463603
terms_abstract_tfidf__ocd,0.08543809006707173
terms_abstract_tfidf__oddball,-0.08779465448302634
terms_abstract_tfidf__ofc,0.10357379194314456
terms_abstract_tfidf__offer,-0.0761426587412648
terms_abstract_tfidf__offers,-0.04604421287161535
terms_abstract_tfidf__old,0.00045193256037347705
terms_abstract_tfidf__older,0.058179003166952487
terms_abstract_tfidf__older adults,0.08153386347685493
terms_abstract_tfidf__olfactory,-0.013200813304223786
terms_abstract_tfidf__ones,0.10949770457276146
terms_abstract_tfidf__ongoing,0.06583762986137849
terms_abstract_tfidf__online,-0.1409393766122102
terms_abstract_tfidf__onset,-0.18791768646526197
terms_abstract_tfidf__open,-0.02857478816373406
terms_abstract_tfidf__operation,0.13380037521247262
terms_abstract_tfidf__operations,0.21486229400957982
terms_abstract_tfidf__opercular,-0.1825496144613667
terms_abstract_tfidf__opercularis,0.009596781566795788
terms_abstract_tfidf__operculum,-0.17475917406181066
terms_abstract_tfidf__opportunity,0.006739696085334313
terms_abstract_tfidf__opposed,-0.11479191316157857
terms_abstract_tfidf__opposite,-0.1817605603220237
terms_abstract_tfidf__optimal,0.10675652530041804
terms_abstract_tfidf__optimized,-0.047126173920086306
terms_abstract_tfidf__options,0.08998069204530468
terms_abstract_tfidf__oral,-0.08935336480492106
terms_abstract_tfidf__orbital,0.07379986416690383
terms_abstract_tfidf__orbitofrontal,0.08980484817820994
terms_abstract_tfidf__orbitofrontal cortex,0.09343121946029653
terms_abstract_tfidf__order,0.0864884405114563
terms_abstract_tfidf__organization,-0.13974535214216044
terms_abstract_tfidf__organized,-0.027252193567957328
terms_abstract_tfidf__orientation,-0.02629580476489928
terms_abstract_tfidf__oriented,0.02047733056529343
terms_abstract_tfidf__orienting,0.010758903651413257
terms_abstract_tfidf__origin,-0.03932653120611636
terms_abstract_tfidf__original,0.11244474313015822
terms_abstract_tfidf__orthographic,0.14994240154679914
terms_abstract_tfidf__oscillations,-0.08939212074105889
terms_abstract_tfidf__outcome,0.03498241574019945
terms_abstract_tfidf__outcomes,0.05630607173963361
terms_abstract_tfidf__output,-0.13565248044372988
terms_abstract_tfidf__outside,0.03693176470133667
terms_abstract_tfidf__outside scanner,0.10333139964186135
terms_abstract_tfidf__overall,-0.07006710346600113
terms_abstract_tfidf__overcome,0.03341773841740244
terms_abstract_tfidf__overlap,0.06855569429097026
terms_abstract_tfidf__overlapped,0.061687570048824705
terms_abstract_tfidf__overlapping,-0.02972861006745924
terms_abstract_tfidf__overt,-0.10507920131309327
terms_abstract_tfidf__oxygen,-0.16167998406051542
terms_abstract_tfidf__oxygen level,-0.16482130817279786
terms_abstract_tfidf__oxygenation,-0.040715757816552796
terms_abstract_tfidf__oxygenation level,-0.037529112265932855
terms_abstract_tfidf__paced,-0.10299430698099152
terms_abstract_tfidf__pain,-0.24001045206699528
terms_abstract_tfidf__painful,-0.17734179739674036
terms_abstract_tfidf__pair,-0.023290340678850066
terms_abstract_tfidf__paired,0.024628584402427944
terms_abstract_tfidf__pairs,0.1291179980320207
terms_abstract_tfidf__pallidus,-0.011275742055400453
terms_abstract_tfidf__paper,-0.07265498103290112
terms_abstract_tfidf__paradigm,0.12084852791700408
terms_abstract_tfidf__paradigms,0.08208895630442403
terms_abstract_tfidf__parahippocampal,-0.08663444831623848
terms_abstract_tfidf__parahippocampal cortex,-0.05809577128351711
terms_abstract_tfidf__parahippocampal gyrus,-0.09385599872180231
terms_abstract_tfidf__parahippocampus,-0.1441898903045031
terms_abstract_tfidf__paralimbic,-0.14027971882454415
terms_abstract_tfidf__parallel,-0.008188716294498279
terms_abstract_tfidf__parameter,-0.02510923590995343
terms_abstract_tfidf__parameters,-0.0902644932174944
terms_abstract_tfidf__parametric,0.06966300752552862
terms_abstract_tfidf__parametric mapping,0.002895614696423151
terms_abstract_tfidf__parametrically,0.04733385537530853
terms_abstract_tfidf__parietal,0.10565670431833149
terms_abstract_tfidf__parietal cortex,0.16412939440581634
terms_abstract_tfidf__parietal cortices,0.11926004364818851
terms_abstract_tfidf__parietal frontal,0.1362990213181423
terms_abstract_tfidf__parietal junction,-0.01847660572413308
terms_abstract_tfidf__parietal lobe,-0.06243612652798918
terms_abstract_tfidf__parietal lobes,0.1807569739779823
terms_abstract_tfidf__parietal lobule,0.07943865320012373
terms_abstract_tfidf__parietal lobules,0.0680978876491315
terms_abstract_tfidf__parietal network,0.2092511839921132
terms_abstract_tfidf__parietal occipital,-0.07107663890574219
terms_abstract_tfidf__parietal temporal,0.025314408849443453
terms_abstract_tfidf__parieto,-0.0908388904600347
terms_abstract_tfidf__parieto occipital,-0.05165846396699821
terms_abstract_tfidf__parkinson,-0.09472774993003932
terms_abstract_tfidf__parkinson disease,-0.08670344745915226
terms_abstract_tfidf__pars,0.03619259204069932
terms_abstract_tfidf__pars opercularis,0.009687787257635982
terms_abstract_tfidf__partial,-0.08407704277693899
terms_abstract_tfidf__partially,-0.011199995381183788
terms_abstract_tfidf__participant,-0.15480787950150954
terms_abstract_tfidf__participate,-0.041851431312516174
terms_abstract_tfidf__participated,0.13464777050199778
terms_abstract_tfidf__particular,-0.0412156841186794
terms_abstract_tfidf__particularly,-0.012591897694387939
terms_abstract_tfidf__partly,-0.05678238203938805
terms_abstract_tfidf__partner,0.09256938004606341
terms_abstract_tfidf__parts,-0.12403564015907757
terms_abstract_tfidf__passive,-0.2598612760945239
terms_abstract_tfidf__passive viewing,-0.025794478331045843
terms_abstract_tfidf__passively,-0.013415939010070573
terms_abstract_tfidf__past,0.02728280688265206
terms_abstract_tfidf__pathological,-0.03942807041743215
terms_abstract_tfidf__pathology,-0.01186862144393521
terms_abstract_tfidf__pathophysiological,-0.05865522173067753
terms_abstract_tfidf__pathophysiology,0.01577509351010159
terms_abstract_tfidf__pathway,-0.09122667110455947
terms_abstract_tfidf__pathways,-0.08515280233039642
terms_abstract_tfidf__patient,-0.05665566879613038
terms_abstract_tfidf__patient group,0.055131989967798875
terms_abstract_tfidf__patient groups,0.00020539200834658063
terms_abstract_tfidf__pattern,0.018074209007656213
terms_abstract_tfidf__patterns,-0.05948272173339773
terms_abstract_tfidf__pcc,-0.18025873215831992
terms_abstract_tfidf__pd,-0.07553187812695937
terms_abstract_tfidf__peak,-0.17944963795068353
terms_abstract_tfidf__people,0.0028349910103409146
terms_abstract_tfidf__perceive,-0.06059573614710713
terms_abstract_tfidf__perceived,-0.1670881180727781
terms_abstract_tfidf__perceiving,-0.0826546080246322
terms_abstract_tfidf__percept,0.018327360060923257
terms_abstract_tfidf__perception,-0.19658223498210675
terms_abstract_tfidf__perceptual,0.039795920532629744
terms_abstract_tfidf__perform,0.07616099335224186
terms_abstract_tfidf__performance,0.18528645389393633
terms_abstract_tfidf__performance task,0.06876571621967288
terms_abstract_tfidf__performances,0.035197821267498965
terms_abstract_tfidf__performing,0.030894949936463224
terms_abstract_tfidf__perfusion,-0.09491264271564927
terms_abstract_tfidf__periaqueductal,-0.11996852623295795
terms_abstract_tfidf__period,-0.011294924535941695
terms_abstract_tfidf__periodicals,-0.08748365124735843
terms_abstract_tfidf__periods,-0.1140972084334029
terms_abstract_tfidf__peripheral,-0.1821940215883413
terms_abstract_tfidf__persistent,-0.04331951893163999
terms_abstract_tfidf__person,-0.04664182720844406
terms_abstract_tfidf__personal,-0.02366775042399302
terms_abstract_tfidf__personality,0.04213154307837423
terms_abstract_tfidf__personality traits,-0.018712843871713427
terms_abstract_tfidf__persons,0.05404064967861363
terms_abstract_tfidf__perspective,0.05796720088136301
terms_abstract_tfidf__pet,-0.051827520299584935
terms_abstract_tfidf__pfc,0.3097992171180053
terms_abstract_tfidf__pharmacological,0.020182177944676964
terms_abstract_tfidf__phase,-0.1313232072402225
terms_abstract_tfidf__phases,-0.028498852850862233
terms_abstract_tfidf__phenomena,-0.1463437330532198
terms_abstract_tfidf__phenomenon,-0.17405034200219713
terms_abstract_tfidf__phenotype,-0.009534420806882216
terms_abstract_tfidf__phonological,0.14058642646363756
terms_abstract_tfidf__photographs,-0.02641959322025597
terms_abstract_tfidf__physical,-0.20424427913320858
terms_abstract_tfidf__physiological,-0.12941116197142244
terms_abstract_tfidf__picture,0.10878445001759868
terms_abstract_tfidf__pictures,0.06690198283351105
terms_abstract_tfidf__pitch,-0.11690851965189433
terms_abstract_tfidf__place,0.022724236640124913
terms_abstract_tfidf__placebo,-0.017055633033442454
terms_abstract_tfidf__placebo controlled,0.0059460958562313855
terms_abstract_tfidf__planning,0.001284360548106587
terms_abstract_tfidf__planum,-0.17818247185542166
terms_abstract_tfidf__planum temporale,-0.16412534288327546
terms_abstract_tfidf__plasticity,-0.14157932171545148
terms_abstract_tfidf__play,-0.008663260219017624
terms_abstract_tfidf__play important,-0.05768441311675951
terms_abstract_tfidf__play role,-0.039156805131239696
terms_abstract_tfidf__played,-0.014747951415115715
terms_abstract_tfidf__playing,-0.00882137696441981
terms_abstract_tfidf__plays,-0.08597445189184104
terms_abstract_tfidf__plays important,-0.01379437581162471
terms_abstract_tfidf__plays role,0.03208099031958579
terms_abstract_tfidf__pleasant,-0.08962937687040143
terms_abstract_tfidf__point,-0.09824724770278957
terms_abstract_tfidf__pointing,0.0170272346559435
terms_abstract_tfidf__points,-0.08327224875236541
terms_abstract_tfidf__pole,-0.03346126907468532
terms_abstract_tfidf__polymorphism,0.056387017893525626
terms_abstract_tfidf__poor,0.02934700926414326
terms_abstract_tfidf__poorer,0.10287716347617416
terms_abstract_tfidf__poorly,0.025381696296786205
terms_abstract_tfidf__poorly understood,0.006516994580914325
terms_abstract_tfidf__population,-0.06941434193241966
terms_abstract_tfidf__populations,-0.0407549028996202
terms_abstract_tfidf__portion,-0.09852948310748028
terms_abstract_tfidf__portions,0.03455829516327993
terms_abstract_tfidf__position,-0.09290984240381446
terms_abstract_tfidf__positive,-0.07548760681065783
terms_abstract_tfidf__positive correlation,-0.04571612788795206
terms_abstract_tfidf__positive correlations,-0.14860482841317144
terms_abstract_tfidf__positive negative,-0.04000464813902179
terms_abstract_tfidf__positively,-0.006852787016675663
terms_abstract_tfidf__positively correlated,0.005877318648189754
terms_abstract_tfidf__positron,-0.0012413746741170833
terms_abstract_tfidf__positron emission,-0.001155536781835642
terms_abstract_tfidf__possibility,-0.04955261041164017
terms_abstract_tfidf__possible,-0.118508625460119
terms_abstract_tfidf__possibly,0.06530732213184687
terms_abstract_tfidf__post,-0.09900475805347776
terms_abstract_tfidf__post hoc,-0.1276395186716324
terms_abstract_tfidf__postcentral,-0.2246274999962838
terms_abstract_tfidf__postcentral gyrus,-0.22445839344851073
terms_abstract_tfidf__posterior,-0.16448871364454232
terms_abstract_tfidf__posterior anterior,-0.11318560324555126
terms_abstract_tfidf__posterior cingulate,-0.14015768394936282
terms_abstract_tfidf__posterior inferior,0.1563097673549703
terms_abstract_tfidf__posterior insula,-0.3076274930638319
terms_abstract_tfidf__posterior middle,0.061834015217954966
terms_abstract_tfidf__posterior parietal,0.08902345758053357
terms_abstract_tfidf__posterior superior,-0.06002020711789183
terms_abstract_tfidf__posterior temporal,0.03922531341782208
terms_abstract_tfidf__posttraumatic,-0.06934257395478571
terms_abstract_tfidf__potential,-0.055092113844286375
terms_abstract_tfidf__potentially,-0.061288014861504085
terms_abstract_tfidf__potentials,-0.09451673979130895
terms_abstract_tfidf__power,-0.1034530259039381
terms_abstract_tfidf__powerful,-0.008330534128249576
terms_abstract_tfidf__ppc,0.0798899395050642
terms_abstract_tfidf__ppi,0.07014585396834745
terms_abstract_tfidf__practice,-0.15167102593594842
terms_abstract_tfidf__pre,-0.001853058870307196
terms_abstract_tfidf__pre post,-0.04683787252239335
terms_abstract_tfidf__pre sma,0.11700690148884095
terms_abstract_tfidf__pre supplementary,0.14396876732861938
terms_abstract_tfidf__preceded,0.05690553173005201
terms_abstract_tfidf__preceding,0.0801570877339501
terms_abstract_tfidf__precentral,-0.08840664221502859
terms_abstract_tfidf__precentral gyrus,-0.07334906378422644
terms_abstract_tfidf__precise,0.012136317600940414
terms_abstract_tfidf__precuneus,-0.18498554060037378
terms_abstract_tfidf__precuneus posterior,-0.134801593561117
terms_abstract_tfidf__predict,-0.04844294706200822
terms_abstract_tfidf__predicted,0.003314924461850999
terms_abstract_tfidf__predicting,-0.03386133519568429
terms_abstract_tfidf__prediction,0.1117995618876316
terms_abstract_tfidf__prediction error,0.13122342508784918
terms_abstract_tfidf__predictions,0.08392072355988907
terms_abstract_tfidf__predictive,-0.040843419917150604
terms_abstract_tfidf__predictors,-0.06783216069494027
terms_abstract_tfidf__predicts,-0.030962683634637705
terms_abstract_tfidf__predominantly,-0.01183231927417304
terms_abstract_tfidf__preference,-0.05841107325246895
terms_abstract_tfidf__preferences,0.03156537892164674
terms_abstract_tfidf__preferential,0.054508741553485056
terms_abstract_tfidf__preferentially,-0.045928785266101856
terms_abstract_tfidf__prefrontal,0.3189486244223702
terms_abstract_tfidf__prefrontal cortex,0.26692165212247954
terms_abstract_tfidf__prefrontal cortical,0.192761240787843
terms_abstract_tfidf__prefrontal cortices,0.18364348712893552
terms_abstract_tfidf__prefrontal parietal,0.31230569106446693
terms_abstract_tfidf__preliminary,-0.011677997311183408
terms_abstract_tfidf__premotor,-0.11971099940948929
terms_abstract_tfidf__premotor cortex,-0.13743546520386776
terms_abstract_tfidf__preparation,-0.039884482431495574
terms_abstract_tfidf__preparatory,0.04035844726027336
terms_abstract_tfidf__presence,-0.16925315724477563
terms_abstract_tfidf__presentation,0.09240502019308504
terms_abstract_tfidf__presentations,0.024961541060529908
terms_abstract_tfidf__presented,0.0990382340098475
terms_abstract_tfidf__presenting,0.05121044668587136
terms_abstract_tfidf__preserved,-0.03405948876655644
terms_abstract_tfidf__press,-0.03922628826107616
terms_abstract_tfidf__pressure,-0.09458308460309206
terms_abstract_tfidf__presumably,-0.009644032545516873
terms_abstract_tfidf__previous,0.14044109414538855
terms_abstract_tfidf__previous functional,0.05558157261538242
terms_abstract_tfidf__previous reports,-0.21834722830332068
terms_abstract_tfidf__previous research,0.05010067178174602
terms_abstract_tfidf__previous shown,0.06597504160872257
terms_abstract_tfidf__previous work,0.0542356558599744
terms_abstract_tfidf__primarily,-0.0030575988186300872
terms_abstract_tfidf__primary,-0.3104470342292095
terms_abstract_tfidf__primary auditory,-0.22458132521697952
terms_abstract_tfidf__primary motor,-0.2278251407718431
terms_abstract_tfidf__primary secondary,-0.23474200558102293
terms_abstract_tfidf__primary sensorimotor,-0.204569443845143
terms_abstract_tfidf__primary somatosensory,-0.27756875092777566
terms_abstract_tfidf__primary visual,-0.06700063311005217
terms_abstract_tfidf__primates,-0.012953012070984884
terms_abstract_tfidf__prime,0.01058380596488827
terms_abstract_tfidf__priming,0.09998578922413406
terms_abstract_tfidf__principal,-0.04073426052432572
terms_abstract_tfidf__principle,0.049432476697854624
terms_abstract_tfidf__prior,0.0930286800119608
terms_abstract_tfidf__priori,-0.0304794026212276
terms_abstract_tfidf__probabilistic,0.046647981037726216
terms_abstract_tfidf__probability,0.11490854181400344
terms_abstract_tfidf__probably,-0.06733825877585792
terms_abstract_tfidf__probe,0.17310955252742968
terms_abstract_tfidf__problem,0.133264905210475
terms_abstract_tfidf__problems,0.1645353331213836
terms_abstract_tfidf__procedure,-0.029931226971362412
terms_abstract_tfidf__procedures,0.05034267363361834
terms_abstract_tfidf__process,0.20367674663227836
terms_abstract_tfidf__processed,0.003586700496417717
terms_abstract_tfidf__processes,0.2644892160003159
terms_abstract_tfidf__processes involved,0.09749144963089919
terms_abstract_tfidf__processes underlying,0.03728215061526292
terms_abstract_tfidf__produce,-0.11027265156030584
terms_abstract_tfidf__produced,-0.10882985944929939
terms_abstract_tfidf__producing,-0.09980757545193902
terms_abstract_tfidf__production,-0.10949108595770542
terms_abstract_tfidf__profile,0.058438985169548825
terms_abstract_tfidf__profiles,0.026295965534443383
terms_abstract_tfidf__progression,-0.052386884177777364
terms_abstract_tfidf__progressive,-0.0007785602057931801
terms_abstract_tfidf__prolonged,-0.11910780720307791
terms_abstract_tfidf__prominent,-0.0038842178891660183
terms_abstract_tfidf__promising,-0.03715526597331235
terms_abstract_tfidf__pronounced,-0.07103475970437076
terms_abstract_tfidf__proper,-0.10440196100046066
terms_abstract_tfidf__properties,-0.15560126484424833
terms_abstract_tfidf__proportion,0.10983473344316418
terms_abstract_tfidf__propose,0.02017577017034283
terms_abstract_tfidf__proposed,0.05881273446316465
terms_abstract_tfidf__prospective,-0.0005164518417622819
terms_abstract_tfidf__protocol,-0.13674285369789108
terms_abstract_tfidf__provide,-0.02755053743355142
terms_abstract_tfidf__provide evidence,-0.07714558004507782
terms_abstract_tfidf__provide new,0.025141514478394803
terms_abstract_tfidf__provide novel,0.0676093978355136
terms_abstract_tfidf__provided,-0.0294572993772936
terms_abstract_tfidf__provides,-0.06449249010712682
terms_abstract_tfidf__provides evidence,-0.008152423871896363
terms_abstract_tfidf__providing,-0.0760325042144161
terms_abstract_tfidf__pseudowords,0.017053075407361337
terms_abstract_tfidf__psts,-0.11062346396700698
terms_abstract_tfidf__psychiatric,0.03602782167522336
terms_abstract_tfidf__psychiatric disorders,0.060874184546242605
terms_abstract_tfidf__psychological,-0.08137028069452489
terms_abstract_tfidf__psychopathology,-0.0074081933258675955
terms_abstract_tfidf__psychophysical,-0.14831362025247652
terms_abstract_tfidf__psychophysiological,-0.010126826384400918
terms_abstract_tfidf__psychophysiological interaction,0.036151405650153075
terms_abstract_tfidf__psychosis,-0.038591795299910366
terms_abstract_tfidf__psychotic,-0.10084213815406542
terms_abstract_tfidf__ptsd,-0.03223524856568375
terms_abstract_tfidf__published,0.01777775195792962
terms_abstract_tfidf__punishment,0.08307846892726323
terms_abstract_tfidf__pure,-0.02463825848163956
terms_abstract_tfidf__purpose,-0.08549019852481668
terms_abstract_tfidf__putamen,-0.1618611281515647
terms_abstract_tfidf__putative,0.03474055927534534
terms_abstract_tfidf__quality,-0.10835857162653607
terms_abstract_tfidf__quantified,-0.08798825226933983
terms_abstract_tfidf__quantify,-0.10173119365012283
terms_abstract_tfidf__quantitative,-0.0056715966604509276
terms_abstract_tfidf__question,0.1617373066555726
terms_abstract_tfidf__questionnaire,0.020510328646725827
terms_abstract_tfidf__questions,0.039682494135570165
terms_abstract_tfidf__random,-0.02954702135033066
terms_abstract_tfidf__random effects,-0.03407395690815479
terms_abstract_tfidf__randomized,-0.17053315607775155
terms_abstract_tfidf__randomly,0.0029622647333847427
terms_abstract_tfidf__range,-0.05743159920283206
terms_abstract_tfidf__ranging,-0.15013577314958176
terms_abstract_tfidf__rapid,-0.05445915776439795
terms_abstract_tfidf__rapidly,0.04272190018345051
terms_abstract_tfidf__rare,-0.09191017502599742
terms_abstract_tfidf__rarely,0.05736499453360273
terms_abstract_tfidf__rate,-0.03236483677394969
terms_abstract_tfidf__rated,-0.1278368447002793
terms_abstract_tfidf__rates,-0.03098821265387309
terms_abstract_tfidf__rating,-0.10213166744129618
terms_abstract_tfidf__ratings,-0.13986798402450232
terms_abstract_tfidf__ratio,-0.08479195319275043
terms_abstract_tfidf__rationale,-0.03157170208298086
terms_abstract_tfidf__reach,-0.07376974406417425
terms_abstract_tfidf__reaching,-0.04398912372137525
terms_abstract_tfidf__reaction,0.1286278057402014
terms_abstract_tfidf__reaction time,0.12569277392050235
terms_abstract_tfidf__reaction times,0.0885379554860174
terms_abstract_tfidf__reactions,-0.054517438454407534
terms_abstract_tfidf__reactivity,-0.07787539566809384
terms_abstract_tfidf__read,0.1925975251678625
terms_abstract_tfidf__readers,0.1892687477189097
terms_abstract_tfidf__reading,0.1714675184444385
terms_abstract_tfidf__real,-0.10882954921409602
terms_abstract_tfidf__real time,-0.15214101230356586
terms_abstract_tfidf__real world,-0.0455051166488157
terms_abstract_tfidf__reality,0.01197742801458868
terms_abstract_tfidf__reappraisal,0.15267840467187652
terms_abstract_tfidf__reasoning,0.23235643484600904
terms_abstract_tfidf__recall,0.06597617361212042
terms_abstract_tfidf__receive,0.02768603296772979
terms_abstract_tfidf__received,0.025615370139128235
terms_abstract_tfidf__receiving,0.06543310730626765
terms_abstract_tfidf__recently,-0.0656067572349944
terms_abstract_tfidf__receptor,0.06260634696577151
terms_abstract_tfidf__recognition,0.14050789731880264
terms_abstract_tfidf__recognition memory,0.19147494970801396
terms_abstract_tfidf__recognition task,0.07660290655894081
terms_abstract_tfidf__recognize,-0.012103861569301383
terms_abstract_tfidf__recognized,-0.01648421713535394
terms_abstract_tfidf__recognizing,0.01992954795025966
terms_abstract_tfidf__recollection,0.06651557031498842
terms_abstract_tfidf__recorded,-0.15651797154875627
terms_abstract_tfidf__recording,-0.18898809887546084
terms_abstract_tfidf__recordings,-0.13211688081629624
terms_abstract_tfidf__recovery,-0.12204579728813322
terms_abstract_tfidf__recruit,0.07232721500118695
terms_abstract_tfidf__recruited,0.13393898352701125
terms_abstract_tfidf__recruitment,0.05118229526064545
terms_abstract_tfidf__recruits,0.07840192259004976
terms_abstract_tfidf__reduce,-0.04441110192681
terms_abstract_tfidf__reduces,-0.035834572137908575
terms_abstract_tfidf__reducing,0.11292412384457252
terms_abstract_tfidf__reduction,-0.07427841202042751
terms_abstract_tfidf__reductions,0.06128566242900654
terms_abstract_tfidf__reference,-0.038649502515614435
terms_abstract_tfidf__referential,-0.045501882928934693
terms_abstract_tfidf__referred,-0.031895458479758276
terms_abstract_tfidf__refers,-0.05513108317059979
terms_abstract_tfidf__reflect,-0.02337660253346392
terms_abstract_tfidf__reflected,0.11290159245837872
terms_abstract_tfidf__reflecting,0.010364075300470925
terms_abstract_tfidf__reflects,0.056031354199814566
terms_abstract_tfidf__regard,0.058050672810424836
terms_abstract_tfidf__regarding,-5.336785609716545e-05
terms_abstract_tfidf__regardless,0.022076202038673727
terms_abstract_tfidf__regional,-0.08779562382236246
terms_abstract_tfidf__regional cerebral,-0.04334873996219695
terms_abstract_tfidf__regional gray,-0.029564330773595607
terms_abstract_tfidf__regional homogeneity,-0.1294060135342411
terms_abstract_tfidf__regular,0.01054701625765462
terms_abstract_tfidf__regulate,0.08221229300945802
terms_abstract_tfidf__regulating,-0.011715578521433685
terms_abstract_tfidf__regulation,0.013776521789190066
terms_abstract_tfidf__regulatory,0.054206649261329884
terms_abstract_tfidf__rehabilitation,-0.16434799708005668
terms_abstract_tfidf__rehearsal,0.09104953170185963
terms_abstract_tfidf__reho,-0.11656006458056539
terms_abstract_tfidf__reinforcement,0.06018369597793299
terms_abstract_tfidf__reinforcement learning,0.0456837035887162
terms_abstract_tfidf__relate,-0.06235426616527125
terms_abstract_tfidf__relates,0.012670434692782617
terms_abstract_tfidf__relation,-0.011919819705219017
terms_abstract_tfidf__relational,0.23876037190504748
terms_abstract_tfidf__relations,0.14284031244856754
terms_abstract_tfidf__relationship,0.00979826752220729
terms_abstract_tfidf__relationships,-0.05486392908830015
terms_abstract_tfidf__relatively,-0.0015863095153152596
terms_abstract_tfidf__relevance,-0.07907174842535686
terms_abstract_tfidf__relevant,0.00016147687944281902
terms_abstract_tfidf__relevant information,0.08319492913397139
terms_abstract_tfidf__reliability,-0.13865442140514095
terms_abstract_tfidf__reliable,-0.16339124440363267
terms_abstract_tfidf__reliably,-0.019101553035461075
terms_abstract_tfidf__reliance,0.04376851257241778
terms_abstract_tfidf__relied,0.051571545710546264
terms_abstract_tfidf__relies,0.07241041651070707
terms_abstract_tfidf__rely,0.08330145895387596
terms_abstract_tfidf__remain,0.03287292391439282
terms_abstract_tfidf__remain unclear,0.04514522022098685
terms_abstract_tfidf__remained,0.01286647312218497
terms_abstract_tfidf__remaining,-0.006190880754470379
terms_abstract_tfidf__remarkably,-0.07390872714016201
terms_abstract_tfidf__remember,0.16012787899901185
terms_abstract_tfidf__remembered,0.06600134260446909
terms_abstract_tfidf__remembering,0.08837808020676788
terms_abstract_tfidf__remote,-0.10974888733878459
terms_abstract_tfidf__reorganization,-0.12944115098577674
terms_abstract_tfidf__repeat,0.042553685651600656
terms_abstract_tfidf__repeated,-0.0047697955334959465
terms_abstract_tfidf__repeatedly,0.04325111602590075
terms_abstract_tfidf__repetition,-0.037444104459258484
terms_abstract_tfidf__repetition suppression,-0.049925020315182485
terms_abstract_tfidf__repetitive,-0.04701522229163386
terms_abstract_tfidf__replicate,0.033267784338762915
terms_abstract_tfidf__replicated,0.015841358586012523
terms_abstract_tfidf__report,-0.03335480007962489
terms_abstract_tfidf__reported,-0.0692085650462968
terms_abstract_tfidf__reports,-0.19148314098608413
terms_abstract_tfidf__represent,0.008226099893095792
terms_abstract_tfidf__representation,-0.08146758848223147
terms_abstract_tfidf__representational,-0.09024007268101944
terms_abstract_tfidf__representations,0.04111139916157954
terms_abstract_tfidf__represented,0.03998300664688989
terms_abstract_tfidf__representing,-0.03510413253293676
terms_abstract_tfidf__represents,-0.08422055191625752
terms_abstract_tfidf__require,0.04641512602592994
terms_abstract_tfidf__required,0.2043890613514836
terms_abstract_tfidf__requirements,0.1468217543196493
terms_abstract_tfidf__requires,0.1571245327967686
terms_abstract_tfidf__requiring,0.13441516270259338
terms_abstract_tfidf__research,-0.001658841325577803
terms_abstract_tfidf__research suggests,-0.03375503061995859
terms_abstract_tfidf__researchers,-0.03271536791782693
terms_abstract_tfidf__residual,-0.14395691804272676
terms_abstract_tfidf__resolution,-0.008786326569665976
terms_abstract_tfidf__resolve,0.08904630026223061
terms_abstract_tfidf__resonance,-0.079297237712254
terms_abstract_tfidf__resonance experiment,0.030825226604208375
terms_abstract_tfidf__resonance healthy,0.061914964020230334
terms_abstract_tfidf__resonance images,-0.04959971394779406
terms_abstract_tfidf__resonance measure,0.007616887127864565
terms_abstract_tfidf__resonance performing,0.14587304903005524
terms_abstract_tfidf__resonance rs,-0.06770786266723137
terms_abstract_tfidf__resonance scans,-0.10259473439316756
terms_abstract_tfidf__resources,0.1613444495111146
terms_abstract_tfidf__respect,-0.02811248777133167
terms_abstract_tfidf__respective,-0.013245404346741228
terms_abstract_tfidf__respectively,0.13159845073861065
terms_abstract_tfidf__respond,-0.009412547636890907
terms_abstract_tfidf__responded,0.05697539883622325
terms_abstract_tfidf__responding,0.041327834339672236
terms_abstract_tfidf__responds,-0.07634054981418334
terms_abstract_tfidf__response,0.005032062221906206
terms_abstract_tfidf__response inhibition,0.14973640283951062
terms_abstract_tfidf__response selection,0.12303706717901756
terms_abstract_tfidf__response time,0.14722858858341814
terms_abstract_tfidf__response times,0.21434085034852934
terms_abstract_tfidf__responses,-0.07623778463359222
terms_abstract_tfidf__responsible,-0.055175523250733376
terms_abstract_tfidf__responsive,-0.07216163194369547
terms_abstract_tfidf__responsiveness,-0.10486288193444024
terms_abstract_tfidf__rest,-0.18484311114327656
terms_abstract_tfidf__resting,-0.16203004273405816
terms_abstract_tfidf__resting state,-0.14993838669115184
terms_abstract_tfidf__restricted,-0.14296527527397138
terms_abstract_tfidf__result,0.0024830958079691628
terms_abstract_tfidf__resulted,0.04884857987326097
terms_abstract_tfidf__resulting,-0.1676634438909
terms_abstract_tfidf__retention,0.026484352428448026
terms_abstract_tfidf__retrieval,0.17468632858049588
terms_abstract_tfidf__retrieved,0.04734149438364939
terms_abstract_tfidf__retrosplenial,-0.15291504763367542
terms_abstract_tfidf__retrosplenial cortex,-0.13934565256184578
terms_abstract_tfidf__reveal,-0.0774690760921721
terms_abstract_tfidf__revealing,-0.11576947631486967
terms_abstract_tfidf__reveals,-0.04599218465717842
terms_abstract_tfidf__reversal,0.17518737899861808
terms_abstract_tfidf__reverse,-0.030932130921741144
terms_abstract_tfidf__reversed,-0.03125387915091652
terms_abstract_tfidf__reward,0.06819603626070331
terms_abstract_tfidf__reward anticipation,-0.01198862770066958
terms_abstract_tfidf__rewarding,-0.04670358487980959
terms_abstract_tfidf__rewards,0.08263127057218443
terms_abstract_tfidf__rhythm,-0.14377228637748676
terms_abstract_tfidf__rich,-0.057148056721836676
terms_abstract_tfidf__rise,-0.05680073583527325
terms_abstract_tfidf__risk,0.04685481987515852
terms_abstract_tfidf__risk taking,0.09626138308520722
terms_abstract_tfidf__risky,0.08756670725720864
terms_abstract_tfidf__robust,-0.04626077361008614
terms_abstract_tfidf__roi,-0.09178049005370617
terms_abstract_tfidf__rois,0.08365118889715532
terms_abstract_tfidf__role,0.015324232166356791
terms_abstract_tfidf__roles,0.07665514368374601
terms_abstract_tfidf__rostral,-0.03992064628901359
terms_abstract_tfidf__rostral anterior,0.0075702400913000715
terms_abstract_tfidf__rotation,0.03402555985031954
terms_abstract_tfidf__rs,-0.08924987826423397
terms_abstract_tfidf__rsfc,-0.06581151852795564
terms_abstract_tfidf__rt,0.08656101977547834
terms_abstract_tfidf__rule,0.30792863021629285
terms_abstract_tfidf__rules,0.3041896158774838
terms_abstract_tfidf__run,-0.07864625704272225
terms_abstract_tfidf__runs,-0.060936898096961914
terms_abstract_tfidf__s1,-0.21935406678140087
terms_abstract_tfidf__saccade,0.04738179099216211
terms_abstract_tfidf__saccades,0.006714695576827247
terms_abstract_tfidf__sad,-0.07241362899156609
terms_abstract_tfidf__salience,-0.031330593997421656
terms_abstract_tfidf__salience network,-0.05029187178534123
terms_abstract_tfidf__salient,0.03359501846767842
terms_abstract_tfidf__sample,0.012260689843278135
terms_abstract_tfidf__samples,0.047558540034122895
terms_abstract_tfidf__sampling,-0.22450501717773702
terms_abstract_tfidf__scale,-0.10024102550474431
terms_abstract_tfidf__scales,-0.06356213316918753
terms_abstract_tfidf__scalp,0.028671331476302384
terms_abstract_tfidf__scan,-0.0504168891170989
terms_abstract_tfidf__scanned,-0.0009396124574464337
terms_abstract_tfidf__scanned using,0.019171428321058198
terms_abstract_tfidf__scanner,-0.11188109096217434
terms_abstract_tfidf__scanning,-0.12788036875000755
terms_abstract_tfidf__scans,-0.1478699834863707
terms_abstract_tfidf__scene,-0.07819537598174296
terms_abstract_tfidf__scenes,-0.058578872139050345
terms_abstract_tfidf__schizophrenia,-0.002179509278903739
terms_abstract_tfidf__schizophrenic,-0.06588043453573081
terms_abstract_tfidf__sclerosis,0.042532811988970534
terms_abstract_tfidf__score,-0.0655514144914754
terms_abstract_tfidf__scores,-0.027492312068528202
terms_abstract_tfidf__sd,-0.0745720001301992
terms_abstract_tfidf__se,0.0739550626338848
terms_abstract_tfidf__search,0.10992768943094862
terms_abstract_tfidf__second,0.11154434121132568
terms_abstract_tfidf__secondary,-0.2770450497835888
terms_abstract_tfidf__secondary somatosensory,-0.28217192762277304
terms_abstract_tfidf__sectional,-0.06231409994661836
terms_abstract_tfidf__seed,-0.10408167062324365
terms_abstract_tfidf__seeds,-0.03142386608305958
terms_abstract_tfidf__seeking,0.057317927224673174
terms_abstract_tfidf__seen,-0.13787636183217386
terms_abstract_tfidf__segregated,0.02343556010162031
terms_abstract_tfidf__segregation,-0.04310299475290901
terms_abstract_tfidf__select,0.11348977240907238
terms_abstract_tfidf__selected,0.021830446896171595
terms_abstract_tfidf__selection,0.21504731539796446
terms_abstract_tfidf__selective,0.04069701212587533
terms_abstract_tfidf__selective attention,0.037402651197554954
terms_abstract_tfidf__selectively,0.10862561505234646
terms_abstract_tfidf__selectivity,-0.03528053206325123
terms_abstract_tfidf__self,-0.09512311577317065
terms_abstract_tfidf__self referential,-0.04004533795890682
terms_abstract_tfidf__self report,0.039777260013364985
terms_abstract_tfidf__self reported,-0.016109432065221155
terms_abstract_tfidf__semantic,0.13015493564708447
terms_abstract_tfidf__semantic memory,-0.02246046657103029
terms_abstract_tfidf__semantically,0.07452138802869473
terms_abstract_tfidf__semantics,0.1304590585806801
terms_abstract_tfidf__sensation,-0.1940445338680101
terms_abstract_tfidf__sensations,-0.15554999840918024
terms_abstract_tfidf__sense,-0.06501115597137003
terms_abstract_tfidf__sensitive,0.009299333312468657
terms_abstract_tfidf__sensitivity,-0.058685076796206354
terms_abstract_tfidf__sensorimotor,-0.27946978762700064
terms_abstract_tfidf__sensorimotor cortex,-0.24219365717149585
terms_abstract_tfidf__sensorimotor network,-0.19893991940268474
terms_abstract_tfidf__sensory,-0.28084977435448016
terms_abstract_tfidf__sensory information,-0.05465607399983826
terms_abstract_tfidf__sensory motor,-0.21525672445776142
terms_abstract_tfidf__sentence,0.1466543367297432
terms_abstract_tfidf__sentence comprehension,0.131995635636302
terms_abstract_tfidf__sentences,0.08615831499125652
terms_abstract_tfidf__separable,0.09511869307743719
terms_abstract_tfidf__separate,0.0008087435422297254
terms_abstract_tfidf__separated,0.006659404147020568
terms_abstract_tfidf__separately,-0.02145786337057973
terms_abstract_tfidf__separation,0.05304339208117381
terms_abstract_tfidf__sequence,-0.06684967752194766
terms_abstract_tfidf__sequences,-0.011502485677502661
terms_abstract_tfidf__sequential,-0.062179718924331585
terms_abstract_tfidf__serial,0.022331162374559465
terms_abstract_tfidf__series,-0.0477957600036262
terms_abstract_tfidf__serotonin,0.11184465661989719
terms_abstract_tfidf__serve,-0.02463042822516547
terms_abstract_tfidf__served,-0.07824831863859082
terms_abstract_tfidf__serves,-0.01932285448449086
terms_abstract_tfidf__session,-0.0771577043687268
terms_abstract_tfidf__sessions,-0.053818659127990526
terms_abstract_tfidf__set,0.11911153525214008
terms_abstract_tfidf__sets,0.1288812050181967
terms_abstract_tfidf__setting,0.07818979352619157
terms_abstract_tfidf__settings,-0.05591407081474633
terms_abstract_tfidf__seven,0.025755788488644512
terms_abstract_tfidf__seventeen,0.02106804697967109
terms_abstract_tfidf__severe,-0.050974612911676716
terms_abstract_tfidf__severity,-0.1197756622286426
terms_abstract_tfidf__sex,-0.09033968841985635
terms_abstract_tfidf__sexual,-0.04502649786673962
terms_abstract_tfidf__sham,-0.12833754323179603
terms_abstract_tfidf__shape,0.10903125693286897
terms_abstract_tfidf__shaped,-0.06309656191613738
terms_abstract_tfidf__shapes,0.11124442085997761
terms_abstract_tfidf__share,0.05684884949686307
terms_abstract_tfidf__shared,0.0972602954145234
terms_abstract_tfidf__shed,-0.08172851256414858
terms_abstract_tfidf__shed light,-0.07708513307698919
terms_abstract_tfidf__shift,0.02810392384279384
terms_abstract_tfidf__shifted,-0.0639895469629304
terms_abstract_tfidf__shifting,0.1848131376630692
terms_abstract_tfidf__shifts,-0.009631951590615763
terms_abstract_tfidf__short,-0.024670406867005657
terms_abstract_tfidf__short term,0.07514082622501687
terms_abstract_tfidf__shorter,-0.013158095526391635
terms_abstract_tfidf__showing,-0.05060201785570284
terms_abstract_tfidf__shown,-0.059536851846624446
terms_abstract_tfidf__shows,-0.0990364446864962
terms_abstract_tfidf__si,-0.25856134828931904
terms_abstract_tfidf__sided,0.00894259097112701
terms_abstract_tfidf__sighted,-0.0763128461089969
terms_abstract_tfidf__sign,0.09276651136908036
terms_abstract_tfidf__signal,-0.17584549627079885
terms_abstract_tfidf__signal change,-0.1296852609252682
terms_abstract_tfidf__signal task,0.14009466489363703
terms_abstract_tfidf__signaling,0.050837020744925465
terms_abstract_tfidf__signals,-0.14888776292601397
terms_abstract_tfidf__signature,-0.07031680128108679
terms_abstract_tfidf__significance,-0.08806719570265302
terms_abstract_tfidf__significance statement,0.04226366229415425
terms_abstract_tfidf__signs,-0.040091338491948625
terms_abstract_tfidf__sii,-0.2959686998812852
terms_abstract_tfidf__silent,-0.11345509799967766
terms_abstract_tfidf__similarities,0.04375970939888375
terms_abstract_tfidf__similarity,0.0029923683347243104
terms_abstract_tfidf__similarly,0.0750550594230418
terms_abstract_tfidf__simple,-0.03924627479918701
terms_abstract_tfidf__simply,0.11542160832662561
terms_abstract_tfidf__simulated,-0.1428811785798001
terms_abstract_tfidf__simulation,-0.14871105363089626
terms_abstract_tfidf__simultaneous,-0.20952951192393338
terms_abstract_tfidf__simultaneous eeg,-0.17354605486717026
terms_abstract_tfidf__simultaneously,0.0627240246149349
terms_abstract_tfidf__single,-0.0143856655540135
terms_abstract_tfidf__single subject,-0.16675117552412186
terms_abstract_tfidf__single trial,-0.1658063642211626
terms_abstract_tfidf__site,-0.07024479672368898
terms_abstract_tfidf__sites,-0.15714343103024733
terms_abstract_tfidf__situation,0.04943221364031763
terms_abstract_tfidf__situations,0.16273536269743447
terms_abstract_tfidf__sixteen,-0.021085998984865777
terms_abstract_tfidf__size,0.016472307307628897
terms_abstract_tfidf__sizes,0.0968055760276202
terms_abstract_tfidf__skill,0.02888324611336007
terms_abstract_tfidf__skills,-0.09642280821748811
terms_abstract_tfidf__skin,-0.14101437168743047
terms_abstract_tfidf__skin conductance,-0.045062211131489574
terms_abstract_tfidf__sleep,-0.10661903320748978
terms_abstract_tfidf__slow,-0.09249603251082658
terms_abstract_tfidf__slower,0.0912784105768136
terms_abstract_tfidf__sma,-0.08129287005789111
terms_abstract_tfidf__small,-0.15349615087851776
terms_abstract_tfidf__smaller,0.012363053030095605
terms_abstract_tfidf__smokers,-0.10847752608804094
terms_abstract_tfidf__smoking,-0.09289088001159097
terms_abstract_tfidf__sn,0.0008236807256640108
terms_abstract_tfidf__social,-0.036075737450476916
terms_abstract_tfidf__social cognition,-0.017908492947476803
terms_abstract_tfidf__social cognitive,-0.011010806999460433
terms_abstract_tfidf__social interaction,-0.08363845658159616
terms_abstract_tfidf__social interactions,-0.031493530684233335
terms_abstract_tfidf__socially,-0.09194794519916445
terms_abstract_tfidf__software,-0.11074678225242195
terms_abstract_tfidf__solving,0.20889720214564414
terms_abstract_tfidf__somatosensory,-0.3465185505795497
terms_abstract_tfidf__somatosensory cortex,-0.30582267179327927
terms_abstract_tfidf__somatosensory cortices,-0.2966374963316338
terms_abstract_tfidf__sought,-0.005652056745370357
terms_abstract_tfidf__sound,-0.18813699559425406
terms_abstract_tfidf__sounds,-0.19287424622215443
terms_abstract_tfidf__source,-0.10757348622352506
terms_abstract_tfidf__sources,-0.12065207227424385
terms_abstract_tfidf__space,-0.07750303007516031
terms_abstract_tfidf__span,0.12432111437055032
terms_abstract_tfidf__sparse,-0.22907766656244336
terms_abstract_tfidf__spatial,-0.046067105280793476
terms_abstract_tfidf__spatial attention,0.005459208435000529
terms_abstract_tfidf__spatial information,-0.010474232373446486
terms_abstract_tfidf__spatial temporal,-0.008337784198101798
terms_abstract_tfidf__spatially,-0.16527678826137307
terms_abstract_tfidf__spatiotemporal,-0.0765890504869537
terms_abstract_tfidf__speaker,-0.054037530013902886
terms_abstract_tfidf__speakers,0.03057453834617899
terms_abstract_tfidf__speaking,0.026234760361046678
terms_abstract_tfidf__special,-0.0048976045703677615
terms_abstract_tfidf__specialization,0.01990314730446997
terms_abstract_tfidf__specialized,0.07218964851000577
terms_abstract_tfidf__species,-0.0034731541712348496
terms_abstract_tfidf__specifically,0.08030177970266153
terms_abstract_tfidf__specificity,-0.06903363479191275
terms_abstract_tfidf__specified,0.0051090172783705015
terms_abstract_tfidf__spectral,-0.1582270513336376
terms_abstract_tfidf__spectrum,-0.05506459503958513
terms_abstract_tfidf__spectrum disorder,-0.0613886260839474
terms_abstract_tfidf__spectrum disorders,-0.02519349204159175
terms_abstract_tfidf__speech,-0.11489746067784874
terms_abstract_tfidf__speech perception,-0.12318020505660493
terms_abstract_tfidf__speech production,-0.1420638679162121
terms_abstract_tfidf__speed,-0.02791308861560353
terms_abstract_tfidf__spin,-0.1535870915683409
terms_abstract_tfidf__spin labeling,-0.12231538126546214
terms_abstract_tfidf__spinal,-0.15444631829826355
terms_abstract_tfidf__spl,-0.03485260842432975
terms_abstract_tfidf__spoken,-0.012854471337778832
terms_abstract_tfidf__spontaneous,-0.18713786595201382
terms_abstract_tfidf__stable,0.011624134120668978
terms_abstract_tfidf__stage,0.05502784428584603
terms_abstract_tfidf__stages,-0.047826917475989474
terms_abstract_tfidf__standard,-0.0422075043298408
terms_abstract_tfidf__standardized,-0.15877259276957295
terms_abstract_tfidf__state,-0.1677318713456946
terms_abstract_tfidf__state connectivity,-0.008171584214725313
terms_abstract_tfidf__state functional,-0.10931666632353947
terms_abstract_tfidf__state networks,-0.04325483783128299
terms_abstract_tfidf__statement,0.026938266521127862
terms_abstract_tfidf__states,-0.20018403782684582
terms_abstract_tfidf__static,-0.08039328483672471
terms_abstract_tfidf__statistics,-0.139550737299171
terms_abstract_tfidf__status,-0.055055542121865864
terms_abstract_tfidf__step,0.005192298307174759
terms_abstract_tfidf__stg,-0.14250607004408603
terms_abstract_tfidf__stimulated,-0.2610618027012986
terms_abstract_tfidf__stimulation,-0.27767599485126904
terms_abstract_tfidf__stimulation tms,-0.14690410873191498
terms_abstract_tfidf__stimuli,-0.05344934444951768
terms_abstract_tfidf__stimuli presented,-0.048870254767136356
terms_abstract_tfidf__stimulus,-0.033697342546922894
terms_abstract_tfidf__stimulus driven,0.057104621549859555
terms_abstract_tfidf__stimulus response,0.12460501655790573
terms_abstract_tfidf__stop,0.12075027229275472
terms_abstract_tfidf__stop signal,0.13662343122808124
terms_abstract_tfidf__storage,0.19021090266089433
terms_abstract_tfidf__stored,0.06527754453233903
terms_abstract_tfidf__strategic,0.21206282775235158
terms_abstract_tfidf__strategies,0.16707075488277634
terms_abstract_tfidf__strategy,0.1578662327007237
terms_abstract_tfidf__stream,-0.025143201081946103
terms_abstract_tfidf__streams,-0.050136700357359225
terms_abstract_tfidf__strength,-0.13628723582867427
terms_abstract_tfidf__stress,-0.08655143380669374
terms_abstract_tfidf__stress disorder,-0.01651317410495537
terms_abstract_tfidf__striatal,0.042420258677072886
terms_abstract_tfidf__striatum,0.05482724819300361
terms_abstract_tfidf__striking,0.025574710814326693
terms_abstract_tfidf__stroke,-0.1508805838069804
terms_abstract_tfidf__strong,0.03388622727327613
terms_abstract_tfidf__strongest,-0.06222057936793402
terms_abstract_tfidf__strongly,0.03774415213415232
terms_abstract_tfidf__stroop,0.23099516917236565
terms_abstract_tfidf__stroop task,0.2298756582267683
terms_abstract_tfidf__structural,-0.0649554070854708
terms_abstract_tfidf__structural functional,-0.059712095062950166
terms_abstract_tfidf__structural magnetic,-0.03285921397838077
terms_abstract_tfidf__structure,-0.018573240188866778
terms_abstract_tfidf__structure function,-0.09486808125113767
terms_abstract_tfidf__structures,-0.2040490206862951
terms_abstract_tfidf__structures involved,-0.06338886937106258
terms_abstract_tfidf__sts,-0.08778176301657244
terms_abstract_tfidf__students,0.10774317509010589
terms_abstract_tfidf__studied,0.048502390600538806
terms_abstract_tfidf__studying,-0.07201251376278806
terms_abstract_tfidf__sub,-0.0331210371618024
terms_abstract_tfidf__subcortical,-0.13876624998373122
terms_abstract_tfidf__subcortical structures,-0.10599016701161612
terms_abstract_tfidf__subgenual,-0.04977922114160621
terms_abstract_tfidf__subject,-0.1789088966279187
terms_abstract_tfidf__subjective,-0.1069543811753124
terms_abstract_tfidf__subregions,-0.04009870884791294
terms_abstract_tfidf__subsequent,0.014836550292300136
terms_abstract_tfidf__subsequent memory,0.11216770066048103
terms_abstract_tfidf__subsequently,0.02895877692307765
terms_abstract_tfidf__subserve,0.03267643321703131
terms_abstract_tfidf__subserved,0.11946337216353978
terms_abstract_tfidf__subserving,0.1427528831944057
terms_abstract_tfidf__subset,-0.01610213215631101
terms_abstract_tfidf__substance,0.07985335479245259
terms_abstract_tfidf__substantia,0.006256138959759556
terms_abstract_tfidf__substantial,-0.07165891865295466
terms_abstract_tfidf__substantially,-0.12079274827902572
terms_abstract_tfidf__substrate,0.10461885030533565
terms_abstract_tfidf__substrates,0.060011423534656806
terms_abstract_tfidf__subtle,-0.06049785749072786
terms_abstract_tfidf__subtraction,0.19192919427948077
terms_abstract_tfidf__success,0.22930960151266813
terms_abstract_tfidf__successful,0.1221072409399404
terms_abstract_tfidf__successfully,0.030138024930971848
terms_abstract_tfidf__successive,-0.02135898865531498
terms_abstract_tfidf__suffering,-0.06314190784287338
terms_abstract_tfidf__sufficient,-0.04848097289585823
terms_abstract_tfidf__suggest,0.03930841329772359
terms_abstract_tfidf__suggest functional,-0.07613391373869566
terms_abstract_tfidf__suggested,0.09336533009169717
terms_abstract_tfidf__suggesting,0.047108515643371235
terms_abstract_tfidf__suggests,0.04815440441418263
terms_abstract_tfidf__sulci,0.06141334714302333
terms_abstract_tfidf__sulcus,0.014961751716472127
terms_abstract_tfidf__sulcus ips,0.19890486448247638
terms_abstract_tfidf__sulcus sts,-0.08636855356099962
terms_abstract_tfidf__sum,-0.030922829973860796
terms_abstract_tfidf__summary,0.03319235130096338
terms_abstract_tfidf__superior,-0.1273544945079824
terms_abstract_tfidf__superior frontal,0.07801407553616586
terms_abstract_tfidf__superior inferior,0.018329159038166995
terms_abstract_tfidf__superior middle,-0.10313018816811181
terms_abstract_tfidf__superior parietal,-0.007659248004697704
terms_abstract_tfidf__superior temporal,-0.16983426453305228
terms_abstract_tfidf__supplementary,-0.1155427471848438
terms_abstract_tfidf__supplementary motor,-0.12641184292634958
terms_abstract_tfidf__supported,0.12075117708389507
terms_abstract_tfidf__supporting,0.08968086255190065
terms_abstract_tfidf__supports,0.03620919242154327
terms_abstract_tfidf__suppressed,-0.07946729813150945
terms_abstract_tfidf__suppression,-0.07561378612134056
terms_abstract_tfidf__supramarginal,-0.09527000158568223
terms_abstract_tfidf__supramarginal gyrus,-0.08019699318041222
terms_abstract_tfidf__surface,-0.09392596773336706
terms_abstract_tfidf__surprisingly,-0.05864417527935446
terms_abstract_tfidf__surrounding,-0.08382551782518535
terms_abstract_tfidf__susceptibility,-0.023169001153151698
terms_abstract_tfidf__sustained,0.004334501548677941
terms_abstract_tfidf__sustained attention,-0.008923380455528651
terms_abstract_tfidf__switch,0.14601790285213606
terms_abstract_tfidf__switching,0.22205633610089343
terms_abstract_tfidf__symbolic,0.20265020216353197
terms_abstract_tfidf__symptom,-0.07851584108150625
terms_abstract_tfidf__symptom severity,-0.13737542122153146
terms_abstract_tfidf__symptoms,-0.07976041562807303
terms_abstract_tfidf__synchronization,0.010966829549870803
terms_abstract_tfidf__syndrome,-0.1380633385058164
terms_abstract_tfidf__syntactic,0.13647737554513634
terms_abstract_tfidf__systematic,-0.07054312689700798
terms_abstract_tfidf__systematically,0.12925719907754477
terms_abstract_tfidf__systems,0.011912383561325833
terms_abstract_tfidf__systems involved,0.007333003622258904
terms_abstract_tfidf__t1,-0.06948643792901987
terms_abstract_tfidf__t1 weighted,-0.09530647703521196
terms_abstract_tfidf__tactile,-0.21632443194298046
terms_abstract_tfidf__taken,0.11744782549078403
terms_abstract_tfidf__taken suggest,0.0036075607569298947
terms_abstract_tfidf__taking,0.03143563539326669
terms_abstract_tfidf__tapping,-0.09769106566790998
terms_abstract_tfidf__target,0.04307692624630896
terms_abstract_tfidf__target detection,-0.0668565172004981
terms_abstract_tfidf__targeted,0.006642177602821344
terms_abstract_tfidf__targets,0.05012174215785069
terms_abstract_tfidf__task,0.2814969129686894
terms_abstract_tfidf__task conditions,0.10311058737576723
terms_abstract_tfidf__task demands,0.20475667066782668
terms_abstract_tfidf__task difficulty,0.15294439856993633
terms_abstract_tfidf__task functional,-0.008557107856453012
terms_abstract_tfidf__task induced,-0.2106306815519739
terms_abstract_tfidf__task involving,0.06430696636236685
terms_abstract_tfidf__task irrelevant,0.1350829196838943
terms_abstract_tfidf__task performance,0.1302225914043591
terms_abstract_tfidf__task positive,-0.05658398575070179
terms_abstract_tfidf__task relevant,0.1715702888937662
terms_abstract_tfidf__task required,0.09875809465138795
terms_abstract_tfidf__task task,0.2014519711321446
terms_abstract_tfidf__task using,0.08362998651909989
terms_abstract_tfidf__tasks,0.19194418766732071
terms_abstract_tfidf__taste,-0.004057968110089014
terms_abstract_tfidf__td,0.09702695813035984
terms_abstract_tfidf__technique,-0.1485930603567175
terms_abstract_tfidf__techniques,-0.04290028089299331
terms_abstract_tfidf__tegmental,0.05147221623540737
terms_abstract_tfidf__temporal,-0.0681563453600378
terms_abstract_tfidf__temporal cortex,0.0038012864741244607
terms_abstract_tfidf__temporal cortices,0.016220431401896697
terms_abstract_tfidf__temporal frontal,-0.035232458651849326
terms_abstract_tfidf__temporal gyri,-0.11726250545389744
terms_abstract_tfidf__temporal gyrus,-0.08384130459699209
terms_abstract_tfidf__temporal inferior,0.04450935353267983
terms_abstract_tfidf__temporal lobe,-0.052230490838654824
terms_abstract_tfidf__temporal lobes,-0.10059664252266859
terms_abstract_tfidf__temporal occipital,0.01689711461827807
terms_abstract_tfidf__temporal parietal,0.06322500092702729
terms_abstract_tfidf__temporal pole,-0.06332314281521736
terms_abstract_tfidf__temporal sulcus,-0.08788934077087548
terms_abstract_tfidf__temporale,-0.16412534288327546
terms_abstract_tfidf__temporally,0.00806073290644742
terms_abstract_tfidf__temporo,-0.04416569089920216
terms_abstract_tfidf__temporo parietal,-0.0523484496095491
terms_abstract_tfidf__temporoparietal,-0.080429332641847
terms_abstract_tfidf__temporoparietal junction,-0.05796879698335218
terms_abstract_tfidf__tend,0.015521791021540839
terms_abstract_tfidf__tendency,0.09369879796837836
terms_abstract_tfidf__tensor,-0.05296863420216874
terms_abstract_tfidf__tensor dti,-0.030711243232530827
terms_abstract_tfidf__term,0.15743966643399232
terms_abstract_tfidf__term memory,0.21246686333881773
terms_abstract_tfidf__terms,-0.006827472258246661
terms_abstract_tfidf__tesla,-0.1002184055635281
terms_abstract_tfidf__test,0.17698418556689258
terms_abstract_tfidf__tested,0.07472540855014935
terms_abstract_tfidf__testing,-0.08642415365827542
terms_abstract_tfidf__tests,0.08710896937875613
terms_abstract_tfidf__thalamic,-0.13586766812071777
terms_abstract_tfidf__thalamus,-0.13047688552373765
terms_abstract_tfidf__theoretical,0.18522390454774917
terms_abstract_tfidf__theories,0.1455405915801531
terms_abstract_tfidf__theory,0.00434869504780052
terms_abstract_tfidf__theory mind,-0.03243104688682377
terms_abstract_tfidf__therapeutic,-0.09554188729665351
terms_abstract_tfidf__therapy,-0.02588610080718811
terms_abstract_tfidf__thickness,-0.1163663067107167
terms_abstract_tfidf__thinking,0.056611847671113144
terms_abstract_tfidf__thirteen,-0.03946067635872093
terms_abstract_tfidf__thirty,-0.04385832992996834
terms_abstract_tfidf__thought,0.05626517439471173
terms_abstract_tfidf__thoughts,-0.02181770700832309
terms_abstract_tfidf__threat,-0.024524354472255202
terms_abstract_tfidf__threatening,0.0001326732178334941
terms_abstract_tfidf__threshold,-0.1523711047631693
terms_abstract_tfidf__time,-0.14441444495011996
terms_abstract_tfidf__time course,-0.12942597483604018
terms_abstract_tfidf__time courses,-0.10645317072440652
terms_abstract_tfidf__time points,-0.028641728817943392
terms_abstract_tfidf__time series,-0.13611996907425192
terms_abstract_tfidf__time task,0.04067982940655857
terms_abstract_tfidf__times,0.16396975738444708
terms_abstract_tfidf__timing,-0.041081941597348993
terms_abstract_tfidf__tissue,-0.10360999446350456
terms_abstract_tfidf__tms,-0.1302986773814941
terms_abstract_tfidf__tom,-0.02048226649949568
terms_abstract_tfidf__tomography,-0.02931248684543722
terms_abstract_tfidf__tomography pet,-0.02383664462321068
terms_abstract_tfidf__tone,-0.114103827991946
terms_abstract_tfidf__tones,-0.15350924022589152
terms_abstract_tfidf__took,0.13267469848414667
terms_abstract_tfidf__tool,-0.040390491586342454
terms_abstract_tfidf__tools,-0.032447380610099046
terms_abstract_tfidf__total,0.0036457936683625637
terms_abstract_tfidf__touch,-0.22865807073373262
terms_abstract_tfidf__tpj,0.004093070884865342
terms_abstract_tfidf__track,-0.012345997860372193
terms_abstract_tfidf__tracking,-0.04790803922692
terms_abstract_tfidf__tract,-0.08211820977263683
terms_abstract_tfidf__tractography,-0.03630439676708693
terms_abstract_tfidf__tracts,-0.06057745518245013
terms_abstract_tfidf__traditional,-0.09790691802788569
terms_abstract_tfidf__traditionally,0.052453969286437946
terms_abstract_tfidf__trained,-0.03003376417215791
terms_abstract_tfidf__training,-0.17156379513611497
terms_abstract_tfidf__trait,-0.003730514415534031
terms_abstract_tfidf__traits,0.003921066675110837
terms_abstract_tfidf__trajectories,0.015319992746202335
terms_abstract_tfidf__transcranial,-0.04688328040583627
terms_abstract_tfidf__transcranial magnetic,-0.07114573246587218
terms_abstract_tfidf__transfer,0.003449552644763389
terms_abstract_tfidf__transformation,-0.03598746055098038
terms_abstract_tfidf__transient,0.07109103756005983
terms_abstract_tfidf__transition,0.05046872632170855
terms_abstract_tfidf__trauma,-0.048757905662091684
terms_abstract_tfidf__traumatic,-0.04365974027691282
terms_abstract_tfidf__treated,-0.052104841920112346
terms_abstract_tfidf__treatment,-0.06365814601078688
terms_abstract_tfidf__treatments,-0.06340112395167641
terms_abstract_tfidf__trend,0.007040699551380139
terms_abstract_tfidf__trial,0.006528229044995369
terms_abstract_tfidf__trial trial,-0.09514647186088213
terms_abstract_tfidf__trials,0.20721345752057185
terms_abstract_tfidf__trigger,-0.07151474987428735
terms_abstract_tfidf__triggered,-0.03793738032851902
terms_abstract_tfidf__true,0.055139748350115
terms_abstract_tfidf__turn,0.14680062359198331
terms_abstract_tfidf__twice,0.02632629871532211
terms_abstract_tfidf__type,-0.01099059170488005
terms_abstract_tfidf__types,0.11260987002996536
terms_abstract_tfidf__typical,0.08572810303947001
terms_abstract_tfidf__typically,-0.0005767640907101777
terms_abstract_tfidf__typically developing,0.051598262018526186
terms_abstract_tfidf__unaffected,0.005377868452753649
terms_abstract_tfidf__uncertain,0.09195697560493923
terms_abstract_tfidf__uncertainty,0.13363006751092524
terms_abstract_tfidf__unclear,0.06824407220475276
terms_abstract_tfidf__undergoing,0.019345726336938894
terms_abstract_tfidf__undergoing functional,-0.04919660259909621
terms_abstract_tfidf__underlie,0.05206534141759918
terms_abstract_tfidf__underlies,0.11890816172952473
terms_abstract_tfidf__underlying,-0.07995745361351916
terms_abstract_tfidf__underlying mechanisms,-0.058756101303761826
terms_abstract_tfidf__underpinning,0.019636654880568313
terms_abstract_tfidf__underpinnings,0.043675831624073
terms_abstract_tfidf__understand,-0.046783651847464844
terms_abstract_tfidf__understanding,-0.08392377162976042
terms_abstract_tfidf__understood,-0.05353025489492502
terms_abstract_tfidf__unexpected,0.03987224768409986
terms_abstract_tfidf__unfamiliar,0.0015355765992064354
terms_abstract_tfidf__unilateral,-0.21842636431700257
terms_abstract_tfidf__unimodal,-0.1257248110548392
terms_abstract_tfidf__unique,-0.10003330646359818
terms_abstract_tfidf__uniquely,0.11694933937119432
terms_abstract_tfidf__univariate,0.008871915399288048
terms_abstract_tfidf__unknown,-0.07536056464523082
terms_abstract_tfidf__unlike,0.10140702008230346
terms_abstract_tfidf__unmedicated,0.04321066574327503
terms_abstract_tfidf__unpleasant,-0.07172036956671744
terms_abstract_tfidf__unrelated,0.024987468788602248
terms_abstract_tfidf__upcoming,0.07745068421634953
terms_abstract_tfidf__updating,0.13748137567912813
terms_abstract_tfidf__upper,-0.1867623238332896
terms_abstract_tfidf__use,0.011134574528477792
terms_abstract_tfidf__use functional,-0.05962577279488207
terms_abstract_tfidf__useful,-0.21934325068183985
terms_abstract_tfidf__users,0.03662394918103202
terms_abstract_tfidf__uses,-0.022008437076378642
terms_abstract_tfidf__using,-0.19184595975990415
terms_abstract_tfidf__using event,0.10503721078049723
terms_abstract_tfidf__using functional,-0.04798635558255185
terms_abstract_tfidf__using resting,-0.1137649837379331
terms_abstract_tfidf__using voxel,-0.06719496152394858
terms_abstract_tfidf__usually,-0.06421878104412722
terms_abstract_tfidf__utility,-0.08280992563695995
terms_abstract_tfidf__utilized,-0.020051420263269365
terms_abstract_tfidf__v1,0.004464339777165698
terms_abstract_tfidf__v5,-0.04351154187704783
terms_abstract_tfidf__valence,-0.044127893142261926
terms_abstract_tfidf__valid,0.02311297935928858
terms_abstract_tfidf__validated,-0.0506831919065572
terms_abstract_tfidf__validity,-0.0009813494391314086
terms_abstract_tfidf__valuable,-0.11666642986871849
terms_abstract_tfidf__value,0.0194292173847976
terms_abstract_tfidf__values,-0.0700465840304588
terms_abstract_tfidf__variability,-0.16755824986819096
terms_abstract_tfidf__variable,-0.08234145059062409
terms_abstract_tfidf__variables,-0.032378038189012484
terms_abstract_tfidf__variance,-0.06355638383192092
terms_abstract_tfidf__variant,0.04432319425939774
terms_abstract_tfidf__variation,0.08114214769821254
terms_abstract_tfidf__variations,-0.13419078295341766
terms_abstract_tfidf__varied,0.08924064397005083
terms_abstract_tfidf__varies,0.06816412429573428
terms_abstract_tfidf__variety,0.00012406555330883492
terms_abstract_tfidf__various,-0.0724029003473073
terms_abstract_tfidf__vary,0.0880143696634231
terms_abstract_tfidf__varying,-0.01681028138993405
terms_abstract_tfidf__vbm,-0.007071719851750589
terms_abstract_tfidf__vector,-0.02637297278475349
terms_abstract_tfidf__ventral,0.07005009051731023
terms_abstract_tfidf__ventral anterior,-0.0793848439127975
terms_abstract_tfidf__ventral dorsal,0.16859524961059824
terms_abstract_tfidf__ventral medial,-0.20041951689042523
terms_abstract_tfidf__ventral premotor,-0.11234177742912012
terms_abstract_tfidf__ventral striatum,0.054442301825170826
terms_abstract_tfidf__ventral tegmental,0.04953469695375379
terms_abstract_tfidf__ventral visual,0.09380353176358229
terms_abstract_tfidf__ventrolateral,0.3085238533696183
terms_abstract_tfidf__ventrolateral prefrontal,0.26722659142158167
terms_abstract_tfidf__ventromedial,-0.028864235445613326
terms_abstract_tfidf__ventromedial prefrontal,-0.032923734265589456
terms_abstract_tfidf__verb,0.12307349411727152
terms_abstract_tfidf__verbal,0.24997108057268244
terms_abstract_tfidf__verbal fluency,0.026719708152223024
terms_abstract_tfidf__verbal working,0.24234502674396752
terms_abstract_tfidf__verbs,0.03832015713831274
terms_abstract_tfidf__vermis,-0.07137860603354904
terms_abstract_tfidf__version,0.19567447603150356
terms_abstract_tfidf__versus,0.07173054513473252
terms_abstract_tfidf__vi,0.011669578219689848
terms_abstract_tfidf__video,-0.131326662458985
terms_abstract_tfidf__video clips,-0.10832497464255983
terms_abstract_tfidf__videos,-0.11067097805105007
terms_abstract_tfidf__view,0.019131613432573132
terms_abstract_tfidf__viewed,0.06192276770298063
terms_abstract_tfidf__viewing,-0.04010116066797134
terms_abstract_tfidf__violations,0.050336988873807734
terms_abstract_tfidf__virtual,-0.08543221763964495
terms_abstract_tfidf__vision,-0.051729707426628475
terms_abstract_tfidf__visual,-0.006912640631832306
terms_abstract_tfidf__visual attention,0.005202835339030708
terms_abstract_tfidf__visual auditory,-0.06802074358121682
terms_abstract_tfidf__visual cortex,0.006355219762888087
terms_abstract_tfidf__visual cortices,0.00782931266617305
terms_abstract_tfidf__visual field,0.032122569248117704
terms_abstract_tfidf__visual information,-0.009016276572154423
terms_abstract_tfidf__visual motion,-0.05803884982094855
terms_abstract_tfidf__visual perception,-0.06599935001130021
terms_abstract_tfidf__visual stimuli,0.0354027813687957
terms_abstract_tfidf__visual stimulus,0.022486071956510142
terms_abstract_tfidf__visual stream,-0.03648717947860518
terms_abstract_tfidf__visual word,0.15715567905487737
terms_abstract_tfidf__visually,0.005221587729719987
terms_abstract_tfidf__visually presented,0.15416824107067412
terms_abstract_tfidf__visuo,0.05957434660599488
terms_abstract_tfidf__visuo spatial,0.13519638307872694
terms_abstract_tfidf__visuomotor,-0.06125146419793919
terms_abstract_tfidf__visuospatial,0.06841563493055558
terms_abstract_tfidf__vivo,-0.08104314974544537
terms_abstract_tfidf__vlpfc,0.15569527213105983
terms_abstract_tfidf__vmpfc,-0.04430129771090953
terms_abstract_tfidf__vocal,-0.2032866089632663
terms_abstract_tfidf__voice,-0.07424151297872449
terms_abstract_tfidf__volume,-0.09062937704996528
terms_abstract_tfidf__volumes,-0.0283671237890489
terms_abstract_tfidf__volumetric,-0.1055146796691768
terms_abstract_tfidf__voluntary,-0.16648025941811953
terms_abstract_tfidf__volunteers,-0.15418807234217163
terms_abstract_tfidf__voxel,-0.09842007183873547
terms_abstract_tfidf__voxel morphometry,-0.04434782342360249
terms_abstract_tfidf__voxel wise,-0.10284920658008721
terms_abstract_tfidf__voxels,-0.12912677762606337
terms_abstract_tfidf__voxelwise,-0.04369119954822097
terms_abstract_tfidf__vs,-0.02481137286956312
terms_abstract_tfidf__vulnerability,0.024457375467260317
terms_abstract_tfidf__watched,-0.07387443110683002
terms_abstract_tfidf__watching,-0.1056529937056538
terms_abstract_tfidf__way,-0.02224830052100914
terms_abstract_tfidf__ways,-0.018571306029746788
terms_abstract_tfidf__weak,0.026091041113777552
terms_abstract_tfidf__weaker,-0.03774394292913116
terms_abstract_tfidf__week,-0.10838707175269922
terms_abstract_tfidf__weeks,-0.004262574449925512
terms_abstract_tfidf__weight,0.024817105676230872
terms_abstract_tfidf__weighted,-0.08823075926520686
terms_abstract_tfidf__whilst,-0.03852027686803835
terms_abstract_tfidf__white,-0.03447248416663316
terms_abstract_tfidf__white matter,-0.026066827774406998
terms_abstract_tfidf__wide,-0.06411136443225073
terms_abstract_tfidf__widely,0.005810507524884366
terms_abstract_tfidf__widespread,-0.035851730250702755
terms_abstract_tfidf__wiley,-0.08767594953660632
terms_abstract_tfidf__wiley periodicals,-0.08748365124735843
terms_abstract_tfidf__window,-0.06148012356425907
terms_abstract_tfidf__wise,-0.08106291188879682
terms_abstract_tfidf__wm,0.19592169793843614
terms_abstract_tfidf__wm task,0.12109922612087115
terms_abstract_tfidf__women,-0.054659505989297294
terms_abstract_tfidf__word,0.19879410953368154
terms_abstract_tfidf__word form,0.16554824621014264
terms_abstract_tfidf__word pairs,0.09544004774913711
terms_abstract_tfidf__word recognition,0.08444692587351742
terms_abstract_tfidf__words,0.14329632414332702
terms_abstract_tfidf__work,-0.044562753359525316
terms_abstract_tfidf__working,0.31402800323218344
terms_abstract_tfidf__working memory,0.31301351105402614
terms_abstract_tfidf__world,-0.08309046859405884
terms_abstract_tfidf__worse,0.08986097850928781
terms_abstract_tfidf__written,0.08634376617655284
terms_abstract_tfidf__year,-0.018108388619720604
terms_abstract_tfidf__year old,-0.024190787053418747
terms_abstract_tfidf__years,-0.04953255983927694
terms_abstract_tfidf__years old,-0.09318191175788527
terms_abstract_tfidf__yield,0.01950256828832551
terms_abstract_tfidf__yielded,-0.08733057084553855
terms_abstract_tfidf__young,0.07468314678747795
terms_abstract_tfidf__young adults,0.08147303298218854
terms_abstract_tfidf__young healthy,0.02648129983687426
terms_abstract_tfidf__young older,0.027956295081616685
terms_abstract_tfidf__younger,0.0737025409029024
terms_abstract_tfidf__younger adults,0.050063366735475595
terms_abstract_tfidf__youth,0.031754215258218796
terms_abstract_tfidf__zone,-0.006762999746548894
