feature,r
terms_abstract_tfidf__001,0.026321140988409566
terms_abstract_tfidf__01,-0.002599708910026244
terms_abstract_tfidf__05,-0.024452260074979495
terms_abstract_tfidf__10,-0.1640755941134416
terms_abstract_tfidf__100,0.012602942979064325
terms_abstract_tfidf__11,-0.0193634702838298
terms_abstract_tfidf__12,-0.09466253329934309
terms_abstract_tfidf__12 healthy,-0.0564283931057729
terms_abstract_tfidf__13,-0.0801279777921094
terms_abstract_tfidf__14,-0.01530779885751077
terms_abstract_tfidf__14 healthy,0.023753043767823112
terms_abstract_tfidf__15,0.020105741714068922
terms_abstract_tfidf__15 healthy,0.060618411529992075
terms_abstract_tfidf__16,-0.02331357914737107
terms_abstract_tfidf__16 healthy,0.08253030329065102
terms_abstract_tfidf__17,0.037712063472926
terms_abstract_tfidf__18,-0.016958870111782272
terms_abstract_tfidf__18 healthy,0.01189235796369927
terms_abstract_tfidf__19,-0.021858664482455197
terms_abstract_tfidf__20,-0.06431600065461661
terms_abstract_tfidf__20 healthy,0.006348426462942279
terms_abstract_tfidf__200,0.04349881716435727
terms_abstract_tfidf__2014,0.10029946874044657
terms_abstract_tfidf__21,-0.041739228200649424
terms_abstract_tfidf__22,0.018519402933035556
terms_abstract_tfidf__23,-0.028491985365217326
terms_abstract_tfidf__24,-0.047603244704504416
terms_abstract_tfidf__25,-0.039831018074424705
terms_abstract_tfidf__26,0.03538544699959656
terms_abstract_tfidf__27,0.03003930547688859
terms_abstract_tfidf__28,-0.016937410407531106
terms_abstract_tfidf__29,0.027195372383753823
terms_abstract_tfidf__30,0.07019275978010996
terms_abstract_tfidf__31,-0.02878373226022347
terms_abstract_tfidf__32,-0.024455897649472723
terms_abstract_tfidf__33,-0.04269954078815091
terms_abstract_tfidf__34,0.010984672983942343
terms_abstract_tfidf__35,-0.017958384183485866
terms_abstract_tfidf__36,0.032094842130253695
terms_abstract_tfidf__37,-0.025304867422191363
terms_abstract_tfidf__38,-0.028419022451322554
terms_abstract_tfidf__39,-0.08303172159815049
terms_abstract_tfidf__3d,0.16571353939125635
terms_abstract_tfidf__3t,0.039506498198411406
terms_abstract_tfidf__40,-0.036457497034025364
terms_abstract_tfidf__41,-0.022696932879364515
terms_abstract_tfidf__42,-0.050467701580266366
terms_abstract_tfidf__43,0.03810945480013225
terms_abstract_tfidf__44,-0.034223664477621187
terms_abstract_tfidf__45,-0.09119009735450545
terms_abstract_tfidf__46,-0.20047586315369526
terms_abstract_tfidf__47,-0.1947190813831851
terms_abstract_tfidf__48,-0.009622070994827859
terms_abstract_tfidf__49,-0.03971429138143905
terms_abstract_tfidf__50,0.03974132586007937
terms_abstract_tfidf__60,0.0038268989189395967
terms_abstract_tfidf__70,0.0050956041616589485
terms_abstract_tfidf__75,0.08772168343113443
terms_abstract_tfidf__80,0.0604143057268594
terms_abstract_tfidf__90,-0.007450225216610603
terms_abstract_tfidf__aberrant,-0.03331324561412326
terms_abstract_tfidf__abilities,-0.03909081706869258
terms_abstract_tfidf__ability,-0.1179172866588261
terms_abstract_tfidf__able,0.0863862971503063
terms_abstract_tfidf__abnormal,-0.013809563774172863
terms_abstract_tfidf__abnormalities,-0.04717264572914431
terms_abstract_tfidf__abnormality,-0.08079942679995722
terms_abstract_tfidf__absence,0.10532256094440749
terms_abstract_tfidf__absent,-0.08646595595589725
terms_abstract_tfidf__abstract,-0.06934359212487544
terms_abstract_tfidf__abuse,-0.032852809549429825
terms_abstract_tfidf__acc,-0.10666196104471357
terms_abstract_tfidf__access,-0.0618548608603376
terms_abstract_tfidf__accompanied,0.00010237568950988706
terms_abstract_tfidf__accordance,0.02126915674769555
terms_abstract_tfidf__according,-0.08456477922848764
terms_abstract_tfidf__accordingly,0.11492927353939653
terms_abstract_tfidf__account,0.07679609029044052
terms_abstract_tfidf__accounted,-0.14450002403016501
terms_abstract_tfidf__accounts,-0.0463330506727908
terms_abstract_tfidf__accumbens,-0.04322472115061991
terms_abstract_tfidf__accuracy,-0.15015897071469286
terms_abstract_tfidf__accurate,-0.01102256898148964
terms_abstract_tfidf__accurately,-0.046910319914020726
terms_abstract_tfidf__achieve,-0.016467801611903272
terms_abstract_tfidf__achieved,-0.005081530976830428
terms_abstract_tfidf__acoustic,0.12934149729583724
terms_abstract_tfidf__acquired,0.11577304489862603
terms_abstract_tfidf__acquisition,0.08961536643703624
terms_abstract_tfidf__act,0.018056647456844196
terms_abstract_tfidf__action,0.14643228023980098
terms_abstract_tfidf__action observation,0.22330800970671277
terms_abstract_tfidf__actions,0.16265514387997934
terms_abstract_tfidf__activate,0.09322303329690512
terms_abstract_tfidf__activates,0.06994099192367591
terms_abstract_tfidf__activations,0.02166935693390477
terms_abstract_tfidf__active,0.11306128093001966
terms_abstract_tfidf__actively,0.01915338495275546
terms_abstract_tfidf__activities,-0.024273784938307917
terms_abstract_tfidf__acts,-0.08060060632805076
terms_abstract_tfidf__actual,0.09429090179299986
terms_abstract_tfidf__actually,0.05793935425355709
terms_abstract_tfidf__acute,0.03961706687299223
terms_abstract_tfidf__ad,0.05071886959671332
terms_abstract_tfidf__adaptation,0.06705301673317082
terms_abstract_tfidf__adapted,-0.0163297982021603
terms_abstract_tfidf__adaptive,-0.11261843903151988
terms_abstract_tfidf__add,-0.026267321786438525
terms_abstract_tfidf__addiction,-0.03826417810180848
terms_abstract_tfidf__addition,-0.08288330548664284
terms_abstract_tfidf__additional,-0.017165037481818184
terms_abstract_tfidf__additionally,-0.019877142098323915
terms_abstract_tfidf__addressed,-0.016272473294315557
terms_abstract_tfidf__adhd,-0.09450362733932054
terms_abstract_tfidf__adjacent,0.15158889450162247
terms_abstract_tfidf__administered,-0.11694191226395222
terms_abstract_tfidf__administration,-0.022844192728775463
terms_abstract_tfidf__adolescence,-0.1452653891091148
terms_abstract_tfidf__adolescent,-0.15058247440367045
terms_abstract_tfidf__adolescents,-0.1205324882641599
terms_abstract_tfidf__adopted,0.0167995598457181
terms_abstract_tfidf__adult,-0.11111995218196323
terms_abstract_tfidf__adulthood,-0.06852858562623437
terms_abstract_tfidf__adults,-0.1468059374345056
terms_abstract_tfidf__advance,-0.00497298812682672
terms_abstract_tfidf__advanced,0.02947843531638136
terms_abstract_tfidf__advances,0.057323623304097585
terms_abstract_tfidf__advantage,0.10947851214005334
terms_abstract_tfidf__affect,-0.035702098578534014
terms_abstract_tfidf__affected,0.053708839624838196
terms_abstract_tfidf__affecting,0.06674914629294446
terms_abstract_tfidf__affective,0.044676217088305284
terms_abstract_tfidf__affects,0.0072127398259736195
terms_abstract_tfidf__age,-0.05433359215842421
terms_abstract_tfidf__age controls,0.042351172375591925
terms_abstract_tfidf__age gender,-0.03780053575316037
terms_abstract_tfidf__age groups,0.019963491130902764
terms_abstract_tfidf__age healthy,0.16176527942651037
terms_abstract_tfidf__age sex,-0.04692770619720023
terms_abstract_tfidf__aged,-0.07094117123696003
terms_abstract_tfidf__agent,0.04057623700753732
terms_abstract_tfidf__ages,-0.047305370214975065
terms_abstract_tfidf__aging,-0.06903785112582818
terms_abstract_tfidf__agreement,0.02054645514865256
terms_abstract_tfidf__aim,-0.019136089344175166
terms_abstract_tfidf__aimed,-0.06611573159524312
terms_abstract_tfidf__aims,-0.0026829277193060937
terms_abstract_tfidf__al,-0.09272932217419687
terms_abstract_tfidf__alcohol,-0.16697089229495538
terms_abstract_tfidf__alff,0.036867226216245844
terms_abstract_tfidf__algorithm,0.06139621701479738
terms_abstract_tfidf__allele,-0.04695213867682573
terms_abstract_tfidf__allocation,-0.06290213495627389
terms_abstract_tfidf__allow,0.11383707183026784
terms_abstract_tfidf__allowed,-0.08653105345954462
terms_abstract_tfidf__allowing,0.047590472769471086
terms_abstract_tfidf__allows,-0.0906957066724324
terms_abstract_tfidf__alpha,0.011565822269564855
terms_abstract_tfidf__alter,-0.08539680084822701
terms_abstract_tfidf__alteration,0.050411230838527644
terms_abstract_tfidf__alterations,-0.009170961250300222
terms_abstract_tfidf__altered,0.013111347286494822
terms_abstract_tfidf__alternating,0.05506892987669965
terms_abstract_tfidf__alternative,0.0459063379864796
terms_abstract_tfidf__alters,0.10379411538588587
terms_abstract_tfidf__alzheimer,0.07139586531646501
terms_abstract_tfidf__alzheimer disease,0.06771999561111804
terms_abstract_tfidf__ambiguous,-0.05788363315875687
terms_abstract_tfidf__amnestic,0.030530521801965485
terms_abstract_tfidf__amplitude,0.17322285181986707
terms_abstract_tfidf__amplitude low,0.037909520175182225
terms_abstract_tfidf__amplitudes,0.05230540150360836
terms_abstract_tfidf__amygdala,0.02824248204874131
terms_abstract_tfidf__amygdala anterior,0.005512279882474117
terms_abstract_tfidf__amygdala hippocampus,0.05954390628304191
terms_abstract_tfidf__amygdala insula,0.07000875635463746
terms_abstract_tfidf__amygdala response,-0.05158670397312123
terms_abstract_tfidf__amygdala responses,0.02137626637550912
terms_abstract_tfidf__analysed,-0.03710957815467697
terms_abstract_tfidf__analyses,0.04086866802461574
terms_abstract_tfidf__analyze,0.14250918654631273
terms_abstract_tfidf__analyzed,-0.004227537462060155
terms_abstract_tfidf__analyzed using,-0.07470436388776924
terms_abstract_tfidf__analyzing,0.03195557297245706
terms_abstract_tfidf__anatomical,0.0899335663995594
terms_abstract_tfidf__anatomically,0.04895705580637538
terms_abstract_tfidf__anatomy,0.1806410417799215
terms_abstract_tfidf__anger,0.06208724736685739
terms_abstract_tfidf__angry,-0.03199248709463369
terms_abstract_tfidf__angular,-0.06650634500911484
terms_abstract_tfidf__angular gyrus,-0.06085652802888083
terms_abstract_tfidf__animal,0.07891866110327812
terms_abstract_tfidf__animals,0.037240317800855155
terms_abstract_tfidf__anisotropy,-0.043915978278785295
terms_abstract_tfidf__anisotropy fa,-0.0500787743188705
terms_abstract_tfidf__anterior,-0.03037146695392772
terms_abstract_tfidf__anterior cingulate,-0.1029256349236401
terms_abstract_tfidf__anterior hippocampus,0.09653558628770596
terms_abstract_tfidf__anterior insula,0.02354767646486895
terms_abstract_tfidf__anterior insular,0.0376168909639382
terms_abstract_tfidf__anterior intraparietal,0.09580101889194663
terms_abstract_tfidf__anterior medial,0.04791209476998074
terms_abstract_tfidf__anterior posterior,0.07386041856041896
terms_abstract_tfidf__anterior prefrontal,-0.29259346616853343
terms_abstract_tfidf__anterior superior,0.12061130121942536
terms_abstract_tfidf__anterior temporal,0.04757687476998849
terms_abstract_tfidf__anti,0.05832245434376256
terms_abstract_tfidf__anticipation,-0.006103209757569159
terms_abstract_tfidf__anticipatory,-0.027641331061610035
terms_abstract_tfidf__anxiety,0.009758969130691214
terms_abstract_tfidf__anxiety disorders,0.014844074630694338
terms_abstract_tfidf__apart,-0.011679676507941453
terms_abstract_tfidf__aphasia,0.010626092630037009
terms_abstract_tfidf__apparent,0.05461966999875371
terms_abstract_tfidf__appear,0.029538402551948534
terms_abstract_tfidf__appeared,0.010837911925496985
terms_abstract_tfidf__appears,0.01602720902299156
terms_abstract_tfidf__application,-0.01477634114639732
terms_abstract_tfidf__applied,0.12178238118034372
terms_abstract_tfidf__apply,0.05065838265441935
terms_abstract_tfidf__applying,0.05124733624721391
terms_abstract_tfidf__appraisal,0.01754715081248754
terms_abstract_tfidf__approach,0.12404227131443454
terms_abstract_tfidf__approaches,-0.03307077837140575
terms_abstract_tfidf__appropriate,-0.018367655833847193
terms_abstract_tfidf__approximately,0.010428616901026904
terms_abstract_tfidf__architecture,-0.0900202426435691
terms_abstract_tfidf__argue,0.07079036166993005
terms_abstract_tfidf__arise,-0.005184710512184841
terms_abstract_tfidf__arithmetic,-0.19602524441184524
terms_abstract_tfidf__arm,0.23317080664244533
terms_abstract_tfidf__arousal,0.09045800355676871
terms_abstract_tfidf__arterial,0.061826003678663685
terms_abstract_tfidf__arterial spin,0.0647697124832414
terms_abstract_tfidf__articulatory,0.017895752100984263
terms_abstract_tfidf__asd,0.04167221543164955
terms_abstract_tfidf__asked,-0.09214266910129151
terms_abstract_tfidf__aspect,-0.08496395316592335
terms_abstract_tfidf__aspects,0.08596423436350768
terms_abstract_tfidf__assess,0.0850386949143299
terms_abstract_tfidf__assessed,0.08892129102756051
terms_abstract_tfidf__assessed using,0.014091519047161388
terms_abstract_tfidf__assessing,0.014840750013796533
terms_abstract_tfidf__assessment,-0.03624318345697029
terms_abstract_tfidf__assessments,0.04893341845089219
terms_abstract_tfidf__assigned,0.003238079137541399
terms_abstract_tfidf__association,0.04004014922872964
terms_abstract_tfidf__associations,-0.0867044267845744
terms_abstract_tfidf__associative,-0.01985797188403434
terms_abstract_tfidf__assume,0.04381912411680245
terms_abstract_tfidf__assumed,0.029928450336205288
terms_abstract_tfidf__assumption,-0.08385738306443014
terms_abstract_tfidf__asymmetry,-0.00817631775627726
terms_abstract_tfidf__atrophy,-0.006922173739054718
terms_abstract_tfidf__attempt,-0.08135641563492052
terms_abstract_tfidf__attempted,-0.03639043869583597
terms_abstract_tfidf__attend,0.024225897190970798
terms_abstract_tfidf__attended,0.022881094957524172
terms_abstract_tfidf__attending,-0.027428095579088086
terms_abstract_tfidf__attention,-0.0027993609150672423
terms_abstract_tfidf__attention deficit,-0.06032497896512876
terms_abstract_tfidf__attention network,0.003764416858707551
terms_abstract_tfidf__attention task,-0.035419094961175984
terms_abstract_tfidf__attentional,-0.08606425372220829
terms_abstract_tfidf__attentional control,-0.14172814936793338
terms_abstract_tfidf__attenuated,0.00676306154518353
terms_abstract_tfidf__attenuation,0.0882419313433616
terms_abstract_tfidf__attributed,0.010859238577404527
terms_abstract_tfidf__attributes,0.12616667061879303
terms_abstract_tfidf__attribution,0.04200466009332076
terms_abstract_tfidf__atypical,-0.041941679583323004
terms_abstract_tfidf__audiovisual,0.12899925250485714
terms_abstract_tfidf__auditory,0.13970981471523808
terms_abstract_tfidf__auditory cortex,0.16143032188499717
terms_abstract_tfidf__auditory stimuli,0.05753058008360894
terms_abstract_tfidf__auditory visual,0.06508753602180965
terms_abstract_tfidf__autism,0.06970037196211465
terms_abstract_tfidf__autism spectrum,0.055923331988283184
terms_abstract_tfidf__autobiographical,-0.007317344414481205
terms_abstract_tfidf__autobiographical memory,0.021451197359557476
terms_abstract_tfidf__automated,0.1452106568485048
terms_abstract_tfidf__automatic,0.03522714500069971
terms_abstract_tfidf__automatically,0.0807136904374724
terms_abstract_tfidf__autonomic,0.08057623104108638
terms_abstract_tfidf__available,-0.039383712265382835
terms_abstract_tfidf__average,0.03819795369088729
terms_abstract_tfidf__aversive,-0.08073108782568279
terms_abstract_tfidf__avoid,0.013378499018994112
terms_abstract_tfidf__avoidance,0.04196907330899197
terms_abstract_tfidf__awareness,0.04762855388464602
terms_abstract_tfidf__away,0.08291007023483639
terms_abstract_tfidf__axis,0.0592633921227529
terms_abstract_tfidf__ba,-0.15949866305686738
terms_abstract_tfidf__ba 44,-0.03447623975434138
terms_abstract_tfidf__background,-0.11985903371208849
terms_abstract_tfidf__balance,0.06175880950958503
terms_abstract_tfidf__band,0.07696412513806113
terms_abstract_tfidf__bands,0.009083234573531497
terms_abstract_tfidf__basal,0.034262347779629394
terms_abstract_tfidf__basal ganglia,0.03169381449919906
terms_abstract_tfidf__baseline,-0.00926236701104729
terms_abstract_tfidf__bases,-0.07189592382182775
terms_abstract_tfidf__basic,0.13932171853335149
terms_abstract_tfidf__basis,-0.0649976665375642
terms_abstract_tfidf__bayesian,-0.09377624631686932
terms_abstract_tfidf__beginning,-0.06734402573193546
terms_abstract_tfidf__behavior,-0.13836734438016998
terms_abstract_tfidf__behavioral,-0.17614515585385415
terms_abstract_tfidf__behavioral evidence,-0.024216141733261483
terms_abstract_tfidf__behavioral level,-0.0776828540664714
terms_abstract_tfidf__behavioral measures,-0.05519067706565756
terms_abstract_tfidf__behavioral performance,-0.07498933945066223
terms_abstract_tfidf__behavioral responses,0.027131028216802834
terms_abstract_tfidf__behaviorally,-0.11010578819473148
terms_abstract_tfidf__behaviors,-0.10971975867066484
terms_abstract_tfidf__behaviour,-0.12147064093973117
terms_abstract_tfidf__behavioural,-0.026082300696067272
terms_abstract_tfidf__belief,-0.07412803591737016
terms_abstract_tfidf__beliefs,-0.050351121893304165
terms_abstract_tfidf__believed,0.023309660160717626
terms_abstract_tfidf__beneficial,-0.006230023081451206
terms_abstract_tfidf__benefit,0.09277919088138308
terms_abstract_tfidf__benefits,0.05217019630917469
terms_abstract_tfidf__best,-0.028001366242395517
terms_abstract_tfidf__beta,0.06013729796526188
terms_abstract_tfidf__better,-0.06785067622799709
terms_abstract_tfidf__better understanding,0.004237339951815658
terms_abstract_tfidf__bias,-0.0325346664733819
terms_abstract_tfidf__biased,-0.026750096632096525
terms_abstract_tfidf__biases,-0.10205240780670975
terms_abstract_tfidf__bilaterally,0.09172842465483184
terms_abstract_tfidf__bilinguals,-0.08626109820755588
terms_abstract_tfidf__binding,-0.06814180272828872
terms_abstract_tfidf__biological,0.10899215263072083
terms_abstract_tfidf__biomarker,0.0118164046093228
terms_abstract_tfidf__biomarkers,-0.011327780118289894
terms_abstract_tfidf__bipolar,-0.143140731543527
terms_abstract_tfidf__bipolar disorder,-0.14309476168963367
terms_abstract_tfidf__blind,0.09561923206290902
terms_abstract_tfidf__block,0.10129663090632915
terms_abstract_tfidf__block design,0.02536621182240213
terms_abstract_tfidf__blocked,0.036926915590298884
terms_abstract_tfidf__blocks,-0.05162129900127792
terms_abstract_tfidf__blood,0.051759760231571014
terms_abstract_tfidf__blood flow,-0.0011439947719204366
terms_abstract_tfidf__blood oxygen,0.09617727605936228
terms_abstract_tfidf__blood oxygenation,0.015243137661795343
terms_abstract_tfidf__bodily,0.17864106436690405
terms_abstract_tfidf__body,0.25022804536722876
terms_abstract_tfidf__bold,0.1690981872324837
terms_abstract_tfidf__bold response,0.09265410498480102
terms_abstract_tfidf__bold responses,0.10558929366617342
terms_abstract_tfidf__bold signal,0.1763598956164664
terms_abstract_tfidf__bold signals,-0.02390604531701312
terms_abstract_tfidf__brains,0.04054692070538181
terms_abstract_tfidf__brainstem,0.04361015040574826
terms_abstract_tfidf__brief,0.021004960007369716
terms_abstract_tfidf__broad,-0.13327647604441195
terms_abstract_tfidf__broader,0.06461446528522868
terms_abstract_tfidf__broca,-0.11937202954561237
terms_abstract_tfidf__brodmann,-0.13835644393399882
terms_abstract_tfidf__brodmann ba,-0.006584522491448163
terms_abstract_tfidf__button,0.041817439081252565
terms_abstract_tfidf__calculated,0.08204479527256381
terms_abstract_tfidf__calculation,-0.10111614485807974
terms_abstract_tfidf__called,0.09558709630411424
terms_abstract_tfidf__callosum,0.033749255011704046
terms_abstract_tfidf__candidate,0.05835176322194732
terms_abstract_tfidf__canonical,-0.007220952790644114
terms_abstract_tfidf__capacity,-0.11471772933022922
terms_abstract_tfidf__capture,0.02627564730482435
terms_abstract_tfidf__carried,0.01864917445661943
terms_abstract_tfidf__carriers,-0.04542775172917855
terms_abstract_tfidf__case,0.09781949323893775
terms_abstract_tfidf__cases,-0.04897940933767457
terms_abstract_tfidf__categorical,0.00567724864602235
terms_abstract_tfidf__categories,0.10656390263527833
terms_abstract_tfidf__categorization,0.02934903632483369
terms_abstract_tfidf__category,0.09583695817655073
terms_abstract_tfidf__caudal,0.028028368187124845
terms_abstract_tfidf__caudate,-0.12020940047794881
terms_abstract_tfidf__caudate nucleus,-0.11628306145691697
terms_abstract_tfidf__causal,-0.08718664650832436
terms_abstract_tfidf__causal modeling,-0.07658631234182574
terms_abstract_tfidf__causality,-0.09525619165050046
terms_abstract_tfidf__cause,0.017139905349567167
terms_abstract_tfidf__caused,-0.005165979480914752
terms_abstract_tfidf__causes,0.03288567267108775
terms_abstract_tfidf__center,0.035929145371711727
terms_abstract_tfidf__centered,0.03863514248419219
terms_abstract_tfidf__central,0.16821543076859274
terms_abstract_tfidf__central role,0.029826568219256718
terms_abstract_tfidf__cerebellar,0.013748352839170053
terms_abstract_tfidf__cerebellum,0.06962040492232141
terms_abstract_tfidf__cerebral,0.07251877828286611
terms_abstract_tfidf__cerebral blood,0.02391170828826143
terms_abstract_tfidf__cerebral cortex,-0.013559475335470295
terms_abstract_tfidf__certain,-0.051843147054023916
terms_abstract_tfidf__challenge,-0.07709791233242778
terms_abstract_tfidf__challenges,-0.06334509126934655
terms_abstract_tfidf__challenging,0.017311033002342956
terms_abstract_tfidf__change,0.032791590499371956
terms_abstract_tfidf__changed,0.07291388954094812
terms_abstract_tfidf__changing,-0.12485593982817557
terms_abstract_tfidf__character,-0.07556509447533341
terms_abstract_tfidf__characteristic,0.011101925031675114
terms_abstract_tfidf__characteristics,-0.020894853995939103
terms_abstract_tfidf__characterization,0.03895977302142275
terms_abstract_tfidf__characterize,0.06076033834967339
terms_abstract_tfidf__characterized,0.0005101330792521348
terms_abstract_tfidf__characterizing,-0.01945536826719531
terms_abstract_tfidf__characters,-0.036619900000248944
terms_abstract_tfidf__childhood,0.025874816071728833
terms_abstract_tfidf__children,-0.15789276357690837
terms_abstract_tfidf__children adolescents,-0.0900964723020217
terms_abstract_tfidf__chinese,-0.1033820668111876
terms_abstract_tfidf__choice,-0.22317647821687983
terms_abstract_tfidf__choices,-0.2280861537007445
terms_abstract_tfidf__choose,-0.19736667978936054
terms_abstract_tfidf__chosen,-0.04136841061605491
terms_abstract_tfidf__chronic,0.048909953061213714
terms_abstract_tfidf__chronic pain,0.08087710225947299
terms_abstract_tfidf__cingulate,-0.0159947740751992
terms_abstract_tfidf__cingulate cortex,-0.004525058494478353
terms_abstract_tfidf__cingulate cortices,-0.005166973768464951
terms_abstract_tfidf__cingulate gyrus,0.03254284293036324
terms_abstract_tfidf__circuit,0.09242973191713484
terms_abstract_tfidf__circuitry,-0.09686334879600805
terms_abstract_tfidf__circuits,0.0064306594343710955
terms_abstract_tfidf__clarify,0.08632734138232388
terms_abstract_tfidf__class,-0.015634579311192172
terms_abstract_tfidf__classic,-0.04331449720269015
terms_abstract_tfidf__classical,-0.02754893542565721
terms_abstract_tfidf__classification,-0.02280781080576943
terms_abstract_tfidf__classified,-0.1035428286228433
terms_abstract_tfidf__clear,0.12162891152375482
terms_abstract_tfidf__clearly,-0.011489401723654357
terms_abstract_tfidf__clinical,0.02713663409185527
terms_abstract_tfidf__clinically,-0.010027642387135254
terms_abstract_tfidf__clips,0.18215905534435042
terms_abstract_tfidf__close,0.08938236453342731
terms_abstract_tfidf__closed,0.08709389978397301
terms_abstract_tfidf__closely,-0.01835763985249166
terms_abstract_tfidf__cluster,0.13593033023849801
terms_abstract_tfidf__clustering,-0.012481496180775842
terms_abstract_tfidf__clusters,0.09924413620504706
terms_abstract_tfidf__code,0.07240360878781331
terms_abstract_tfidf__coding,0.09944440074015067
terms_abstract_tfidf__cognition,-0.1364845506866643
terms_abstract_tfidf__cognitive,-0.30814051848370716
terms_abstract_tfidf__cognitive control,-0.3552744923365337
terms_abstract_tfidf__cognitive deficits,-0.02257440086201707
terms_abstract_tfidf__cognitive emotional,-0.010479556539843718
terms_abstract_tfidf__cognitive function,-0.1385531548090263
terms_abstract_tfidf__cognitive functions,-0.1483635557505352
terms_abstract_tfidf__cognitive impairment,-0.032923347510226665
terms_abstract_tfidf__cognitive neuroscience,0.030814955455095976
terms_abstract_tfidf__cognitive performance,-0.09893340015084694
terms_abstract_tfidf__cognitive processes,-0.20773436082336627
terms_abstract_tfidf__cognitive task,0.02355234319399626
terms_abstract_tfidf__cognitive tasks,-0.03711777312941044
terms_abstract_tfidf__cognitively,-0.052227030392106806
terms_abstract_tfidf__coherence,0.024258488937248367
terms_abstract_tfidf__coherent,0.025734353477215068
terms_abstract_tfidf__cohort,0.06694523675763514
terms_abstract_tfidf__collected,0.03118044521604334
terms_abstract_tfidf__collectively,0.015243002821751738
terms_abstract_tfidf__color,-0.06421335429656147
terms_abstract_tfidf__combination,0.10456087912575003
terms_abstract_tfidf__combinations,0.09777923916452534
terms_abstract_tfidf__combined,-0.005737766682949671
terms_abstract_tfidf__combining,0.12170749232864103
terms_abstract_tfidf__common,-0.0968523115231097
terms_abstract_tfidf__commonly,0.05208428473334699
terms_abstract_tfidf__communication,0.0736277105528583
terms_abstract_tfidf__community,-0.07088252707820623
terms_abstract_tfidf__comparable,0.032901004918124095
terms_abstract_tfidf__compare,0.09855809946203517
terms_abstract_tfidf__comparing,-0.027120119817530982
terms_abstract_tfidf__comparisons,0.007942208254256995
terms_abstract_tfidf__compatible,0.12485409340309832
terms_abstract_tfidf__compensate,-0.003958217195638511
terms_abstract_tfidf__compensation,0.04962081417885761
terms_abstract_tfidf__compensatory,-0.10333586073175416
terms_abstract_tfidf__competing,-0.17423833659995924
terms_abstract_tfidf__competition,-0.06070044458463345
terms_abstract_tfidf__complementary,0.03052444625041252
terms_abstract_tfidf__complete,0.07428849649042006
terms_abstract_tfidf__completed,-0.09370056219412319
terms_abstract_tfidf__completely,0.06363380240597846
terms_abstract_tfidf__complex,0.23306881273969324
terms_abstract_tfidf__complexity,0.0009545560985896252
terms_abstract_tfidf__component,-0.04492491272399443
terms_abstract_tfidf__component ica,0.00832833746184002
terms_abstract_tfidf__components,-0.0165509781049483
terms_abstract_tfidf__composed,0.1403150841285215
terms_abstract_tfidf__comprehension,-0.06592535210900133
terms_abstract_tfidf__comprehensive,-0.06276361596881426
terms_abstract_tfidf__comprised,-0.025279619829724237
terms_abstract_tfidf__compromised,-0.11484395499321078
terms_abstract_tfidf__compulsive,-0.10928624944413605
terms_abstract_tfidf__compulsive disorder,-0.09649667597789556
terms_abstract_tfidf__computation,-0.11122511087321342
terms_abstract_tfidf__computational,0.04203778923879451
terms_abstract_tfidf__computed,0.028918515249865388
terms_abstract_tfidf__concentration,0.03708125746941912
terms_abstract_tfidf__concept,-0.05734858955146903
terms_abstract_tfidf__concepts,-0.0412450493659952
terms_abstract_tfidf__conceptual,0.009094373000104334
terms_abstract_tfidf__concerning,-0.03776034774622488
terms_abstract_tfidf__conclude,0.017755974842159537
terms_abstract_tfidf__conclusion,-0.014707429782341932
terms_abstract_tfidf__concomitant,0.06870344679715319
terms_abstract_tfidf__concrete,-0.04942892471060415
terms_abstract_tfidf__concurrent,-0.03193558536524901
terms_abstract_tfidf__concurrently,0.10585431063564991
terms_abstract_tfidf__condition,-0.08380450209357693
terms_abstract_tfidf__conditioned,-0.026260362929440055
terms_abstract_tfidf__conditioning,-0.02844106881980511
terms_abstract_tfidf__conditions,0.08994926134551372
terms_abstract_tfidf__conductance,0.00011411476643015759
terms_abstract_tfidf__conducted,-0.14163760580736073
terms_abstract_tfidf__confidence,0.11553761425813053
terms_abstract_tfidf__confirm,0.04333384498580287
terms_abstract_tfidf__confirmed,0.0638020074123502
terms_abstract_tfidf__conflict,-0.20925189351769025
terms_abstract_tfidf__conflicting,-0.14308741819465792
terms_abstract_tfidf__confounding,-0.0502067999759863
terms_abstract_tfidf__congruency,-0.00781597711833395
terms_abstract_tfidf__congruent,0.0002779643634495519
terms_abstract_tfidf__congruent incongruent,0.07172785174925389
terms_abstract_tfidf__conjunction,-0.047775755538651495
terms_abstract_tfidf__connected,-0.02524272940598986
terms_abstract_tfidf__connection,0.03915199412594628
terms_abstract_tfidf__connections,0.01928866790930177
terms_abstract_tfidf__connectivity,0.018080925711606133
terms_abstract_tfidf__connectivity amygdala,0.03166676716762214
terms_abstract_tfidf__connectivity analyses,0.03221774161707111
terms_abstract_tfidf__connectivity anterior,0.04716782780278188
terms_abstract_tfidf__connectivity fc,0.093382080194233
terms_abstract_tfidf__connectivity networks,-0.026752543783267524
terms_abstract_tfidf__connectivity patterns,0.0010548313221823715
terms_abstract_tfidf__connectivity posterior,0.08152388611605797
terms_abstract_tfidf__connectivity rsfc,0.019149940553578323
terms_abstract_tfidf__connectivity using,-0.0782901818697801
terms_abstract_tfidf__conscious,-0.09536480237790647
terms_abstract_tfidf__consciousness,0.038149404704092185
terms_abstract_tfidf__consecutive,0.032551862352053595
terms_abstract_tfidf__consequence,-0.05683861196999741
terms_abstract_tfidf__consequences,-0.0356227066649009
terms_abstract_tfidf__consequently,0.0874558103921607
terms_abstract_tfidf__consider,-0.07394396192088014
terms_abstract_tfidf__considerable,-0.0692508209162767
terms_abstract_tfidf__considered,0.046917867949244824
terms_abstract_tfidf__considering,-0.05965713441470782
terms_abstract_tfidf__consisted,0.030237273446961376
terms_abstract_tfidf__consistency,-0.07449553472217957
terms_abstract_tfidf__consistently,-0.07165614271523678
terms_abstract_tfidf__consisting,0.1243659622977593
terms_abstract_tfidf__consists,-0.01425655676968648
terms_abstract_tfidf__consolidation,0.1061433246856084
terms_abstract_tfidf__constant,-0.007186836286291308
terms_abstract_tfidf__constitute,-0.0968830349305596
terms_abstract_tfidf__constrained,-0.012260964621599986
terms_abstract_tfidf__constraints,0.051352624127464164
terms_abstract_tfidf__construct,0.022690064196633386
terms_abstract_tfidf__constructed,0.09946786107108209
terms_abstract_tfidf__construction,0.11364800854354762
terms_abstract_tfidf__consumption,-0.018689060229773305
terms_abstract_tfidf__contain,0.0673543165007274
terms_abstract_tfidf__contained,0.0006704110743178068
terms_abstract_tfidf__containing,0.05190587843952071
terms_abstract_tfidf__contains,0.023929913891534958
terms_abstract_tfidf__content,-0.043697073892096656
terms_abstract_tfidf__contents,-0.03802630288129252
terms_abstract_tfidf__context,-0.07439622521695471
terms_abstract_tfidf__contexts,-0.010995367345521758
terms_abstract_tfidf__contextual,-0.1284229961095368
terms_abstract_tfidf__contingent,0.006890664754714152
terms_abstract_tfidf__continuous,0.01712224931480164
terms_abstract_tfidf__continuously,0.04674965054262346
terms_abstract_tfidf__contralateral,0.20334006544402392
terms_abstract_tfidf__contrary,0.03931896775850406
terms_abstract_tfidf__contrast,0.010144972046156612
terms_abstract_tfidf__contrasted,-0.012295259365884438
terms_abstract_tfidf__contrasting,-0.038172483404668035
terms_abstract_tfidf__contrasts,-0.0019271370533780873
terms_abstract_tfidf__contribute,0.04707620251928248
terms_abstract_tfidf__contributed,-0.05690460916594812
terms_abstract_tfidf__contributes,-0.04315780283474056
terms_abstract_tfidf__contributing,-0.05564620832386038
terms_abstract_tfidf__contribution,-0.16444871713583886
terms_abstract_tfidf__contributions,-0.08405195639239611
terms_abstract_tfidf__control,-0.21123740525769186
terms_abstract_tfidf__control condition,-0.13340114248514345
terms_abstract_tfidf__control conditions,0.03285176754303895
terms_abstract_tfidf__control group,-0.0751274417647701
terms_abstract_tfidf__control groups,-0.02377502469968665
terms_abstract_tfidf__control network,-0.23619658107986352
terms_abstract_tfidf__control processes,-0.2276641585582134
terms_abstract_tfidf__control task,-0.11993028383321845
terms_abstract_tfidf__controlled,-0.10937391154674668
terms_abstract_tfidf__controlling,0.037456457915358045
terms_abstract_tfidf__controls,0.030563309668566525
terms_abstract_tfidf__controls hc,-0.022263161252716816
terms_abstract_tfidf__controls hcs,-0.05166200574660746
terms_abstract_tfidf__controls using,0.04740906619374942
terms_abstract_tfidf__controversial,0.026426005336092302
terms_abstract_tfidf__conventional,0.008586803536371701
terms_abstract_tfidf__convergence,0.055638123158587745
terms_abstract_tfidf__converging,0.016124449413547005
terms_abstract_tfidf__conversely,0.009932227659243401
terms_abstract_tfidf__conveyed,0.0759266454911243
terms_abstract_tfidf__coordinates,0.13017443372128248
terms_abstract_tfidf__coordination,0.13161901788554023
terms_abstract_tfidf__core,0.030188517463196906
terms_abstract_tfidf__corpus,0.054273766464197425
terms_abstract_tfidf__corpus callosum,0.033749255011704046
terms_abstract_tfidf__correct,-0.2736072012886422
terms_abstract_tfidf__corrected,0.006517112221782118
terms_abstract_tfidf__correction,0.03307213608273746
terms_abstract_tfidf__correctly,-0.12333013994852951
terms_abstract_tfidf__correlate,-0.002790172603946373
terms_abstract_tfidf__correlated,0.04118341363912027
terms_abstract_tfidf__correlated negatively,-0.005602302956127746
terms_abstract_tfidf__correlated positively,0.060755943293928034
terms_abstract_tfidf__correlates,-0.14175158573980226
terms_abstract_tfidf__correlating,0.09772566821897698
terms_abstract_tfidf__correlation,0.007545114332748906
terms_abstract_tfidf__correlation analyses,0.01246805576866112
terms_abstract_tfidf__correlations,0.005639511429707897
terms_abstract_tfidf__correspond,0.09610907684562349
terms_abstract_tfidf__corresponded,-0.02015750938633224
terms_abstract_tfidf__correspondence,-0.004858942503273144
terms_abstract_tfidf__corresponding,0.07455581483285188
terms_abstract_tfidf__cortex acc,-0.0827958139576467
terms_abstract_tfidf__cortex amygdala,-0.002985695082378927
terms_abstract_tfidf__cortex anterior,-0.004555823031819483
terms_abstract_tfidf__cortex ba,-0.10049864978741098
terms_abstract_tfidf__cortex bilaterally,0.06210713846589659
terms_abstract_tfidf__cortex cerebellum,0.024166033679651422
terms_abstract_tfidf__cortex dacc,-0.10996895794410735
terms_abstract_tfidf__cortex dlpfc,-0.3123528485268947
terms_abstract_tfidf__cortex dmpfc,-0.13193870748312572
terms_abstract_tfidf__cortex dorsal,0.025345525202061153
terms_abstract_tfidf__cortex dorsolateral,-0.09176939205785094
terms_abstract_tfidf__cortex frontal,-0.037386342639887396
terms_abstract_tfidf__cortex hippocampus,0.03453238833768823
terms_abstract_tfidf__cortex inferior,-0.16120387879480355
terms_abstract_tfidf__cortex insula,0.00519851082001555
terms_abstract_tfidf__cortex involved,0.007265472161931815
terms_abstract_tfidf__cortex lateral,0.005036604703553425
terms_abstract_tfidf__cortex m1,0.16982757199616264
terms_abstract_tfidf__cortex medial,0.03561833812109695
terms_abstract_tfidf__cortex middle,0.015151891973222755
terms_abstract_tfidf__cortex mpfc,-0.09139315591481484
terms_abstract_tfidf__cortex ofc,-0.12406006130900236
terms_abstract_tfidf__cortex parietal,-0.08533760684901898
terms_abstract_tfidf__cortex pcc,0.05014622437368507
terms_abstract_tfidf__cortex pfc,-0.34201196281937857
terms_abstract_tfidf__cortex posterior,0.11174301065736526
terms_abstract_tfidf__cortex ppc,-0.0031377424720765473
terms_abstract_tfidf__cortex precuneus,0.147519149257774
terms_abstract_tfidf__cortex suggest,-0.020588744110397673
terms_abstract_tfidf__cortex superior,0.11596231653316273
terms_abstract_tfidf__cortex supplementary,0.12946998700754092
terms_abstract_tfidf__cortex thalamus,0.012911601371919143
terms_abstract_tfidf__cortex ventral,-0.06718626001223056
terms_abstract_tfidf__cortex vlpfc,-0.05030006437172096
terms_abstract_tfidf__cortex vmpfc,-0.012369136595468141
terms_abstract_tfidf__cortical,0.16543288889270172
terms_abstract_tfidf__cortical involved,0.06814951040842909
terms_abstract_tfidf__cortical network,0.08886688485485775
terms_abstract_tfidf__cortical networks,-0.04921241576301237
terms_abstract_tfidf__cortical subcortical,0.0810281418900922
terms_abstract_tfidf__cortical thickness,0.09268376113177186
terms_abstract_tfidf__cortices,0.062419881654811264
terms_abstract_tfidf__cortico,-0.014643462641679044
terms_abstract_tfidf__cost,-0.06412319611764887
terms_abstract_tfidf__costs,-0.11625752414986347
terms_abstract_tfidf__coupled,0.06075167209030229
terms_abstract_tfidf__coupling,0.08223110031479511
terms_abstract_tfidf__course,0.06756151489372611
terms_abstract_tfidf__courses,0.07801548424174513
terms_abstract_tfidf__covariance,-0.019491045568127946
terms_abstract_tfidf__covaried,-0.0299174202275658
terms_abstract_tfidf__covert,0.14462564160685112
terms_abstract_tfidf__craving,0.04221695240578134
terms_abstract_tfidf__created,0.059744669305020655
terms_abstract_tfidf__criteria,-0.09268286804411618
terms_abstract_tfidf__critical,-0.12358274222581862
terms_abstract_tfidf__critical role,0.07440487147840939
terms_abstract_tfidf__critically,-0.031730785752578115
terms_abstract_tfidf__cross,0.049363540267426
terms_abstract_tfidf__cross modal,0.12807586331463736
terms_abstract_tfidf__cross sectional,0.003127262085933484
terms_abstract_tfidf__crossover,-0.01898756832759891
terms_abstract_tfidf__crucial,-0.08239192102280067
terms_abstract_tfidf__crucial role,-0.09503124215732058
terms_abstract_tfidf__crucially,0.1390377914520911
terms_abstract_tfidf__crus,-0.04755494082177104
terms_abstract_tfidf__cue,-0.12044427487097936
terms_abstract_tfidf__cued,-0.03609694083034273
terms_abstract_tfidf__cues,0.027458331461133797
terms_abstract_tfidf__cuneus,0.0860882323072574
terms_abstract_tfidf__current,-0.17526821857861444
terms_abstract_tfidf__current functional,-0.05327801602476388
terms_abstract_tfidf__currently,-0.07191985000140813
terms_abstract_tfidf__dacc,-0.144621614541588
terms_abstract_tfidf__daily,-0.0965163086688757
terms_abstract_tfidf__daily life,-0.10368418539834175
terms_abstract_tfidf__damage,0.08696348835920566
terms_abstract_tfidf__dataset,-0.00467399828655111
terms_abstract_tfidf__datasets,0.0693689237852018
terms_abstract_tfidf__date,0.003996659830373678
terms_abstract_tfidf__day,0.05644217187552749
terms_abstract_tfidf__days,0.02887515902539378
terms_abstract_tfidf__deactivated,0.10436349202936548
terms_abstract_tfidf__deactivation,0.19041646170192028
terms_abstract_tfidf__deactivations,0.22604091644010246
terms_abstract_tfidf__debate,-0.09467565635721084
terms_abstract_tfidf__debated,0.010219857094735097
terms_abstract_tfidf__decision,-0.2379869162664889
terms_abstract_tfidf__decision making,-0.22097600156245015
terms_abstract_tfidf__decision task,0.009534999859272197
terms_abstract_tfidf__decisions,-0.23455076299454403
terms_abstract_tfidf__decline,-0.06082949164622005
terms_abstract_tfidf__declines,-0.018876360668747583
terms_abstract_tfidf__decoding,0.09656133169169116
terms_abstract_tfidf__decreases,0.06148360830413709
terms_abstract_tfidf__decreasing,-0.011774068424187574
terms_abstract_tfidf__deep,-0.006675293874556922
terms_abstract_tfidf__default,0.020259646643911784
terms_abstract_tfidf__default mode,0.02265286526876947
terms_abstract_tfidf__default network,0.05913007906314369
terms_abstract_tfidf__deficient,-0.039282787833284885
terms_abstract_tfidf__deficit,-0.022251179517768997
terms_abstract_tfidf__deficit hyperactivity,-0.060293691912284064
terms_abstract_tfidf__deficits,-0.12592865553512295
terms_abstract_tfidf__define,0.12100374980285993
terms_abstract_tfidf__defined,0.04288703473981222
terms_abstract_tfidf__degree,0.04345861997177369
terms_abstract_tfidf__degrees,0.09688314957413861
terms_abstract_tfidf__delay,-0.019876813822307667
terms_abstract_tfidf__delayed,0.028673721143549567
terms_abstract_tfidf__delivered,0.10438892481878215
terms_abstract_tfidf__demand,-0.13121493220340244
terms_abstract_tfidf__demanding,-0.11365937034902175
terms_abstract_tfidf__demands,-0.20625117590343825
terms_abstract_tfidf__dementia,0.04229973312527557
terms_abstract_tfidf__demonstrate,-0.020106482386642453
terms_abstract_tfidf__demonstrated,-0.07056935771664295
terms_abstract_tfidf__demonstrates,0.08014766666376827
terms_abstract_tfidf__demonstrating,0.03625168952687464
terms_abstract_tfidf__density,0.032796686940296894
terms_abstract_tfidf__depend,-0.06503942631664367
terms_abstract_tfidf__depended,0.12006888199415859
terms_abstract_tfidf__dependence,-0.07423683300139239
terms_abstract_tfidf__depending,-0.04278513175631779
terms_abstract_tfidf__depends,-0.019240230052852456
terms_abstract_tfidf__depicting,0.12278157605093322
terms_abstract_tfidf__depressed,-0.11422390167409345
terms_abstract_tfidf__depression,-0.0772863143766458
terms_abstract_tfidf__depressive,-0.06592210189066791
terms_abstract_tfidf__depressive disorder,-0.0852284315623212
terms_abstract_tfidf__deprivation,0.020900723064433472
terms_abstract_tfidf__depth,0.06626626360441558
terms_abstract_tfidf__derived,0.053433698914332646
terms_abstract_tfidf__described,0.14086796892457432
terms_abstract_tfidf__describing,0.06918612612983284
terms_abstract_tfidf__design,0.08748280086201674
terms_abstract_tfidf__designed,0.0101337683195043
terms_abstract_tfidf__designs,0.14682791245531598
terms_abstract_tfidf__despite,0.040896305731948274
terms_abstract_tfidf__detailed,0.10839967262496968
terms_abstract_tfidf__details,-0.00845463065611755
terms_abstract_tfidf__detect,-0.021979999134929158
terms_abstract_tfidf__detected,0.09254714940796917
terms_abstract_tfidf__detecting,-0.12333344413704936
terms_abstract_tfidf__detection,0.0129901505658794
terms_abstract_tfidf__detection task,0.06391013634329444
terms_abstract_tfidf__determine,0.13009475393865866
terms_abstract_tfidf__determined,-0.010407260944361839
terms_abstract_tfidf__determining,-0.015976223465195824
terms_abstract_tfidf__develop,0.00274569924921047
terms_abstract_tfidf__developed,0.0322301137200699
terms_abstract_tfidf__developing,-0.041810202455686264
terms_abstract_tfidf__development,0.01721833251705203
terms_abstract_tfidf__developmental,-0.12333213404228915
terms_abstract_tfidf__diagnosed,0.02151804746842401
terms_abstract_tfidf__diagnosis,-0.020677305801714306
terms_abstract_tfidf__diagnostic,0.005871912931904566
terms_abstract_tfidf__did,0.022455581469912046
terms_abstract_tfidf__did differ,-0.10126311119047447
terms_abstract_tfidf__differ,-0.08710039850599638
terms_abstract_tfidf__differed,-0.04067693933292122
terms_abstract_tfidf__difference,0.03289919619574592
terms_abstract_tfidf__differential,-0.10416439448075746
terms_abstract_tfidf__differentially,-0.13563447686634414
terms_abstract_tfidf__differentiate,-0.052399552754904724
terms_abstract_tfidf__differentiated,-0.11936646172494492
terms_abstract_tfidf__differentiation,0.06692313000322814
terms_abstract_tfidf__differently,-0.02504022641249168
terms_abstract_tfidf__differing,0.021671437958867588
terms_abstract_tfidf__differs,0.05791686092590543
terms_abstract_tfidf__difficult,-0.07618128979637245
terms_abstract_tfidf__difficulties,-0.04405466877638849
terms_abstract_tfidf__difficulty,-0.1253794443350483
terms_abstract_tfidf__diffusion,-0.04595978849896228
terms_abstract_tfidf__diffusion tensor,-0.010247626304993023
terms_abstract_tfidf__digit,-0.06832270394845061
terms_abstract_tfidf__dimension,-0.08159795977365043
terms_abstract_tfidf__dimensional,0.10755863766033873
terms_abstract_tfidf__dimensions,0.019634160457909805
terms_abstract_tfidf__diminished,0.023266975801800066
terms_abstract_tfidf__direct,-0.00609027742004357
terms_abstract_tfidf__direct evidence,-0.03647220839765056
terms_abstract_tfidf__directed,0.06736618636517318
terms_abstract_tfidf__direction,0.13127709909493573
terms_abstract_tfidf__directions,0.1562836961679718
terms_abstract_tfidf__directly,0.06924471154820805
terms_abstract_tfidf__disability,0.0012874508263679759
terms_abstract_tfidf__discrete,0.009360115413503536
terms_abstract_tfidf__discriminate,-0.02966628936907699
terms_abstract_tfidf__discriminated,0.10717782919279827
terms_abstract_tfidf__discrimination,0.08617616062294867
terms_abstract_tfidf__discrimination task,-0.004628114747358054
terms_abstract_tfidf__discriminative,0.14418655653945542
terms_abstract_tfidf__discuss,0.011890856238701276
terms_abstract_tfidf__discussed,-0.07142045315690887
terms_abstract_tfidf__discussion,0.04156587220306261
terms_abstract_tfidf__disease,0.05032978262923479
terms_abstract_tfidf__disease ad,0.04271017810548306
terms_abstract_tfidf__disease pd,0.02745676875882854
terms_abstract_tfidf__diseases,0.04873296979839869
terms_abstract_tfidf__disentangle,-0.18697852629562586
terms_abstract_tfidf__disgust,0.0994355955005715
terms_abstract_tfidf__disorder,-0.11751564555740189
terms_abstract_tfidf__disorder adhd,-0.09688156112295829
terms_abstract_tfidf__disorder mdd,-0.06748079105723799
terms_abstract_tfidf__disorder ocd,-0.1320248469653106
terms_abstract_tfidf__disorder ptsd,-0.030121247925863272
terms_abstract_tfidf__disorders,-0.0026937529236786303
terms_abstract_tfidf__display,0.05780275050510875
terms_abstract_tfidf__displayed,0.050478670352979
terms_abstract_tfidf__displays,0.05108399034914161
terms_abstract_tfidf__disrupted,0.021023912773100322
terms_abstract_tfidf__disruption,-0.041090417894484414
terms_abstract_tfidf__dissociable,-0.13236055582036585
terms_abstract_tfidf__dissociate,-0.06188395899782741
terms_abstract_tfidf__dissociated,-0.06366834925956691
terms_abstract_tfidf__dissociation,-0.022083964183255308
terms_abstract_tfidf__distance,-0.08442427752127168
terms_abstract_tfidf__distinction,0.05258962398693039
terms_abstract_tfidf__distinguish,0.00744640101439694
terms_abstract_tfidf__distinguished,-0.028425808312112805
terms_abstract_tfidf__distraction,-0.05506252068019905
terms_abstract_tfidf__distractor,-0.04258158327663601
terms_abstract_tfidf__distractors,-0.02930741173192126
terms_abstract_tfidf__distress,0.0477956497138513
terms_abstract_tfidf__distributed,-0.036477433973181254
terms_abstract_tfidf__distributed network,-0.016014799104547273
terms_abstract_tfidf__distribution,0.04574611153752115
terms_abstract_tfidf__disturbances,0.006058709418570836
terms_abstract_tfidf__disturbed,-0.0756100542647721
terms_abstract_tfidf__divergent,0.037464022670958594
terms_abstract_tfidf__diverse,0.04740665325087063
terms_abstract_tfidf__divided,-0.10702860264377982
terms_abstract_tfidf__dlpfc,-0.3501323357277874
terms_abstract_tfidf__dmn,0.025794530718695505
terms_abstract_tfidf__dmpfc,-0.11510339172201975
terms_abstract_tfidf__documented,0.047985747167845275
terms_abstract_tfidf__does,-0.0016698687728377635
terms_abstract_tfidf__domain,-0.12286951110482186
terms_abstract_tfidf__domain general,-0.18861813713924996
terms_abstract_tfidf__domains,-0.2246934609845405
terms_abstract_tfidf__dominance,0.027318335795102563
terms_abstract_tfidf__dominant,0.03822157954302911
terms_abstract_tfidf__dopamine,-0.0862382844746647
terms_abstract_tfidf__dopaminergic,-0.07128441947668922
terms_abstract_tfidf__dorsal,-0.013110874844062141
terms_abstract_tfidf__dorsal anterior,-0.1140545143381682
terms_abstract_tfidf__dorsal attention,0.0004966018238163422
terms_abstract_tfidf__dorsal medial,-0.05913268125687259
terms_abstract_tfidf__dorsal premotor,0.14168235324528183
terms_abstract_tfidf__dorsal striatum,-0.048765302931357946
terms_abstract_tfidf__dorsal ventral,0.026459060893224525
terms_abstract_tfidf__dorsolateral,-0.39756962184994954
terms_abstract_tfidf__dorsolateral pfc,-0.25513108270779344
terms_abstract_tfidf__dorsolateral prefrontal,-0.37317974899498657
terms_abstract_tfidf__dorsomedial,-0.17505445755378352
terms_abstract_tfidf__dorsomedial prefrontal,-0.14560207793890606
terms_abstract_tfidf__dose,-0.0507244322322764
terms_abstract_tfidf__dot,0.0925698675552684
terms_abstract_tfidf__double,-0.06777508134253371
terms_abstract_tfidf__double blind,-0.0446669132111435
terms_abstract_tfidf__drive,0.007185963908409437
terms_abstract_tfidf__driven,0.03345463798124705
terms_abstract_tfidf__driving,0.06578304622178481
terms_abstract_tfidf__drug,-0.07546706496254688
terms_abstract_tfidf__drugs,-0.06502829742808783
terms_abstract_tfidf__dti,-0.003317884919740203
terms_abstract_tfidf__dual,-0.056444009379661424
terms_abstract_tfidf__duration,0.06232874230320398
terms_abstract_tfidf__dynamic,0.10674969363873721
terms_abstract_tfidf__dynamic causal,-0.03224566360277223
terms_abstract_tfidf__dynamically,-0.055572034938798094
terms_abstract_tfidf__dynamics,0.044811388358762035
terms_abstract_tfidf__dysfunction,-0.0439272950628967
terms_abstract_tfidf__dysfunctional,-0.059363243328142835
terms_abstract_tfidf__dysfunctions,0.043150488016865746
terms_abstract_tfidf__dyslexia,-0.014878686429559673
terms_abstract_tfidf__dysregulation,-0.013275528748612604
terms_abstract_tfidf__earlier,-0.04833390247671016
terms_abstract_tfidf__early,0.10685575441108075
terms_abstract_tfidf__early stage,0.013249240777111804
terms_abstract_tfidf__early stages,-0.01130697002362358
terms_abstract_tfidf__early visual,0.0842013980649058
terms_abstract_tfidf__easy,-0.08643255331372955
terms_abstract_tfidf__eating,-0.04058811956891936
terms_abstract_tfidf__echo,0.00043028471996702395
terms_abstract_tfidf__economic,-0.04063953255276432
terms_abstract_tfidf__education,-0.06647375170762838
terms_abstract_tfidf__eeg,0.06768025561192871
terms_abstract_tfidf__effect,-0.01284988190836323
terms_abstract_tfidf__effective,-0.024182513641792663
terms_abstract_tfidf__effective connectivity,-0.07499404184066048
terms_abstract_tfidf__effectively,-0.011414286587778306
terms_abstract_tfidf__effects,0.07114797969956647
terms_abstract_tfidf__efficacy,0.02752073720572403
terms_abstract_tfidf__efficiency,-0.08736693194640957
terms_abstract_tfidf__efficient,-0.036228255751667666
terms_abstract_tfidf__effort,-0.0491110073033011
terms_abstract_tfidf__effortful,-0.06940149229371616
terms_abstract_tfidf__eighteen,-0.08347021554482337
terms_abstract_tfidf__elderly,0.05626507565748568
terms_abstract_tfidf__electrical,0.16068800875147696
terms_abstract_tfidf__electroencephalography,0.05602318263376008
terms_abstract_tfidf__electroencephalography eeg,0.06543179934453594
terms_abstract_tfidf__electrophysiological,0.09995230703446313
terms_abstract_tfidf__elements,0.08026605680454965
terms_abstract_tfidf__elevated,0.06449153062631148
terms_abstract_tfidf__elicit,0.01687057408765035
terms_abstract_tfidf__elicited,0.06447957014879568
terms_abstract_tfidf__elicits,0.04946916307799538
terms_abstract_tfidf__elucidate,0.014206958823911224
terms_abstract_tfidf__elucidated,0.018861330943485587
terms_abstract_tfidf__elusive,-0.04473094823297915
terms_abstract_tfidf__embedded,-0.008839492043964456
terms_abstract_tfidf__emerge,0.06077000932124978
terms_abstract_tfidf__emerged,0.05341154901985333
terms_abstract_tfidf__emergence,0.012259844285497848
terms_abstract_tfidf__emerging,0.10908017872749659
terms_abstract_tfidf__emission,-0.0270883120346872
terms_abstract_tfidf__emission tomography,-0.040748533453959575
terms_abstract_tfidf__emotion,0.02080524694785523
terms_abstract_tfidf__emotion regulation,-0.0807870071453818
terms_abstract_tfidf__emotional,-0.0053925963990515005
terms_abstract_tfidf__emotional faces,-0.04708312225141474
terms_abstract_tfidf__emotional information,-0.007854588135583995
terms_abstract_tfidf__emotional responses,-0.007151022836264649
terms_abstract_tfidf__emotional stimuli,-0.0188099681681387
terms_abstract_tfidf__emotional valence,0.0294832512824672
terms_abstract_tfidf__emotionally,0.023029434293641432
terms_abstract_tfidf__emotions,0.05885357853796031
terms_abstract_tfidf__empathic,0.05675554652232185
terms_abstract_tfidf__empathy,0.09886439953878248
terms_abstract_tfidf__emphasize,-0.03362995662392005
terms_abstract_tfidf__empirical,-0.06860819635234719
terms_abstract_tfidf__employed,-0.09532058062881389
terms_abstract_tfidf__employing,0.059761971533649386
terms_abstract_tfidf__enable,-0.00892123639559682
terms_abstract_tfidf__enabled,0.09781667481173459
terms_abstract_tfidf__enables,-0.008352368798292119
terms_abstract_tfidf__encode,0.14875868766532585
terms_abstract_tfidf__encoded,-0.04484781929246743
terms_abstract_tfidf__encoding,-0.044104464622851794
terms_abstract_tfidf__encoding retrieval,-0.08297153039999661
terms_abstract_tfidf__encompassing,0.03409790666552535
terms_abstract_tfidf__end,0.04607850668371882
terms_abstract_tfidf__endogenous,0.021824859293613132
terms_abstract_tfidf__engage,-0.04195474115265518
terms_abstract_tfidf__engaged,-0.038878599597394065
terms_abstract_tfidf__engagement,-0.11742809534777435
terms_abstract_tfidf__engages,0.04453491097416152
terms_abstract_tfidf__engaging,0.048946236288661696
terms_abstract_tfidf__english,-0.10891732524857026
terms_abstract_tfidf__enhance,0.05566291809348891
terms_abstract_tfidf__enhancement,0.06033404884114861
terms_abstract_tfidf__enhances,0.043408709442140335
terms_abstract_tfidf__enhancing,0.020617419457586883
terms_abstract_tfidf__entire,0.0966002006493773
terms_abstract_tfidf__environment,0.13155161294116263
terms_abstract_tfidf__environmental,0.10880846907572359
terms_abstract_tfidf__environments,-0.04117637732080665
terms_abstract_tfidf__epilepsy,0.04010839609187684
terms_abstract_tfidf__episode,-0.06501053928256754
terms_abstract_tfidf__episodes,0.015385045950764144
terms_abstract_tfidf__episodic,-0.0550802121636336
terms_abstract_tfidf__episodic memory,-0.02207461320262117
terms_abstract_tfidf__equal,-0.04446511500136969
terms_abstract_tfidf__equally,-0.031290107644390795
terms_abstract_tfidf__equivalent,0.02703672924091377
terms_abstract_tfidf__erp,-0.005751398438893784
terms_abstract_tfidf__error,-0.19686282704348956
terms_abstract_tfidf__errors,-0.20312497110094765
terms_abstract_tfidf__especially,0.05290499179468622
terms_abstract_tfidf__essential,-0.062378476796677795
terms_abstract_tfidf__establish,0.06043664092053473
terms_abstract_tfidf__established,0.07000050343603366
terms_abstract_tfidf__estimate,0.03299006316328937
terms_abstract_tfidf__estimated,0.02546293880359956
terms_abstract_tfidf__estimates,0.08247587834414023
terms_abstract_tfidf__estimation,-0.08805779825297216
terms_abstract_tfidf__et,-0.08751447011128018
terms_abstract_tfidf__et al,-0.08281255525332173
terms_abstract_tfidf__evaluate,0.035982973159425204
terms_abstract_tfidf__evaluated,-0.05114985532499214
terms_abstract_tfidf__evaluating,-0.051751460512828446
terms_abstract_tfidf__evaluation,-0.049600146541067404
terms_abstract_tfidf__evaluations,-0.04090048641303287
terms_abstract_tfidf__event,-0.08050267833466017
terms_abstract_tfidf__event design,0.05068213528119305
terms_abstract_tfidf__event functional,-0.1145707277025241
terms_abstract_tfidf__event potential,-0.06696064432651759
terms_abstract_tfidf__event potentials,-0.011653814995643951
terms_abstract_tfidf__events,-0.04595975025220917
terms_abstract_tfidf__everyday,0.023151366850807865
terms_abstract_tfidf__everyday life,-0.05022524962658462
terms_abstract_tfidf__evidence,0.040815607568519666
terms_abstract_tfidf__evidence suggests,0.03484692071986588
terms_abstract_tfidf__evidenced,0.08425985058850317
terms_abstract_tfidf__evident,-0.044047458654846036
terms_abstract_tfidf__evoke,0.11735806780371409
terms_abstract_tfidf__evoked,0.21981297808072936
terms_abstract_tfidf__evolution,0.13160074158270896
terms_abstract_tfidf__exact,-0.06279986351980132
terms_abstract_tfidf__examination,-0.08203972233293906
terms_abstract_tfidf__examining,-0.039625317244861576
terms_abstract_tfidf__example,-0.037407965529503574
terms_abstract_tfidf__excessive,-0.046737692345732974
terms_abstract_tfidf__exclusively,-0.03178233488210105
terms_abstract_tfidf__executed,0.13591790851912208
terms_abstract_tfidf__execution,0.09350080616024042
terms_abstract_tfidf__executive,-0.32247123446817716
terms_abstract_tfidf__executive control,-0.22336950483628615
terms_abstract_tfidf__executive function,-0.1781192178088513
terms_abstract_tfidf__executive functions,-0.205734181880167
terms_abstract_tfidf__exert,-0.06466249738591551
terms_abstract_tfidf__exhibit,-0.1511522234276003
terms_abstract_tfidf__exhibited,-0.05860692157158719
terms_abstract_tfidf__exhibited greater,-0.05084727459469179
terms_abstract_tfidf__exhibiting,0.025605565268853426
terms_abstract_tfidf__exist,-0.030815558628228094
terms_abstract_tfidf__existence,0.11682556541626064
terms_abstract_tfidf__existing,-0.10799854258127535
terms_abstract_tfidf__exists,-0.04994765112194022
terms_abstract_tfidf__expectancy,-0.17298476241824146
terms_abstract_tfidf__expectation,-0.011415448151810738
terms_abstract_tfidf__expectations,0.0005293870428119498
terms_abstract_tfidf__expected,0.04222155368930349
terms_abstract_tfidf__experience,0.1982525411909884
terms_abstract_tfidf__experienced,0.07549385850466721
terms_abstract_tfidf__experiences,0.16520802264076187
terms_abstract_tfidf__experiencing,0.011044838613228712
terms_abstract_tfidf__experiment,-0.036046341920612915
terms_abstract_tfidf__experimental,-0.0178335143653821
terms_abstract_tfidf__experimental conditions,0.05922725237927744
terms_abstract_tfidf__experimentally,-0.02064007596712603
terms_abstract_tfidf__experiments,0.14399926664960894
terms_abstract_tfidf__expertise,0.0913034162263005
terms_abstract_tfidf__explain,-0.018979422382978946
terms_abstract_tfidf__explained,-0.03690719848886613
terms_abstract_tfidf__explanation,-0.001957541416310522
terms_abstract_tfidf__explicit,-0.028833113505916646
terms_abstract_tfidf__explicitly,-0.0727119824691019
terms_abstract_tfidf__exploration,0.06339404775947853
terms_abstract_tfidf__exploratory,-0.034067577843503144
terms_abstract_tfidf__explore,-0.11117070844141012
terms_abstract_tfidf__explored,0.00548501241305858
terms_abstract_tfidf__exploring,-0.09089562599030145
terms_abstract_tfidf__exposed,-0.016765156529541126
terms_abstract_tfidf__exposure,-0.046227289164265266
terms_abstract_tfidf__expressed,0.03437887949115962
terms_abstract_tfidf__expression,0.1513429556633775
terms_abstract_tfidf__expressions,0.06612209995394716
terms_abstract_tfidf__extend,0.03948559698613955
terms_abstract_tfidf__extended,0.11299427774220211
terms_abstract_tfidf__extending,0.021608663757276256
terms_abstract_tfidf__extends,0.1242658633483232
terms_abstract_tfidf__extension,0.21334124158870926
terms_abstract_tfidf__extensive,0.041072270318581565
terms_abstract_tfidf__extensively,0.018107197701764444
terms_abstract_tfidf__extent,0.02516163597873466
terms_abstract_tfidf__external,0.060647784479335144
terms_abstract_tfidf__externally,-0.07951895017775122
terms_abstract_tfidf__extinction,-0.01513076150480385
terms_abstract_tfidf__extra,0.03357837852730841
terms_abstract_tfidf__extract,0.006977404905528706
terms_abstract_tfidf__extracted,0.06977931837919231
terms_abstract_tfidf__extrastriate,0.12528125587184888
terms_abstract_tfidf__eye,0.0817307777812124
terms_abstract_tfidf__eye field,0.01959455175191301
terms_abstract_tfidf__eye fields,0.04651596076040212
terms_abstract_tfidf__eye movement,0.050432948325759876
terms_abstract_tfidf__eye movements,0.11116465845624218
terms_abstract_tfidf__eyes,0.09045770864822013
terms_abstract_tfidf__fa,-0.05220443517877743
terms_abstract_tfidf__face,0.05587789617770359
terms_abstract_tfidf__face ffa,0.08824765143709964
terms_abstract_tfidf__face recognition,0.05849685175476573
terms_abstract_tfidf__faces,0.041099639433192475
terms_abstract_tfidf__facial,0.06797485067496636
terms_abstract_tfidf__facial expression,0.11289479851760255
terms_abstract_tfidf__facial expressions,0.0843484142146755
terms_abstract_tfidf__facilitate,-0.021549313226039313
terms_abstract_tfidf__facilitated,0.006945734830995256
terms_abstract_tfidf__facilitates,-0.07244665215001393
terms_abstract_tfidf__facilitation,-0.06809141736840056
terms_abstract_tfidf__fact,0.05926679247382858
terms_abstract_tfidf__factor,-0.017186018514862247
terms_abstract_tfidf__factorial,0.13198243347461103
terms_abstract_tfidf__factorial design,0.16388818255480087
terms_abstract_tfidf__factors,-0.019464822926436986
terms_abstract_tfidf__failed,-0.041262744470699206
terms_abstract_tfidf__failure,-0.04259335021265474
terms_abstract_tfidf__false,-0.16483482167291943
terms_abstract_tfidf__familiar,0.04317393058209192
terms_abstract_tfidf__familiarity,-0.021883719186896668
terms_abstract_tfidf__family,-0.1260181287110264
terms_abstract_tfidf__far,0.03906342038704817
terms_abstract_tfidf__fasciculus,-0.0064842873196659994
terms_abstract_tfidf__fashion,-0.14116760806647097
terms_abstract_tfidf__fast,0.024934017880041518
terms_abstract_tfidf__faster,0.049957787376306906
terms_abstract_tfidf__fc,0.09175177578745165
terms_abstract_tfidf__fear,0.07684201954224279
terms_abstract_tfidf__fearful,0.03283271075937901
terms_abstract_tfidf__fearful faces,0.04910907408101477
terms_abstract_tfidf__feature,-0.004212594309667531
terms_abstract_tfidf__features,0.08794846202903772
terms_abstract_tfidf__feedback,0.029347935281365402
terms_abstract_tfidf__feeling,0.12832198519529847
terms_abstract_tfidf__feelings,0.11883900617143456
terms_abstract_tfidf__female,-0.008008369185513356
terms_abstract_tfidf__females,-0.04004539498255484
terms_abstract_tfidf__fewer,-0.14335016943618284
terms_abstract_tfidf__ffa,0.06995109289388009
terms_abstract_tfidf__fiber,0.0036538273038975236
terms_abstract_tfidf__field,0.09730401338362196
terms_abstract_tfidf__fields,0.1113087274651358
terms_abstract_tfidf__final,-0.1264460831716345
terms_abstract_tfidf__finally,0.12254893936928196
terms_abstract_tfidf__fine,0.1390941647393337
terms_abstract_tfidf__finger,0.13318024812553803
terms_abstract_tfidf__finger movements,0.07250385941160994
terms_abstract_tfidf__finger tapping,0.06683667773355394
terms_abstract_tfidf__fixation,0.0663038732462637
terms_abstract_tfidf__fixed,-0.03691490100816109
terms_abstract_tfidf__flexibility,-0.12459225615010018
terms_abstract_tfidf__flexible,-0.09329324230948335
terms_abstract_tfidf__flexibly,-0.03781427792561838
terms_abstract_tfidf__flow,0.054260493100007856
terms_abstract_tfidf__fluctuation,0.0027407135310653723
terms_abstract_tfidf__fluctuations,0.03244132836128372
terms_abstract_tfidf__fluency,-0.04511387606356266
terms_abstract_tfidf__focal,-0.02474403502096734
terms_abstract_tfidf__foci,0.14031374611155678
terms_abstract_tfidf__focus,-0.00024986505513969435
terms_abstract_tfidf__focused,-0.003180385657623686
terms_abstract_tfidf__focusing,0.05772590753907722
terms_abstract_tfidf__follow,-0.0020485773400141303
terms_abstract_tfidf__followed,0.0571988290074619
terms_abstract_tfidf__following,0.13418818237853095
terms_abstract_tfidf__food,-0.04397873408201738
terms_abstract_tfidf__foot,0.21313531816446774
terms_abstract_tfidf__force,0.13694008996933904
terms_abstract_tfidf__form,0.0404515724796744
terms_abstract_tfidf__formation,0.05515377082725784
terms_abstract_tfidf__formed,0.0066044406950086535
terms_abstract_tfidf__forms,-0.13706740644251011
terms_abstract_tfidf__forward,0.12034941284833646
terms_abstract_tfidf__fourteen,0.04814287029728668
terms_abstract_tfidf__fractional,-0.032007560714219646
terms_abstract_tfidf__fractional anisotropy,-0.047464157997945185
terms_abstract_tfidf__framework,-0.02682525748242549
terms_abstract_tfidf__free,-0.11816808101443364
terms_abstract_tfidf__frequencies,0.14212133322591422
terms_abstract_tfidf__frequency,0.12092094876596907
terms_abstract_tfidf__frequency fluctuations,0.07669521573374355
terms_abstract_tfidf__frequent,-0.07535221767323672
terms_abstract_tfidf__frequently,-0.07352766277285826
terms_abstract_tfidf__frontal,-0.2784313997085885
terms_abstract_tfidf__frontal cortex,-0.2677387118177419
terms_abstract_tfidf__frontal cortices,-0.1745899979283363
terms_abstract_tfidf__frontal eye,0.015119907852504414
terms_abstract_tfidf__frontal gyri,-0.12219305482096064
terms_abstract_tfidf__frontal gyrus,-0.21725996580863696
terms_abstract_tfidf__frontal lobe,-0.2749264059886322
terms_abstract_tfidf__frontal lobes,-0.18963533610569813
terms_abstract_tfidf__frontal operculum,-0.017922301155443198
terms_abstract_tfidf__frontal parietal,-0.16591383769132514
terms_abstract_tfidf__frontal temporal,-0.07470307130177661
terms_abstract_tfidf__fronto,-0.21837171224507737
terms_abstract_tfidf__fronto parietal,-0.1563882279140552
terms_abstract_tfidf__fronto striatal,-0.17528845843820814
terms_abstract_tfidf__fronto temporal,-0.05319294406787607
terms_abstract_tfidf__frontoparietal,-0.18456540850211564
terms_abstract_tfidf__frontoparietal network,-0.11057323803421217
terms_abstract_tfidf__frontopolar,-0.29989040433330516
terms_abstract_tfidf__frontotemporal,-0.031791451161408336
terms_abstract_tfidf__fully,0.09642841860836843
terms_abstract_tfidf__function,-0.11623127789369969
terms_abstract_tfidf__functional abnormalities,-0.07318269001588391
terms_abstract_tfidf__functional connections,0.052623337400924126
terms_abstract_tfidf__functional connectivity,0.02918777357550255
terms_abstract_tfidf__functional coupling,0.0357361707853184
terms_abstract_tfidf__functional magnetic,0.04305590123035741
terms_abstract_tfidf__functional network,0.020534668096291564
terms_abstract_tfidf__functional networks,-0.02708600454586904
terms_abstract_tfidf__functional neuroanatomy,0.04126424576760471
terms_abstract_tfidf__functional organization,0.03529724506750397
terms_abstract_tfidf__functional role,0.061059968746652066
terms_abstract_tfidf__functional structural,-0.04763775495347678
terms_abstract_tfidf__functionally,0.03538193054727191
terms_abstract_tfidf__functionally connected,-0.0004950216360969271
terms_abstract_tfidf__functioning,-0.06631265847661379
terms_abstract_tfidf__functions,-0.17230660597471276
terms_abstract_tfidf__fundamental,-0.017876412486166927
terms_abstract_tfidf__furthermore,0.053743617020649566
terms_abstract_tfidf__fusiform,0.07440588583602996
terms_abstract_tfidf__fusiform face,0.07988780801129336
terms_abstract_tfidf__fusiform gyri,0.04919694672049662
terms_abstract_tfidf__fusiform gyrus,0.06826546723375017
terms_abstract_tfidf__future,-0.043510990346143856
terms_abstract_tfidf__gain,-0.07213326761157557
terms_abstract_tfidf__gains,-0.12266664709430859
terms_abstract_tfidf__gambling,-0.15308166283147395
terms_abstract_tfidf__game,-0.13810216471795578
terms_abstract_tfidf__gamma,0.05119356292443123
terms_abstract_tfidf__ganglia,0.030663342683559417
terms_abstract_tfidf__gap,-0.06343068068289184
terms_abstract_tfidf__gaze,0.1682467876069283
terms_abstract_tfidf__gender,-0.06982336620703276
terms_abstract_tfidf__gene,-0.11029912492261704
terms_abstract_tfidf__general,-0.04628222855992796
terms_abstract_tfidf__general linear,0.2210149858343056
terms_abstract_tfidf__generalized,-0.03953795279869551
terms_abstract_tfidf__generally,0.03596076415914583
terms_abstract_tfidf__generate,-0.016112380060263325
terms_abstract_tfidf__generated,0.0756755225133923
terms_abstract_tfidf__generating,0.009164182954143098
terms_abstract_tfidf__generation,0.03517038402444081
terms_abstract_tfidf__genes,-0.06140922148627457
terms_abstract_tfidf__genetic,-0.10837621975868203
terms_abstract_tfidf__genetic risk,-0.10380869691590278
terms_abstract_tfidf__genotype,-0.1136161185228973
terms_abstract_tfidf__german,-0.12562595650921451
terms_abstract_tfidf__gestures,0.11683544710949109
terms_abstract_tfidf__given,-0.10084938314106688
terms_abstract_tfidf__global,-0.024044367269604565
terms_abstract_tfidf__globus,-0.012979296295170096
terms_abstract_tfidf__globus pallidus,-0.012724933862237558
terms_abstract_tfidf__gm,-0.041795288309359004
terms_abstract_tfidf__gm volume,-0.016942269791091844
terms_abstract_tfidf__goal,-0.04622543001476463
terms_abstract_tfidf__goal directed,0.039391231300884656
terms_abstract_tfidf__goals,0.020053488383751098
terms_abstract_tfidf__good,0.050845419166165085
terms_abstract_tfidf__gradient,-0.06938231315972646
terms_abstract_tfidf__granger,-0.03367451910574271
terms_abstract_tfidf__graph,0.05315325903661505
terms_abstract_tfidf__grasping,0.151235697379239
terms_abstract_tfidf__gray,-0.003952205030392346
terms_abstract_tfidf__gray matter,-0.0299398929065036
terms_abstract_tfidf__great,-0.006526762323687305
terms_abstract_tfidf__greater,-0.1330438856817084
terms_abstract_tfidf__greater extent,0.0038333120970428787
terms_abstract_tfidf__greatest,0.05765862015216502
terms_abstract_tfidf__grey,0.034372527317804574
terms_abstract_tfidf__grey matter,0.016744989163179413
terms_abstract_tfidf__group,0.004662910774689391
terms_abstract_tfidf__group comparisons,-0.04596930000683808
terms_abstract_tfidf__group healthy,0.020878022347700566
terms_abstract_tfidf__group level,0.04353312841020364
terms_abstract_tfidf__groups,-0.06353465637596663
terms_abstract_tfidf__growing,-0.09494431694697728
terms_abstract_tfidf__guide,-0.0004851019625778637
terms_abstract_tfidf__guided,0.03987906528583565
terms_abstract_tfidf__gyri,0.08072945991488993
terms_abstract_tfidf__gyrus,-0.011541218787636998
terms_abstract_tfidf__gyrus anterior,0.07602268246849105
terms_abstract_tfidf__gyrus ba,-0.09214635501859626
terms_abstract_tfidf__gyrus cerebellum,0.09688152553805868
terms_abstract_tfidf__gyrus ifg,-0.13348512297530823
terms_abstract_tfidf__gyrus inferior,-0.0410665276174648
terms_abstract_tfidf__gyrus insula,0.08632099786267196
terms_abstract_tfidf__gyrus medial,-0.07873892836597973
terms_abstract_tfidf__gyrus mfg,-0.07098934781965785
terms_abstract_tfidf__gyrus middle,-0.09437177549004913
terms_abstract_tfidf__gyrus posterior,-0.004730420712450785
terms_abstract_tfidf__gyrus precuneus,0.07744094525538986
terms_abstract_tfidf__gyrus stg,0.10849291270617654
terms_abstract_tfidf__gyrus superior,0.08877739121867584
terms_abstract_tfidf__half,0.07898778959796557
terms_abstract_tfidf__hand,0.18547018443927513
terms_abstract_tfidf__hand movements,0.1466682417300239
terms_abstract_tfidf__handed,0.11049728452658589
terms_abstract_tfidf__handedness,0.0401893888905824
terms_abstract_tfidf__hands,0.15584243929855954
terms_abstract_tfidf__happy,0.03840047345722218
terms_abstract_tfidf__happy faces,0.006566476736896502
terms_abstract_tfidf__having,-0.1216280267067408
terms_abstract_tfidf__hc,-0.08066174911290697
terms_abstract_tfidf__hcs,-0.050979000357695904
terms_abstract_tfidf__head,0.11974387838900682
terms_abstract_tfidf__health,-0.05450779329387799
terms_abstract_tfidf__healthy,0.023771392832271525
terms_abstract_tfidf__healthy adults,-0.021271421718615326
terms_abstract_tfidf__healthy control,-0.009050645624188962
terms_abstract_tfidf__healthy controls,-0.009769008193559718
terms_abstract_tfidf__healthy handed,0.11319295005560295
terms_abstract_tfidf__healthy human,-0.03456399186637809
terms_abstract_tfidf__healthy individuals,0.04324803544405482
terms_abstract_tfidf__healthy male,0.06425881772702395
terms_abstract_tfidf__healthy volunteers,0.09590960337244746
terms_abstract_tfidf__healthy young,-0.10764814263908438
terms_abstract_tfidf__heard,0.05113730406603027
terms_abstract_tfidf__hearing,0.08048863469326047
terms_abstract_tfidf__heart,0.006382178270441726
terms_abstract_tfidf__heart rate,-0.007061639768890971
terms_abstract_tfidf__heightened,0.011682267638541795
terms_abstract_tfidf__held,-0.11931994431102799
terms_abstract_tfidf__help,-0.005685565156262298
terms_abstract_tfidf__hemisphere,0.03234926806552948
terms_abstract_tfidf__hemispheres,0.10328838833248413
terms_abstract_tfidf__hemispheric,-0.029110395803308636
terms_abstract_tfidf__hemodynamic,0.11495538595338359
terms_abstract_tfidf__hemodynamic response,0.08135164092389705
terms_abstract_tfidf__hemodynamic responses,0.040644443966879
terms_abstract_tfidf__heschl,0.13945581684268712
terms_abstract_tfidf__heschl gyrus,0.1420134432985132
terms_abstract_tfidf__heterogeneity,-0.09015172286135671
terms_abstract_tfidf__heterogeneous,0.031507153811029275
terms_abstract_tfidf__hierarchical,-0.06867094336015031
terms_abstract_tfidf__hierarchy,0.023554322872597108
terms_abstract_tfidf__high,-0.035447498623083135
terms_abstract_tfidf__high frequency,0.051561926999637915
terms_abstract_tfidf__high functioning,0.06274802831106983
terms_abstract_tfidf__high level,0.0047224358179843995
terms_abstract_tfidf__high low,-0.10493596768429779
terms_abstract_tfidf__high resolution,0.07576625738362722
terms_abstract_tfidf__high risk,-0.05323959278836459
terms_abstract_tfidf__higher,-0.09213784482094295
terms_abstract_tfidf__higher level,-0.04141962836765974
terms_abstract_tfidf__higher levels,0.07076365183423707
terms_abstract_tfidf__higher order,-0.005161517556316014
terms_abstract_tfidf__highest,0.033061201926730295
terms_abstract_tfidf__highlight,0.026282890310530247
terms_abstract_tfidf__highlighted,0.037343610166625026
terms_abstract_tfidf__highlights,0.03336501253559014
terms_abstract_tfidf__highly,0.033269052983843694
terms_abstract_tfidf__hippocampal,0.06500248985997094
terms_abstract_tfidf__hippocampus,0.0501534306818669
terms_abstract_tfidf__history,-0.11698037964522205
terms_abstract_tfidf__hoc,0.0922046902438461
terms_abstract_tfidf__homogeneity,0.04254931299982445
terms_abstract_tfidf__homogeneity reho,0.03624784814497816
terms_abstract_tfidf__hub,0.12787605241919928
terms_abstract_tfidf__hubs,0.08958911839544922
terms_abstract_tfidf__hum,0.07123161595288559
terms_abstract_tfidf__hum mapp,0.09474750358017744
terms_abstract_tfidf__human,0.16889760488490063
terms_abstract_tfidf__humans,0.10106051321663172
terms_abstract_tfidf__hyperactivation,-0.024657780387508196
terms_abstract_tfidf__hyperactivity,-0.04154022551763464
terms_abstract_tfidf__hyperactivity disorder,-0.06795213838986083
terms_abstract_tfidf__hypoactivation,-0.0656790351428868
terms_abstract_tfidf__hypothalamus,0.07680663856905195
terms_abstract_tfidf__hypotheses,0.024610960923346876
terms_abstract_tfidf__hypothesize,0.03259695133766906
terms_abstract_tfidf__hypothesized,-0.02568994844561418
terms_abstract_tfidf__hz,0.15808304674222196
terms_abstract_tfidf__ica,-0.019101937274137424
terms_abstract_tfidf__idea,0.01651803983521618
terms_abstract_tfidf__identical,0.06779449771990985
terms_abstract_tfidf__identification,0.05076141314920273
terms_abstract_tfidf__identified,0.11157991832780524
terms_abstract_tfidf__identify,0.01758745248865479
terms_abstract_tfidf__identifying,-0.08375466087972126
terms_abstract_tfidf__identity,0.06769296530257907
terms_abstract_tfidf__ifg,-0.13797836305318503
terms_abstract_tfidf__ii,0.03573699530400595
terms_abstract_tfidf__iii,0.03927879271557602
terms_abstract_tfidf__illness,-0.026556441640644707
terms_abstract_tfidf__illusion,0.14696552404805316
terms_abstract_tfidf__illustrate,-0.026406289179645402
terms_abstract_tfidf__image,0.08959411344975524
terms_abstract_tfidf__imagery,0.19190065858954214
terms_abstract_tfidf__images,0.016003095309970065
terms_abstract_tfidf__images acquired,-0.010083101898837519
terms_abstract_tfidf__imagine,0.10742511091972964
terms_abstract_tfidf__imagined,0.14485325167456264
terms_abstract_tfidf__imitation,0.1733604702609982
terms_abstract_tfidf__immediate,-0.010323138839727818
terms_abstract_tfidf__immediately,0.09709975195128497
terms_abstract_tfidf__impact,-0.14607135885335373
terms_abstract_tfidf__impacts,0.05677066640379369
terms_abstract_tfidf__impaired,-0.05612373037646136
terms_abstract_tfidf__impairment,-0.009040217090614106
terms_abstract_tfidf__impairments,-0.08213350073734318
terms_abstract_tfidf__implementation,-0.11774047816805325
terms_abstract_tfidf__implemented,-0.054668150657999307
terms_abstract_tfidf__implicate,0.037748547379310764
terms_abstract_tfidf__implicated,-0.06784485983627032
terms_abstract_tfidf__implications,-0.0633212036813262
terms_abstract_tfidf__implications understanding,0.03383758364112637
terms_abstract_tfidf__implicit,0.02654373489784031
terms_abstract_tfidf__imply,-0.04334484870846672
terms_abstract_tfidf__importance,0.017656807273775624
terms_abstract_tfidf__important,-0.005212061692432445
terms_abstract_tfidf__important role,0.04237154981271374
terms_abstract_tfidf__importantly,0.026951149397809192
terms_abstract_tfidf__improve,0.10293170611749934
terms_abstract_tfidf__improved,-0.10165194216922777
terms_abstract_tfidf__improvement,-0.028923012818660256
terms_abstract_tfidf__improvements,0.0380430992251697
terms_abstract_tfidf__improves,-0.029917534809755827
terms_abstract_tfidf__impulsive,-0.1634341636165549
terms_abstract_tfidf__impulsivity,-0.19264153246921395
terms_abstract_tfidf__incentive,-0.05861820584195776
terms_abstract_tfidf__incentive delay,-0.03399233164497597
terms_abstract_tfidf__incidental,-0.061165924466227234
terms_abstract_tfidf__include,0.027133113879143755
terms_abstract_tfidf__included,0.04292576200889916
terms_abstract_tfidf__includes,-0.005783829342556088
terms_abstract_tfidf__incongruent,-0.070810424959955
terms_abstract_tfidf__inconsistent,0.011695000975765552
terms_abstract_tfidf__incorrect,-0.07062436431381561
terms_abstract_tfidf__increases,-0.06404492700978179
terms_abstract_tfidf__increasing,0.015831184609419034
terms_abstract_tfidf__increasingly,0.00782685629538909
terms_abstract_tfidf__independent,-0.03753408574550261
terms_abstract_tfidf__independent component,0.018823942976507198
terms_abstract_tfidf__independently,0.05034797586173806
terms_abstract_tfidf__index,0.13736546052042897
terms_abstract_tfidf__index finger,0.13920141545237677
terms_abstract_tfidf__indexed,-0.09559289014542824
terms_abstract_tfidf__indicate,0.036278078883135494
terms_abstract_tfidf__indicated,-0.04968223743809573
terms_abstract_tfidf__indicates,0.024683774871571217
terms_abstract_tfidf__indicating,-0.017446292465228143
terms_abstract_tfidf__indices,0.04524022158136545
terms_abstract_tfidf__indirect,-0.025350712253655552
terms_abstract_tfidf__individual,0.10272880644624051
terms_abstract_tfidf__individual variability,0.05757590175394574
terms_abstract_tfidf__individually,0.057149844992105785
terms_abstract_tfidf__individuals,0.018051437552639743
terms_abstract_tfidf__induce,0.015678252912771366
terms_abstract_tfidf__induced,0.1923802298118706
terms_abstract_tfidf__induces,0.10620712761275708
terms_abstract_tfidf__inducing,0.09569284449838869
terms_abstract_tfidf__induction,0.11729905912447805
terms_abstract_tfidf__infer,-0.05696630299811118
terms_abstract_tfidf__inference,0.008330189896927015
terms_abstract_tfidf__inferences,-0.1225597081468894
terms_abstract_tfidf__inferior,-0.1715221214367047
terms_abstract_tfidf__inferior frontal,-0.1417138425149603
terms_abstract_tfidf__inferior middle,-0.12132849513099862
terms_abstract_tfidf__inferior occipital,0.017905463012250815
terms_abstract_tfidf__inferior parietal,-0.11942160700840188
terms_abstract_tfidf__inferior prefrontal,-0.18093622062344827
terms_abstract_tfidf__inferior superior,0.013099635683629325
terms_abstract_tfidf__inferior temporal,-0.004404493857633918
terms_abstract_tfidf__influence,-0.07018398079242347
terms_abstract_tfidf__influenced,-0.03186523454327291
terms_abstract_tfidf__influences,0.02896016442693454
terms_abstract_tfidf__inform,-0.058627776005748755
terms_abstract_tfidf__information,0.009386037584741136
terms_abstract_tfidf__inhibit,-0.17315715811621377
terms_abstract_tfidf__inhibition,-0.14026898718818318
terms_abstract_tfidf__inhibitory,-0.130593227969153
terms_abstract_tfidf__inhibitory control,-0.22895688429580313
terms_abstract_tfidf__initial,0.03763101461477494
terms_abstract_tfidf__initially,-0.01819396063945274
terms_abstract_tfidf__initiation,0.028597259575581374
terms_abstract_tfidf__injury,-0.004240879424012631
terms_abstract_tfidf__input,0.1498509448967844
terms_abstract_tfidf__inputs,0.2016785563708384
terms_abstract_tfidf__insight,0.08310750978143924
terms_abstract_tfidf__insights,0.008879428119772338
terms_abstract_tfidf__instead,0.034634080823033604
terms_abstract_tfidf__instructed,-0.07782745218454687
terms_abstract_tfidf__instruction,-0.042851903015711804
terms_abstract_tfidf__instructions,-0.12391172161199138
terms_abstract_tfidf__insula,0.09522264070124034
terms_abstract_tfidf__insula anterior,0.01721453314827978
terms_abstract_tfidf__insula inferior,0.04373823744352325
terms_abstract_tfidf__insular,0.12300392226744838
terms_abstract_tfidf__insular cortex,0.07741706060066002
terms_abstract_tfidf__intact,0.026963768749096225
terms_abstract_tfidf__integrate,0.06952681850161523
terms_abstract_tfidf__integrated,0.065881910052131
terms_abstract_tfidf__integrating,0.0199174830183898
terms_abstract_tfidf__integration,0.13090368270796682
terms_abstract_tfidf__integrative,0.0003188643913192501
terms_abstract_tfidf__integrity,-0.02642059786268402
terms_abstract_tfidf__intelligence,-0.18379476465491373
terms_abstract_tfidf__intense,0.059998052808707174
terms_abstract_tfidf__intensity,0.1395245899882922
terms_abstract_tfidf__intention,-0.135846396671168
terms_abstract_tfidf__intentional,-0.09330394186374752
terms_abstract_tfidf__intentions,-0.027519664004335746
terms_abstract_tfidf__inter,0.05888571903190591
terms_abstract_tfidf__inter individual,0.053152259063839816
terms_abstract_tfidf__interact,-0.03605817763220018
terms_abstract_tfidf__interacting,0.03848000850959192
terms_abstract_tfidf__interaction,-0.0039867221910997305
terms_abstract_tfidf__interactions,0.0809518517686086
terms_abstract_tfidf__interactive,-0.010619377724209601
terms_abstract_tfidf__interacts,0.03042390020341446
terms_abstract_tfidf__interestingly,0.09584894637497253
terms_abstract_tfidf__interference,-0.15628709652406003
terms_abstract_tfidf__interhemispheric,0.03522387855078764
terms_abstract_tfidf__intermediate,-0.07131157721856768
terms_abstract_tfidf__internal,0.06222685227348789
terms_abstract_tfidf__internally,-0.08669516149813515
terms_abstract_tfidf__interoceptive,0.08864834157315209
terms_abstract_tfidf__interpersonal,0.006709529407122385
terms_abstract_tfidf__interplay,0.047541065279917256
terms_abstract_tfidf__interpret,0.04156782441471537
terms_abstract_tfidf__interpretation,-0.010964235785515392
terms_abstract_tfidf__interpreted,0.030895258060514234
terms_abstract_tfidf__interval,-0.020786139994634443
terms_abstract_tfidf__intervals,0.04224470349846937
terms_abstract_tfidf__intervention,-0.06461326299469394
terms_abstract_tfidf__interventions,-0.008702532117371011
terms_abstract_tfidf__intra,-0.1398569908179049
terms_abstract_tfidf__intraparietal,-0.0004346782650083163
terms_abstract_tfidf__intraparietal sulcus,-0.008944118568219986
terms_abstract_tfidf__intrinsic,0.053004913496545694
terms_abstract_tfidf__intrinsic functional,0.01602753826119492
terms_abstract_tfidf__introduced,-0.01150294122764799
terms_abstract_tfidf__introduction,0.12050743731599545
terms_abstract_tfidf__invariant,-0.00120107195966112
terms_abstract_tfidf__invasive,0.07250119455985243
terms_abstract_tfidf__inventory,0.007361388463430871
terms_abstract_tfidf__inverse,-0.015570195248618104
terms_abstract_tfidf__inversely,0.032734083100767655
terms_abstract_tfidf__investigates,-0.016425626400353513
terms_abstract_tfidf__investigating,-0.049237746417782384
terms_abstract_tfidf__investigation,-0.0010980838934758473
terms_abstract_tfidf__investigations,-0.08781576262479156
terms_abstract_tfidf__involve,-0.026668698576794037
terms_abstract_tfidf__involved,1.7550244066867255e-05
terms_abstract_tfidf__involved cognitive,-0.17849455364579903
terms_abstract_tfidf__involvement,-0.06500606434230818
terms_abstract_tfidf__involves,-0.03436140764607371
terms_abstract_tfidf__involving,-0.049365538293686964
terms_abstract_tfidf__ipl,-0.12675315687123362
terms_abstract_tfidf__ips,-0.09214540383387172
terms_abstract_tfidf__ipsilateral,0.1899589244053875
terms_abstract_tfidf__iq,-0.08148129802556427
terms_abstract_tfidf__irrelevant,-0.05193645263288888
terms_abstract_tfidf__irrespective,0.1047524229082867
terms_abstract_tfidf__isolate,0.005061591969415468
terms_abstract_tfidf__isolated,-0.024496369401182657
terms_abstract_tfidf__issue,-0.0011460650610897584
terms_abstract_tfidf__issues,-0.009359838526237063
terms_abstract_tfidf__item,-0.18317979008234897
terms_abstract_tfidf__items,-0.15015916588205863
terms_abstract_tfidf__iv,-0.03726195490016094
terms_abstract_tfidf__joint,0.15010485603310578
terms_abstract_tfidf__judge,-0.1451182049215885
terms_abstract_tfidf__judged,0.014719224212234906
terms_abstract_tfidf__judgment,-0.18859581297490866
terms_abstract_tfidf__judgment task,-0.11519143077629783
terms_abstract_tfidf__judgments,-0.14948668281049465
terms_abstract_tfidf__junction,0.008289513193257587
terms_abstract_tfidf__junction tpj,-0.04947766870283572
terms_abstract_tfidf__just,0.06580456607113344
terms_abstract_tfidf__key,0.007116384765574011
terms_abstract_tfidf__key role,0.04921495212685821
terms_abstract_tfidf__kinds,-0.054369251297075545
terms_abstract_tfidf__know,-0.009169218373376952
terms_abstract_tfidf__knowledge,-0.054051019720472764
terms_abstract_tfidf__known,0.005952450951475963
terms_abstract_tfidf__known involved,0.12253784912469858
terms_abstract_tfidf__labeling,-0.0014604566924537516
terms_abstract_tfidf__laboratory,0.07088749447514758
terms_abstract_tfidf__lack,-0.06453245795000047
terms_abstract_tfidf__lacking,-0.027348022193298592
terms_abstract_tfidf__language,-0.06852113461834326
terms_abstract_tfidf__language comprehension,-0.052258585301038496
terms_abstract_tfidf__language network,-0.0775289003296379
terms_abstract_tfidf__languages,-0.03886777829916458
terms_abstract_tfidf__large,0.03407672361850172
terms_abstract_tfidf__large sample,-0.0035079512005141843
terms_abstract_tfidf__large scale,0.006332827941158466
terms_abstract_tfidf__largely,0.06067097967872362
terms_abstract_tfidf__largely unknown,0.11518609678320711
terms_abstract_tfidf__larger,0.03584548629929343
terms_abstract_tfidf__late,-0.01315195925973227
terms_abstract_tfidf__latencies,0.06168452460241125
terms_abstract_tfidf__latency,0.05494492790704773
terms_abstract_tfidf__later,-0.020649674768825402
terms_abstract_tfidf__lateral,-0.2153923568880619
terms_abstract_tfidf__lateral frontal,-0.21939268239075765
terms_abstract_tfidf__lateral medial,-0.08795940031573776
terms_abstract_tfidf__lateral occipital,0.10847424060691264
terms_abstract_tfidf__lateral orbitofrontal,-0.1739131464770313
terms_abstract_tfidf__lateral parietal,-0.08253353287043617
terms_abstract_tfidf__lateral prefrontal,-0.39157238746312756
terms_abstract_tfidf__lateral temporal,0.057018810103805266
terms_abstract_tfidf__laterality,0.07441326327467605
terms_abstract_tfidf__lateralization,0.08615580553391791
terms_abstract_tfidf__lateralized,-0.057923173325206204
terms_abstract_tfidf__lead,0.007613274085322436
terms_abstract_tfidf__leading,0.0013654707291302962
terms_abstract_tfidf__leads,-0.020441166272093903
terms_abstract_tfidf__learn,-0.016530079612353716
terms_abstract_tfidf__learned,0.08485460541410217
terms_abstract_tfidf__learning,-0.055403657848747484
terms_abstract_tfidf__learning task,-0.08018407956248365
terms_abstract_tfidf__led,-0.09502357895333564
terms_abstract_tfidf__length,-0.01012517320826393
terms_abstract_tfidf__lesion,-0.028546102348913745
terms_abstract_tfidf__lesions,0.017306980259828447
terms_abstract_tfidf__lesser,0.07684014140810143
terms_abstract_tfidf__letter,-0.06933497223270886
terms_abstract_tfidf__letters,-0.05835482837679475
terms_abstract_tfidf__level,0.05741700750536356
terms_abstract_tfidf__level bold,0.10158084530402044
terms_abstract_tfidf__level signal,-0.0009979943043822335
terms_abstract_tfidf__levels,-0.005533539813773727
terms_abstract_tfidf__lexical,-0.044503060477333434
terms_abstract_tfidf__lexical decision,0.03381273087389753
terms_abstract_tfidf__life,-0.040530178594153525
terms_abstract_tfidf__light,0.12089470924713887
terms_abstract_tfidf__like,0.005366965277766891
terms_abstract_tfidf__likelihood,-0.07481578598504868
terms_abstract_tfidf__likely,0.024542262696937395
terms_abstract_tfidf__limb,0.22421610644071904
terms_abstract_tfidf__limbic,0.07481381652737737
terms_abstract_tfidf__limitations,-0.026287799969333957
terms_abstract_tfidf__limited,0.006766586938905932
terms_abstract_tfidf__line,-0.06341417105157533
terms_abstract_tfidf__linear,0.07224946694235924
terms_abstract_tfidf__linear model,0.1770461427534898
terms_abstract_tfidf__linearly,-0.061940976152613
terms_abstract_tfidf__lingual,0.1045573147144429
terms_abstract_tfidf__lingual gyrus,0.05275259649238092
terms_abstract_tfidf__linguistic,-0.09139359278535662
terms_abstract_tfidf__link,0.002642607615957034
terms_abstract_tfidf__linked,-0.09362634491483636
terms_abstract_tfidf__linking,0.0004983995050876628
terms_abstract_tfidf__links,0.04593453714466438
terms_abstract_tfidf__list,-0.05622745758225913
terms_abstract_tfidf__listened,0.06458013819652052
terms_abstract_tfidf__listening,0.09739053445875409
terms_abstract_tfidf__literature,-0.01546581844917854
terms_abstract_tfidf__little,-0.025056012330791855
terms_abstract_tfidf__little known,-0.062102698318374075
terms_abstract_tfidf__load,-0.1758682675882336
terms_abstract_tfidf__lobe,0.034770396128721355
terms_abstract_tfidf__lobe mtl,0.043783121273155326
terms_abstract_tfidf__lobes,-0.021838834962465595
terms_abstract_tfidf__lobule,-0.02763009488509258
terms_abstract_tfidf__lobule ipl,-0.15145984129976706
terms_abstract_tfidf__lobules,-0.023920311316759087
terms_abstract_tfidf__local,0.0889366346842636
terms_abstract_tfidf__localization,0.1260790528736336
terms_abstract_tfidf__localize,0.06545976217193526
terms_abstract_tfidf__localized,0.12402977472800515
terms_abstract_tfidf__located,0.09200617572912576
terms_abstract_tfidf__location,0.17463047679099342
terms_abstract_tfidf__locations,0.09152669045908889
terms_abstract_tfidf__locus,-0.00024805761961131493
terms_abstract_tfidf__long,-0.0849309758681404
terms_abstract_tfidf__long term,-0.1077015289553268
terms_abstract_tfidf__longer,0.01881568285545585
terms_abstract_tfidf__longitudinal,-0.03544739680835432
terms_abstract_tfidf__loop,-0.06112589452470074
terms_abstract_tfidf__loss,0.03956135316692564
terms_abstract_tfidf__losses,-0.16851689834170955
terms_abstract_tfidf__low,-0.0652347698297794
terms_abstract_tfidf__low frequency,0.07295806134539148
terms_abstract_tfidf__low high,0.03733882522647032
terms_abstract_tfidf__low level,0.15266811024813168
terms_abstract_tfidf__lower,-0.04806924572325248
terms_abstract_tfidf__m1,0.1661156739661614
terms_abstract_tfidf__machine,-0.03997166602836857
terms_abstract_tfidf__magnetic,0.055082920763715286
terms_abstract_tfidf__magnetic resonance,0.05672108007878866
terms_abstract_tfidf__magnetic stimulation,0.05577572635944773
terms_abstract_tfidf__magnetoencephalography,0.1161665066776298
terms_abstract_tfidf__magnitude,-0.0617861635570652
terms_abstract_tfidf__main,0.0025596258300065807
terms_abstract_tfidf__main effect,-0.013247865664802235
terms_abstract_tfidf__mainly,0.008791773577859208
terms_abstract_tfidf__maintain,-0.0987232226109255
terms_abstract_tfidf__maintained,-0.08290572419445402
terms_abstract_tfidf__maintaining,-0.08834069624527378
terms_abstract_tfidf__maintenance,-0.18153643054721164
terms_abstract_tfidf__major,-0.08726593879156291
terms_abstract_tfidf__major depression,-0.1187596784394813
terms_abstract_tfidf__major depressive,-0.08806843265037351
terms_abstract_tfidf__majority,0.0930060353076768
terms_abstract_tfidf__make,-0.19840220931673289
terms_abstract_tfidf__making,-0.22776867662062833
terms_abstract_tfidf__male,-0.0027963589610851443
terms_abstract_tfidf__male female,0.01794692655856807
terms_abstract_tfidf__males,0.017331513772162403
terms_abstract_tfidf__manifest,-0.05473761618443349
terms_abstract_tfidf__manipulated,-0.09107979504716965
terms_abstract_tfidf__manipulating,-0.1842721797233964
terms_abstract_tfidf__manipulation,0.01746076028273706
terms_abstract_tfidf__manipulations,-0.0699720207917835
terms_abstract_tfidf__manner,-0.02151026303709142
terms_abstract_tfidf__manual,0.15558664564184502
terms_abstract_tfidf__map,0.15581080094687336
terms_abstract_tfidf__mapp,0.09707352845976472
terms_abstract_tfidf__mapped,0.07278092948760988
terms_abstract_tfidf__mapping,-0.015982119031308514
terms_abstract_tfidf__maps,0.12547481508534863
terms_abstract_tfidf__marked,0.06281399596374096
terms_abstract_tfidf__marker,-0.0772987626403896
terms_abstract_tfidf__markers,-0.09895136178631025
terms_abstract_tfidf__masked,0.0032366959621956313
terms_abstract_tfidf__mass,0.03237945669229866
terms_abstract_tfidf__match,-0.03306599866146967
terms_abstract_tfidf__matching,-0.026330694186209775
terms_abstract_tfidf__matching task,-0.10060497160276966
terms_abstract_tfidf__material,-0.1655475020282502
terms_abstract_tfidf__materials,-0.09629383287077174
terms_abstract_tfidf__matrix,0.08325559827663237
terms_abstract_tfidf__matter,-0.04244319639040025
terms_abstract_tfidf__matter density,-0.0065177330348335505
terms_abstract_tfidf__matter gm,-0.04311621047402044
terms_abstract_tfidf__matter volume,0.00985624944189057
terms_abstract_tfidf__matter volumes,-0.015604077591480994
terms_abstract_tfidf__maturation,-0.10936543643180582
terms_abstract_tfidf__maximal,-0.011225143013123662
terms_abstract_tfidf__maximum,0.030789296657200458
terms_abstract_tfidf__mci,0.027027214548025504
terms_abstract_tfidf__mdd,-0.07394291836127437
terms_abstract_tfidf__mean,-0.037612269331393305
terms_abstract_tfidf__mean age,-0.013310630375144522
terms_abstract_tfidf__meaning,-0.04308345156674083
terms_abstract_tfidf__meaningful,0.09768789944007439
terms_abstract_tfidf__means,-0.0006028885077589728
terms_abstract_tfidf__measure,-0.012992957140934238
terms_abstract_tfidf__measurement,0.005729361978081086
terms_abstract_tfidf__measurements,0.03718051012343908
terms_abstract_tfidf__measures,0.0023291563187192773
terms_abstract_tfidf__measuring,0.04236376724549154
terms_abstract_tfidf__mechanism,0.0445390605525268
terms_abstract_tfidf__mechanisms,-0.1062725716256335
terms_abstract_tfidf__mechanisms involved,-0.1399710662752119
terms_abstract_tfidf__mechanisms underlying,0.02576965661914264
terms_abstract_tfidf__medial,-0.04607877130248689
terms_abstract_tfidf__medial frontal,-0.15529382633493938
terms_abstract_tfidf__medial lateral,-0.1642079672647208
terms_abstract_tfidf__medial orbitofrontal,0.0022196589332258497
terms_abstract_tfidf__medial pfc,-0.07907273118745449
terms_abstract_tfidf__medial prefrontal,-0.05116052166150654
terms_abstract_tfidf__medial superior,0.06773299394095651
terms_abstract_tfidf__medial temporal,0.046193376508616914
terms_abstract_tfidf__median,0.2156742472496514
terms_abstract_tfidf__mediate,0.024597459368655317
terms_abstract_tfidf__mediated,-0.07769322821910138
terms_abstract_tfidf__mediates,-0.11360676781995706
terms_abstract_tfidf__mediating,-0.12022132003647917
terms_abstract_tfidf__medication,-0.10465771564068967
terms_abstract_tfidf__meg,0.12193216384440776
terms_abstract_tfidf__memories,0.002150246683390006
terms_abstract_tfidf__memory,-0.22221525492888047
terms_abstract_tfidf__memory encoding,-0.026117572357355814
terms_abstract_tfidf__memory load,-0.1789123799797469
terms_abstract_tfidf__memory performance,-0.13544891654559527
terms_abstract_tfidf__memory processes,-0.10940265982332546
terms_abstract_tfidf__memory retrieval,-0.1317108387000135
terms_abstract_tfidf__memory task,-0.19152177034130624
terms_abstract_tfidf__memory tasks,-0.1886910448421184
terms_abstract_tfidf__memory test,-0.11124661138584162
terms_abstract_tfidf__memory wm,-0.1647148094002233
terms_abstract_tfidf__men,-0.03373476552091702
terms_abstract_tfidf__men women,-0.05213322643901499
terms_abstract_tfidf__mental,0.023175602465679544
terms_abstract_tfidf__mental imagery,0.1016494906656544
terms_abstract_tfidf__mental state,0.02133090574521324
terms_abstract_tfidf__mental states,0.048211591123247494
terms_abstract_tfidf__mentalizing,0.044445822369178364
terms_abstract_tfidf__mesial,0.09714547760014183
terms_abstract_tfidf__mesolimbic,-0.08212316948295162
terms_abstract_tfidf__met,-0.03622537615446081
terms_abstract_tfidf__metabolic,-0.06602666373453907
terms_abstract_tfidf__metabolism,-0.01747657155083382
terms_abstract_tfidf__method,0.07208419199972885
terms_abstract_tfidf__methodological,-0.014119255869351453
terms_abstract_tfidf__methodology,-0.11864791756206453
terms_abstract_tfidf__methodology principal,-0.12028643321081525
terms_abstract_tfidf__methods,-0.023813762475710334
terms_abstract_tfidf__methods functional,-0.05333242074274498
terms_abstract_tfidf__mfg,-0.14518949725327093
terms_abstract_tfidf__mg,-0.11988488970667698
terms_abstract_tfidf__mid,0.02005725477376079
terms_abstract_tfidf__midbrain,0.007452959234757589
terms_abstract_tfidf__middle,-0.0891132546657572
terms_abstract_tfidf__middle cingulate,0.18240196629949204
terms_abstract_tfidf__middle frontal,-0.31283217124361246
terms_abstract_tfidf__middle inferior,-0.07463009237661075
terms_abstract_tfidf__middle occipital,0.11863382716062332
terms_abstract_tfidf__middle superior,0.06088029798829295
terms_abstract_tfidf__middle temporal,-0.0008338523130105858
terms_abstract_tfidf__midline,0.12047649752239008
terms_abstract_tfidf__mild,0.06201506643264433
terms_abstract_tfidf__mild cognitive,0.021127860988027884
terms_abstract_tfidf__min,0.06528014556667357
terms_abstract_tfidf__mind,-0.027509902358017972
terms_abstract_tfidf__mind tom,-0.013248698253903105
terms_abstract_tfidf__minimal,-0.015641802825925782
terms_abstract_tfidf__mirror,0.20902810874099514
terms_abstract_tfidf__mirror neuron,0.16633811050425462
terms_abstract_tfidf__mixed,-0.01600734996513952
terms_abstract_tfidf__mm,-0.08988819239636694
terms_abstract_tfidf__mnemonic,-0.0827936509924083
terms_abstract_tfidf__modal,0.1397162973599819
terms_abstract_tfidf__modalities,0.04913299119696296
terms_abstract_tfidf__modality,0.087687441487562
terms_abstract_tfidf__mode,0.020174165522547118
terms_abstract_tfidf__mode network,0.04305746444937504
terms_abstract_tfidf__model,0.011853104754203458
terms_abstract_tfidf__modeling,-0.056191408293825316
terms_abstract_tfidf__models,0.06362891237327285
terms_abstract_tfidf__moderate,0.04894314632298694
terms_abstract_tfidf__modified,-0.12196286792854662
terms_abstract_tfidf__modulate,0.024872401247553563
terms_abstract_tfidf__modulated,0.02736108468467468
terms_abstract_tfidf__modulates,-0.04840819054257366
terms_abstract_tfidf__modulating,-0.08119752928794882
terms_abstract_tfidf__modulation,0.06453952972466774
terms_abstract_tfidf__modulations,0.07686370983138874
terms_abstract_tfidf__modulatory,0.08409177591171807
terms_abstract_tfidf__monetary,-0.08038838819856628
terms_abstract_tfidf__monetary incentive,-0.024242493931275227
terms_abstract_tfidf__monetary reward,-0.08728468858000789
terms_abstract_tfidf__money,0.00874986974029467
terms_abstract_tfidf__monitor,-0.08140015483148981
terms_abstract_tfidf__monitored,0.04226001142859564
terms_abstract_tfidf__monitoring,-0.1848729410636176
terms_abstract_tfidf__monkey,0.1525506924512951
terms_abstract_tfidf__monkeys,0.08999231197636591
terms_abstract_tfidf__months,0.018283331690683684
terms_abstract_tfidf__mood,-0.08067652033393487
terms_abstract_tfidf__moral,-0.0063480050120383776
terms_abstract_tfidf__morphological,0.03859672486431444
terms_abstract_tfidf__morphology,0.047874416072702444
terms_abstract_tfidf__morphometry,0.0038922254366339595
terms_abstract_tfidf__morphometry vbm,-0.04155012479147856
terms_abstract_tfidf__motion,0.22734715754422927
terms_abstract_tfidf__motivation,-0.07572889808357706
terms_abstract_tfidf__motivational,-0.09359324878301876
terms_abstract_tfidf__motor,0.14758018288309127
terms_abstract_tfidf__motor control,0.10635587720357445
terms_abstract_tfidf__motor cortex,0.19751564175392855
terms_abstract_tfidf__motor function,0.12567847616968453
terms_abstract_tfidf__motor imagery,0.16268058416923586
terms_abstract_tfidf__motor network,0.13291292791947135
terms_abstract_tfidf__motor performance,0.12688625790773544
terms_abstract_tfidf__motor pre,-0.0956318608652163
terms_abstract_tfidf__motor premotor,0.10259269398452546
terms_abstract_tfidf__motor response,-0.03802070919149355
terms_abstract_tfidf__motor responses,0.002558213659136261
terms_abstract_tfidf__motor sma,0.1473054029881362
terms_abstract_tfidf__motor task,0.09569706217914695
terms_abstract_tfidf__movement,0.19651488401681821
terms_abstract_tfidf__movements,0.19800397211770202
terms_abstract_tfidf__moving,0.18934795725691106
terms_abstract_tfidf__mpfc,-0.08482729837162431
terms_abstract_tfidf__mr,0.06430573323910398
terms_abstract_tfidf__ms,0.03567737195597097
terms_abstract_tfidf__mt,0.13792698357021732
terms_abstract_tfidf__mtg,-0.01302197018256574
terms_abstract_tfidf__mtl,0.019674318343955735
terms_abstract_tfidf__multi,0.07055598559860124
terms_abstract_tfidf__multimodal,0.14520879630580222
terms_abstract_tfidf__multiple,-0.011647172647130687
terms_abstract_tfidf__multiple comparisons,-0.013399556856802882
terms_abstract_tfidf__multiple sclerosis,-0.05232180653425708
terms_abstract_tfidf__multisensory,0.23503240043836382
terms_abstract_tfidf__multivariate,0.05510930793204387
terms_abstract_tfidf__multivariate pattern,0.03186851772612901
terms_abstract_tfidf__muscle,0.21093421662382025
terms_abstract_tfidf__music,0.08801739412693702
terms_abstract_tfidf__musical,0.06757774306901652
terms_abstract_tfidf__musicians,0.03970703600315197
terms_abstract_tfidf__naive,-0.04115734402950023
terms_abstract_tfidf__names,-0.025832744338487028
terms_abstract_tfidf__naming,0.06875509453014508
terms_abstract_tfidf__native,-0.04985273178927961
terms_abstract_tfidf__natural,0.08144539488707585
terms_abstract_tfidf__naturalistic,0.10031919465821305
terms_abstract_tfidf__nature,-0.0061226257345353835
terms_abstract_tfidf__navigation,0.16873039646236807
terms_abstract_tfidf__near,0.028420320190972882
terms_abstract_tfidf__necessary,-0.062362026110274554
terms_abstract_tfidf__need,-0.05997917564457648
terms_abstract_tfidf__needed,-0.053785631142275636
terms_abstract_tfidf__needs,0.1305695345951237
terms_abstract_tfidf__negative,-0.0854215156898429
terms_abstract_tfidf__negative affect,-0.07354592166002433
terms_abstract_tfidf__negative correlation,-0.04572740307829895
terms_abstract_tfidf__negative correlations,0.006403102169935003
terms_abstract_tfidf__negative emotional,-0.023201653865861073
terms_abstract_tfidf__negative emotions,-0.027988887358511693
terms_abstract_tfidf__negative feedback,-0.177946792425314
terms_abstract_tfidf__negative neutral,-0.06280767541456875
terms_abstract_tfidf__negative positive,-0.04341162118342832
terms_abstract_tfidf__negatively,-0.05030978291161731
terms_abstract_tfidf__negatively correlated,0.020074169044753704
terms_abstract_tfidf__negativity,-0.15926619676731826
terms_abstract_tfidf__neocortical,-0.014417589398055921
terms_abstract_tfidf__nerve,0.1472233800724941
terms_abstract_tfidf__nervous,0.2133811424535196
terms_abstract_tfidf__network,0.04634372901048601
terms_abstract_tfidf__network connectivity,0.018801873604669166
terms_abstract_tfidf__network dmn,0.01835809315960332
terms_abstract_tfidf__network involved,-0.0167118127999229
terms_abstract_tfidf__networks,-0.032432749849715344
terms_abstract_tfidf__networks involved,0.02744486942357129
terms_abstract_tfidf__neuro,-0.012652975395869775
terms_abstract_tfidf__neuroanatomical,0.04904025529662287
terms_abstract_tfidf__neuroanatomy,0.0490765442325653
terms_abstract_tfidf__neurobiological,-0.07359357200876696
terms_abstract_tfidf__neurobiology,-0.026542844226498788
terms_abstract_tfidf__neurocognitive,-0.09280552467454112
terms_abstract_tfidf__neurodegenerative,0.06293525246584578
terms_abstract_tfidf__neurodevelopmental,-0.11721535797096447
terms_abstract_tfidf__neurofunctional,-0.00484428893039144
terms_abstract_tfidf__neurological,0.0671397293154847
terms_abstract_tfidf__neuron,0.13985813720736925
terms_abstract_tfidf__neuronal,-0.025893323392561764
terms_abstract_tfidf__neurons,0.1119866370820478
terms_abstract_tfidf__neurophysiological,0.13198041306664904
terms_abstract_tfidf__neuropsychiatric,-0.03080604640939785
terms_abstract_tfidf__neuropsychological,-0.11199534694858616
terms_abstract_tfidf__neuroscience,-0.016484074133933654
terms_abstract_tfidf__neutral,0.019574286721510993
terms_abstract_tfidf__neutral faces,0.03774050866902336
terms_abstract_tfidf__neutral pictures,0.014946730813439103
terms_abstract_tfidf__neutral stimuli,-0.01640760613654628
terms_abstract_tfidf__new,-0.07767335720153559
terms_abstract_tfidf__new insights,-0.0031685328383865385
terms_abstract_tfidf__newly,0.08418919112387441
terms_abstract_tfidf__nineteen,-0.13255642337402368
terms_abstract_tfidf__nociceptive,0.07508224243279901
terms_abstract_tfidf__node,0.024177589954490125
terms_abstract_tfidf__nodes,-0.011584484331577933
terms_abstract_tfidf__nogo,-0.09898228320645887
terms_abstract_tfidf__noise,0.12015438300018354
terms_abstract_tfidf__non,0.1146100870327485
terms_abstract_tfidf__normal,0.025258801378318728
terms_abstract_tfidf__normal controls,-0.09372298124393895
terms_abstract_tfidf__normalized,0.030368433270706482
terms_abstract_tfidf__normally,0.06714043644874167
terms_abstract_tfidf__notably,0.0890811310786771
terms_abstract_tfidf__noted,0.020908337749632612
terms_abstract_tfidf__notion,-0.07334408121844141
terms_abstract_tfidf__nouns,-0.019647423551122284
terms_abstract_tfidf__novel,-0.06074808231235448
terms_abstract_tfidf__novelty,-0.032252721078792186
terms_abstract_tfidf__noxious,0.015754893797052093
terms_abstract_tfidf__nuclei,-0.03629544360603803
terms_abstract_tfidf__nucleus,-0.06133999721782787
terms_abstract_tfidf__nucleus accumbens,-0.043186873446562676
terms_abstract_tfidf__number,-0.18551778468976965
terms_abstract_tfidf__numbers,-0.1834799230253313
terms_abstract_tfidf__numerical,-0.12862623803928686
terms_abstract_tfidf__numerous,-0.05992881722376756
terms_abstract_tfidf__object,0.17068775780903236
terms_abstract_tfidf__object recognition,0.13424541393248948
terms_abstract_tfidf__objective,-0.00029325507387273006
terms_abstract_tfidf__objectives,-0.026982957314599827
terms_abstract_tfidf__objects,0.13340640019888741
terms_abstract_tfidf__observation,0.2271569849435534
terms_abstract_tfidf__observations,0.012951648660656711
terms_abstract_tfidf__observer,0.20773047346052673
terms_abstract_tfidf__observers,0.11697876947278868
terms_abstract_tfidf__observing,0.16547834557569124
terms_abstract_tfidf__obsessive,-0.09791919491121794
terms_abstract_tfidf__obsessive compulsive,-0.09979472195738985
terms_abstract_tfidf__obtain,-0.002433121053937053
terms_abstract_tfidf__obtained,0.023375810823305414
terms_abstract_tfidf__occipital,0.12081210885555825
terms_abstract_tfidf__occipital cortex,0.1068304149169238
terms_abstract_tfidf__occipital gyrus,0.0766322414193399
terms_abstract_tfidf__occipital lobe,0.1285236191988722
terms_abstract_tfidf__occipital parietal,0.052109634161450195
terms_abstract_tfidf__occipital temporal,0.0773047900228497
terms_abstract_tfidf__occipito,0.08859816794951073
terms_abstract_tfidf__occipito temporal,0.08416466859962818
terms_abstract_tfidf__occipitotemporal,0.10008842087642733
terms_abstract_tfidf__occipitotemporal cortex,0.09619704651251847
terms_abstract_tfidf__occur,-0.02622786969695039
terms_abstract_tfidf__occurred,0.01234689650267637
terms_abstract_tfidf__occurrence,-0.11308135078188378
terms_abstract_tfidf__occurring,0.08193829853094212
terms_abstract_tfidf__occurs,0.01079883988342814
terms_abstract_tfidf__ocd,-0.13021996642429723
terms_abstract_tfidf__oddball,0.071874436553245
terms_abstract_tfidf__ofc,-0.12303766598743437
terms_abstract_tfidf__offer,0.06037650224545837
terms_abstract_tfidf__offers,0.03221263443142946
terms_abstract_tfidf__old,-0.01434519979073073
terms_abstract_tfidf__older,-0.08494593163969918
terms_abstract_tfidf__older adults,-0.09750021032337647
terms_abstract_tfidf__olfactory,-0.02253410938122384
terms_abstract_tfidf__ones,-0.08240112798478001
terms_abstract_tfidf__ongoing,-0.08218258278559744
terms_abstract_tfidf__online,0.14042217273179428
terms_abstract_tfidf__onset,0.14123947802734557
terms_abstract_tfidf__open,0.0442329859001916
terms_abstract_tfidf__operation,-0.07672581408541435
terms_abstract_tfidf__operations,-0.14781608057556442
terms_abstract_tfidf__opercular,0.14028558757686996
terms_abstract_tfidf__opercularis,0.017646361113403692
terms_abstract_tfidf__operculum,0.13191054049879275
terms_abstract_tfidf__opportunity,-0.036010703554019266
terms_abstract_tfidf__opposed,0.11494909012155986
terms_abstract_tfidf__opposite,0.15260347040920674
terms_abstract_tfidf__optimal,-0.1267070540951529
terms_abstract_tfidf__optimized,0.01248437268638276
terms_abstract_tfidf__options,-0.1285694185777271
terms_abstract_tfidf__oral,0.07958671046243622
terms_abstract_tfidf__orbital,-0.08726678349445623
terms_abstract_tfidf__orbitofrontal,-0.13684609558494076
terms_abstract_tfidf__orbitofrontal cortex,-0.13408416284431607
terms_abstract_tfidf__order,-0.09790610221158325
terms_abstract_tfidf__organization,0.1344084644717332
terms_abstract_tfidf__organized,0.034985169396128786
terms_abstract_tfidf__orientation,0.12400265002367149
terms_abstract_tfidf__oriented,0.028186075722352308
terms_abstract_tfidf__orienting,0.04598280955451293
terms_abstract_tfidf__origin,0.029694769360074837
terms_abstract_tfidf__original,-0.058624067834720434
terms_abstract_tfidf__orthographic,-0.04238584024815737
terms_abstract_tfidf__oscillations,0.05232581536041616
terms_abstract_tfidf__outcome,-0.10527284432890853
terms_abstract_tfidf__outcomes,-0.14285650649349288
terms_abstract_tfidf__output,0.11918869496971037
terms_abstract_tfidf__outside,0.0022050419737571826
terms_abstract_tfidf__outside scanner,-0.04716811226771487
terms_abstract_tfidf__overall,0.060094160378498074
terms_abstract_tfidf__overcome,-0.035904187498223224
terms_abstract_tfidf__overlap,0.0007824407973462495
terms_abstract_tfidf__overlapped,-0.00046357984797777354
terms_abstract_tfidf__overlapping,0.07310155464762944
terms_abstract_tfidf__overt,0.10644311217447114
terms_abstract_tfidf__oxygen,0.08697713546524105
terms_abstract_tfidf__oxygen level,0.09495162265918815
terms_abstract_tfidf__oxygenation,-0.0005327019927864609
terms_abstract_tfidf__oxygenation level,0.0021269992125643807
terms_abstract_tfidf__paced,0.1015940849368161
terms_abstract_tfidf__pain,0.14073313011660105
terms_abstract_tfidf__painful,0.09942081206316866
terms_abstract_tfidf__pair,0.04807000047994891
terms_abstract_tfidf__paired,-0.05318544737605877
terms_abstract_tfidf__pairs,-0.06398512865572402
terms_abstract_tfidf__pallidus,-0.012724933862237558
terms_abstract_tfidf__paper,0.0649740402506135
terms_abstract_tfidf__paradigm,-0.08671932647703014
terms_abstract_tfidf__paradigms,-0.09077353468723731
terms_abstract_tfidf__parahippocampal,0.11541598595793014
terms_abstract_tfidf__parahippocampal cortex,0.10207339931324004
terms_abstract_tfidf__parahippocampal gyrus,0.11337695194613154
terms_abstract_tfidf__parahippocampus,0.10621453296912742
terms_abstract_tfidf__paralimbic,0.08273170258944693
terms_abstract_tfidf__parallel,0.0283645814572542
terms_abstract_tfidf__parameter,0.017665467034253233
terms_abstract_tfidf__parameters,0.045592948668965835
terms_abstract_tfidf__parametric,-0.10435262470890234
terms_abstract_tfidf__parametric mapping,-0.039062239344251765
terms_abstract_tfidf__parametrically,-0.013123056294788294
terms_abstract_tfidf__parietal,-0.06220757235821581
terms_abstract_tfidf__parietal cortex,-0.11320532871284013
terms_abstract_tfidf__parietal cortices,-0.09133921295453189
terms_abstract_tfidf__parietal frontal,-0.06851450239798297
terms_abstract_tfidf__parietal junction,-0.00449346866212048
terms_abstract_tfidf__parietal lobe,0.07290749474492712
terms_abstract_tfidf__parietal lobes,-0.1463535916224048
terms_abstract_tfidf__parietal lobule,-0.04306975056158532
terms_abstract_tfidf__parietal lobules,-0.010955926386635792
terms_abstract_tfidf__parietal network,-0.16013807525333376
terms_abstract_tfidf__parietal occipital,0.12288481436819645
terms_abstract_tfidf__parietal temporal,-0.026269574730721747
terms_abstract_tfidf__parieto,0.14766136446424827
terms_abstract_tfidf__parieto occipital,0.10943472671767332
terms_abstract_tfidf__parkinson,0.04725613900768917
terms_abstract_tfidf__parkinson disease,0.03849189816008904
terms_abstract_tfidf__pars,-0.012071839325200628
terms_abstract_tfidf__pars opercularis,0.017864419575246412
terms_abstract_tfidf__partial,0.09105171071902067
terms_abstract_tfidf__partially,0.04371793483381716
terms_abstract_tfidf__participant,0.1280463893374542
terms_abstract_tfidf__participate,0.008801166310539746
terms_abstract_tfidf__participated,-0.15125826288641045
terms_abstract_tfidf__particular,0.08620641044261498
terms_abstract_tfidf__particularly,0.019857572372968788
terms_abstract_tfidf__partly,0.08642492925516083
terms_abstract_tfidf__partner,-0.12091613103216799
terms_abstract_tfidf__parts,0.180922646988296
terms_abstract_tfidf__passive,0.2547351369067712
terms_abstract_tfidf__passive viewing,0.09558102738862963
terms_abstract_tfidf__passively,0.09257748184417282
terms_abstract_tfidf__past,-0.045860160097769186
terms_abstract_tfidf__pathological,-0.017638679431171346
terms_abstract_tfidf__pathology,-0.04761279930678142
terms_abstract_tfidf__pathophysiological,-0.002756943864445282
terms_abstract_tfidf__pathophysiology,-0.0973719656600706
terms_abstract_tfidf__pathway,0.13927483674166308
terms_abstract_tfidf__pathways,0.07366735739567623
terms_abstract_tfidf__patient,0.039826976113165775
terms_abstract_tfidf__patient group,-0.07106650490342876
terms_abstract_tfidf__patient groups,-0.054364967461652744
terms_abstract_tfidf__pattern,0.024101550633509158
terms_abstract_tfidf__patterns,0.040131935885162486
terms_abstract_tfidf__pcc,0.08400055135511639
terms_abstract_tfidf__pd,0.02078695138746438
terms_abstract_tfidf__peak,0.16834030128319896
terms_abstract_tfidf__people,-0.012850712544065432
terms_abstract_tfidf__perceive,0.08511536956456509
terms_abstract_tfidf__perceived,0.16586015833689258
terms_abstract_tfidf__perceiving,0.15333395312347306
terms_abstract_tfidf__percept,0.04391978182009292
terms_abstract_tfidf__perception,0.26582619304190935
terms_abstract_tfidf__perceptual,0.08929542805798912
terms_abstract_tfidf__perform,-0.022711937971242557
terms_abstract_tfidf__performance,-0.1664045430027307
terms_abstract_tfidf__performance task,-0.06395320149958404
terms_abstract_tfidf__performances,-0.0315620349980828
terms_abstract_tfidf__performing,-0.006100362950373426
terms_abstract_tfidf__perfusion,0.02261638270659826
terms_abstract_tfidf__periaqueductal,0.06550051801330882
terms_abstract_tfidf__period,-0.029113088464557308
terms_abstract_tfidf__periodicals,0.08320275171330276
terms_abstract_tfidf__periods,0.06144244295893904
terms_abstract_tfidf__peripheral,0.16073298781508047
terms_abstract_tfidf__persistent,-0.004104938513185793
terms_abstract_tfidf__person,0.06206647246879717
terms_abstract_tfidf__personal,-0.0010381432527783049
terms_abstract_tfidf__personality,-0.09649471546203914
terms_abstract_tfidf__personality traits,-0.013867823280046914
terms_abstract_tfidf__persons,-0.07087148917584166
terms_abstract_tfidf__perspective,-0.04000827087341125
terms_abstract_tfidf__pet,0.010829699147833122
terms_abstract_tfidf__pfc,-0.331736796457024
terms_abstract_tfidf__pharmacological,-0.08609563021236212
terms_abstract_tfidf__phase,0.10111039534053214
terms_abstract_tfidf__phases,0.033828323300673015
terms_abstract_tfidf__phenomena,0.10521833214230744
terms_abstract_tfidf__phenomenon,0.13798053198628998
terms_abstract_tfidf__phenotype,-0.03919650088842898
terms_abstract_tfidf__phonological,-0.07561034249579138
terms_abstract_tfidf__photographs,0.0677802847386171
terms_abstract_tfidf__physical,0.19303831432757398
terms_abstract_tfidf__physiological,0.06271791591578567
terms_abstract_tfidf__picture,-0.02241422934331281
terms_abstract_tfidf__pictures,-0.023405194652587304
terms_abstract_tfidf__pitch,0.06901949918322449
terms_abstract_tfidf__place,0.043032407320651805
terms_abstract_tfidf__placebo,-0.0559247339387274
terms_abstract_tfidf__placebo controlled,-0.07117236867860091
terms_abstract_tfidf__planning,0.03846948994618031
terms_abstract_tfidf__planum,0.1501149368816874
terms_abstract_tfidf__planum temporale,0.13751535674429952
terms_abstract_tfidf__plasticity,0.135916490873062
terms_abstract_tfidf__play,0.021940107301709186
terms_abstract_tfidf__play important,0.04986752901204409
terms_abstract_tfidf__play role,0.05286740468288241
terms_abstract_tfidf__played,-0.0179356506677071
terms_abstract_tfidf__playing,-0.010040799576408245
terms_abstract_tfidf__plays,0.0786354692809975
terms_abstract_tfidf__plays important,0.0072636891975399916
terms_abstract_tfidf__plays role,-0.02152791684919457
terms_abstract_tfidf__pleasant,0.06503176519911681
terms_abstract_tfidf__point,0.13635868634574239
terms_abstract_tfidf__pointing,0.0337988266541438
terms_abstract_tfidf__points,0.05830686046169792
terms_abstract_tfidf__pole,0.006691608011888587
terms_abstract_tfidf__polymorphism,-0.10084381536238851
terms_abstract_tfidf__poor,-0.050455288686707185
terms_abstract_tfidf__poorer,-0.13710599461670733
terms_abstract_tfidf__poorly,-0.05055898448242692
terms_abstract_tfidf__poorly understood,-0.02166848845369886
terms_abstract_tfidf__population,0.020609330419028495
terms_abstract_tfidf__populations,0.03288575775056139
terms_abstract_tfidf__portion,0.11444778715107451
terms_abstract_tfidf__portions,-0.04998939404890568
terms_abstract_tfidf__position,0.15494641392559844
terms_abstract_tfidf__positive,-0.009761854120371493
terms_abstract_tfidf__positive correlation,-0.016175909440398317
terms_abstract_tfidf__positive correlations,0.09259905227249256
terms_abstract_tfidf__positive negative,-0.034897175586371273
terms_abstract_tfidf__positively,-0.058299893749856904
terms_abstract_tfidf__positively correlated,-0.07768055727353106
terms_abstract_tfidf__positron,-0.040434739586317645
terms_abstract_tfidf__positron emission,-0.04042162529187688
terms_abstract_tfidf__possibility,0.054166260081001505
terms_abstract_tfidf__possible,0.13000160063731633
terms_abstract_tfidf__possibly,-0.05063981548728432
terms_abstract_tfidf__post,0.017088421952098653
terms_abstract_tfidf__post hoc,0.0963878422836283
terms_abstract_tfidf__postcentral,0.16661925695753083
terms_abstract_tfidf__postcentral gyrus,0.1662509033158767
terms_abstract_tfidf__posterior,0.1765194498035603
terms_abstract_tfidf__posterior anterior,0.12231224301030941
terms_abstract_tfidf__posterior cingulate,0.04341211033335444
terms_abstract_tfidf__posterior inferior,-0.07594532545566166
terms_abstract_tfidf__posterior insula,0.22625984677516445
terms_abstract_tfidf__posterior middle,-0.024670668540832056
terms_abstract_tfidf__posterior parietal,-0.02495743971728356
terms_abstract_tfidf__posterior superior,0.10609952846190224
terms_abstract_tfidf__posterior temporal,-0.010747351711283834
terms_abstract_tfidf__posttraumatic,0.03236894862538956
terms_abstract_tfidf__potential,-0.03063197366172685
terms_abstract_tfidf__potentially,0.005410845533134059
terms_abstract_tfidf__potentials,0.08421454949193165
terms_abstract_tfidf__power,0.08932696656560518
terms_abstract_tfidf__powerful,-0.027070579493812724
terms_abstract_tfidf__ppc,-0.012593088595467898
terms_abstract_tfidf__ppi,-0.09034347269806563
terms_abstract_tfidf__practice,0.14040433304025815
terms_abstract_tfidf__pre,-0.013241346254217466
terms_abstract_tfidf__pre post,0.046403217884959325
terms_abstract_tfidf__pre sma,-0.08018541356543918
terms_abstract_tfidf__pre supplementary,-0.12649983951736224
terms_abstract_tfidf__preceded,-0.04556428293004257
terms_abstract_tfidf__preceding,-0.06456770777644999
terms_abstract_tfidf__precentral,0.08350364208844134
terms_abstract_tfidf__precentral gyrus,0.05456688210345025
terms_abstract_tfidf__precise,-0.017726606125424156
terms_abstract_tfidf__precuneus,0.12765071787622756
terms_abstract_tfidf__precuneus posterior,0.09283590601280903
terms_abstract_tfidf__predict,0.03810603875913775
terms_abstract_tfidf__predicted,-0.034441203811580653
terms_abstract_tfidf__predicting,0.029905708179923923
terms_abstract_tfidf__prediction,-0.10360879099982737
terms_abstract_tfidf__prediction error,-0.13278240703996647
terms_abstract_tfidf__predictions,-0.04865870101434424
terms_abstract_tfidf__predictive,0.0321130493169696
terms_abstract_tfidf__predictors,0.050135514174524734
terms_abstract_tfidf__predicts,0.030108478797896392
terms_abstract_tfidf__predominantly,0.02084696616088214
terms_abstract_tfidf__preference,0.08416563681555599
terms_abstract_tfidf__preferences,-0.049355926912649575
terms_abstract_tfidf__preferential,0.013389703663000399
terms_abstract_tfidf__preferentially,0.09343304187939425
terms_abstract_tfidf__prefrontal,-0.37206963221063394
terms_abstract_tfidf__prefrontal cortex,-0.33555669867137833
terms_abstract_tfidf__prefrontal cortical,-0.210328003257966
terms_abstract_tfidf__prefrontal cortices,-0.22218537478352593
terms_abstract_tfidf__prefrontal parietal,-0.30702000325880846
terms_abstract_tfidf__preliminary,-0.017144303689513432
terms_abstract_tfidf__premotor,0.15293267251904588
terms_abstract_tfidf__premotor cortex,0.16959670649831296
terms_abstract_tfidf__preparation,0.068771140082105
terms_abstract_tfidf__preparatory,-0.027989100167032592
terms_abstract_tfidf__presence,0.16924110470051468
terms_abstract_tfidf__presentation,-0.02665623133979345
terms_abstract_tfidf__presentations,0.0060298165555182455
terms_abstract_tfidf__presented,0.027194609167521557
terms_abstract_tfidf__presenting,0.01709992642241799
terms_abstract_tfidf__preserved,0.037027202667539616
terms_abstract_tfidf__press,0.06498686569431049
terms_abstract_tfidf__pressure,0.011091543035674818
terms_abstract_tfidf__presumably,0.036878888098392744
terms_abstract_tfidf__previous,-0.11297701453525724
terms_abstract_tfidf__previous functional,-0.007108628259746735
terms_abstract_tfidf__previous reports,0.22587706185480083
terms_abstract_tfidf__previous research,-0.04170463686260826
terms_abstract_tfidf__previous shown,-0.048526631734178496
terms_abstract_tfidf__previous work,-0.06000508320457685
terms_abstract_tfidf__primarily,0.02340599019889136
terms_abstract_tfidf__primary,0.2537201500654727
terms_abstract_tfidf__primary auditory,0.1676352209696691
terms_abstract_tfidf__primary motor,0.1878230202399397
terms_abstract_tfidf__primary secondary,0.18624375387339612
terms_abstract_tfidf__primary sensorimotor,0.16718323936654617
terms_abstract_tfidf__primary somatosensory,0.2217248201116292
terms_abstract_tfidf__primary visual,0.1365189179722124
terms_abstract_tfidf__primates,0.015676281545780133
terms_abstract_tfidf__prime,0.03025664310298682
terms_abstract_tfidf__priming,-0.047745112551918545
terms_abstract_tfidf__principal,-0.015154365206748378
terms_abstract_tfidf__principle,-0.0020854588004214
terms_abstract_tfidf__prior,-0.09001117130880237
terms_abstract_tfidf__priori,0.00042358906490687896
terms_abstract_tfidf__probabilistic,-0.11171847378044696
terms_abstract_tfidf__probability,-0.14387658381425403
terms_abstract_tfidf__probably,0.08272498849740738
terms_abstract_tfidf__probe,-0.11993246940607323
terms_abstract_tfidf__problem,-0.15811277453511544
terms_abstract_tfidf__problems,-0.19226560435224538
terms_abstract_tfidf__procedure,0.00722086878315341
terms_abstract_tfidf__procedures,-0.07972117943292818
terms_abstract_tfidf__process,-0.14024936909347618
terms_abstract_tfidf__processed,0.06121333630958188
terms_abstract_tfidf__processes,-0.229344747270959
terms_abstract_tfidf__processes involved,-0.09284729400285828
terms_abstract_tfidf__processes underlying,-0.034166088095240445
terms_abstract_tfidf__produce,0.08876862637985784
terms_abstract_tfidf__produced,0.13128718184194615
terms_abstract_tfidf__producing,0.1092740913619786
terms_abstract_tfidf__production,0.10378044173250563
terms_abstract_tfidf__profile,-0.07171458197066467
terms_abstract_tfidf__profiles,-0.042415762127943415
terms_abstract_tfidf__progression,0.021372150508215063
terms_abstract_tfidf__progressive,-0.03111479970363462
terms_abstract_tfidf__prolonged,0.09438887594463452
terms_abstract_tfidf__prominent,-0.0026777282067739767
terms_abstract_tfidf__promising,-0.03743974187348576
terms_abstract_tfidf__pronounced,0.09354720977311808
terms_abstract_tfidf__proper,0.1093419238846167
terms_abstract_tfidf__properties,0.19363143071413136
terms_abstract_tfidf__proportion,-0.11017086002693625
terms_abstract_tfidf__propose,0.02360527416015184
terms_abstract_tfidf__proposed,-0.05209236284822755
terms_abstract_tfidf__prospective,-0.043809682618361136
terms_abstract_tfidf__protocol,0.09881385482439445
terms_abstract_tfidf__provide,-0.022057222290773074
terms_abstract_tfidf__provide evidence,0.061072749272530424
terms_abstract_tfidf__provide new,-0.0357587446387374
terms_abstract_tfidf__provide novel,-0.08028869062885113
terms_abstract_tfidf__provided,0.022756323072461174
terms_abstract_tfidf__provides,0.05848652031507134
terms_abstract_tfidf__provides evidence,-0.02416965907502069
terms_abstract_tfidf__providing,0.0997792940057091
terms_abstract_tfidf__pseudowords,0.048834309520522326
terms_abstract_tfidf__psts,0.1324916365248253
terms_abstract_tfidf__psychiatric,-0.08809061887147183
terms_abstract_tfidf__psychiatric disorders,-0.10040105215273228
terms_abstract_tfidf__psychological,0.012068974670957749
terms_abstract_tfidf__psychopathology,-0.0526703217092317
terms_abstract_tfidf__psychophysical,0.14783230648209642
terms_abstract_tfidf__psychophysiological,-0.004889086940434288
terms_abstract_tfidf__psychophysiological interaction,-0.04772811045576119
terms_abstract_tfidf__psychosis,-0.029505372294271907
terms_abstract_tfidf__psychotic,0.045178357881330185
terms_abstract_tfidf__ptsd,-0.012602376442298911
terms_abstract_tfidf__published,-0.02327280853154075
terms_abstract_tfidf__punishment,-0.12175348085766699
terms_abstract_tfidf__pure,0.02668089959278559
terms_abstract_tfidf__purpose,0.07164511576350013
terms_abstract_tfidf__putamen,0.09805583933829456
terms_abstract_tfidf__putative,0.011581443945278963
terms_abstract_tfidf__quality,0.08262916268139514
terms_abstract_tfidf__quantified,0.026691852073290136
terms_abstract_tfidf__quantify,0.060050268898310895
terms_abstract_tfidf__quantitative,-0.029149290379815073
terms_abstract_tfidf__question,-0.1375051006381306
terms_abstract_tfidf__questionnaire,-0.07959992026692427
terms_abstract_tfidf__questions,-0.0327328934475568
terms_abstract_tfidf__random,0.03884210683895732
terms_abstract_tfidf__random effects,0.029502894788206134
terms_abstract_tfidf__randomized,0.0848630007638379
terms_abstract_tfidf__randomly,0.006999038861909336
terms_abstract_tfidf__range,0.032251618427283496
terms_abstract_tfidf__ranging,0.09853977843796131
terms_abstract_tfidf__rapid,0.06058566841068403
terms_abstract_tfidf__rapidly,-0.013792980981332541
terms_abstract_tfidf__rare,0.057717788713575434
terms_abstract_tfidf__rarely,-0.06605246082272821
terms_abstract_tfidf__rate,-0.035840000486932894
terms_abstract_tfidf__rated,0.09497518792244264
terms_abstract_tfidf__rates,-0.015955005329987
terms_abstract_tfidf__rating,0.025943357863713927
terms_abstract_tfidf__ratings,0.07031100916599373
terms_abstract_tfidf__ratio,0.03534281333124689
terms_abstract_tfidf__rationale,-0.008172599576240516
terms_abstract_tfidf__reach,0.10203246455409852
terms_abstract_tfidf__reaching,0.061020080772906465
terms_abstract_tfidf__reaction,-0.10765934231358015
terms_abstract_tfidf__reaction time,-0.10728707862359887
terms_abstract_tfidf__reaction times,-0.04838925352042706
terms_abstract_tfidf__reactions,0.007647672473069925
terms_abstract_tfidf__reactivity,0.044741713417614196
terms_abstract_tfidf__read,-0.1309213063082347
terms_abstract_tfidf__readers,-0.11164806244527821
terms_abstract_tfidf__reading,-0.0674388345137353
terms_abstract_tfidf__real,0.14521175581057616
terms_abstract_tfidf__real time,0.12817713114721885
terms_abstract_tfidf__real world,0.0559979316385865
terms_abstract_tfidf__reality,-0.022311460387499118
terms_abstract_tfidf__reappraisal,-0.1862368924198991
terms_abstract_tfidf__reasoning,-0.22743725088336997
terms_abstract_tfidf__recall,-0.07831621206640986
terms_abstract_tfidf__receive,-0.06956148347288324
terms_abstract_tfidf__received,-0.07781605469062713
terms_abstract_tfidf__receiving,-0.10584560524417715
terms_abstract_tfidf__recently,0.017670027563437378
terms_abstract_tfidf__receptor,-0.124408498155664
terms_abstract_tfidf__recognition,-0.03301825911267227
terms_abstract_tfidf__recognition memory,-0.1708933643777625
terms_abstract_tfidf__recognition task,-0.05639620074219612
terms_abstract_tfidf__recognize,0.10822629957843082
terms_abstract_tfidf__recognized,0.03454590946852671
terms_abstract_tfidf__recognizing,0.021388074973396003
terms_abstract_tfidf__recollection,-0.07385507105348421
terms_abstract_tfidf__recorded,0.11390394157817935
terms_abstract_tfidf__recording,0.1478848341483286
terms_abstract_tfidf__recordings,0.13558791180933236
terms_abstract_tfidf__recovery,0.08874662406258206
terms_abstract_tfidf__recruit,-0.05314136787590064
terms_abstract_tfidf__recruited,-0.08999117145911228
terms_abstract_tfidf__recruitment,-0.0250215010346999
terms_abstract_tfidf__recruits,-0.06162932011199939
terms_abstract_tfidf__reduce,0.006252844359513051
terms_abstract_tfidf__reduces,0.02120981705465436
terms_abstract_tfidf__reducing,-0.1533893575788767
terms_abstract_tfidf__reduction,-0.001626044374910125
terms_abstract_tfidf__reductions,-0.08219670787263188
terms_abstract_tfidf__reference,0.033501400274912545
terms_abstract_tfidf__referential,-0.015819142412175656
terms_abstract_tfidf__referred,0.061158224835900846
terms_abstract_tfidf__refers,0.05722849264573255
terms_abstract_tfidf__reflect,0.031394317535875314
terms_abstract_tfidf__reflected,-0.09355478608943654
terms_abstract_tfidf__reflecting,-0.006003460951904075
terms_abstract_tfidf__reflects,-0.04495956718900881
terms_abstract_tfidf__regard,-0.058945658165033235
terms_abstract_tfidf__regarding,-0.035805396211264114
terms_abstract_tfidf__regardless,0.0581011064793969
terms_abstract_tfidf__regional,-0.009014268436704992
terms_abstract_tfidf__regional cerebral,-0.006504863048276601
terms_abstract_tfidf__regional gray,-0.017179317908822832
terms_abstract_tfidf__regional homogeneity,0.04233616377638431
terms_abstract_tfidf__regular,-0.013617406152367569
terms_abstract_tfidf__regulate,-0.14204607537693598
terms_abstract_tfidf__regulating,-0.03547481217807698
terms_abstract_tfidf__regulation,-0.09501588179797221
terms_abstract_tfidf__regulatory,-0.09365646290702728
terms_abstract_tfidf__rehabilitation,0.11809155383468854
terms_abstract_tfidf__rehearsal,-0.05321261099869918
terms_abstract_tfidf__reho,0.030194750704940272
terms_abstract_tfidf__reinforcement,-0.08798778358690466
terms_abstract_tfidf__reinforcement learning,-0.06399200404957926
terms_abstract_tfidf__relate,0.018168918302806855
terms_abstract_tfidf__relates,-0.042367279740904325
terms_abstract_tfidf__relation,0.029837196297866426
terms_abstract_tfidf__relational,-0.17695022803712737
terms_abstract_tfidf__relations,-0.10557099025744439
terms_abstract_tfidf__relationship,-0.06921817778060656
terms_abstract_tfidf__relationships,-0.018980603093575958
terms_abstract_tfidf__relatively,-0.025310564490705345
terms_abstract_tfidf__relevance,0.08442577115882455
terms_abstract_tfidf__relevant,0.04303509518655425
terms_abstract_tfidf__relevant information,-0.009204989831138188
terms_abstract_tfidf__reliability,0.0872339694202741
terms_abstract_tfidf__reliable,0.16404328305725335
terms_abstract_tfidf__reliably,-0.009423098496250894
terms_abstract_tfidf__reliance,0.00753883265974289
terms_abstract_tfidf__relied,-0.03487488117955294
terms_abstract_tfidf__relies,-0.026952827333042422
terms_abstract_tfidf__rely,-0.00198474475917003
terms_abstract_tfidf__remain,-0.05111896103097713
terms_abstract_tfidf__remain unclear,-0.06280089483358814
terms_abstract_tfidf__remained,-0.0014656756613881388
terms_abstract_tfidf__remaining,0.0072522855404960635
terms_abstract_tfidf__remarkably,0.06656107025771013
terms_abstract_tfidf__remember,-0.1209980709990923
terms_abstract_tfidf__remembered,-0.03795968484309745
terms_abstract_tfidf__remembering,-0.07285466411026972
terms_abstract_tfidf__remote,0.07961491393031045
terms_abstract_tfidf__reorganization,0.10699206647144467
terms_abstract_tfidf__repeat,-0.04503952193050549
terms_abstract_tfidf__repeated,0.06173837374172549
terms_abstract_tfidf__repeatedly,-0.04754250805404554
terms_abstract_tfidf__repetition,0.10913277846184448
terms_abstract_tfidf__repetition suppression,0.12284452708239187
terms_abstract_tfidf__repetitive,0.008696368056147825
terms_abstract_tfidf__replicate,0.013783350523295225
terms_abstract_tfidf__replicated,-0.017259485290178053
terms_abstract_tfidf__report,0.024018458545667316
terms_abstract_tfidf__reported,-0.00908646305642944
terms_abstract_tfidf__reports,0.1551625724292278
terms_abstract_tfidf__represent,-0.025437155555061885
terms_abstract_tfidf__representation,0.1541115883342724
terms_abstract_tfidf__representational,0.1504917759932605
terms_abstract_tfidf__representations,0.07932520982725456
terms_abstract_tfidf__represented,0.012119402193973079
terms_abstract_tfidf__representing,0.06876770790200147
terms_abstract_tfidf__represents,0.0944140287965029
terms_abstract_tfidf__require,-0.04477843075376639
terms_abstract_tfidf__required,-0.13262749073645383
terms_abstract_tfidf__requirements,-0.05808164515500362
terms_abstract_tfidf__requires,-0.09330438269013487
terms_abstract_tfidf__requiring,-0.09363205795934902
terms_abstract_tfidf__research,-0.04724739021544368
terms_abstract_tfidf__research suggests,0.03642532620745705
terms_abstract_tfidf__researchers,0.02231774972905347
terms_abstract_tfidf__residual,0.18004312682765833
terms_abstract_tfidf__resolution,-0.01949442862595088
terms_abstract_tfidf__resolve,-0.0954051692991967
terms_abstract_tfidf__resonance,0.060349787983227245
terms_abstract_tfidf__resonance experiment,-0.010443264869483628
terms_abstract_tfidf__resonance healthy,-0.046979206301083494
terms_abstract_tfidf__resonance images,0.01997951366665561
terms_abstract_tfidf__resonance measure,0.020588051970116795
terms_abstract_tfidf__resonance performing,-0.16316664775139317
terms_abstract_tfidf__resonance rs,0.0031654280016105013
terms_abstract_tfidf__resonance scans,0.039562423902154656
terms_abstract_tfidf__resources,-0.10217618878915286
terms_abstract_tfidf__respect,0.07964717799991965
terms_abstract_tfidf__respective,0.014110047107728205
terms_abstract_tfidf__respectively,-0.11992534708912235
terms_abstract_tfidf__respond,0.013291738416756748
terms_abstract_tfidf__responded,-0.008316131712375401
terms_abstract_tfidf__responding,-0.053055258239305035
terms_abstract_tfidf__responds,0.11455146866655166
terms_abstract_tfidf__response,-0.03498325143814645
terms_abstract_tfidf__response inhibition,-0.20539178922824797
terms_abstract_tfidf__response selection,-0.11453711334727289
terms_abstract_tfidf__response time,-0.12011163817981774
terms_abstract_tfidf__response times,-0.1608996555081184
terms_abstract_tfidf__responses,0.04925194345391174
terms_abstract_tfidf__responsible,0.07234030017072847
terms_abstract_tfidf__responsive,0.1402652799747685
terms_abstract_tfidf__responsiveness,0.07044647403301695
terms_abstract_tfidf__rest,0.10752357434173662
terms_abstract_tfidf__resting,0.03580287252495882
terms_abstract_tfidf__resting state,0.02786306035638343
terms_abstract_tfidf__restricted,0.15807786158296674
terms_abstract_tfidf__result,0.0007942816429550834
terms_abstract_tfidf__resulted,-0.013135072268533585
terms_abstract_tfidf__resulting,0.14920769370778478
terms_abstract_tfidf__retention,-0.000374073684350164
terms_abstract_tfidf__retrieval,-0.14063099237801996
terms_abstract_tfidf__retrieved,-0.05618182961787159
terms_abstract_tfidf__retrosplenial,0.1548376765689538
terms_abstract_tfidf__retrosplenial cortex,0.12323385084739161
terms_abstract_tfidf__reveal,0.11694345284107796
terms_abstract_tfidf__revealing,0.1022692830289877
terms_abstract_tfidf__reveals,0.03674643602672003
terms_abstract_tfidf__reversal,-0.20795115088239363
terms_abstract_tfidf__reverse,0.0490061233598469
terms_abstract_tfidf__reversed,0.03332688671846113
terms_abstract_tfidf__reward,-0.12755977447390587
terms_abstract_tfidf__reward anticipation,0.001939121587829226
terms_abstract_tfidf__rewarding,0.00745050483631975
terms_abstract_tfidf__rewards,-0.13292072350790868
terms_abstract_tfidf__rhythm,0.11597632365466701
terms_abstract_tfidf__rich,0.07336093905995471
terms_abstract_tfidf__rise,0.06172090554995926
terms_abstract_tfidf__risk,-0.1323197757428229
terms_abstract_tfidf__risk taking,-0.15715061373545833
terms_abstract_tfidf__risky,-0.15175908479183345
terms_abstract_tfidf__robust,0.021109696484511466
terms_abstract_tfidf__roi,0.05977518211804337
terms_abstract_tfidf__rois,-0.09172994109833743
terms_abstract_tfidf__role,0.015686688181595982
terms_abstract_tfidf__roles,-0.06299798488998379
terms_abstract_tfidf__rostral,-0.032130122977581055
terms_abstract_tfidf__rostral anterior,-0.058032227130529565
terms_abstract_tfidf__rotation,0.058855864938993877
terms_abstract_tfidf__rs,0.013180785659480252
terms_abstract_tfidf__rsfc,0.015797485398711043
terms_abstract_tfidf__rt,-0.08019831887049249
terms_abstract_tfidf__rule,-0.2757861551979534
terms_abstract_tfidf__rules,-0.28515388759454713
terms_abstract_tfidf__run,0.10512732824272203
terms_abstract_tfidf__runs,0.10875656675976138
terms_abstract_tfidf__s1,0.15956079526370298
terms_abstract_tfidf__saccade,-0.0029349331264571046
terms_abstract_tfidf__saccades,0.05041102887353264
terms_abstract_tfidf__sad,0.016075697255153253
terms_abstract_tfidf__salience,-0.01645387852306122
terms_abstract_tfidf__salience network,-0.018349085570136016
terms_abstract_tfidf__salient,-0.017373455504694886
terms_abstract_tfidf__sample,-0.04667907602351079
terms_abstract_tfidf__samples,-0.08850640097437686
terms_abstract_tfidf__sampling,0.15943634381389063
terms_abstract_tfidf__scale,0.022470662241694025
terms_abstract_tfidf__scales,0.01498399724625699
terms_abstract_tfidf__scalp,-0.04139319459708903
terms_abstract_tfidf__scan,0.014734492078360856
terms_abstract_tfidf__scanned,0.0405362670398638
terms_abstract_tfidf__scanned using,-0.014316012397056821
terms_abstract_tfidf__scanner,0.07813573428217045
terms_abstract_tfidf__scanning,0.09262090194470687
terms_abstract_tfidf__scans,0.07138383546926477
terms_abstract_tfidf__scene,0.15944941411468366
terms_abstract_tfidf__scenes,0.137397068754851
terms_abstract_tfidf__schizophrenia,-0.06608612154857814
terms_abstract_tfidf__schizophrenic,0.020334964349569527
terms_abstract_tfidf__sclerosis,-0.07012455378226268
terms_abstract_tfidf__score,0.01201781759134327
terms_abstract_tfidf__scores,-0.05326803791788049
terms_abstract_tfidf__sd,0.04928866209558926
terms_abstract_tfidf__se,-0.04975755128229302
terms_abstract_tfidf__search,-0.03940222770928671
terms_abstract_tfidf__second,-0.06723835190866956
terms_abstract_tfidf__secondary,0.20004151192745825
terms_abstract_tfidf__secondary somatosensory,0.20552199667052065
terms_abstract_tfidf__sectional,0.003127262085933484
terms_abstract_tfidf__seed,-0.008017568309401661
terms_abstract_tfidf__seeds,-0.004465988856352107
terms_abstract_tfidf__seeking,-0.09471863313287582
terms_abstract_tfidf__seen,0.1409977938887065
terms_abstract_tfidf__segregated,0.014480295906827667
terms_abstract_tfidf__segregation,0.07432019416495142
terms_abstract_tfidf__select,-0.08678211736758686
terms_abstract_tfidf__selected,-0.03981077187667257
terms_abstract_tfidf__selection,-0.1864501745332509
terms_abstract_tfidf__selective,0.10222826084031622
terms_abstract_tfidf__selective attention,0.031147333091997267
terms_abstract_tfidf__selectively,-0.017241045262182498
terms_abstract_tfidf__selectivity,0.15623970295541995
terms_abstract_tfidf__self,0.00492113243982568
terms_abstract_tfidf__self referential,-0.024515786805942727
terms_abstract_tfidf__self report,-0.06943259869809545
terms_abstract_tfidf__self reported,-0.03821104447458003
terms_abstract_tfidf__semantic,-0.0705135037163111
terms_abstract_tfidf__semantic memory,0.037738262424895606
terms_abstract_tfidf__semantically,-0.008551280519696707
terms_abstract_tfidf__semantics,-0.057023681380219654
terms_abstract_tfidf__sensation,0.122031016260439
terms_abstract_tfidf__sensations,0.09389331563275057
terms_abstract_tfidf__sense,0.05429724625163113
terms_abstract_tfidf__sensitive,0.07064273025839468
terms_abstract_tfidf__sensitivity,0.014413317117439579
terms_abstract_tfidf__sensorimotor,0.24430989898597583
terms_abstract_tfidf__sensorimotor cortex,0.2050406381827083
terms_abstract_tfidf__sensorimotor network,0.1618233994713021
terms_abstract_tfidf__sensory,0.2646003472660678
terms_abstract_tfidf__sensory information,0.07369540486234936
terms_abstract_tfidf__sensory motor,0.19967312146382737
terms_abstract_tfidf__sentence,-0.12929347160669952
terms_abstract_tfidf__sentence comprehension,-0.11875263071087049
terms_abstract_tfidf__sentences,-0.06763483960482265
terms_abstract_tfidf__separable,-0.07331645271094836
terms_abstract_tfidf__separate,0.026947868618314472
terms_abstract_tfidf__separated,0.009018889914291858
terms_abstract_tfidf__separately,0.0412826604224821
terms_abstract_tfidf__separation,-0.06315413198684472
terms_abstract_tfidf__sequence,0.06479598974865625
terms_abstract_tfidf__sequences,0.04226978075537002
terms_abstract_tfidf__sequential,0.08438905780601255
terms_abstract_tfidf__serial,0.0003483724677104715
terms_abstract_tfidf__series,0.023055530468957912
terms_abstract_tfidf__serotonin,-0.1622736702502506
terms_abstract_tfidf__serve,0.020763806807558714
terms_abstract_tfidf__served,0.07814194962010765
terms_abstract_tfidf__serves,0.006204374022341266
terms_abstract_tfidf__session,0.05656575941313356
terms_abstract_tfidf__sessions,0.0231723787986597
terms_abstract_tfidf__set,-0.10842392583543445
terms_abstract_tfidf__sets,-0.09663178061581638
terms_abstract_tfidf__setting,-0.06470754712891086
terms_abstract_tfidf__settings,0.09869470148101335
terms_abstract_tfidf__seven,-0.01974806646558176
terms_abstract_tfidf__seventeen,-0.03798266230468604
terms_abstract_tfidf__severe,0.01721560420241198
terms_abstract_tfidf__severity,0.02415837088650288
terms_abstract_tfidf__sex,0.017620586361932367
terms_abstract_tfidf__sexual,0.010878719699768337
terms_abstract_tfidf__sham,0.05077437086422744
terms_abstract_tfidf__shape,0.027167806485969385
terms_abstract_tfidf__shaped,0.07290060247432024
terms_abstract_tfidf__shapes,0.009363062740004993
terms_abstract_tfidf__share,-0.011112601003071657
terms_abstract_tfidf__shared,-0.04891495736834732
terms_abstract_tfidf__shed,0.07308002701566133
terms_abstract_tfidf__shed light,0.07048362667454171
terms_abstract_tfidf__shift,0.001955481981220576
terms_abstract_tfidf__shifted,0.046014072369041335
terms_abstract_tfidf__shifting,-0.13645184444068587
terms_abstract_tfidf__shifts,0.061651408845950884
terms_abstract_tfidf__short,0.07532834800277426
terms_abstract_tfidf__short term,-0.020215577843467145
terms_abstract_tfidf__shorter,0.02075577207376421
terms_abstract_tfidf__showing,0.07610519074574121
terms_abstract_tfidf__shown,0.032854798884582814
terms_abstract_tfidf__shows,0.0884929954519526
terms_abstract_tfidf__si,0.19906201973229773
terms_abstract_tfidf__sided,0.004311817411764236
terms_abstract_tfidf__sighted,0.15931809678247302
terms_abstract_tfidf__sign,-0.0028569166627282817
terms_abstract_tfidf__signal,0.08926645809860341
terms_abstract_tfidf__signal change,0.10620932221310442
terms_abstract_tfidf__signal task,-0.1803743601901822
terms_abstract_tfidf__signaling,-0.056818514278897
terms_abstract_tfidf__signals,0.14761551748458498
terms_abstract_tfidf__signature,0.0309623553537781
terms_abstract_tfidf__significance,0.00741509706575268
terms_abstract_tfidf__significance statement,-0.07837585833299014
terms_abstract_tfidf__signs,0.06182906619324643
terms_abstract_tfidf__sii,0.22976778594074446
terms_abstract_tfidf__silent,0.1206192409100537
terms_abstract_tfidf__similarities,-0.08525718328581888
terms_abstract_tfidf__similarity,0.06571220782285596
terms_abstract_tfidf__similarly,-0.06289476515351933
terms_abstract_tfidf__simple,0.07780061909065697
terms_abstract_tfidf__simply,-0.06841037407420415
terms_abstract_tfidf__simulated,0.13592286446497254
terms_abstract_tfidf__simulation,0.19089183924959685
terms_abstract_tfidf__simultaneous,0.1709831446469963
terms_abstract_tfidf__simultaneous eeg,0.12148259939090979
terms_abstract_tfidf__simultaneously,-0.04060453977692108
terms_abstract_tfidf__single,0.06915962449564247
terms_abstract_tfidf__single subject,0.14958614160102238
terms_abstract_tfidf__single trial,0.1352967431202064
terms_abstract_tfidf__site,0.03856388168920813
terms_abstract_tfidf__sites,0.19336537103150903
terms_abstract_tfidf__situation,-0.04993042124103292
terms_abstract_tfidf__situations,-0.18957792244100624
terms_abstract_tfidf__sixteen,0.0025507416064693635
terms_abstract_tfidf__size,0.03162589872770179
terms_abstract_tfidf__sizes,-0.10184002335351039
terms_abstract_tfidf__skill,-0.003963328301736879
terms_abstract_tfidf__skills,0.11077322043212608
terms_abstract_tfidf__skin,0.06656455428090019
terms_abstract_tfidf__skin conductance,0.002759135337849331
terms_abstract_tfidf__sleep,0.057898586545601774
terms_abstract_tfidf__slow,0.037637465370970076
terms_abstract_tfidf__slower,-0.11487048188411399
terms_abstract_tfidf__sma,0.07371906943533167
terms_abstract_tfidf__small,0.11916477078775006
terms_abstract_tfidf__smaller,-0.03089884671629243
terms_abstract_tfidf__smokers,0.032262596334887955
terms_abstract_tfidf__smoking,0.021472364745609884
terms_abstract_tfidf__sn,-0.08255956483327655
terms_abstract_tfidf__social,0.019147261616104208
terms_abstract_tfidf__social cognition,-0.006461358084269852
terms_abstract_tfidf__social cognitive,-0.023424946717999648
terms_abstract_tfidf__social interaction,0.06275229818720984
terms_abstract_tfidf__social interactions,0.03987941670068974
terms_abstract_tfidf__socially,0.0982792878443516
terms_abstract_tfidf__software,0.06956248815969125
terms_abstract_tfidf__solving,-0.20157949689744922
terms_abstract_tfidf__somatosensory,0.2776784549914443
terms_abstract_tfidf__somatosensory cortex,0.23523148262930435
terms_abstract_tfidf__somatosensory cortices,0.23173478576799172
terms_abstract_tfidf__sought,-0.04689114816210638
terms_abstract_tfidf__sound,0.1761097033224088
terms_abstract_tfidf__sounds,0.15157244317691612
terms_abstract_tfidf__source,0.07341610620281676
terms_abstract_tfidf__sources,0.1196429597322623
terms_abstract_tfidf__space,0.15059551216582934
terms_abstract_tfidf__span,-0.09217461516209453
terms_abstract_tfidf__sparse,0.1776696324674556
terms_abstract_tfidf__spatial,0.12454738602229665
terms_abstract_tfidf__spatial attention,0.07925721862146329
terms_abstract_tfidf__spatial information,0.0881141558161949
terms_abstract_tfidf__spatial temporal,-0.007337884026886484
terms_abstract_tfidf__spatially,0.16401477835776265
terms_abstract_tfidf__spatiotemporal,0.06370610194161228
terms_abstract_tfidf__speaker,0.042004259308946204
terms_abstract_tfidf__speakers,0.0028565292788307792
terms_abstract_tfidf__speaking,-0.015893072589544137
terms_abstract_tfidf__special,0.052917100470298635
terms_abstract_tfidf__specialization,0.06894533663583996
terms_abstract_tfidf__specialized,0.04308024762359946
terms_abstract_tfidf__species,-0.014358514524503704
terms_abstract_tfidf__specifically,-0.05267299016421554
terms_abstract_tfidf__specificity,0.11998539907990534
terms_abstract_tfidf__specified,0.011557254676012351
terms_abstract_tfidf__spectral,0.09337282988496634
terms_abstract_tfidf__spectrum,0.03690672654906513
terms_abstract_tfidf__spectrum disorder,0.05190812405164377
terms_abstract_tfidf__spectrum disorders,0.02347317912795936
terms_abstract_tfidf__speech,0.08564604451001892
terms_abstract_tfidf__speech perception,0.08898670694409692
terms_abstract_tfidf__speech production,0.10982755252737222
terms_abstract_tfidf__speed,0.02268338312806778
terms_abstract_tfidf__spin,0.06279161940866533
terms_abstract_tfidf__spin labeling,0.03459972734711204
terms_abstract_tfidf__spinal,0.08601928068439817
terms_abstract_tfidf__spl,0.09509419261160913
terms_abstract_tfidf__spoken,0.03409811419243207
terms_abstract_tfidf__spontaneous,0.09019064550230496
terms_abstract_tfidf__stable,-0.04945474781080702
terms_abstract_tfidf__stage,-0.0566569221691278
terms_abstract_tfidf__stages,0.05857025190486689
terms_abstract_tfidf__standard,0.015469407979356512
terms_abstract_tfidf__standardized,0.12281595560189829
terms_abstract_tfidf__state,0.040092557817780365
terms_abstract_tfidf__state connectivity,-0.06325375755199539
terms_abstract_tfidf__state functional,-0.005473139679008767
terms_abstract_tfidf__state networks,-0.050120766830954594
terms_abstract_tfidf__statement,-0.06754291212803341
terms_abstract_tfidf__states,0.12169084529129817
terms_abstract_tfidf__static,0.16488259368673566
terms_abstract_tfidf__statistics,0.11678797078940954
terms_abstract_tfidf__status,0.03156913916371606
terms_abstract_tfidf__step,0.027002601479238095
terms_abstract_tfidf__stg,0.10684448669249556
terms_abstract_tfidf__stimulated,0.22025457302968257
terms_abstract_tfidf__stimulation,0.20570707276088535
terms_abstract_tfidf__stimulation tms,0.12822387056456822
terms_abstract_tfidf__stimuli,0.12040193538867983
terms_abstract_tfidf__stimuli presented,0.0963312289510002
terms_abstract_tfidf__stimulus,0.10137806397550769
terms_abstract_tfidf__stimulus driven,-0.0106390051370469
terms_abstract_tfidf__stimulus response,-0.10951962247370796
terms_abstract_tfidf__stop,-0.17025003725358312
terms_abstract_tfidf__stop signal,-0.1804408502788945
terms_abstract_tfidf__storage,-0.14280953270516114
terms_abstract_tfidf__stored,-0.03081043439282435
terms_abstract_tfidf__strategic,-0.18429375184252977
terms_abstract_tfidf__strategies,-0.14241435639945962
terms_abstract_tfidf__strategy,-0.15884668372180472
terms_abstract_tfidf__stream,0.1380689609509575
terms_abstract_tfidf__streams,0.1076411011717848
terms_abstract_tfidf__strength,0.07267108160021384
terms_abstract_tfidf__stress,0.014779330635274451
terms_abstract_tfidf__stress disorder,-0.025459254850465667
terms_abstract_tfidf__striatal,-0.0935950005639424
terms_abstract_tfidf__striatum,-0.11761090352662883
terms_abstract_tfidf__striking,-0.01792806989936075
terms_abstract_tfidf__stroke,0.11298036990840675
terms_abstract_tfidf__strong,0.000953507779922895
terms_abstract_tfidf__strongest,0.09527508295036591
terms_abstract_tfidf__strongly,0.01883362459455229
terms_abstract_tfidf__stroop,-0.21690887638599166
terms_abstract_tfidf__stroop task,-0.22153367169732546
terms_abstract_tfidf__structural,0.010264897830580863
terms_abstract_tfidf__structural functional,0.024900544929176923
terms_abstract_tfidf__structural magnetic,0.00010861836642763625
terms_abstract_tfidf__structure,0.040132112395653285
terms_abstract_tfidf__structure function,0.034389773432737476
terms_abstract_tfidf__structures,0.14688274739324914
terms_abstract_tfidf__structures involved,0.07028150746699023
terms_abstract_tfidf__sts,0.12457039511270464
terms_abstract_tfidf__students,-0.10795318867805555
terms_abstract_tfidf__studied,-0.05113129693717446
terms_abstract_tfidf__studying,0.034711152404661424
terms_abstract_tfidf__sub,-0.005458301083130066
terms_abstract_tfidf__subcortical,0.07590791450953087
terms_abstract_tfidf__subcortical structures,0.07135102600600769
terms_abstract_tfidf__subgenual,-0.0010286187307338881
terms_abstract_tfidf__subject,0.13734170709768
terms_abstract_tfidf__subjective,0.054757088264607484
terms_abstract_tfidf__subregions,0.03047464895307452
terms_abstract_tfidf__subsequent,0.004108418748433803
terms_abstract_tfidf__subsequent memory,-0.07690006904441353
terms_abstract_tfidf__subsequently,-0.030384265059655656
terms_abstract_tfidf__subserve,-0.05987689106011348
terms_abstract_tfidf__subserved,-0.09014120946535423
terms_abstract_tfidf__subserving,-0.14420553034228642
terms_abstract_tfidf__subset,0.023370997406068118
terms_abstract_tfidf__substance,-0.14334875719345982
terms_abstract_tfidf__substantia,-0.02415471749101564
terms_abstract_tfidf__substantial,0.014609885712194856
terms_abstract_tfidf__substantially,0.12399262408973363
terms_abstract_tfidf__substrate,-0.021855563879160336
terms_abstract_tfidf__substrates,-0.04073652258683497
terms_abstract_tfidf__subtle,0.037904354484759505
terms_abstract_tfidf__subtraction,-0.14585255879206155
terms_abstract_tfidf__success,-0.24124891893899084
terms_abstract_tfidf__successful,-0.12484034502438214
terms_abstract_tfidf__successfully,0.02056885182995219
terms_abstract_tfidf__successive,0.04093944224499031
terms_abstract_tfidf__suffering,0.0810569173322869
terms_abstract_tfidf__sufficient,0.050709842402455976
terms_abstract_tfidf__suggest,-0.022432450201392798
terms_abstract_tfidf__suggest functional,0.048494053076654116
terms_abstract_tfidf__suggested,-0.1226551911333137
terms_abstract_tfidf__suggesting,-0.014525316637221867
terms_abstract_tfidf__suggests,-0.03892004524268676
terms_abstract_tfidf__sulci,0.018184319018227094
terms_abstract_tfidf__sulcus,0.09116250900163225
terms_abstract_tfidf__sulcus ips,-0.09388161213910752
terms_abstract_tfidf__sulcus sts,0.12812850547749904
terms_abstract_tfidf__sum,0.03904127131224206
terms_abstract_tfidf__summary,-0.05493774067007749
terms_abstract_tfidf__superior,0.15729175443464413
terms_abstract_tfidf__superior frontal,-0.14316028373792586
terms_abstract_tfidf__superior inferior,0.0470942685624662
terms_abstract_tfidf__superior middle,0.0872612056404194
terms_abstract_tfidf__superior parietal,0.08043057827249808
terms_abstract_tfidf__superior temporal,0.1764674047719954
terms_abstract_tfidf__supplementary,0.0909533684257262
terms_abstract_tfidf__supplementary motor,0.09509756671256019
terms_abstract_tfidf__supported,-0.07990518932601755
terms_abstract_tfidf__supporting,-0.07659428751158374
terms_abstract_tfidf__supports,-0.03753072201664711
terms_abstract_tfidf__suppressed,0.0533857937601889
terms_abstract_tfidf__suppression,0.09334017787927361
terms_abstract_tfidf__supramarginal,0.1006813572255101
terms_abstract_tfidf__supramarginal gyrus,0.08395780238953159
terms_abstract_tfidf__surface,0.11144325083059003
terms_abstract_tfidf__surprisingly,0.08092702410356344
terms_abstract_tfidf__surrounding,0.08915452414771799
terms_abstract_tfidf__susceptibility,-0.024180982646287964
terms_abstract_tfidf__sustained,-0.01079809977762933
terms_abstract_tfidf__sustained attention,-0.01992363522256984
terms_abstract_tfidf__switch,-0.11908627313754155
terms_abstract_tfidf__switching,-0.19246493202555556
terms_abstract_tfidf__symbolic,-0.10923850946344708
terms_abstract_tfidf__symptom,0.005590880174061174
terms_abstract_tfidf__symptom severity,0.07630996433152919
terms_abstract_tfidf__symptoms,-0.007931247622153916
terms_abstract_tfidf__synchronization,-0.03151399564428211
terms_abstract_tfidf__syndrome,0.07651633334804216
terms_abstract_tfidf__syntactic,-0.11471805377886808
terms_abstract_tfidf__systematic,0.07452092691192037
terms_abstract_tfidf__systematically,-0.09352018176444808
terms_abstract_tfidf__systems,-0.0029282644767495373
terms_abstract_tfidf__systems involved,0.0035633338284652896
terms_abstract_tfidf__t1,0.022066745262926287
terms_abstract_tfidf__t1 weighted,0.04731044478179276
terms_abstract_tfidf__tactile,0.2265788696340368
terms_abstract_tfidf__taken,-0.1011322049749307
terms_abstract_tfidf__taken suggest,0.021340692288851194
terms_abstract_tfidf__taking,-0.0808795097485343
terms_abstract_tfidf__tapping,0.08006884645051232
terms_abstract_tfidf__target,0.01482817586295847
terms_abstract_tfidf__target detection,0.06464653801052828
terms_abstract_tfidf__targeted,-0.04514321969533428
terms_abstract_tfidf__targets,-0.013095627589960244
terms_abstract_tfidf__task,-0.22508382706903185
terms_abstract_tfidf__task conditions,-0.0789433477767771
terms_abstract_tfidf__task demands,-0.1519554297622888
terms_abstract_tfidf__task difficulty,-0.09576426493357267
terms_abstract_tfidf__task functional,-0.04417669439868824
terms_abstract_tfidf__task induced,0.15413418087287262
terms_abstract_tfidf__task involving,-0.04308777617930105
terms_abstract_tfidf__task irrelevant,-0.04326735774547301
terms_abstract_tfidf__task performance,-0.10495241246314657
terms_abstract_tfidf__task positive,0.010764315103993173
terms_abstract_tfidf__task relevant,-0.08647642929403611
terms_abstract_tfidf__task required,-0.07640840918006889
terms_abstract_tfidf__task task,-0.19817538260598933
terms_abstract_tfidf__task using,-0.051432705074422144
terms_abstract_tfidf__tasks,-0.11335400499205149
terms_abstract_tfidf__taste,-0.029221781871963746
terms_abstract_tfidf__td,-0.09253143023070641
terms_abstract_tfidf__technique,0.07941226102279154
terms_abstract_tfidf__techniques,-0.0085330296353919
terms_abstract_tfidf__tegmental,-0.07836605260155168
terms_abstract_tfidf__temporal,0.11244663585948024
terms_abstract_tfidf__temporal cortex,0.07701361741801666
terms_abstract_tfidf__temporal cortices,-0.004160287276055355
terms_abstract_tfidf__temporal frontal,0.0669911594683062
terms_abstract_tfidf__temporal gyri,0.12841475584782774
terms_abstract_tfidf__temporal gyrus,0.08068996391103328
terms_abstract_tfidf__temporal inferior,-0.02111429948187355
terms_abstract_tfidf__temporal lobe,0.05842053518602889
terms_abstract_tfidf__temporal lobes,0.12436254670270105
terms_abstract_tfidf__temporal occipital,0.05511582983503299
terms_abstract_tfidf__temporal parietal,-0.05786900372726225
terms_abstract_tfidf__temporal pole,0.05043428941867896
terms_abstract_tfidf__temporal sulcus,0.12602443511665382
terms_abstract_tfidf__temporale,0.13751535674429952
terms_abstract_tfidf__temporally,-0.046043037173687
terms_abstract_tfidf__temporo,0.05647052259957324
terms_abstract_tfidf__temporo parietal,0.03498336201913306
terms_abstract_tfidf__temporoparietal,0.05229173709073317
terms_abstract_tfidf__temporoparietal junction,0.028799732840312085
terms_abstract_tfidf__tend,-0.04262631595058149
terms_abstract_tfidf__tendency,-0.13189121612939886
terms_abstract_tfidf__tensor,-0.002210600885936554
terms_abstract_tfidf__tensor dti,-0.012972113319081475
terms_abstract_tfidf__term,-0.10124938940398363
terms_abstract_tfidf__term memory,-0.09710621362424642
terms_abstract_tfidf__terms,0.01831689922858267
terms_abstract_tfidf__tesla,0.060747273989219024
terms_abstract_tfidf__test,-0.1717955108522667
terms_abstract_tfidf__tested,-0.02645333737801848
terms_abstract_tfidf__testing,0.06786624920799657
terms_abstract_tfidf__tests,-0.10057068521110135
terms_abstract_tfidf__thalamic,0.06324726607624336
terms_abstract_tfidf__thalamus,0.04807455854828698
terms_abstract_tfidf__theoretical,-0.14373420455684166
terms_abstract_tfidf__theories,-0.09583226460224256
terms_abstract_tfidf__theory,-0.03234694264605863
terms_abstract_tfidf__theory mind,0.002044901429491961
terms_abstract_tfidf__therapeutic,0.02797353869175469
terms_abstract_tfidf__therapy,0.0032367441833700125
terms_abstract_tfidf__thickness,0.07792749039972466
terms_abstract_tfidf__thinking,-0.07932065889218654
terms_abstract_tfidf__thirteen,0.01625273578050783
terms_abstract_tfidf__thirty,-0.025431496738315774
terms_abstract_tfidf__thought,-0.07262091223225156
terms_abstract_tfidf__thoughts,-0.05211116982259158
terms_abstract_tfidf__threat,0.01299643426254559
terms_abstract_tfidf__threatening,0.010525802129732633
terms_abstract_tfidf__threshold,0.0901679155748961
terms_abstract_tfidf__time,0.07224575567892154
terms_abstract_tfidf__time course,0.11641486306206446
terms_abstract_tfidf__time courses,0.07173008389154181
terms_abstract_tfidf__time points,-0.013587426843297038
terms_abstract_tfidf__time series,0.064799941826518
terms_abstract_tfidf__time task,-0.05205313060324837
terms_abstract_tfidf__times,-0.12478854132612463
terms_abstract_tfidf__timing,0.027711032324376935
terms_abstract_tfidf__tissue,0.0563279685228183
terms_abstract_tfidf__tms,0.11974917849824611
terms_abstract_tfidf__tom,-0.011051636649381701
terms_abstract_tfidf__tomography,-0.02163311748560411
terms_abstract_tfidf__tomography pet,0.010594855398240295
terms_abstract_tfidf__tone,0.06022970042655437
terms_abstract_tfidf__tones,0.10586187657134233
terms_abstract_tfidf__took,-0.11910349172032626
terms_abstract_tfidf__tool,0.0958200497331677
terms_abstract_tfidf__tools,0.14260092055573245
terms_abstract_tfidf__total,-0.059927718400049776
terms_abstract_tfidf__touch,0.24718824253729194
terms_abstract_tfidf__tpj,-0.01272581490176894
terms_abstract_tfidf__track,-0.014931818778185679
terms_abstract_tfidf__tracking,0.07717033510767395
terms_abstract_tfidf__tract,0.02597727601304442
terms_abstract_tfidf__tractography,0.023199441608197358
terms_abstract_tfidf__tracts,0.017911545673224328
terms_abstract_tfidf__traditional,0.1202398141649354
terms_abstract_tfidf__traditionally,-0.032574768278873296
terms_abstract_tfidf__trained,0.07803017406975156
terms_abstract_tfidf__training,0.16191620330335188
terms_abstract_tfidf__trait,-0.07281082470619978
terms_abstract_tfidf__traits,-0.046282583217023214
terms_abstract_tfidf__trajectories,-0.018938649492361646
terms_abstract_tfidf__transcranial,0.02225542771376289
terms_abstract_tfidf__transcranial magnetic,0.05995474844503075
terms_abstract_tfidf__transfer,-0.0009685342840737699
terms_abstract_tfidf__transformation,0.07839134576807218
terms_abstract_tfidf__transient,-0.0290308117701319
terms_abstract_tfidf__transition,-0.06315068456554998
terms_abstract_tfidf__trauma,0.01017712286862828
terms_abstract_tfidf__traumatic,0.00039483481567829015
terms_abstract_tfidf__treated,-0.0010034977747232165
terms_abstract_tfidf__treatment,-0.0312652928922476
terms_abstract_tfidf__treatments,0.021467870808496752
terms_abstract_tfidf__trend,-0.07317005847619922
terms_abstract_tfidf__trial,-0.028112213611887017
terms_abstract_tfidf__trial trial,0.06423576774128761
terms_abstract_tfidf__trials,-0.1945625240328404
terms_abstract_tfidf__trigger,0.07322941102218511
terms_abstract_tfidf__triggered,0.06726656290137903
terms_abstract_tfidf__true,-0.07561474721484515
terms_abstract_tfidf__turn,-0.12288238434577337
terms_abstract_tfidf__twice,-0.04769047354937464
terms_abstract_tfidf__type,0.049163257068582426
terms_abstract_tfidf__types,-0.03591916760259098
terms_abstract_tfidf__typical,-0.07695516612099432
terms_abstract_tfidf__typically,-0.0165467296990188
terms_abstract_tfidf__typically developing,-0.06496305115723638
terms_abstract_tfidf__unaffected,-0.05304755729605756
terms_abstract_tfidf__uncertain,-0.11726196594386398
terms_abstract_tfidf__uncertainty,-0.17500908936130916
terms_abstract_tfidf__unclear,-0.07058221666367913
terms_abstract_tfidf__undergoing,-0.0432215076792035
terms_abstract_tfidf__undergoing functional,0.029892563336216482
terms_abstract_tfidf__underlie,-0.07809249477041061
terms_abstract_tfidf__underlies,-0.11325646101114631
terms_abstract_tfidf__underlying,0.03105530366694105
terms_abstract_tfidf__underlying mechanisms,0.009071705413893476
terms_abstract_tfidf__underpinning,0.021912348470393198
terms_abstract_tfidf__underpinnings,-0.08697477688147566
terms_abstract_tfidf__understand,0.041155137014902414
terms_abstract_tfidf__understanding,0.05535080782904581
terms_abstract_tfidf__understood,0.01812287594142322
terms_abstract_tfidf__unexpected,-0.04849878420188338
terms_abstract_tfidf__unfamiliar,0.09107466371093277
terms_abstract_tfidf__unilateral,0.18961338434371522
terms_abstract_tfidf__unimodal,0.16229629251442693
terms_abstract_tfidf__unique,0.09554520599495103
terms_abstract_tfidf__uniquely,-0.10281940667696458
terms_abstract_tfidf__univariate,0.02594204100024556
terms_abstract_tfidf__unknown,0.09102641987344633
terms_abstract_tfidf__unlike,-0.08628625570699529
terms_abstract_tfidf__unmedicated,-0.07203194126476752
terms_abstract_tfidf__unpleasant,0.042129807406064805
terms_abstract_tfidf__unrelated,-0.024414258689777233
terms_abstract_tfidf__upcoming,-0.04462526960855371
terms_abstract_tfidf__updating,-0.10950681044980336
terms_abstract_tfidf__upper,0.1856243879616916
terms_abstract_tfidf__use,-0.03337412989100425
terms_abstract_tfidf__use functional,0.024413136945104972
terms_abstract_tfidf__useful,0.14879897643326567
terms_abstract_tfidf__users,-0.06713060401473009
terms_abstract_tfidf__uses,0.047022865234084034
terms_abstract_tfidf__using,0.1454444746458499
terms_abstract_tfidf__using event,-0.060642513280056355
terms_abstract_tfidf__using functional,0.10811989672125158
terms_abstract_tfidf__using resting,0.02431152597834503
terms_abstract_tfidf__using voxel,0.019548532313777987
terms_abstract_tfidf__usually,0.04640132125186953
terms_abstract_tfidf__utility,0.013931061101306045
terms_abstract_tfidf__utilized,-0.002650496981238545
terms_abstract_tfidf__v1,0.09292652776001642
terms_abstract_tfidf__v5,0.14630825032741668
terms_abstract_tfidf__valence,0.023013802641066273
terms_abstract_tfidf__valid,-0.005112371578470508
terms_abstract_tfidf__validated,0.009117706517465159
terms_abstract_tfidf__validity,0.03155577451512989
terms_abstract_tfidf__valuable,0.08583229202225412
terms_abstract_tfidf__value,-0.07216399176450274
terms_abstract_tfidf__values,-0.029638412097190543
terms_abstract_tfidf__variability,0.08102080436672918
terms_abstract_tfidf__variable,0.08076669258946433
terms_abstract_tfidf__variables,-0.02225817537712178
terms_abstract_tfidf__variance,-0.0016957200206641275
terms_abstract_tfidf__variant,-0.02948615411851694
terms_abstract_tfidf__variation,-0.14655848301839103
terms_abstract_tfidf__variations,0.07752114723824242
terms_abstract_tfidf__varied,-0.04630327804767951
terms_abstract_tfidf__varies,-0.07576681833397939
terms_abstract_tfidf__variety,0.013930103284329264
terms_abstract_tfidf__various,0.05075305914796132
terms_abstract_tfidf__vary,-0.0776832218310831
terms_abstract_tfidf__varying,0.030111349736070298
terms_abstract_tfidf__vbm,-0.03830157255427559
terms_abstract_tfidf__vector,0.0052083666311501286
terms_abstract_tfidf__ventral,0.009687919363704741
terms_abstract_tfidf__ventral anterior,0.02678200558566106
terms_abstract_tfidf__ventral dorsal,-0.0883993613687651
terms_abstract_tfidf__ventral medial,0.14677541887519346
terms_abstract_tfidf__ventral premotor,0.1710184525741518
terms_abstract_tfidf__ventral striatum,-0.11308953917937878
terms_abstract_tfidf__ventral tegmental,-0.0767385856255987
terms_abstract_tfidf__ventral visual,0.04249267643812376
terms_abstract_tfidf__ventrolateral,-0.291783567540874
terms_abstract_tfidf__ventrolateral prefrontal,-0.26018410286935645
terms_abstract_tfidf__ventromedial,-0.029227566004956768
terms_abstract_tfidf__ventromedial prefrontal,-0.02291027841842162
terms_abstract_tfidf__verb,-0.06799422586850658
terms_abstract_tfidf__verbal,-0.21142136333987133
terms_abstract_tfidf__verbal fluency,-0.016766080819544765
terms_abstract_tfidf__verbal working,-0.21303723007647515
terms_abstract_tfidf__verbs,0.014701645578301229
terms_abstract_tfidf__vermis,0.055803220293605856
terms_abstract_tfidf__version,-0.1936156334658895
terms_abstract_tfidf__versus,-0.006796494496437043
terms_abstract_tfidf__vi,-0.010581668366184932
terms_abstract_tfidf__video,0.21900855723582718
terms_abstract_tfidf__video clips,0.2018635523983955
terms_abstract_tfidf__videos,0.20297045786617088
terms_abstract_tfidf__view,0.05933439410749501
terms_abstract_tfidf__viewed,0.051930580033389045
terms_abstract_tfidf__viewing,0.14710409080041192
terms_abstract_tfidf__violations,-0.07442681065784351
terms_abstract_tfidf__virtual,0.11623395762583305
terms_abstract_tfidf__vision,0.16101309064478067
terms_abstract_tfidf__visual,0.15180142939040622
terms_abstract_tfidf__visual attention,0.06922015098420721
terms_abstract_tfidf__visual auditory,0.1201627932363291
terms_abstract_tfidf__visual cortex,0.0958785995201154
terms_abstract_tfidf__visual cortices,0.08169843697041944
terms_abstract_tfidf__visual field,0.050554946841587164
terms_abstract_tfidf__visual information,0.09355350838899991
terms_abstract_tfidf__visual motion,0.16162929162725417
terms_abstract_tfidf__visual perception,0.15643965393683276
terms_abstract_tfidf__visual stimuli,0.07519475787419445
terms_abstract_tfidf__visual stimulus,0.02277160553074105
terms_abstract_tfidf__visual stream,0.15612695019999176
terms_abstract_tfidf__visual word,-0.032351709658452174
terms_abstract_tfidf__visually,0.10180304793432637
terms_abstract_tfidf__visually presented,-0.049408282856849735
terms_abstract_tfidf__visuo,0.04267635583505619
terms_abstract_tfidf__visuo spatial,-0.07381779868294075
terms_abstract_tfidf__visuomotor,0.10199361182634305
terms_abstract_tfidf__visuospatial,0.01191963344993996
terms_abstract_tfidf__vivo,0.01878657682758718
terms_abstract_tfidf__vlpfc,-0.18161387496577033
terms_abstract_tfidf__vmpfc,-0.0050209648868435415
terms_abstract_tfidf__vocal,0.15302634917138014
terms_abstract_tfidf__voice,0.051972941322767224
terms_abstract_tfidf__volume,0.019337154576357235
terms_abstract_tfidf__volumes,-0.037960594044134884
terms_abstract_tfidf__volumetric,0.04866891729023029
terms_abstract_tfidf__voluntary,0.12228700250614973
terms_abstract_tfidf__volunteers,0.12333117138723514
terms_abstract_tfidf__voxel,0.03028323952836682
terms_abstract_tfidf__voxel morphometry,-0.008921826824849582
terms_abstract_tfidf__voxel wise,0.015397105428551994
terms_abstract_tfidf__voxels,0.11605946983058693
terms_abstract_tfidf__voxelwise,0.0038324742705512487
terms_abstract_tfidf__vs,0.03755195016175872
terms_abstract_tfidf__vulnerability,-0.07151539261339389
terms_abstract_tfidf__watched,0.16494341742215402
terms_abstract_tfidf__watching,0.1534742285465972
terms_abstract_tfidf__way,0.035479371272286626
terms_abstract_tfidf__ways,0.0018320451341789208
terms_abstract_tfidf__weak,-0.02279406289556509
terms_abstract_tfidf__weaker,-0.002184357959014459
terms_abstract_tfidf__week,0.07075494627135254
terms_abstract_tfidf__weeks,-0.05412904233431816
terms_abstract_tfidf__weight,-0.0667074883702469
terms_abstract_tfidf__weighted,0.031691112431475266
terms_abstract_tfidf__whilst,0.07159138253010752
terms_abstract_tfidf__white,-0.028189611263655663
terms_abstract_tfidf__white matter,-0.04151841146161104
terms_abstract_tfidf__wide,0.07285585489087876
terms_abstract_tfidf__widely,-0.008681765342667434
terms_abstract_tfidf__widespread,-0.010386324586595889
terms_abstract_tfidf__wiley,0.08491370400793374
terms_abstract_tfidf__wiley periodicals,0.08320275171330276
terms_abstract_tfidf__window,0.028910492961853648
terms_abstract_tfidf__wise,-0.001312371126114663
terms_abstract_tfidf__wm,-0.1728986406148568
terms_abstract_tfidf__wm task,-0.09459350650806095
terms_abstract_tfidf__women,0.011793066659152982
terms_abstract_tfidf__word,-0.11452311145258337
terms_abstract_tfidf__word form,-0.04550957975562148
terms_abstract_tfidf__word pairs,-0.10367684814874911
terms_abstract_tfidf__word recognition,-0.017082725196440187
terms_abstract_tfidf__words,-0.07416874838879942
terms_abstract_tfidf__work,-0.00984915111189864
terms_abstract_tfidf__working,-0.2688473859431896
terms_abstract_tfidf__working memory,-0.2678529127463933
terms_abstract_tfidf__world,0.09074896316673668
terms_abstract_tfidf__worse,-0.10512133950392621
terms_abstract_tfidf__written,-0.0031042071454638683
terms_abstract_tfidf__year,0.030967839508443146
terms_abstract_tfidf__year old,0.04386335647189199
terms_abstract_tfidf__years,-0.022324504749874532
terms_abstract_tfidf__years old,0.0599415606974803
terms_abstract_tfidf__yield,-0.022674596921229886
terms_abstract_tfidf__yielded,0.1277807889508049
terms_abstract_tfidf__young,-0.11527886777994396
terms_abstract_tfidf__young adults,-0.12210854779918287
terms_abstract_tfidf__young healthy,-0.06261885451062461
terms_abstract_tfidf__young older,-0.019082639716831853
terms_abstract_tfidf__younger,-0.05721091118568183
terms_abstract_tfidf__younger adults,-0.04866830675012874
terms_abstract_tfidf__youth,-0.0732588057749738
terms_abstract_tfidf__zone,-0.032562603046408574
