feature,r
terms_abstract_tfidf__001,0.09957673164518717
terms_abstract_tfidf__01,-0.06095063192613274
terms_abstract_tfidf__05,0.011743512318994882
terms_abstract_tfidf__10,-0.07597404494866808
terms_abstract_tfidf__100,0.1352091629887511
terms_abstract_tfidf__11,0.01880232612179388
terms_abstract_tfidf__12,0.16171055141261992
terms_abstract_tfidf__12 healthy,0.1843671615356332
terms_abstract_tfidf__13,0.03217475514976157
terms_abstract_tfidf__14,0.011765259641430968
terms_abstract_tfidf__14 healthy,0.02222087671685976
terms_abstract_tfidf__15,0.1094441215496236
terms_abstract_tfidf__15 healthy,0.02398460297381477
terms_abstract_tfidf__16,0.015347972968443951
terms_abstract_tfidf__16 healthy,0.12219083695593116
terms_abstract_tfidf__17,-0.02670557057239727
terms_abstract_tfidf__18,-0.07712114626434825
terms_abstract_tfidf__18 healthy,0.1168199347779521
terms_abstract_tfidf__19,-0.13184805743940034
terms_abstract_tfidf__20,-0.06551814074336941
terms_abstract_tfidf__20 healthy,-0.020501704432082806
terms_abstract_tfidf__200,0.03505989738380866
terms_abstract_tfidf__2014,0.017248661116817977
terms_abstract_tfidf__21,-0.20751910257563858
terms_abstract_tfidf__22,-0.10125548055462524
terms_abstract_tfidf__23,-0.005117029904347093
terms_abstract_tfidf__24,-0.08451363338927516
terms_abstract_tfidf__25,-0.055870627548937575
terms_abstract_tfidf__26,-0.05093055517401174
terms_abstract_tfidf__27,0.014223866110829488
terms_abstract_tfidf__28,-0.14252194891279799
terms_abstract_tfidf__29,-0.13046621550815932
terms_abstract_tfidf__30,0.1217113115285131
terms_abstract_tfidf__31,-0.016133537191990985
terms_abstract_tfidf__32,-0.019377464248433243
terms_abstract_tfidf__33,-0.09022933067948768
terms_abstract_tfidf__34,-0.07700218206032326
terms_abstract_tfidf__35,-0.028135481584124423
terms_abstract_tfidf__36,0.05085498592305478
terms_abstract_tfidf__37,-0.07941058268328395
terms_abstract_tfidf__38,-0.1469809682876467
terms_abstract_tfidf__39,-0.2459414887441536
terms_abstract_tfidf__3d,0.19877300179487298
terms_abstract_tfidf__3t,0.15709338138236978
terms_abstract_tfidf__40,0.1440067870679454
terms_abstract_tfidf__41,-0.11803581458919793
terms_abstract_tfidf__42,-0.07486747002098719
terms_abstract_tfidf__43,-0.04886325386907671
terms_abstract_tfidf__44,0.10426813390049305
terms_abstract_tfidf__45,-0.014325768668443688
terms_abstract_tfidf__46,0.04222178427097241
terms_abstract_tfidf__47,-0.2401463603055825
terms_abstract_tfidf__48,-0.011068151981079088
terms_abstract_tfidf__49,0.046870619587951676
terms_abstract_tfidf__50,-0.0047120914235883665
terms_abstract_tfidf__60,0.0468131068695043
terms_abstract_tfidf__70,0.07731385349819433
terms_abstract_tfidf__75,0.09136595785337533
terms_abstract_tfidf__80,0.042344801069059544
terms_abstract_tfidf__90,0.09958356523159093
terms_abstract_tfidf__aberrant,-0.20826366895956439
terms_abstract_tfidf__abilities,0.031022041529507563
terms_abstract_tfidf__ability,-0.17302419569189642
terms_abstract_tfidf__able,0.2430033007220269
terms_abstract_tfidf__abnormal,-0.13757617427077998
terms_abstract_tfidf__abnormalities,-0.12742120164737628
terms_abstract_tfidf__abnormality,-0.007936767164652105
terms_abstract_tfidf__absence,0.04819898800016498
terms_abstract_tfidf__absent,0.06342488034166516
terms_abstract_tfidf__abstract,-0.11409169694115133
terms_abstract_tfidf__abuse,-0.13581117060390108
terms_abstract_tfidf__acc,-0.1318609479075707
terms_abstract_tfidf__access,-0.20871538321452685
terms_abstract_tfidf__accompanied,-0.008280395130952986
terms_abstract_tfidf__accordance,0.07155957333171516
terms_abstract_tfidf__according,0.08415033286101076
terms_abstract_tfidf__accordingly,0.09073478073398203
terms_abstract_tfidf__account,0.04810951548443106
terms_abstract_tfidf__accounted,-0.020155216210560815
terms_abstract_tfidf__accounts,-0.10728021283250583
terms_abstract_tfidf__accumbens,-0.09044273635737358
terms_abstract_tfidf__accuracy,-0.036859081845499915
terms_abstract_tfidf__accurate,-0.013308290417723476
terms_abstract_tfidf__accurately,-0.0402846708397951
terms_abstract_tfidf__achieve,0.07098240481425559
terms_abstract_tfidf__achieved,0.034131458543611305
terms_abstract_tfidf__acoustic,-0.03913253254486647
terms_abstract_tfidf__acquired,0.0728374587339824
terms_abstract_tfidf__acquisition,0.19284478478308748
terms_abstract_tfidf__act,0.046955486411262924
terms_abstract_tfidf__action,0.3742376376233114
terms_abstract_tfidf__action observation,0.3327751074960388
terms_abstract_tfidf__actions,0.2840270882417801
terms_abstract_tfidf__activate,0.18658281022637263
terms_abstract_tfidf__activates,0.15061974349727966
terms_abstract_tfidf__activations,0.28662428651572464
terms_abstract_tfidf__active,0.32981881947871644
terms_abstract_tfidf__actively,-0.03506984714714793
terms_abstract_tfidf__activities,0.032489805199676654
terms_abstract_tfidf__acts,0.19529595324777455
terms_abstract_tfidf__actual,0.40832876107414057
terms_abstract_tfidf__actually,0.18590951574973813
terms_abstract_tfidf__acute,0.030776752666070273
terms_abstract_tfidf__ad,-0.28921011022860554
terms_abstract_tfidf__adaptation,0.1323655917714593
terms_abstract_tfidf__adapted,-0.06256705313115447
terms_abstract_tfidf__adaptive,-0.08235961810986693
terms_abstract_tfidf__add,0.09745871833749457
terms_abstract_tfidf__addiction,-0.12539187688860076
terms_abstract_tfidf__addition,0.04989835945549859
terms_abstract_tfidf__additional,0.24251070282051432
terms_abstract_tfidf__additionally,-0.1324299833102221
terms_abstract_tfidf__addressed,-0.18078617474783193
terms_abstract_tfidf__adhd,-0.1102226009468182
terms_abstract_tfidf__adjacent,0.3256788144165632
terms_abstract_tfidf__administered,0.013422894583902336
terms_abstract_tfidf__administration,0.0531171640908352
terms_abstract_tfidf__adolescence,-0.2141583076608977
terms_abstract_tfidf__adolescent,-0.2387014235255823
terms_abstract_tfidf__adolescents,-0.29742556360788935
terms_abstract_tfidf__adopted,-0.04690668764141564
terms_abstract_tfidf__adult,-0.23768190944580164
terms_abstract_tfidf__adulthood,-0.3047963541921751
terms_abstract_tfidf__adults,-0.21923333898870778
terms_abstract_tfidf__advance,0.17282689893454428
terms_abstract_tfidf__advanced,0.14524033288927463
terms_abstract_tfidf__advances,-0.09815012838114043
terms_abstract_tfidf__advantage,0.07237619330079093
terms_abstract_tfidf__affect,-0.28550692881450906
terms_abstract_tfidf__affected,0.10749596054136999
terms_abstract_tfidf__affecting,0.10034108107255567
terms_abstract_tfidf__affective,-0.24516279008153752
terms_abstract_tfidf__affects,-0.06596097300263384
terms_abstract_tfidf__age,-0.17502526980081193
terms_abstract_tfidf__age controls,0.19021973775846812
terms_abstract_tfidf__age gender,-0.16931657019993984
terms_abstract_tfidf__age groups,-0.071462550097562
terms_abstract_tfidf__age healthy,0.16905921351724018
terms_abstract_tfidf__age sex,0.013572684467365615
terms_abstract_tfidf__aged,-0.055968002645487507
terms_abstract_tfidf__agent,-0.00839064416295359
terms_abstract_tfidf__ages,-0.22352740399129808
terms_abstract_tfidf__aging,-0.10228643003935135
terms_abstract_tfidf__agreement,0.11049398039627596
terms_abstract_tfidf__aim,0.18760851907245726
terms_abstract_tfidf__aimed,-0.05172429663124269
terms_abstract_tfidf__aims,-0.02346890676386976
terms_abstract_tfidf__al,-0.06547809278771735
terms_abstract_tfidf__alcohol,-0.09524464486910762
terms_abstract_tfidf__alff,-0.14981659683598944
terms_abstract_tfidf__algorithm,0.029213138075388174
terms_abstract_tfidf__allele,-0.10003384606019014
terms_abstract_tfidf__allocation,-0.0907582766677453
terms_abstract_tfidf__allow,0.12916852077916263
terms_abstract_tfidf__allowed,0.14156926370341255
terms_abstract_tfidf__allowing,0.08079487714208049
terms_abstract_tfidf__allows,0.08056145177227389
terms_abstract_tfidf__alpha,0.10836582579516511
terms_abstract_tfidf__alter,-0.017809051778649988
terms_abstract_tfidf__alteration,-0.1572561377598764
terms_abstract_tfidf__alterations,-0.15129127808429638
terms_abstract_tfidf__altered,-0.12103182704178486
terms_abstract_tfidf__alternating,0.0832694033312127
terms_abstract_tfidf__alternative,-0.042690308814617876
terms_abstract_tfidf__alters,0.02074571536117057
terms_abstract_tfidf__alzheimer,-0.30219032523393446
terms_abstract_tfidf__alzheimer disease,-0.2964611677682549
terms_abstract_tfidf__ambiguous,-0.1388989329740145
terms_abstract_tfidf__amnestic,-0.3209612751715126
terms_abstract_tfidf__amplitude,0.11616404221798114
terms_abstract_tfidf__amplitude low,-0.14719632092223378
terms_abstract_tfidf__amplitudes,0.14245021677321565
terms_abstract_tfidf__amygdala,-0.36982336612276717
terms_abstract_tfidf__amygdala anterior,-0.23850300971850402
terms_abstract_tfidf__amygdala hippocampus,-0.21055082122147678
terms_abstract_tfidf__amygdala insula,-0.12989288132838242
terms_abstract_tfidf__amygdala response,-0.1601226621329925
terms_abstract_tfidf__amygdala responses,-0.0838004772169497
terms_abstract_tfidf__analysed,0.03650190479780167
terms_abstract_tfidf__analyses,-0.28850490535816514
terms_abstract_tfidf__analyze,0.11282220232954024
terms_abstract_tfidf__analyzed,-0.015736663506823418
terms_abstract_tfidf__analyzed using,0.1310406431020754
terms_abstract_tfidf__analyzing,0.06576359668656406
terms_abstract_tfidf__anatomical,0.09476326705184525
terms_abstract_tfidf__anatomically,-0.05013310057100855
terms_abstract_tfidf__anatomy,0.11325946624851539
terms_abstract_tfidf__anger,-0.2442477070522697
terms_abstract_tfidf__angry,-0.13080902148277718
terms_abstract_tfidf__angular,-0.1862495853246125
terms_abstract_tfidf__angular gyrus,-0.20888847549265868
terms_abstract_tfidf__animal,-0.01955802354244781
terms_abstract_tfidf__animals,-0.055375460475931705
terms_abstract_tfidf__anisotropy,0.059467384391647005
terms_abstract_tfidf__anisotropy fa,0.04850912498074123
terms_abstract_tfidf__anterior,-0.2669232690568989
terms_abstract_tfidf__anterior cingulate,-0.21205449004297497
terms_abstract_tfidf__anterior hippocampus,-0.21239555659774245
terms_abstract_tfidf__anterior insula,0.04066611067311627
terms_abstract_tfidf__anterior insular,0.20944878026587105
terms_abstract_tfidf__anterior intraparietal,0.4477050641269976
terms_abstract_tfidf__anterior medial,-0.3830497892012645
terms_abstract_tfidf__anterior posterior,-0.2536998315544975
terms_abstract_tfidf__anterior prefrontal,-0.03817167413952672
terms_abstract_tfidf__anterior superior,-0.09665384053224842
terms_abstract_tfidf__anterior temporal,-0.4212460442241848
terms_abstract_tfidf__anti,-0.10617468452276675
terms_abstract_tfidf__anticipation,0.0921369829706553
terms_abstract_tfidf__anticipatory,0.1127489179139233
terms_abstract_tfidf__anxiety,-0.18296688493450766
terms_abstract_tfidf__anxiety disorders,-0.09693971942294984
terms_abstract_tfidf__apart,-0.045359304259444296
terms_abstract_tfidf__aphasia,-0.07324775586074868
terms_abstract_tfidf__apparent,0.08903115251636812
terms_abstract_tfidf__appear,-0.04891470134018419
terms_abstract_tfidf__appeared,-0.06368767683135657
terms_abstract_tfidf__appears,0.03754869943363544
terms_abstract_tfidf__application,0.04806913953034684
terms_abstract_tfidf__applied,0.25862035765208047
terms_abstract_tfidf__apply,0.004346153931427715
terms_abstract_tfidf__applying,0.18163317870888454
terms_abstract_tfidf__appraisal,-0.1924762029389707
terms_abstract_tfidf__approach,-0.1283085841733696
terms_abstract_tfidf__approaches,-0.1615127044395993
terms_abstract_tfidf__appropriate,0.13275703191244273
terms_abstract_tfidf__approximately,0.04478823263445749
terms_abstract_tfidf__architecture,-0.24752196282814884
terms_abstract_tfidf__argue,0.010768046711615279
terms_abstract_tfidf__arise,-0.20197177218394466
terms_abstract_tfidf__arithmetic,0.06988152395010529
terms_abstract_tfidf__arm,0.40901746058931204
terms_abstract_tfidf__arousal,-0.1795890740680689
terms_abstract_tfidf__arterial,0.07362434037012985
terms_abstract_tfidf__arterial spin,0.07032850446747053
terms_abstract_tfidf__articulatory,0.15661515536531767
terms_abstract_tfidf__asd,-0.22916696915142254
terms_abstract_tfidf__asked,-0.10555461684615325
terms_abstract_tfidf__aspect,-0.05051291494118308
terms_abstract_tfidf__aspects,-0.1262063996513253
terms_abstract_tfidf__assess,0.18720825719342218
terms_abstract_tfidf__assessed,-0.13324567316384678
terms_abstract_tfidf__assessed using,0.030559870582230562
terms_abstract_tfidf__assessing,-0.029385001948120354
terms_abstract_tfidf__assessment,-0.032809765327302315
terms_abstract_tfidf__assessments,-0.049393756183398946
terms_abstract_tfidf__assigned,-0.18785008943294207
terms_abstract_tfidf__association,-0.1405448541136587
terms_abstract_tfidf__associations,-0.2588700043061493
terms_abstract_tfidf__associative,-0.021956570050410566
terms_abstract_tfidf__assume,0.1332261390855647
terms_abstract_tfidf__assumed,-0.1545749350923991
terms_abstract_tfidf__assumption,-0.00041923903302693754
terms_abstract_tfidf__asymmetry,0.1278831971484625
terms_abstract_tfidf__atrophy,-0.2084247347544187
terms_abstract_tfidf__attempt,0.08075903539551461
terms_abstract_tfidf__attempted,1.4247331261940822e-05
terms_abstract_tfidf__attend,0.12227676356263907
terms_abstract_tfidf__attended,0.026857135208272757
terms_abstract_tfidf__attending,0.001267493636072715
terms_abstract_tfidf__attention,0.17064204029010024
terms_abstract_tfidf__attention deficit,-0.06531936045182463
terms_abstract_tfidf__attention network,0.057361433751689346
terms_abstract_tfidf__attention task,0.21132721161817894
terms_abstract_tfidf__attentional,0.1982745093852813
terms_abstract_tfidf__attentional control,0.06308304690730138
terms_abstract_tfidf__attenuated,-0.054861949916073724
terms_abstract_tfidf__attenuation,-0.0332123317339128
terms_abstract_tfidf__attributed,0.05180219103629272
terms_abstract_tfidf__attributes,0.057195884795808546
terms_abstract_tfidf__attribution,-0.18177683716687865
terms_abstract_tfidf__atypical,-0.2144597862040264
terms_abstract_tfidf__audiovisual,-0.023676655701225006
terms_abstract_tfidf__auditory,0.11224274970054747
terms_abstract_tfidf__auditory cortex,0.018267791630790144
terms_abstract_tfidf__auditory stimuli,0.01931923262098838
terms_abstract_tfidf__auditory visual,-0.018153829970353308
terms_abstract_tfidf__autism,-0.2641176280749469
terms_abstract_tfidf__autism spectrum,-0.2668105273300796
terms_abstract_tfidf__autobiographical,-0.5208547301722358
terms_abstract_tfidf__autobiographical memory,-0.4418002923741319
terms_abstract_tfidf__automated,0.084798339850218
terms_abstract_tfidf__automatic,0.05555395711312565
terms_abstract_tfidf__automatically,0.07184261998143694
terms_abstract_tfidf__autonomic,0.0711682541760997
terms_abstract_tfidf__available,-0.1164221820523213
terms_abstract_tfidf__average,0.1083808190710058
terms_abstract_tfidf__aversive,-0.1326290315201165
terms_abstract_tfidf__avoid,0.02345032431360888
terms_abstract_tfidf__avoidance,-0.11210730458151046
terms_abstract_tfidf__awareness,-0.06333194412629087
terms_abstract_tfidf__away,0.07831628704317982
terms_abstract_tfidf__axis,-0.10338822738102853
terms_abstract_tfidf__ba,0.0555248492362137
terms_abstract_tfidf__ba 44,0.040752668386924394
terms_abstract_tfidf__background,-0.2642722997038067
terms_abstract_tfidf__balance,0.07723188065017966
terms_abstract_tfidf__band,-0.027629269333618603
terms_abstract_tfidf__bands,0.009341417836904524
terms_abstract_tfidf__basal,0.3647705718148672
terms_abstract_tfidf__basal ganglia,0.38293893445975913
terms_abstract_tfidf__baseline,-0.05492199636465664
terms_abstract_tfidf__bases,-0.21168387406530706
terms_abstract_tfidf__basic,0.12153810083325274
terms_abstract_tfidf__basis,-0.020628029028323454
terms_abstract_tfidf__bayesian,-0.035737348771618924
terms_abstract_tfidf__beginning,0.007734514310145567
terms_abstract_tfidf__behavior,-0.13281839785917937
terms_abstract_tfidf__behavioral,-0.07941997612072453
terms_abstract_tfidf__behavioral evidence,-0.16018055672876205
terms_abstract_tfidf__behavioral level,0.07773284220789413
terms_abstract_tfidf__behavioral measures,0.06727917151809905
terms_abstract_tfidf__behavioral performance,0.1672919228107028
terms_abstract_tfidf__behavioral responses,-0.01671212350286091
terms_abstract_tfidf__behaviorally,-0.042086777023178396
terms_abstract_tfidf__behaviors,-0.21910517339286553
terms_abstract_tfidf__behaviour,-0.1930279539628569
terms_abstract_tfidf__behavioural,-0.05913235505630883
terms_abstract_tfidf__belief,-0.27603526437367654
terms_abstract_tfidf__beliefs,-0.3711578051857214
terms_abstract_tfidf__believed,0.0063267181533333185
terms_abstract_tfidf__beneficial,-0.08633648584024005
terms_abstract_tfidf__benefit,-0.01784726162192006
terms_abstract_tfidf__benefits,-0.03630587172048242
terms_abstract_tfidf__best,-0.059926728430660124
terms_abstract_tfidf__beta,0.1934339708652227
terms_abstract_tfidf__better,-0.05399540426860087
terms_abstract_tfidf__better understanding,-0.05035611299466965
terms_abstract_tfidf__bias,-0.08591135105094039
terms_abstract_tfidf__biased,-0.07193479353658279
terms_abstract_tfidf__biases,-0.04867925813349157
terms_abstract_tfidf__bilaterally,0.36891231475023717
terms_abstract_tfidf__bilinguals,-0.012671008206760247
terms_abstract_tfidf__binding,-0.06862262832506794
terms_abstract_tfidf__biological,-0.1207296772774465
terms_abstract_tfidf__biomarker,-0.15210464481537597
terms_abstract_tfidf__biomarkers,-0.14293231488348282
terms_abstract_tfidf__bipolar,-0.2515994074521424
terms_abstract_tfidf__bipolar disorder,-0.23013764068626363
terms_abstract_tfidf__blind,0.02133485603247582
terms_abstract_tfidf__block,0.2367459931934402
terms_abstract_tfidf__block design,0.16984039878128976
terms_abstract_tfidf__blocked,0.1262277140897629
terms_abstract_tfidf__blocks,0.11912004572261045
terms_abstract_tfidf__blood,0.08970201463005538
terms_abstract_tfidf__blood flow,0.0689889920846551
terms_abstract_tfidf__blood oxygen,0.1470474171701938
terms_abstract_tfidf__blood oxygenation,0.0035747967541667237
terms_abstract_tfidf__bodily,0.16938427856380833
terms_abstract_tfidf__body,0.44123831326809254
terms_abstract_tfidf__bold,0.2917331412271931
terms_abstract_tfidf__bold response,0.280271580464617
terms_abstract_tfidf__bold responses,0.07733317161133675
terms_abstract_tfidf__bold signal,0.1787507309942995
terms_abstract_tfidf__bold signals,0.08429350759734185
terms_abstract_tfidf__brains,-0.043911057126897475
terms_abstract_tfidf__brainstem,0.12850847346086472
terms_abstract_tfidf__brief,-0.042002725717774185
terms_abstract_tfidf__broad,-0.11599023474838976
terms_abstract_tfidf__broader,-0.07545890622762821
terms_abstract_tfidf__broca,-0.059516185417057936
terms_abstract_tfidf__brodmann,0.07625615376586482
terms_abstract_tfidf__brodmann ba,0.1360596605822087
terms_abstract_tfidf__button,0.08870850944559008
terms_abstract_tfidf__calculated,0.005878125639617299
terms_abstract_tfidf__calculation,0.2396989889373061
terms_abstract_tfidf__called,0.05434362204870182
terms_abstract_tfidf__callosum,0.12973512211991414
terms_abstract_tfidf__candidate,0.03917249755912542
terms_abstract_tfidf__canonical,-0.08794137464430403
terms_abstract_tfidf__capacity,-0.003761976039189024
terms_abstract_tfidf__capture,0.09633527208721343
terms_abstract_tfidf__carried,0.1755550025427897
terms_abstract_tfidf__carriers,-0.05481594264049643
terms_abstract_tfidf__case,0.0455679615878625
terms_abstract_tfidf__cases,-0.048839353012067446
terms_abstract_tfidf__categorical,0.03277337841105478
terms_abstract_tfidf__categories,-0.16451122733845752
terms_abstract_tfidf__categorization,0.05559431551322139
terms_abstract_tfidf__category,-0.11134690860345386
terms_abstract_tfidf__caudal,0.3697823977045987
terms_abstract_tfidf__caudate,0.0072631671056886385
terms_abstract_tfidf__caudate nucleus,0.09820378807542417
terms_abstract_tfidf__causal,0.2070972975776328
terms_abstract_tfidf__causal modeling,0.2241138904442468
terms_abstract_tfidf__causality,-0.20639085410012933
terms_abstract_tfidf__cause,0.01850148029644116
terms_abstract_tfidf__caused,0.11653826660804137
terms_abstract_tfidf__causes,0.09364046120019849
terms_abstract_tfidf__center,0.2103421460603451
terms_abstract_tfidf__centered,0.04660754291340907
terms_abstract_tfidf__central,0.2954695625258836
terms_abstract_tfidf__central role,-0.05774931105637019
terms_abstract_tfidf__cerebellar,0.30474917333996016
terms_abstract_tfidf__cerebellum,0.40635987564656273
terms_abstract_tfidf__cerebral,0.37269801807587105
terms_abstract_tfidf__cerebral blood,0.040979155056470026
terms_abstract_tfidf__cerebral cortex,0.17628902919255027
terms_abstract_tfidf__certain,-0.049035005640316404
terms_abstract_tfidf__challenge,-0.10290293822085747
terms_abstract_tfidf__challenges,0.00036416261035525463
terms_abstract_tfidf__challenging,-0.07680465920964931
terms_abstract_tfidf__change,0.1835447459541927
terms_abstract_tfidf__changed,0.05539975614463841
terms_abstract_tfidf__changing,-0.03529190900318076
terms_abstract_tfidf__character,-0.12057242478322922
terms_abstract_tfidf__characteristic,-0.01608271495918405
terms_abstract_tfidf__characteristics,-0.016429555155627735
terms_abstract_tfidf__characterization,-0.0030580051614660015
terms_abstract_tfidf__characterize,-0.008194584504304754
terms_abstract_tfidf__characterized,-0.11315235334686159
terms_abstract_tfidf__characterizing,-0.10223051591505421
terms_abstract_tfidf__characters,0.01810315366430354
terms_abstract_tfidf__childhood,-0.19355869557342933
terms_abstract_tfidf__children,-0.23570738613357212
terms_abstract_tfidf__children adolescents,-0.22249219135954312
terms_abstract_tfidf__chinese,0.004215220885200786
terms_abstract_tfidf__choice,-0.18742446319762826
terms_abstract_tfidf__choices,-0.22210664460111032
terms_abstract_tfidf__choose,-0.2217957182703021
terms_abstract_tfidf__chosen,0.05525103734490379
terms_abstract_tfidf__chronic,0.10958725613461602
terms_abstract_tfidf__chronic pain,0.12515611466771706
terms_abstract_tfidf__cingulate,-0.2405821384481955
terms_abstract_tfidf__cingulate cortex,-0.2665730995783196
terms_abstract_tfidf__cingulate cortices,-0.003311981971903637
terms_abstract_tfidf__cingulate gyrus,-0.16600097354968033
terms_abstract_tfidf__circuit,0.22090935341259998
terms_abstract_tfidf__circuitry,-0.12956152563704829
terms_abstract_tfidf__circuits,0.1443083267517511
terms_abstract_tfidf__clarify,-0.1699331583144195
terms_abstract_tfidf__class,-0.029592661557976727
terms_abstract_tfidf__classic,-0.20749423262918404
terms_abstract_tfidf__classical,-0.028133653925613372
terms_abstract_tfidf__classification,-0.1530993756948373
terms_abstract_tfidf__classified,-0.09029493996105005
terms_abstract_tfidf__clear,0.09879871138895496
terms_abstract_tfidf__clearly,-0.07859755469311082
terms_abstract_tfidf__clinical,-0.00867804836808253
terms_abstract_tfidf__clinically,-0.034216277001921765
terms_abstract_tfidf__clips,0.08942749659361135
terms_abstract_tfidf__close,0.10351581431150532
terms_abstract_tfidf__closed,0.09255269732942578
terms_abstract_tfidf__closely,-0.06220132738197488
terms_abstract_tfidf__cluster,0.02865956589230927
terms_abstract_tfidf__clustering,-0.08769347942343392
terms_abstract_tfidf__clusters,0.0919772122628657
terms_abstract_tfidf__code,0.026214177602066655
terms_abstract_tfidf__coding,0.28327042155700205
terms_abstract_tfidf__cognition,-0.4224663095841066
terms_abstract_tfidf__cognitive,-0.31948008618629126
terms_abstract_tfidf__cognitive control,-0.10283570791749319
terms_abstract_tfidf__cognitive deficits,0.06629992671231057
terms_abstract_tfidf__cognitive emotional,-0.15824767637736922
terms_abstract_tfidf__cognitive function,-0.08809689628691393
terms_abstract_tfidf__cognitive functions,0.07413564663188585
terms_abstract_tfidf__cognitive impairment,-0.3408032799942652
terms_abstract_tfidf__cognitive neuroscience,-0.11824906424886542
terms_abstract_tfidf__cognitive performance,-0.0598468229928802
terms_abstract_tfidf__cognitive processes,-0.2050960246433973
terms_abstract_tfidf__cognitive task,-0.05737800511517088
terms_abstract_tfidf__cognitive tasks,0.026243499359332154
terms_abstract_tfidf__cognitively,-0.11192862382634401
terms_abstract_tfidf__coherence,-0.1483766694043532
terms_abstract_tfidf__coherent,-0.1440657161565538
terms_abstract_tfidf__cohort,-0.17601493245769137
terms_abstract_tfidf__collected,-0.06518909091542546
terms_abstract_tfidf__collectively,0.05248033080728973
terms_abstract_tfidf__color,0.1742454367863655
terms_abstract_tfidf__combination,0.10540766997319388
terms_abstract_tfidf__combinations,0.034433083748592774
terms_abstract_tfidf__combined,0.0949659416208689
terms_abstract_tfidf__combining,0.0811660615709121
terms_abstract_tfidf__common,0.05375873233113232
terms_abstract_tfidf__commonly,-0.1230665737457813
terms_abstract_tfidf__communication,-0.22509769287333037
terms_abstract_tfidf__community,-0.10526659689056213
terms_abstract_tfidf__comparable,0.1713823000994764
terms_abstract_tfidf__compare,0.1327584806134322
terms_abstract_tfidf__comparing,-0.02388399483061858
terms_abstract_tfidf__comparisons,0.04700932575423694
terms_abstract_tfidf__compatible,0.43951786048405933
terms_abstract_tfidf__compensate,0.22033562184872807
terms_abstract_tfidf__compensation,0.21241736632207292
terms_abstract_tfidf__compensatory,0.04177293504187605
terms_abstract_tfidf__competing,-0.044212602338174124
terms_abstract_tfidf__competition,0.0023138453313325557
terms_abstract_tfidf__complementary,0.08537336209362681
terms_abstract_tfidf__complete,0.18580900732875186
terms_abstract_tfidf__completed,-0.26145943449170045
terms_abstract_tfidf__completely,0.120729332161232
terms_abstract_tfidf__complex,0.010377743507733203
terms_abstract_tfidf__complexity,0.1404787890510832
terms_abstract_tfidf__component,-0.14827623043385005
terms_abstract_tfidf__component ica,-0.2618093550984972
terms_abstract_tfidf__components,-0.054107893363277454
terms_abstract_tfidf__composed,0.02429285969105048
terms_abstract_tfidf__comprehension,-0.3243944127761656
terms_abstract_tfidf__comprehensive,-0.06297088493659994
terms_abstract_tfidf__comprised,-0.07937495314633108
terms_abstract_tfidf__compromised,-0.1831030863271272
terms_abstract_tfidf__compulsive,-0.10068611577302827
terms_abstract_tfidf__compulsive disorder,-0.0813938269921625
terms_abstract_tfidf__computation,-0.15614229645135247
terms_abstract_tfidf__computational,-0.01688972627463702
terms_abstract_tfidf__computed,-0.04575652020438509
terms_abstract_tfidf__concentration,0.007172192726281988
terms_abstract_tfidf__concept,-0.14125143004749793
terms_abstract_tfidf__concepts,-0.21430563932703794
terms_abstract_tfidf__conceptual,-0.2739994455267977
terms_abstract_tfidf__concerning,-0.07253137901392533
terms_abstract_tfidf__conclude,0.4056244599453164
terms_abstract_tfidf__conclusion,-0.0031848480360563607
terms_abstract_tfidf__concomitant,0.24787591130061026
terms_abstract_tfidf__concrete,-0.25390967037472073
terms_abstract_tfidf__concurrent,0.08252613848353188
terms_abstract_tfidf__concurrently,0.24686678063284584
terms_abstract_tfidf__condition,-0.062086391722036845
terms_abstract_tfidf__conditioned,-0.09362243618109567
terms_abstract_tfidf__conditioning,-0.02756683885152303
terms_abstract_tfidf__conditions,0.2559020742350518
terms_abstract_tfidf__conductance,-0.12974310621463156
terms_abstract_tfidf__conducted,-0.23707538564546152
terms_abstract_tfidf__confidence,-0.050405475571232004
terms_abstract_tfidf__confirm,-0.00354779811348101
terms_abstract_tfidf__confirmed,0.11775395799345391
terms_abstract_tfidf__conflict,0.020540956485159776
terms_abstract_tfidf__conflicting,-0.054276547168035774
terms_abstract_tfidf__confounding,0.003561072751982507
terms_abstract_tfidf__congruency,0.12971006547775807
terms_abstract_tfidf__congruent,0.14734367665650197
terms_abstract_tfidf__congruent incongruent,0.06061751480790179
terms_abstract_tfidf__conjunction,0.0509400840014053
terms_abstract_tfidf__connected,-0.15564354706435504
terms_abstract_tfidf__connection,0.03593076570555493
terms_abstract_tfidf__connections,0.07650279491726196
terms_abstract_tfidf__connectivity,-0.26099672678273117
terms_abstract_tfidf__connectivity amygdala,-0.19737606818774595
terms_abstract_tfidf__connectivity analyses,-0.15288152310146427
terms_abstract_tfidf__connectivity anterior,-0.2022548395870491
terms_abstract_tfidf__connectivity fc,-0.17548120250196006
terms_abstract_tfidf__connectivity networks,-0.11273929031969375
terms_abstract_tfidf__connectivity patterns,-0.16482553085767623
terms_abstract_tfidf__connectivity posterior,-0.08888947598452927
terms_abstract_tfidf__connectivity rsfc,-0.17372524066502681
terms_abstract_tfidf__connectivity using,0.04462253213919592
terms_abstract_tfidf__conscious,-0.09502159059684127
terms_abstract_tfidf__consciousness,0.04394812575660109
terms_abstract_tfidf__consecutive,0.0675152692205053
terms_abstract_tfidf__consequence,0.0802910054373151
terms_abstract_tfidf__consequences,-0.1407337879240149
terms_abstract_tfidf__consequently,-0.04051569162408687
terms_abstract_tfidf__consider,-0.01613926791756001
terms_abstract_tfidf__considerable,-0.03420224549286379
terms_abstract_tfidf__considered,-0.013660931021279705
terms_abstract_tfidf__considering,-0.12793359079763528
terms_abstract_tfidf__consisted,0.1019425352116756
terms_abstract_tfidf__consistency,-0.2837933633142524
terms_abstract_tfidf__consistently,-0.06159703251761393
terms_abstract_tfidf__consisting,0.2931908648145763
terms_abstract_tfidf__consists,0.009739255432793262
terms_abstract_tfidf__consolidation,-0.07717501248669194
terms_abstract_tfidf__constant,0.09042872824734989
terms_abstract_tfidf__constitute,-0.080503676558459
terms_abstract_tfidf__constrained,-0.06902406107041344
terms_abstract_tfidf__constraints,0.05586974296475659
terms_abstract_tfidf__construct,-0.21748753149047417
terms_abstract_tfidf__constructed,-0.10378624878354516
terms_abstract_tfidf__construction,-0.28876871777374186
terms_abstract_tfidf__consumption,-0.057955738772104595
terms_abstract_tfidf__contain,0.07571595405568214
terms_abstract_tfidf__contained,-0.0922641034848199
terms_abstract_tfidf__containing,0.005257691422436057
terms_abstract_tfidf__contains,0.05348255912927342
terms_abstract_tfidf__content,-0.39800095648020206
terms_abstract_tfidf__contents,-0.16584859693479612
terms_abstract_tfidf__context,-0.3245719555361157
terms_abstract_tfidf__contexts,-0.29712621534975775
terms_abstract_tfidf__contextual,-0.33166121676334376
terms_abstract_tfidf__contingent,0.00660991581575983
terms_abstract_tfidf__continuous,0.06778277904328597
terms_abstract_tfidf__continuously,-0.0199708059622474
terms_abstract_tfidf__contralateral,0.6043182279566315
terms_abstract_tfidf__contrary,-0.019134951538966508
terms_abstract_tfidf__contrast,0.1595594068728325
terms_abstract_tfidf__contrasted,-0.009159607408303612
terms_abstract_tfidf__contrasting,-0.0458228230762349
terms_abstract_tfidf__contrasts,-0.16291168658278402
terms_abstract_tfidf__contribute,-0.049267843401387346
terms_abstract_tfidf__contributed,-0.2101957619265166
terms_abstract_tfidf__contributes,-0.10750295974284033
terms_abstract_tfidf__contributing,-0.02773798127179022
terms_abstract_tfidf__contribution,0.06852585617053542
terms_abstract_tfidf__contributions,-0.06990212009715598
terms_abstract_tfidf__control,0.21593801141674976
terms_abstract_tfidf__control condition,-0.10772988288029724
terms_abstract_tfidf__control conditions,0.19483450047145565
terms_abstract_tfidf__control group,0.015593847403958187
terms_abstract_tfidf__control groups,-0.08244169619186746
terms_abstract_tfidf__control network,-0.11858998969252929
terms_abstract_tfidf__control processes,0.04497011654546079
terms_abstract_tfidf__control task,0.05417574783617382
terms_abstract_tfidf__controlled,0.02190114093301902
terms_abstract_tfidf__controlling,0.23410144850114112
terms_abstract_tfidf__controls,-0.10457266302467313
terms_abstract_tfidf__controls hc,-0.15266983677174314
terms_abstract_tfidf__controls hcs,-0.08620190378335725
terms_abstract_tfidf__controls using,-0.016646873133008732
terms_abstract_tfidf__controversial,0.23673451683136554
terms_abstract_tfidf__conventional,0.017369190645469188
terms_abstract_tfidf__convergence,0.02976769108466977
terms_abstract_tfidf__converging,-0.07822334424651126
terms_abstract_tfidf__conversely,0.02113096295156699
terms_abstract_tfidf__conveyed,-0.10793698480562934
terms_abstract_tfidf__coordinates,0.33382831035468835
terms_abstract_tfidf__coordination,0.47746306794925125
terms_abstract_tfidf__core,-0.30583871549151903
terms_abstract_tfidf__corpus,0.11474131265464749
terms_abstract_tfidf__corpus callosum,0.12973512211991414
terms_abstract_tfidf__correct,-0.08732001868062637
terms_abstract_tfidf__corrected,-0.034703629465326305
terms_abstract_tfidf__correction,0.038922518718293136
terms_abstract_tfidf__correctly,-0.03581434344103353
terms_abstract_tfidf__correlate,0.09067527954327548
terms_abstract_tfidf__correlated,-0.05543441708950322
terms_abstract_tfidf__correlated negatively,-0.0780619434457796
terms_abstract_tfidf__correlated positively,-0.06267337769631967
terms_abstract_tfidf__correlates,-0.2959337562435224
terms_abstract_tfidf__correlating,0.029035467898807253
terms_abstract_tfidf__correlation,-0.08165793085529804
terms_abstract_tfidf__correlation analyses,0.06029116556580119
terms_abstract_tfidf__correlations,-0.14569275230193257
terms_abstract_tfidf__correspond,0.18770914953609594
terms_abstract_tfidf__corresponded,-0.004405947859820508
terms_abstract_tfidf__correspondence,-0.03219189124524622
terms_abstract_tfidf__corresponding,0.1832732990323506
terms_abstract_tfidf__cortex acc,-0.11775841312653906
terms_abstract_tfidf__cortex amygdala,-0.14662482152493292
terms_abstract_tfidf__cortex anterior,-0.04548389613565854
terms_abstract_tfidf__cortex ba,0.0075286869799595455
terms_abstract_tfidf__cortex bilaterally,0.23470404353842705
terms_abstract_tfidf__cortex cerebellum,0.32391756269652133
terms_abstract_tfidf__cortex dacc,-0.15388217198103502
terms_abstract_tfidf__cortex dlpfc,-0.06543601465607653
terms_abstract_tfidf__cortex dmpfc,-0.35712040979861925
terms_abstract_tfidf__cortex dorsal,0.22345707519849836
terms_abstract_tfidf__cortex dorsolateral,0.08401205254001103
terms_abstract_tfidf__cortex frontal,0.12909822991489428
terms_abstract_tfidf__cortex hippocampus,-0.16480061149879738
terms_abstract_tfidf__cortex inferior,-0.00398941833089702
terms_abstract_tfidf__cortex insula,-0.049974203583020585
terms_abstract_tfidf__cortex involved,0.18812345110667955
terms_abstract_tfidf__cortex lateral,0.027235872360056475
terms_abstract_tfidf__cortex m1,0.4865414619446993
terms_abstract_tfidf__cortex medial,-0.19173186277053245
terms_abstract_tfidf__cortex middle,-0.16081865922157063
terms_abstract_tfidf__cortex mpfc,-0.4830041350663212
terms_abstract_tfidf__cortex ofc,-0.2987057394870967
terms_abstract_tfidf__cortex parietal,0.24351507046209045
terms_abstract_tfidf__cortex pcc,-0.332379467616087
terms_abstract_tfidf__cortex pfc,-0.1651408324225248
terms_abstract_tfidf__cortex posterior,-0.28370379607325613
terms_abstract_tfidf__cortex ppc,0.29338378959894545
terms_abstract_tfidf__cortex precuneus,-0.23497787065741044
terms_abstract_tfidf__cortex suggest,-0.06940756534890359
terms_abstract_tfidf__cortex superior,-0.06723253590680742
terms_abstract_tfidf__cortex supplementary,0.45665870324988556
terms_abstract_tfidf__cortex thalamus,0.12208408932559621
terms_abstract_tfidf__cortex ventral,-0.17407387833716625
terms_abstract_tfidf__cortex vlpfc,-0.1685601402194009
terms_abstract_tfidf__cortex vmpfc,-0.37715279678203256
terms_abstract_tfidf__cortical,0.5152437353855557
terms_abstract_tfidf__cortical involved,0.23479227619003326
terms_abstract_tfidf__cortical network,0.2635933831593798
terms_abstract_tfidf__cortical networks,0.11127214017504174
terms_abstract_tfidf__cortical subcortical,0.29066955341713063
terms_abstract_tfidf__cortical thickness,-0.01134601667687264
terms_abstract_tfidf__cortices,0.31561560938734295
terms_abstract_tfidf__cortico,0.24933582208815222
terms_abstract_tfidf__cost,0.026402272319920313
terms_abstract_tfidf__costs,0.13883069836119377
terms_abstract_tfidf__coupled,0.013214231733247293
terms_abstract_tfidf__coupling,0.01260549366149533
terms_abstract_tfidf__course,-0.032728790451065824
terms_abstract_tfidf__courses,0.04784223429003007
terms_abstract_tfidf__covariance,-0.09908636078188438
terms_abstract_tfidf__covaried,-0.022493990126682278
terms_abstract_tfidf__covert,0.31984018494320043
terms_abstract_tfidf__craving,-0.15796856606578336
terms_abstract_tfidf__created,0.05066567355276092
terms_abstract_tfidf__criteria,-0.13807562723472644
terms_abstract_tfidf__critical,-0.07476876878251108
terms_abstract_tfidf__critical role,0.0892208485251203
terms_abstract_tfidf__critically,0.0009183005538430842
terms_abstract_tfidf__cross,0.011944474278322684
terms_abstract_tfidf__cross modal,0.09570849144913687
terms_abstract_tfidf__cross sectional,-0.12039017742614197
terms_abstract_tfidf__crossover,0.05546923534786226
terms_abstract_tfidf__crucial,-0.08889974815146058
terms_abstract_tfidf__crucial role,0.06545605684086357
terms_abstract_tfidf__crucially,0.16850625939092892
terms_abstract_tfidf__crus,0.1429021059931558
terms_abstract_tfidf__cue,0.09674588625572744
terms_abstract_tfidf__cued,0.2067773182851603
terms_abstract_tfidf__cues,-0.005750069079188818
terms_abstract_tfidf__cuneus,0.0193443317643614
terms_abstract_tfidf__current,-0.23735041521090458
terms_abstract_tfidf__current functional,-0.026008166522543195
terms_abstract_tfidf__currently,-0.12451551435866957
terms_abstract_tfidf__dacc,-0.18796916787938275
terms_abstract_tfidf__daily,-0.052466322389161574
terms_abstract_tfidf__daily life,-0.061084557287297274
terms_abstract_tfidf__damage,0.04849586534729865
terms_abstract_tfidf__dataset,-0.10781579854405435
terms_abstract_tfidf__datasets,0.0320837888696122
terms_abstract_tfidf__date,-0.16539825998829044
terms_abstract_tfidf__day,-0.02217897055970845
terms_abstract_tfidf__days,0.10605636742680387
terms_abstract_tfidf__deactivated,-0.11919336751714815
terms_abstract_tfidf__deactivation,-0.11329170865725095
terms_abstract_tfidf__deactivations,-0.026152956891647056
terms_abstract_tfidf__debate,-0.0040930457311489366
terms_abstract_tfidf__debated,-0.019353490662045822
terms_abstract_tfidf__decision,-0.2168467746237329
terms_abstract_tfidf__decision making,-0.1612138047693206
terms_abstract_tfidf__decision task,-0.13989729373731002
terms_abstract_tfidf__decisions,-0.2886371647485259
terms_abstract_tfidf__decline,0.06769896756838456
terms_abstract_tfidf__declines,0.12518463884682368
terms_abstract_tfidf__decoding,-0.03339349765195345
terms_abstract_tfidf__decreases,-0.08978357587798823
terms_abstract_tfidf__decreasing,0.014286071001685425
terms_abstract_tfidf__deep,-0.003592001932768485
terms_abstract_tfidf__default,-0.40983665355996224
terms_abstract_tfidf__default mode,-0.3933884757338721
terms_abstract_tfidf__default network,-0.3544563296988612
terms_abstract_tfidf__deficient,0.04550120563294989
terms_abstract_tfidf__deficit,-0.10604342151211546
terms_abstract_tfidf__deficit hyperactivity,-0.07525699903418409
terms_abstract_tfidf__deficits,-0.22080355264916576
terms_abstract_tfidf__define,0.15925408644767428
terms_abstract_tfidf__defined,-0.04641359576091334
terms_abstract_tfidf__degree,-0.13528618398369138
terms_abstract_tfidf__degrees,0.17036275716791405
terms_abstract_tfidf__delay,0.12011971782309516
terms_abstract_tfidf__delayed,0.04526817430995485
terms_abstract_tfidf__delivered,0.20936698646828725
terms_abstract_tfidf__demand,-0.0509630892740344
terms_abstract_tfidf__demanding,0.011899570925185224
terms_abstract_tfidf__demands,-0.013535472475586072
terms_abstract_tfidf__dementia,-0.3139258776132264
terms_abstract_tfidf__demonstrate,0.005946859431245153
terms_abstract_tfidf__demonstrated,0.013578104427650766
terms_abstract_tfidf__demonstrates,0.13451989831816125
terms_abstract_tfidf__demonstrating,-0.10049740236734155
terms_abstract_tfidf__density,-0.033228497627738246
terms_abstract_tfidf__depend,-0.07756626407489503
terms_abstract_tfidf__depended,0.02476472058837206
terms_abstract_tfidf__dependence,-0.051489703097562844
terms_abstract_tfidf__depending,-0.0214672230635753
terms_abstract_tfidf__depends,-0.09497280513200626
terms_abstract_tfidf__depicting,0.02014907610484567
terms_abstract_tfidf__depressed,-0.27727880686915685
terms_abstract_tfidf__depression,-0.3007719081780026
terms_abstract_tfidf__depressive,-0.2917859283018668
terms_abstract_tfidf__depressive disorder,-0.28420099210902583
terms_abstract_tfidf__deprivation,0.02816117568920144
terms_abstract_tfidf__depth,0.16454677116832894
terms_abstract_tfidf__derived,-0.06756883520552232
terms_abstract_tfidf__described,0.0739743023411875
terms_abstract_tfidf__describing,-0.15484644668698494
terms_abstract_tfidf__design,0.21532599957033607
terms_abstract_tfidf__designed,0.054035985844643517
terms_abstract_tfidf__designs,0.13099027529224644
terms_abstract_tfidf__despite,0.0660948170830961
terms_abstract_tfidf__detailed,0.2069600973356446
terms_abstract_tfidf__details,-0.25585476087350356
terms_abstract_tfidf__detect,-0.0028399241777842654
terms_abstract_tfidf__detected,0.2478678033723347
terms_abstract_tfidf__detecting,0.017304042733466
terms_abstract_tfidf__detection,0.2004305919732688
terms_abstract_tfidf__detection task,0.15604238746939803
terms_abstract_tfidf__determine,0.07849123063942334
terms_abstract_tfidf__determined,0.14465618360664273
terms_abstract_tfidf__determining,0.04006905366694621
terms_abstract_tfidf__develop,-0.009800180693347094
terms_abstract_tfidf__developed,0.1574478767712824
terms_abstract_tfidf__developing,-0.2240736483777517
terms_abstract_tfidf__development,-0.16003897482138296
terms_abstract_tfidf__developmental,-0.17851210924548502
terms_abstract_tfidf__diagnosed,-0.18102239372081325
terms_abstract_tfidf__diagnosis,-0.10349125133954122
terms_abstract_tfidf__diagnostic,-0.14454760670510053
terms_abstract_tfidf__did,0.15655816285432161
terms_abstract_tfidf__did differ,0.05082959342565597
terms_abstract_tfidf__differ,0.05019770486555349
terms_abstract_tfidf__differed,-0.07758067936633788
terms_abstract_tfidf__difference,0.1316687090988079
terms_abstract_tfidf__differential,0.03046887251567711
terms_abstract_tfidf__differentially,-0.022065725275006238
terms_abstract_tfidf__differentiate,0.05204238452860958
terms_abstract_tfidf__differentiated,-0.2073181880267293
terms_abstract_tfidf__differentiation,-0.09880898846892773
terms_abstract_tfidf__differently,-0.07057462247019565
terms_abstract_tfidf__differing,0.03807452349023852
terms_abstract_tfidf__differs,0.14849103449318393
terms_abstract_tfidf__difficult,0.10761830595964673
terms_abstract_tfidf__difficulties,-0.22087677378739737
terms_abstract_tfidf__difficulty,-0.05475582728457771
terms_abstract_tfidf__diffusion,0.05517818188784074
terms_abstract_tfidf__diffusion tensor,0.025764306364974728
terms_abstract_tfidf__digit,0.18634559263718284
terms_abstract_tfidf__dimension,-0.04634569970420831
terms_abstract_tfidf__dimensional,0.17911608055665845
terms_abstract_tfidf__dimensions,-0.04981143001363434
terms_abstract_tfidf__diminished,-0.1507281972933443
terms_abstract_tfidf__direct,0.013503906597957928
terms_abstract_tfidf__direct evidence,-0.026294715520629633
terms_abstract_tfidf__directed,0.020924261568062714
terms_abstract_tfidf__direction,0.34360382428325664
terms_abstract_tfidf__directions,0.24063344366767206
terms_abstract_tfidf__directly,0.173894088550744
terms_abstract_tfidf__disability,0.11325209290141922
terms_abstract_tfidf__discrete,-0.010772034131189961
terms_abstract_tfidf__discriminate,0.012075164511111144
terms_abstract_tfidf__discriminated,0.0884369288668269
terms_abstract_tfidf__discrimination,0.18791498643468943
terms_abstract_tfidf__discrimination task,0.17120195099912194
terms_abstract_tfidf__discriminative,0.1413581507138179
terms_abstract_tfidf__discuss,0.010629211051508663
terms_abstract_tfidf__discussed,-0.19297763836789295
terms_abstract_tfidf__discussion,-0.08581659305026186
terms_abstract_tfidf__disease,-0.0686105304948429
terms_abstract_tfidf__disease ad,-0.2850886819672358
terms_abstract_tfidf__disease pd,0.2928279099780812
terms_abstract_tfidf__diseases,-0.057792909352263895
terms_abstract_tfidf__disentangle,-0.027848020302519382
terms_abstract_tfidf__disgust,-0.12577746280903074
terms_abstract_tfidf__disorder,-0.2713336268001659
terms_abstract_tfidf__disorder adhd,-0.09421351960908263
terms_abstract_tfidf__disorder mdd,-0.2577350856772808
terms_abstract_tfidf__disorder ocd,-0.09676507241339129
terms_abstract_tfidf__disorder ptsd,-0.18952199049956292
terms_abstract_tfidf__disorders,-0.27408275151945577
terms_abstract_tfidf__display,0.015511403665933503
terms_abstract_tfidf__displayed,-0.004747771184919898
terms_abstract_tfidf__displays,-0.040852493721646246
terms_abstract_tfidf__disrupted,-0.11535455772024977
terms_abstract_tfidf__disruption,0.0632488162171611
terms_abstract_tfidf__dissociable,-0.1714089427729214
terms_abstract_tfidf__dissociate,0.13628150507991052
terms_abstract_tfidf__dissociated,0.01233289460777554
terms_abstract_tfidf__dissociation,-0.1216129842778868
terms_abstract_tfidf__distance,0.07677713716878062
terms_abstract_tfidf__distinction,0.056788740333417374
terms_abstract_tfidf__distinguish,-0.01929064354577384
terms_abstract_tfidf__distinguished,0.059931483054960585
terms_abstract_tfidf__distraction,-0.06979458464468816
terms_abstract_tfidf__distractor,0.1045088194376096
terms_abstract_tfidf__distractors,0.03177595468040197
terms_abstract_tfidf__distress,-0.27756602269526737
terms_abstract_tfidf__distributed,-0.016505156919764313
terms_abstract_tfidf__distributed network,-0.04873466219977494
terms_abstract_tfidf__distribution,0.12388276948396734
terms_abstract_tfidf__disturbances,-0.14937960044528092
terms_abstract_tfidf__disturbed,-0.040995016420743435
terms_abstract_tfidf__divergent,-0.1785736953549683
terms_abstract_tfidf__diverse,-0.06598211017878977
terms_abstract_tfidf__divided,0.05917397280615802
terms_abstract_tfidf__dlpfc,-0.10325943798080264
terms_abstract_tfidf__dmn,-0.40042665231213587
terms_abstract_tfidf__dmpfc,-0.4074574001327814
terms_abstract_tfidf__documented,0.0834648071693826
terms_abstract_tfidf__does,-0.0022400221545392286
terms_abstract_tfidf__domain,-0.17114643213003558
terms_abstract_tfidf__domain general,-0.18713744273130464
terms_abstract_tfidf__domains,-0.20288556978918107
terms_abstract_tfidf__dominance,0.23437357976854503
terms_abstract_tfidf__dominant,0.2900940356742981
terms_abstract_tfidf__dopamine,0.08701074405422313
terms_abstract_tfidf__dopaminergic,0.010630400894925339
terms_abstract_tfidf__dorsal,0.22208348368036407
terms_abstract_tfidf__dorsal anterior,-0.19495236330870036
terms_abstract_tfidf__dorsal attention,-0.09521644073745528
terms_abstract_tfidf__dorsal medial,-0.40348526756536796
terms_abstract_tfidf__dorsal premotor,0.49130138000108725
terms_abstract_tfidf__dorsal striatum,-0.03788662964568767
terms_abstract_tfidf__dorsal ventral,0.1620372202948872
terms_abstract_tfidf__dorsolateral,-0.07913265331168315
terms_abstract_tfidf__dorsolateral pfc,-0.20399302640787442
terms_abstract_tfidf__dorsolateral prefrontal,-0.05542161005000112
terms_abstract_tfidf__dorsomedial,-0.4657423845960994
terms_abstract_tfidf__dorsomedial prefrontal,-0.45885052247436
terms_abstract_tfidf__dose,-0.049265002300735994
terms_abstract_tfidf__dot,0.22203791974270654
terms_abstract_tfidf__double,-0.05935527948671802
terms_abstract_tfidf__double blind,-0.06602123678253038
terms_abstract_tfidf__drive,-0.03462849367352574
terms_abstract_tfidf__driven,0.023812038800875297
terms_abstract_tfidf__driving,0.11496995210565884
terms_abstract_tfidf__drug,-0.02435026934188012
terms_abstract_tfidf__drugs,-0.015003801265277228
terms_abstract_tfidf__dti,-0.012534203151979173
terms_abstract_tfidf__dual,0.06017520933258849
terms_abstract_tfidf__duration,0.13679788891728076
terms_abstract_tfidf__dynamic,0.1297546476883135
terms_abstract_tfidf__dynamic causal,0.2808351440681905
terms_abstract_tfidf__dynamically,-0.07319727760803546
terms_abstract_tfidf__dynamics,0.0959112109001088
terms_abstract_tfidf__dysfunction,-0.20485701168490017
terms_abstract_tfidf__dysfunctional,-0.14668198188085266
terms_abstract_tfidf__dysfunctions,0.012832597179494917
terms_abstract_tfidf__dyslexia,0.02364241450732755
terms_abstract_tfidf__dysregulation,-0.19037395597428408
terms_abstract_tfidf__earlier,0.08453148026873322
terms_abstract_tfidf__early,0.031230136634858584
terms_abstract_tfidf__early stage,0.25115973841417005
terms_abstract_tfidf__early stages,0.14153449321022069
terms_abstract_tfidf__early visual,0.07403665694176775
terms_abstract_tfidf__easy,0.11862611431828293
terms_abstract_tfidf__eating,-0.09339988949766082
terms_abstract_tfidf__echo,-0.019833193474712914
terms_abstract_tfidf__economic,-0.19351409076546905
terms_abstract_tfidf__education,-0.05352800124097947
terms_abstract_tfidf__eeg,0.11971180418572996
terms_abstract_tfidf__effect,-0.10413841212901413
terms_abstract_tfidf__effective,0.03598595352992688
terms_abstract_tfidf__effective connectivity,0.08995933108638288
terms_abstract_tfidf__effectively,0.0917234176455485
terms_abstract_tfidf__effects,-0.026269993396092924
terms_abstract_tfidf__efficacy,0.06406109311730773
terms_abstract_tfidf__efficiency,0.056867578507385046
terms_abstract_tfidf__efficient,0.09819791743992749
terms_abstract_tfidf__effort,0.15836994842785138
terms_abstract_tfidf__effortful,-0.0035430924590843503
terms_abstract_tfidf__eighteen,-0.07939644682994831
terms_abstract_tfidf__elderly,-0.01699432515721804
terms_abstract_tfidf__electrical,0.35633665983252766
terms_abstract_tfidf__electroencephalography,0.13254232191326124
terms_abstract_tfidf__electroencephalography eeg,0.11741410754487953
terms_abstract_tfidf__electrophysiological,0.22774579836033249
terms_abstract_tfidf__elements,0.019268812838415757
terms_abstract_tfidf__elevated,-0.09481254623851859
terms_abstract_tfidf__elicit,0.003414514801935399
terms_abstract_tfidf__elicited,-0.11221334238860436
terms_abstract_tfidf__elicits,0.060957892978289324
terms_abstract_tfidf__elucidate,-0.057278264754850775
terms_abstract_tfidf__elucidated,-0.08187092834265003
terms_abstract_tfidf__elusive,0.03741298052973478
terms_abstract_tfidf__embedded,-0.0355431443733155
terms_abstract_tfidf__emerge,-0.1625773633527658
terms_abstract_tfidf__emerged,0.006725639624414581
terms_abstract_tfidf__emergence,0.0925361002157179
terms_abstract_tfidf__emerging,0.038031925082369494
terms_abstract_tfidf__emission,-0.07916005050100489
terms_abstract_tfidf__emission tomography,-0.05660349143681852
terms_abstract_tfidf__emotion,-0.4124532750469413
terms_abstract_tfidf__emotion regulation,-0.27699534775819024
terms_abstract_tfidf__emotional,-0.43782096199415704
terms_abstract_tfidf__emotional faces,-0.20516624988920776
terms_abstract_tfidf__emotional information,-0.23381738578261935
terms_abstract_tfidf__emotional responses,-0.28845552192018437
terms_abstract_tfidf__emotional stimuli,-0.26667514725307295
terms_abstract_tfidf__emotional valence,-0.2786953071877773
terms_abstract_tfidf__emotionally,-0.32419050080837936
terms_abstract_tfidf__emotions,-0.3566501009026804
terms_abstract_tfidf__empathic,-0.18982184064885907
terms_abstract_tfidf__empathy,-0.13797327723912034
terms_abstract_tfidf__emphasize,0.004838882457354221
terms_abstract_tfidf__empirical,-0.0674889883691828
terms_abstract_tfidf__employed,0.04149896131186732
terms_abstract_tfidf__employing,-0.050852539326481636
terms_abstract_tfidf__enable,-0.0337262271163257
terms_abstract_tfidf__enabled,0.23828294113671677
terms_abstract_tfidf__enables,-0.08904403306331944
terms_abstract_tfidf__encode,0.1760092658141129
terms_abstract_tfidf__encoded,-0.10291582234882388
terms_abstract_tfidf__encoding,-0.11000090764005249
terms_abstract_tfidf__encoding retrieval,-0.15192020770786066
terms_abstract_tfidf__encompassing,-0.13174761965011264
terms_abstract_tfidf__end,0.13617730938645822
terms_abstract_tfidf__endogenous,0.15167588668016582
terms_abstract_tfidf__engage,-0.24244597258030834
terms_abstract_tfidf__engaged,-0.15147786609381383
terms_abstract_tfidf__engagement,-0.13869016558566033
terms_abstract_tfidf__engages,0.02778206982361482
terms_abstract_tfidf__engaging,-0.1174050171559398
terms_abstract_tfidf__english,-0.11464933005428803
terms_abstract_tfidf__enhance,-0.10478226700181205
terms_abstract_tfidf__enhancement,-0.00035305970855425316
terms_abstract_tfidf__enhances,-0.048476632420922657
terms_abstract_tfidf__enhancing,0.034626931164138494
terms_abstract_tfidf__entire,0.21301647750643204
terms_abstract_tfidf__environment,0.05293032464029764
terms_abstract_tfidf__environmental,-0.1215471417838553
terms_abstract_tfidf__environments,-0.0437755809995036
terms_abstract_tfidf__epilepsy,-0.18784885916020627
terms_abstract_tfidf__episode,-0.18449653395079524
terms_abstract_tfidf__episodes,-0.14284972682440733
terms_abstract_tfidf__episodic,-0.4144142553497907
terms_abstract_tfidf__episodic memory,-0.3532438743045239
terms_abstract_tfidf__equal,0.16408071146599293
terms_abstract_tfidf__equally,-0.06863712502670732
terms_abstract_tfidf__equivalent,0.07809433620007171
terms_abstract_tfidf__erp,-0.04738554793875113
terms_abstract_tfidf__error,0.09761643928235603
terms_abstract_tfidf__errors,-0.018333239093615387
terms_abstract_tfidf__especially,0.047891900054052805
terms_abstract_tfidf__essential,-0.046968372623496964
terms_abstract_tfidf__establish,0.1469361163330553
terms_abstract_tfidf__established,-0.027968036697068068
terms_abstract_tfidf__estimate,0.07765102962182995
terms_abstract_tfidf__estimated,0.06340964910406506
terms_abstract_tfidf__estimates,0.12335064036338315
terms_abstract_tfidf__estimation,-0.07724704399472146
terms_abstract_tfidf__et,-0.02118292371823666
terms_abstract_tfidf__et al,-0.05659134480426237
terms_abstract_tfidf__evaluate,0.007978190540953492
terms_abstract_tfidf__evaluated,-0.0605266658208479
terms_abstract_tfidf__evaluating,-0.2888912585435915
terms_abstract_tfidf__evaluation,-0.3003119125422267
terms_abstract_tfidf__evaluations,-0.3066428025389114
terms_abstract_tfidf__event,0.0031538257587915646
terms_abstract_tfidf__event design,0.20719741008938486
terms_abstract_tfidf__event functional,0.09270872274239901
terms_abstract_tfidf__event potential,-0.08627098667430462
terms_abstract_tfidf__event potentials,-0.036906743250364096
terms_abstract_tfidf__events,-0.3353225893707499
terms_abstract_tfidf__everyday,-0.23020372412309553
terms_abstract_tfidf__everyday life,-0.11821131426826567
terms_abstract_tfidf__evidence,-0.016343993249015396
terms_abstract_tfidf__evidence suggests,-0.1294977733027242
terms_abstract_tfidf__evidenced,0.013188195496624394
terms_abstract_tfidf__evident,-0.0622128147698042
terms_abstract_tfidf__evoke,0.0845875668323757
terms_abstract_tfidf__evoked,0.3119113082070268
terms_abstract_tfidf__evolution,0.09684203982565835
terms_abstract_tfidf__exact,0.038165801721814746
terms_abstract_tfidf__examination,-0.19123570005620047
terms_abstract_tfidf__examining,-0.22740875339588978
terms_abstract_tfidf__example,-0.011498236457884331
terms_abstract_tfidf__excessive,-0.01951401848248243
terms_abstract_tfidf__exclusively,0.05758332169451779
terms_abstract_tfidf__executed,0.4641781488406735
terms_abstract_tfidf__execution,0.518366373433357
terms_abstract_tfidf__executive,-0.03917094906507261
terms_abstract_tfidf__executive control,-0.04069105142312184
terms_abstract_tfidf__executive function,-0.10318887198355024
terms_abstract_tfidf__executive functions,0.031243403349380954
terms_abstract_tfidf__exert,0.010327766162686871
terms_abstract_tfidf__exhibit,-0.20614921250504653
terms_abstract_tfidf__exhibited,-0.19559222207184093
terms_abstract_tfidf__exhibited greater,-0.20441005917602117
terms_abstract_tfidf__exhibiting,0.09716913491254531
terms_abstract_tfidf__exist,0.06704162782316937
terms_abstract_tfidf__existence,0.20574645347646484
terms_abstract_tfidf__existing,-0.023496903694043007
terms_abstract_tfidf__exists,0.062319668447563106
terms_abstract_tfidf__expectancy,-0.02373872083394851
terms_abstract_tfidf__expectation,0.10416744760615079
terms_abstract_tfidf__expectations,-0.13955214409867642
terms_abstract_tfidf__expected,0.24551883852720918
terms_abstract_tfidf__experience,-0.11297000085563492
terms_abstract_tfidf__experienced,-0.11989296835199248
terms_abstract_tfidf__experiences,-0.2607229498600717
terms_abstract_tfidf__experiencing,-0.10669421393023391
terms_abstract_tfidf__experiment,0.08594247439445257
terms_abstract_tfidf__experimental,0.11426937111052538
terms_abstract_tfidf__experimental conditions,0.19012501902124557
terms_abstract_tfidf__experimentally,-0.14233309964269383
terms_abstract_tfidf__experiments,0.24173602993766738
terms_abstract_tfidf__expertise,0.034798795306572
terms_abstract_tfidf__explain,-0.042921781687673945
terms_abstract_tfidf__explained,-0.07468098826474905
terms_abstract_tfidf__explanation,0.025815217203974915
terms_abstract_tfidf__explicit,-0.23657085763133617
terms_abstract_tfidf__explicitly,-0.16704669492235258
terms_abstract_tfidf__exploration,0.20361050846628784
terms_abstract_tfidf__exploratory,-0.07873643768091451
terms_abstract_tfidf__explore,-0.11413658900241569
terms_abstract_tfidf__explored,-0.16006155040885303
terms_abstract_tfidf__exploring,-0.09510520606835053
terms_abstract_tfidf__exposed,-0.1915777073710305
terms_abstract_tfidf__exposure,-0.14758376681949506
terms_abstract_tfidf__expressed,-0.10823622179573776
terms_abstract_tfidf__expression,-0.05404284573529864
terms_abstract_tfidf__expressions,-0.20346110467011877
terms_abstract_tfidf__extend,-0.0073651157969155355
terms_abstract_tfidf__extended,-0.09103371692809438
terms_abstract_tfidf__extending,-0.05034455457726725
terms_abstract_tfidf__extends,-0.053995085958391906
terms_abstract_tfidf__extension,0.41169852627864034
terms_abstract_tfidf__extensive,-0.06259244206313998
terms_abstract_tfidf__extensively,0.09840660324916056
terms_abstract_tfidf__extent,0.037175530433185784
terms_abstract_tfidf__external,-0.024902450992004988
terms_abstract_tfidf__externally,0.00797966501531295
terms_abstract_tfidf__extinction,-0.18877255341435462
terms_abstract_tfidf__extra,-0.03032166316015396
terms_abstract_tfidf__extract,-0.010425282743131219
terms_abstract_tfidf__extracted,-0.09504373879774121
terms_abstract_tfidf__extrastriate,0.1282197340697746
terms_abstract_tfidf__eye,0.352659180698932
terms_abstract_tfidf__eye field,0.28006983224743653
terms_abstract_tfidf__eye fields,0.33467705416666277
terms_abstract_tfidf__eye movement,0.15028441225103273
terms_abstract_tfidf__eye movements,0.3269091335333454
terms_abstract_tfidf__eyes,0.1107549459421855
terms_abstract_tfidf__fa,0.03960625068873675
terms_abstract_tfidf__face,-0.18446826064698055
terms_abstract_tfidf__face ffa,-0.10332681455938846
terms_abstract_tfidf__face recognition,-0.16211840065168912
terms_abstract_tfidf__faces,-0.26074253929880115
terms_abstract_tfidf__facial,-0.21033184514068973
terms_abstract_tfidf__facial expression,-0.025959722004703003
terms_abstract_tfidf__facial expressions,-0.13364938759260628
terms_abstract_tfidf__facilitate,-0.11091395335244615
terms_abstract_tfidf__facilitated,-0.017522858337566755
terms_abstract_tfidf__facilitates,-0.10957169643376051
terms_abstract_tfidf__facilitation,0.01497019239291654
terms_abstract_tfidf__fact,-0.06070143221405801
terms_abstract_tfidf__factor,-0.11535136594325374
terms_abstract_tfidf__factorial,0.08787499482567597
terms_abstract_tfidf__factorial design,0.09867978012800323
terms_abstract_tfidf__factors,-0.09640644151310958
terms_abstract_tfidf__failed,-0.014290256593887864
terms_abstract_tfidf__failure,-0.09198205097385051
terms_abstract_tfidf__false,-0.326659388896883
terms_abstract_tfidf__familiar,-0.18155847576545653
terms_abstract_tfidf__familiarity,-0.22710982631465915
terms_abstract_tfidf__family,-0.1661326368114686
terms_abstract_tfidf__far,-0.06073664883446835
terms_abstract_tfidf__fasciculus,0.10284906742885892
terms_abstract_tfidf__fashion,0.07214398544072738
terms_abstract_tfidf__fast,0.1809357169711097
terms_abstract_tfidf__faster,0.15806028654854604
terms_abstract_tfidf__fc,-0.17849459759914976
terms_abstract_tfidf__fear,-0.21804885884765227
terms_abstract_tfidf__fearful,-0.17826695018044955
terms_abstract_tfidf__fearful faces,-0.10121612097693113
terms_abstract_tfidf__feature,0.05952522551717906
terms_abstract_tfidf__features,0.003968556611081874
terms_abstract_tfidf__feedback,0.25343818223268827
terms_abstract_tfidf__feeling,-0.04848399091301785
terms_abstract_tfidf__feelings,-0.19601483856469248
terms_abstract_tfidf__female,-0.17828397186675307
terms_abstract_tfidf__females,0.011879830647762869
terms_abstract_tfidf__fewer,-0.13224363824165378
terms_abstract_tfidf__ffa,-0.1112332843476141
terms_abstract_tfidf__fiber,0.1672418536313229
terms_abstract_tfidf__field,0.3153018923591849
terms_abstract_tfidf__fields,0.3408037346799008
terms_abstract_tfidf__final,-0.29742892639795276
terms_abstract_tfidf__finally,-0.028303003148591598
terms_abstract_tfidf__fine,0.23063815255926892
terms_abstract_tfidf__finger,0.5687440376400164
terms_abstract_tfidf__finger movements,0.48573259985525585
terms_abstract_tfidf__finger tapping,0.44067548507040816
terms_abstract_tfidf__fixation,0.1939942487434452
terms_abstract_tfidf__fixed,0.13969309343463848
terms_abstract_tfidf__flexibility,0.055840018116328376
terms_abstract_tfidf__flexible,0.008615613510172737
terms_abstract_tfidf__flexibly,0.1111502167235624
terms_abstract_tfidf__flow,0.1425634505726029
terms_abstract_tfidf__fluctuation,-0.06192208279645496
terms_abstract_tfidf__fluctuations,-0.15789070295971663
terms_abstract_tfidf__fluency,-0.07132005016886106
terms_abstract_tfidf__focal,-0.03108064106146892
terms_abstract_tfidf__foci,0.42917740138672633
terms_abstract_tfidf__focus,-0.018890326606587366
terms_abstract_tfidf__focused,-0.16333680516676694
terms_abstract_tfidf__focusing,0.08347118004029155
terms_abstract_tfidf__follow,-0.083139602005207
terms_abstract_tfidf__followed,-0.04453724031705016
terms_abstract_tfidf__following,0.30279547976379934
terms_abstract_tfidf__food,-0.11679756563493697
terms_abstract_tfidf__foot,0.44409799399607025
terms_abstract_tfidf__force,0.46281028976435973
terms_abstract_tfidf__form,-0.06646786034090896
terms_abstract_tfidf__formation,-0.15039448808737832
terms_abstract_tfidf__formed,0.03970773288492659
terms_abstract_tfidf__forms,-0.10626856134744857
terms_abstract_tfidf__forward,0.23131251474170317
terms_abstract_tfidf__fourteen,0.1071172723963399
terms_abstract_tfidf__fractional,0.04995542501588209
terms_abstract_tfidf__fractional anisotropy,0.059056979029334655
terms_abstract_tfidf__framework,-0.35040866288658495
terms_abstract_tfidf__free,-0.20354288195984735
terms_abstract_tfidf__frequencies,0.20333396655197344
terms_abstract_tfidf__frequency,0.058998023101888
terms_abstract_tfidf__frequency fluctuations,-0.13139056704874347
terms_abstract_tfidf__frequent,-0.05847514874804423
terms_abstract_tfidf__frequently,-0.12925021235616818
terms_abstract_tfidf__frontal,-0.05515898798237324
terms_abstract_tfidf__frontal cortex,-0.08920419504704204
terms_abstract_tfidf__frontal cortices,-0.010899171788748356
terms_abstract_tfidf__frontal eye,0.32755222582465404
terms_abstract_tfidf__frontal gyri,-0.06779440752338603
terms_abstract_tfidf__frontal gyrus,-0.1695728482357518
terms_abstract_tfidf__frontal lobe,-0.2775428216097443
terms_abstract_tfidf__frontal lobes,-0.05785153580818413
terms_abstract_tfidf__frontal operculum,0.0712070371187146
terms_abstract_tfidf__frontal parietal,0.1709633220960285
terms_abstract_tfidf__frontal temporal,-0.2581879343830686
terms_abstract_tfidf__fronto,0.10445006164369267
terms_abstract_tfidf__fronto parietal,0.218539147552251
terms_abstract_tfidf__fronto striatal,0.010619838172208185
terms_abstract_tfidf__fronto temporal,-0.34678489995901957
terms_abstract_tfidf__frontoparietal,0.15455269626855894
terms_abstract_tfidf__frontoparietal network,0.21234792885416223
terms_abstract_tfidf__frontopolar,-0.24207712647558927
terms_abstract_tfidf__frontotemporal,-0.33816916770101973
terms_abstract_tfidf__fully,0.045195796942183966
terms_abstract_tfidf__function,-0.12884039360587063
terms_abstract_tfidf__functional abnormalities,-0.08946014073755326
terms_abstract_tfidf__functional connections,-0.07701367554056555
terms_abstract_tfidf__functional connectivity,-0.23547445850625276
terms_abstract_tfidf__functional coupling,-0.016673529310042068
terms_abstract_tfidf__functional magnetic,0.3530283793631966
terms_abstract_tfidf__functional network,-0.034004278939341055
terms_abstract_tfidf__functional networks,-0.2246186860572352
terms_abstract_tfidf__functional neuroanatomy,0.10145324445429216
terms_abstract_tfidf__functional organization,-0.08349327483601199
terms_abstract_tfidf__functional role,0.020472029104782852
terms_abstract_tfidf__functional structural,-0.05689867961458368
terms_abstract_tfidf__functionally,-0.0773865773188426
terms_abstract_tfidf__functionally connected,-0.0393630278290823
terms_abstract_tfidf__functioning,-0.2759827756468834
terms_abstract_tfidf__functions,0.0353053580152034
terms_abstract_tfidf__fundamental,-0.08418204762553275
terms_abstract_tfidf__furthermore,-0.029061043435789052
terms_abstract_tfidf__fusiform,-0.1408496725759915
terms_abstract_tfidf__fusiform face,-0.11285945168885922
terms_abstract_tfidf__fusiform gyri,-0.039230592958613905
terms_abstract_tfidf__fusiform gyrus,-0.1311309908175081
terms_abstract_tfidf__future,-0.2635401872562215
terms_abstract_tfidf__gain,0.04795075456520634
terms_abstract_tfidf__gains,-0.06608908190610281
terms_abstract_tfidf__gambling,-0.1760384823329392
terms_abstract_tfidf__game,-0.14292653586424062
terms_abstract_tfidf__gamma,0.03407656458181724
terms_abstract_tfidf__ganglia,0.3796751014475841
terms_abstract_tfidf__gap,-0.15023701398214656
terms_abstract_tfidf__gaze,0.1784751276140853
terms_abstract_tfidf__gender,-0.28661352018223984
terms_abstract_tfidf__gene,-0.07854012868325415
terms_abstract_tfidf__general,-0.09784129501280357
terms_abstract_tfidf__general linear,0.23220656347698418
terms_abstract_tfidf__generalized,-0.0719514472168638
terms_abstract_tfidf__generally,0.07970052057874431
terms_abstract_tfidf__generate,-0.060599428735352345
terms_abstract_tfidf__generated,0.0825993505447468
terms_abstract_tfidf__generating,0.023771869575100673
terms_abstract_tfidf__generation,0.23877427919304198
terms_abstract_tfidf__genes,-0.06852483269798512
terms_abstract_tfidf__genetic,-0.0872976864392189
terms_abstract_tfidf__genetic risk,-0.11895557370271366
terms_abstract_tfidf__genotype,-0.06462706563676858
terms_abstract_tfidf__german,-0.11061509249825864
terms_abstract_tfidf__gestures,0.10504975888854833
terms_abstract_tfidf__given,-0.011594749924860202
terms_abstract_tfidf__global,-0.06951880394404893
terms_abstract_tfidf__globus,0.22123901489994865
terms_abstract_tfidf__globus pallidus,0.22121093409872686
terms_abstract_tfidf__gm,-0.11776831758566915
terms_abstract_tfidf__gm volume,-0.08506424965712228
terms_abstract_tfidf__goal,-0.003167729228964436
terms_abstract_tfidf__goal directed,0.028342892560250636
terms_abstract_tfidf__goals,0.06270616721411626
terms_abstract_tfidf__good,0.16066671149502318
terms_abstract_tfidf__gradient,-0.10833699896425085
terms_abstract_tfidf__granger,-0.11875083230933962
terms_abstract_tfidf__graph,-0.045344940555738164
terms_abstract_tfidf__grasping,0.3876483946878613
terms_abstract_tfidf__gray,-0.1659279681831985
terms_abstract_tfidf__gray matter,-0.1843598382661711
terms_abstract_tfidf__great,-0.18146404815603548
terms_abstract_tfidf__greater,-0.18999296244217126
terms_abstract_tfidf__greater extent,0.04290466805292565
terms_abstract_tfidf__greatest,-0.07565770933169683
terms_abstract_tfidf__grey,-0.010739048840898357
terms_abstract_tfidf__grey matter,-0.047689711267738265
terms_abstract_tfidf__group,-0.005204773354935137
terms_abstract_tfidf__group comparisons,-0.007690746141739691
terms_abstract_tfidf__group healthy,0.05832067638951116
terms_abstract_tfidf__group level,0.10496437200426086
terms_abstract_tfidf__groups,-0.15805105547914397
terms_abstract_tfidf__growing,-0.08491577032250369
terms_abstract_tfidf__guide,-0.04107786486986412
terms_abstract_tfidf__guided,0.3854368289245192
terms_abstract_tfidf__gyri,-0.0914485381491868
terms_abstract_tfidf__gyrus,-0.17559071330482193
terms_abstract_tfidf__gyrus anterior,-0.15058656450865596
terms_abstract_tfidf__gyrus ba,-0.0733683303341079
terms_abstract_tfidf__gyrus cerebellum,0.1515810039701282
terms_abstract_tfidf__gyrus ifg,-0.05000616805529362
terms_abstract_tfidf__gyrus inferior,0.035003910469015506
terms_abstract_tfidf__gyrus insula,0.04606851258899855
terms_abstract_tfidf__gyrus medial,-0.2846671828394073
terms_abstract_tfidf__gyrus mfg,-0.06583051798200491
terms_abstract_tfidf__gyrus middle,-0.26544551140728345
terms_abstract_tfidf__gyrus posterior,-0.23798671869102309
terms_abstract_tfidf__gyrus precuneus,-0.12832928979493555
terms_abstract_tfidf__gyrus stg,0.01354341441898821
terms_abstract_tfidf__gyrus superior,0.028354534922705833
terms_abstract_tfidf__half,-0.1518756074899011
terms_abstract_tfidf__hand,0.5994976751594742
terms_abstract_tfidf__hand movements,0.47560023193015705
terms_abstract_tfidf__handed,0.5167369862489035
terms_abstract_tfidf__handedness,0.19415318733513123
terms_abstract_tfidf__hands,0.494801949177837
terms_abstract_tfidf__happy,-0.18429829783375365
terms_abstract_tfidf__happy faces,-0.09544915844167165
terms_abstract_tfidf__having,-0.020730902911278267
terms_abstract_tfidf__hc,-0.21432967308453155
terms_abstract_tfidf__hcs,-0.06965542580229538
terms_abstract_tfidf__head,0.16660646790079783
terms_abstract_tfidf__health,-0.2721200413347597
terms_abstract_tfidf__healthy,0.09318384676890508
terms_abstract_tfidf__healthy adults,0.02476500381393483
terms_abstract_tfidf__healthy control,-0.1324222760262872
terms_abstract_tfidf__healthy controls,-0.12474456588936789
terms_abstract_tfidf__healthy handed,0.36672313172994386
terms_abstract_tfidf__healthy human,0.15245884764206574
terms_abstract_tfidf__healthy individuals,-0.16018494232481117
terms_abstract_tfidf__healthy male,0.006707224174123682
terms_abstract_tfidf__healthy volunteers,0.3037528678645399
terms_abstract_tfidf__healthy young,-0.0014165381310566646
terms_abstract_tfidf__heard,-0.14533352033849536
terms_abstract_tfidf__hearing,-0.011276579793318782
terms_abstract_tfidf__heart,-0.006248179954730395
terms_abstract_tfidf__heart rate,0.014988641074341655
terms_abstract_tfidf__heightened,-0.10158642541265876
terms_abstract_tfidf__held,0.03931624837277255
terms_abstract_tfidf__help,-0.1962200227286635
terms_abstract_tfidf__hemisphere,0.3075925094581079
terms_abstract_tfidf__hemispheres,0.44191115528995206
terms_abstract_tfidf__hemispheric,0.23545223642836907
terms_abstract_tfidf__hemodynamic,0.12518523930820283
terms_abstract_tfidf__hemodynamic response,0.15090678963455648
terms_abstract_tfidf__hemodynamic responses,-0.04010667140066371
terms_abstract_tfidf__heschl,0.023522276431128475
terms_abstract_tfidf__heschl gyrus,0.02080867258021399
terms_abstract_tfidf__heterogeneity,-0.07300476253003028
terms_abstract_tfidf__heterogeneous,-0.07494423513415946
terms_abstract_tfidf__hierarchical,-0.10772552568559328
terms_abstract_tfidf__hierarchy,0.10792156160576322
terms_abstract_tfidf__high,-0.13567811791458745
terms_abstract_tfidf__high frequency,0.05276653880575396
terms_abstract_tfidf__high functioning,-0.04239478077133291
terms_abstract_tfidf__high level,0.017473866125986927
terms_abstract_tfidf__high low,-0.12644782856410092
terms_abstract_tfidf__high resolution,-0.03771025540040634
terms_abstract_tfidf__high risk,-0.2527803952370141
terms_abstract_tfidf__higher,0.12425788783791424
terms_abstract_tfidf__higher level,-0.028871186566128543
terms_abstract_tfidf__higher levels,0.03964030123693222
terms_abstract_tfidf__higher order,0.180672155838606
terms_abstract_tfidf__highest,0.06463778981292263
terms_abstract_tfidf__highlight,-0.16700665711445373
terms_abstract_tfidf__highlighted,-0.07121156983650843
terms_abstract_tfidf__highlights,0.06663503405095658
terms_abstract_tfidf__highly,-0.16261026771126524
terms_abstract_tfidf__hippocampal,-0.27422597327334924
terms_abstract_tfidf__hippocampus,-0.31753533505901577
terms_abstract_tfidf__history,-0.22126053442833868
terms_abstract_tfidf__hoc,-0.023967162027049495
terms_abstract_tfidf__homogeneity,-0.05977201244694882
terms_abstract_tfidf__homogeneity reho,-0.06591759481641946
terms_abstract_tfidf__hub,-0.2777632309327758
terms_abstract_tfidf__hubs,-0.09138636327738288
terms_abstract_tfidf__hum,0.03970212080488459
terms_abstract_tfidf__hum mapp,0.05030515146221579
terms_abstract_tfidf__human,0.16765847973465356
terms_abstract_tfidf__humans,0.24492153165551045
terms_abstract_tfidf__hyperactivation,0.0933561854518792
terms_abstract_tfidf__hyperactivity,-0.06260264545520962
terms_abstract_tfidf__hyperactivity disorder,-0.08275310794961298
terms_abstract_tfidf__hypoactivation,-0.07733699963668589
terms_abstract_tfidf__hypothalamus,-0.0466040510607376
terms_abstract_tfidf__hypotheses,-0.05141283780991699
terms_abstract_tfidf__hypothesize,0.02510821764308641
terms_abstract_tfidf__hypothesized,0.07761805841099596
terms_abstract_tfidf__hz,0.3656085827232407
terms_abstract_tfidf__ica,-0.2739395540453331
terms_abstract_tfidf__idea,0.04666830669809587
terms_abstract_tfidf__identical,0.19720754644443556
terms_abstract_tfidf__identification,-0.1668042912955948
terms_abstract_tfidf__identified,0.039097890818393016
terms_abstract_tfidf__identify,-0.05606286383099326
terms_abstract_tfidf__identifying,-0.18583391233807336
terms_abstract_tfidf__identity,-0.14862648353882996
terms_abstract_tfidf__ifg,-0.062425003095901016
terms_abstract_tfidf__ii,0.10011212886365735
terms_abstract_tfidf__iii,0.07320653836651494
terms_abstract_tfidf__illness,-0.2325796890535197
terms_abstract_tfidf__illusion,0.28990736203682727
terms_abstract_tfidf__illustrate,-0.043060650994353564
terms_abstract_tfidf__image,0.061465646751888856
terms_abstract_tfidf__imagery,0.48512257868487113
terms_abstract_tfidf__images,-0.0015842519478540095
terms_abstract_tfidf__images acquired,0.05257879901115515
terms_abstract_tfidf__imagine,0.11493288942481648
terms_abstract_tfidf__imagined,0.21281930523798365
terms_abstract_tfidf__imitation,0.35611693533232075
terms_abstract_tfidf__immediate,-0.04288591863508857
terms_abstract_tfidf__immediately,0.06662615048256243
terms_abstract_tfidf__impact,-0.2559963333049022
terms_abstract_tfidf__impacts,-0.0973003228552883
terms_abstract_tfidf__impaired,-0.20578431850645074
terms_abstract_tfidf__impairment,-0.21426636593440768
terms_abstract_tfidf__impairments,-0.24903989529269782
terms_abstract_tfidf__implementation,0.11190353627627728
terms_abstract_tfidf__implemented,-0.01656871365432451
terms_abstract_tfidf__implicate,-0.166294214661146
terms_abstract_tfidf__implicated,-0.3313075230792713
terms_abstract_tfidf__implications,-0.14334468225973437
terms_abstract_tfidf__implications understanding,-0.11168367799341149
terms_abstract_tfidf__implicit,-0.14036590247769404
terms_abstract_tfidf__imply,-0.04493229472201957
terms_abstract_tfidf__importance,-0.19321649215324493
terms_abstract_tfidf__important,-0.02881092584959034
terms_abstract_tfidf__important role,0.048089484090267545
terms_abstract_tfidf__importantly,-0.08093577834272431
terms_abstract_tfidf__improve,0.1455357063790479
terms_abstract_tfidf__improved,0.1928058674949175
terms_abstract_tfidf__improvement,0.08081027765586611
terms_abstract_tfidf__improvements,0.10625164017614887
terms_abstract_tfidf__improves,0.009332909968537043
terms_abstract_tfidf__impulsive,-0.17184173236217645
terms_abstract_tfidf__impulsivity,-0.19601575839039886
terms_abstract_tfidf__incentive,-0.0520663594617956
terms_abstract_tfidf__incentive delay,-0.029869511670915103
terms_abstract_tfidf__incidental,-0.23012107844233873
terms_abstract_tfidf__include,0.019312499303801696
terms_abstract_tfidf__included,0.024122409496926407
terms_abstract_tfidf__includes,-0.07988124382578728
terms_abstract_tfidf__incongruent,0.05108875801545654
terms_abstract_tfidf__inconsistent,-0.009253773612703744
terms_abstract_tfidf__incorrect,-0.07515453331180473
terms_abstract_tfidf__increases,-0.007986797846120898
terms_abstract_tfidf__increasing,0.08136575649077762
terms_abstract_tfidf__increasingly,0.1256035360597556
terms_abstract_tfidf__independent,-0.213186584445045
terms_abstract_tfidf__independent component,-0.2603853858658208
terms_abstract_tfidf__independently,0.06770587041807365
terms_abstract_tfidf__index,0.41297384354291716
terms_abstract_tfidf__index finger,0.513713527074786
terms_abstract_tfidf__indexed,-0.0690753520934073
terms_abstract_tfidf__indicate,-0.05750607223678013
terms_abstract_tfidf__indicated,-0.011010903103413641
terms_abstract_tfidf__indicates,0.10311591284524244
terms_abstract_tfidf__indicating,0.08751016085564688
terms_abstract_tfidf__indices,-0.07487765293825725
terms_abstract_tfidf__indirect,-0.19368580916778774
terms_abstract_tfidf__individual,-0.058080265186904664
terms_abstract_tfidf__individual variability,0.07873720919391326
terms_abstract_tfidf__individually,0.10249819715110241
terms_abstract_tfidf__individuals,-0.3078546661699078
terms_abstract_tfidf__induce,0.1976605166832354
terms_abstract_tfidf__induced,0.29589144117551647
terms_abstract_tfidf__induces,0.1953708031125568
terms_abstract_tfidf__inducing,-0.008449441182026675
terms_abstract_tfidf__induction,0.12457312556795358
terms_abstract_tfidf__infer,-0.18287257178119154
terms_abstract_tfidf__inference,-0.19257555239864044
terms_abstract_tfidf__inferences,-0.3421727199869849
terms_abstract_tfidf__inferior,0.03560418793678095
terms_abstract_tfidf__inferior frontal,-0.0866098599617836
terms_abstract_tfidf__inferior middle,-0.018895619350443222
terms_abstract_tfidf__inferior occipital,0.01684613911653926
terms_abstract_tfidf__inferior parietal,0.2444114718697165
terms_abstract_tfidf__inferior prefrontal,-0.1235205292957546
terms_abstract_tfidf__inferior superior,0.2718267371528388
terms_abstract_tfidf__inferior temporal,-0.15906801911110488
terms_abstract_tfidf__influence,-0.07347768646956174
terms_abstract_tfidf__influenced,-0.025351843164371293
terms_abstract_tfidf__influences,-0.11326751950029143
terms_abstract_tfidf__inform,-0.21113812875975313
terms_abstract_tfidf__information,-0.07825604976565392
terms_abstract_tfidf__inhibit,0.06486657789700052
terms_abstract_tfidf__inhibition,0.11401332687208005
terms_abstract_tfidf__inhibitory,0.13659189931511595
terms_abstract_tfidf__inhibitory control,-0.031068054868731564
terms_abstract_tfidf__initial,-0.11744492953681672
terms_abstract_tfidf__initially,-0.11133764911975745
terms_abstract_tfidf__initiation,0.2626552136027514
terms_abstract_tfidf__injury,0.3002140659970922
terms_abstract_tfidf__input,0.29821449264696276
terms_abstract_tfidf__inputs,0.23335384050764846
terms_abstract_tfidf__insight,-0.014402724836311918
terms_abstract_tfidf__insights,-0.05834057999455101
terms_abstract_tfidf__instead,-0.04207165257192877
terms_abstract_tfidf__instructed,0.037460150322859355
terms_abstract_tfidf__instruction,0.03410117875767674
terms_abstract_tfidf__instructions,-0.16636777613838438
terms_abstract_tfidf__insula,0.06258019741131725
terms_abstract_tfidf__insula anterior,0.07101126833261298
terms_abstract_tfidf__insula inferior,0.0350001260855064
terms_abstract_tfidf__insular,0.17767530589165012
terms_abstract_tfidf__insular cortex,0.21313841234630843
terms_abstract_tfidf__intact,-0.07857215733024807
terms_abstract_tfidf__integrate,0.12098910406404995
terms_abstract_tfidf__integrated,-0.05247054766046919
terms_abstract_tfidf__integrating,-0.04157052673073619
terms_abstract_tfidf__integration,0.031976062436084134
terms_abstract_tfidf__integrative,-0.10600810832233674
terms_abstract_tfidf__integrity,-0.044420048718429216
terms_abstract_tfidf__intelligence,-0.09134446062766713
terms_abstract_tfidf__intense,0.03971420263422034
terms_abstract_tfidf__intensity,0.17013986401372078
terms_abstract_tfidf__intention,-0.28825827371755375
terms_abstract_tfidf__intentional,-0.1074598427055027
terms_abstract_tfidf__intentions,-0.27462638600907685
terms_abstract_tfidf__inter,0.06713056524928764
terms_abstract_tfidf__inter individual,0.051129911585714914
terms_abstract_tfidf__interact,-0.02699101546310794
terms_abstract_tfidf__interacting,-0.10432827526261056
terms_abstract_tfidf__interaction,-0.1628780525598534
terms_abstract_tfidf__interactions,-0.2129972360081019
terms_abstract_tfidf__interactive,-0.10091232896865668
terms_abstract_tfidf__interacts,0.0638731688839326
terms_abstract_tfidf__interestingly,0.13046194330414249
terms_abstract_tfidf__interference,0.20925609134791032
terms_abstract_tfidf__interhemispheric,0.15565973551410903
terms_abstract_tfidf__intermediate,-0.14222398296862987
terms_abstract_tfidf__internal,0.03751975501138915
terms_abstract_tfidf__internally,-0.18531563834090772
terms_abstract_tfidf__interoceptive,0.08935397309421136
terms_abstract_tfidf__interpersonal,-0.20621197168577735
terms_abstract_tfidf__interplay,0.14253944354153666
terms_abstract_tfidf__interpret,0.10276552907125935
terms_abstract_tfidf__interpretation,-0.02283225497666544
terms_abstract_tfidf__interpreted,0.0855738895323294
terms_abstract_tfidf__interval,0.3049078362364864
terms_abstract_tfidf__intervals,0.18033207310163568
terms_abstract_tfidf__intervention,-0.050288698723561696
terms_abstract_tfidf__interventions,-0.04961202090141755
terms_abstract_tfidf__intra,0.043012988686685176
terms_abstract_tfidf__intraparietal,0.3805004244828235
terms_abstract_tfidf__intraparietal sulcus,0.38697965618466906
terms_abstract_tfidf__intrinsic,-0.20822496663630055
terms_abstract_tfidf__intrinsic functional,-0.23196557771805157
terms_abstract_tfidf__introduced,0.2237619603209479
terms_abstract_tfidf__introduction,-0.0024078115633940377
terms_abstract_tfidf__invariant,-0.010879236883554676
terms_abstract_tfidf__invasive,0.17092366812159837
terms_abstract_tfidf__inventory,-0.1677212586263802
terms_abstract_tfidf__inverse,-0.011109504146026707
terms_abstract_tfidf__inversely,-0.07452124890105032
terms_abstract_tfidf__investigates,0.03690212313198482
terms_abstract_tfidf__investigating,-0.22487492048804714
terms_abstract_tfidf__investigation,-0.14980752134366623
terms_abstract_tfidf__investigations,-0.047617612649406935
terms_abstract_tfidf__involve,0.005083848956918446
terms_abstract_tfidf__involved,0.23542201234078042
terms_abstract_tfidf__involved cognitive,-0.181765743691444
terms_abstract_tfidf__involvement,0.2164369068459276
terms_abstract_tfidf__involves,-0.03526305940167795
terms_abstract_tfidf__involving,0.02332201535014461
terms_abstract_tfidf__ipl,0.1439610656856685
terms_abstract_tfidf__ips,0.2670769369981973
terms_abstract_tfidf__ipsilateral,0.5720383867286858
terms_abstract_tfidf__iq,-0.15275242429579125
terms_abstract_tfidf__irrelevant,0.050687690103734
terms_abstract_tfidf__irrespective,0.023596098707583193
terms_abstract_tfidf__isolate,0.13618560817529143
terms_abstract_tfidf__isolated,0.05067490926985851
terms_abstract_tfidf__issue,-0.13678846292386762
terms_abstract_tfidf__issues,-0.0981780568555663
terms_abstract_tfidf__item,-0.13867119003568737
terms_abstract_tfidf__items,-0.18615183448602787
terms_abstract_tfidf__iv,0.11566034129522379
terms_abstract_tfidf__joint,0.17596695161414383
terms_abstract_tfidf__judge,-0.1834501517726475
terms_abstract_tfidf__judged,-0.10984629172787172
terms_abstract_tfidf__judgment,-0.31174776582559294
terms_abstract_tfidf__judgment task,-0.1375634184485067
terms_abstract_tfidf__judgments,-0.38256766403196907
terms_abstract_tfidf__junction,-0.2241164236095978
terms_abstract_tfidf__junction tpj,-0.18200257380652934
terms_abstract_tfidf__just,0.08175699756294555
terms_abstract_tfidf__key,-0.2053825140632333
terms_abstract_tfidf__key role,-0.050759579954314585
terms_abstract_tfidf__kinds,-0.11990935316427374
terms_abstract_tfidf__know,-0.22127013427688616
terms_abstract_tfidf__knowledge,-0.3295964573925179
terms_abstract_tfidf__known,-0.01205088157903008
terms_abstract_tfidf__known involved,0.20522959054118017
terms_abstract_tfidf__labeling,0.009175981800821378
terms_abstract_tfidf__laboratory,-0.15013346880079004
terms_abstract_tfidf__lack,0.06270258930092552
terms_abstract_tfidf__lacking,-0.04263197398463408
terms_abstract_tfidf__language,-0.15992044836968516
terms_abstract_tfidf__language comprehension,-0.25737396631495235
terms_abstract_tfidf__language network,-0.157956961631688
terms_abstract_tfidf__languages,-0.0650612959639445
terms_abstract_tfidf__large,-0.11762753554052868
terms_abstract_tfidf__large sample,-0.10176273983842818
terms_abstract_tfidf__large scale,-0.2585826945502321
terms_abstract_tfidf__largely,-0.04154363061108834
terms_abstract_tfidf__largely unknown,-0.04008641196096765
terms_abstract_tfidf__larger,0.16014072410072994
terms_abstract_tfidf__late,-0.04631330201991808
terms_abstract_tfidf__latencies,0.23578687069127893
terms_abstract_tfidf__latency,0.11592561610308842
terms_abstract_tfidf__later,-0.15259316532104858
terms_abstract_tfidf__lateral,-0.1495413379978416
terms_abstract_tfidf__lateral frontal,-0.009856791124803425
terms_abstract_tfidf__lateral medial,-0.06323629268207467
terms_abstract_tfidf__lateral occipital,0.14863074092728928
terms_abstract_tfidf__lateral orbitofrontal,-0.3143686797588822
terms_abstract_tfidf__lateral parietal,-0.2660204071493536
terms_abstract_tfidf__lateral prefrontal,-0.10210112485671984
terms_abstract_tfidf__lateral temporal,-0.42250655501528034
terms_abstract_tfidf__laterality,0.2369111353266632
terms_abstract_tfidf__lateralization,0.11700068852769166
terms_abstract_tfidf__lateralized,0.14593294387450764
terms_abstract_tfidf__lead,0.06730434407421647
terms_abstract_tfidf__leading,0.15069804691002553
terms_abstract_tfidf__leads,0.07671426026045045
terms_abstract_tfidf__learn,-0.04930332244750257
terms_abstract_tfidf__learned,0.058196415641837154
terms_abstract_tfidf__learning,0.14361584735556446
terms_abstract_tfidf__learning task,-0.08501938388988795
terms_abstract_tfidf__led,0.151298153523257
terms_abstract_tfidf__length,0.09848987432259597
terms_abstract_tfidf__lesion,0.157940634237601
terms_abstract_tfidf__lesions,0.08721910845937135
terms_abstract_tfidf__lesser,0.14130373204450392
terms_abstract_tfidf__letter,0.08502899789913373
terms_abstract_tfidf__letters,0.13664456296467828
terms_abstract_tfidf__level,0.07741887999899137
terms_abstract_tfidf__level bold,0.14278943699563126
terms_abstract_tfidf__level signal,0.02788887252847166
terms_abstract_tfidf__levels,-0.04327395224013886
terms_abstract_tfidf__lexical,-0.13437866159097453
terms_abstract_tfidf__lexical decision,-0.08588345011815779
terms_abstract_tfidf__life,-0.34056445735293245
terms_abstract_tfidf__light,-0.03688218282914629
terms_abstract_tfidf__like,-0.09114713547822682
terms_abstract_tfidf__likelihood,0.027550200955995415
terms_abstract_tfidf__likely,0.17845977140162342
terms_abstract_tfidf__limb,0.519742580019629
terms_abstract_tfidf__limbic,-0.19219071252099984
terms_abstract_tfidf__limitations,-0.12059646341440061
terms_abstract_tfidf__limited,0.010772345960287835
terms_abstract_tfidf__line,0.06427367229877262
terms_abstract_tfidf__linear,0.15331592953002934
terms_abstract_tfidf__linear model,0.20576897860574422
terms_abstract_tfidf__linearly,0.006605447944033761
terms_abstract_tfidf__lingual,0.028994959626567514
terms_abstract_tfidf__lingual gyrus,-0.003614359882362397
terms_abstract_tfidf__linguistic,-0.21843467835092023
terms_abstract_tfidf__link,-0.14695486794908497
terms_abstract_tfidf__linked,-0.24518833320571146
terms_abstract_tfidf__linking,-0.043129247049714124
terms_abstract_tfidf__links,-0.012671119303379807
terms_abstract_tfidf__list,-0.026551014567921347
terms_abstract_tfidf__listened,-0.13716870373167686
terms_abstract_tfidf__listening,-0.089805552657726
terms_abstract_tfidf__literature,-0.0969891890365292
terms_abstract_tfidf__little,-0.13775185452850272
terms_abstract_tfidf__little known,-0.15409391863968966
terms_abstract_tfidf__load,0.08153666625578132
terms_abstract_tfidf__lobe,-0.23799460166306027
terms_abstract_tfidf__lobe mtl,-0.203529474960007
terms_abstract_tfidf__lobes,-0.25845552320997583
terms_abstract_tfidf__lobule,0.4106160286299846
terms_abstract_tfidf__lobule ipl,0.1155947676200783
terms_abstract_tfidf__lobules,0.2750885669567182
terms_abstract_tfidf__local,0.08953598768834964
terms_abstract_tfidf__localization,0.17297966070352624
terms_abstract_tfidf__localize,0.20785357234391114
terms_abstract_tfidf__localized,0.2543174820818948
terms_abstract_tfidf__located,0.24970813138080905
terms_abstract_tfidf__location,0.32486770295905754
terms_abstract_tfidf__locations,0.20485764667322065
terms_abstract_tfidf__locus,0.1893927833537343
terms_abstract_tfidf__long,-0.09527398143455379
terms_abstract_tfidf__long term,-0.2361533767460573
terms_abstract_tfidf__longer,0.16913557679309787
terms_abstract_tfidf__longitudinal,0.07434796225864443
terms_abstract_tfidf__loop,0.22129413856983504
terms_abstract_tfidf__loss,-0.10977837200082013
terms_abstract_tfidf__losses,-0.1479056290595851
terms_abstract_tfidf__low,-0.15034753540351523
terms_abstract_tfidf__low frequency,-0.08107002946102196
terms_abstract_tfidf__low high,0.08978819948087932
terms_abstract_tfidf__low level,0.041593425953688236
terms_abstract_tfidf__lower,0.1289605520949441
terms_abstract_tfidf__m1,0.507184210584819
terms_abstract_tfidf__machine,-0.0353195919601576
terms_abstract_tfidf__magnetic,0.4059755486028184
terms_abstract_tfidf__magnetic resonance,0.36529639984948803
terms_abstract_tfidf__magnetic stimulation,0.4551092016952658
terms_abstract_tfidf__magnetoencephalography,0.12924402105951677
terms_abstract_tfidf__magnitude,0.1053930732727315
terms_abstract_tfidf__main,0.11673012202875621
terms_abstract_tfidf__main effect,0.03431226580295847
terms_abstract_tfidf__mainly,0.17454914985245742
terms_abstract_tfidf__maintain,0.14018547881862103
terms_abstract_tfidf__maintained,0.11641433728125394
terms_abstract_tfidf__maintaining,0.1823181758129438
terms_abstract_tfidf__maintenance,0.07113601595692218
terms_abstract_tfidf__major,-0.24356384800829148
terms_abstract_tfidf__major depression,-0.19920501987249864
terms_abstract_tfidf__major depressive,-0.30308912101913904
terms_abstract_tfidf__majority,0.08336053688346137
terms_abstract_tfidf__make,-0.11820802988996083
terms_abstract_tfidf__making,-0.18981350414639306
terms_abstract_tfidf__male,-0.09651181931626174
terms_abstract_tfidf__male female,-0.13771727243124665
terms_abstract_tfidf__males,0.00345800503003569
terms_abstract_tfidf__manifest,-0.12471904057977143
terms_abstract_tfidf__manipulated,-0.04106063113487029
terms_abstract_tfidf__manipulating,-0.17819337104941552
terms_abstract_tfidf__manipulation,0.25028109060517056
terms_abstract_tfidf__manipulations,0.05182578349858859
terms_abstract_tfidf__manner,0.08002298739286184
terms_abstract_tfidf__manual,0.3667539017274577
terms_abstract_tfidf__map,0.12484359788279714
terms_abstract_tfidf__mapp,0.05198571723820995
terms_abstract_tfidf__mapped,0.15032161063830438
terms_abstract_tfidf__mapping,0.13213257096472084
terms_abstract_tfidf__maps,0.15199473603222785
terms_abstract_tfidf__marked,0.07230104744245709
terms_abstract_tfidf__marker,-0.10899400121245378
terms_abstract_tfidf__markers,-0.10947132815357616
terms_abstract_tfidf__masked,-0.12138394514703839
terms_abstract_tfidf__mass,0.01472381964448954
terms_abstract_tfidf__match,0.04896975710902626
terms_abstract_tfidf__matching,-0.03917183756344657
terms_abstract_tfidf__matching task,-0.16136330153841394
terms_abstract_tfidf__material,-0.2151120406575588
terms_abstract_tfidf__materials,-0.08557722833485053
terms_abstract_tfidf__matrix,0.11585559438884732
terms_abstract_tfidf__matter,-0.12071364617934283
terms_abstract_tfidf__matter density,-0.06671735700280391
terms_abstract_tfidf__matter gm,-0.09075682458720821
terms_abstract_tfidf__matter volume,-0.09649455618006207
terms_abstract_tfidf__matter volumes,-0.1443502288771902
terms_abstract_tfidf__maturation,-0.11836110496100284
terms_abstract_tfidf__maximal,0.10615706629909577
terms_abstract_tfidf__maximum,0.1622612245727968
terms_abstract_tfidf__mci,-0.21786017207910602
terms_abstract_tfidf__mdd,-0.25348763955904724
terms_abstract_tfidf__mean,0.07834382962547999
terms_abstract_tfidf__mean age,-0.020228959778794714
terms_abstract_tfidf__meaning,-0.25283424853926795
terms_abstract_tfidf__meaningful,-0.036348415488751167
terms_abstract_tfidf__means,0.07632970929124026
terms_abstract_tfidf__measure,0.051815648642008695
terms_abstract_tfidf__measurement,0.06449870855634182
terms_abstract_tfidf__measurements,0.11367248084313616
terms_abstract_tfidf__measures,0.029873167611680056
terms_abstract_tfidf__measuring,0.07412607160110363
terms_abstract_tfidf__mechanism,0.06198869436506977
terms_abstract_tfidf__mechanisms,0.03339339305746103
terms_abstract_tfidf__mechanisms involved,0.03902771425349043
terms_abstract_tfidf__mechanisms underlying,-0.045243640062718
terms_abstract_tfidf__medial,-0.5409775521647109
terms_abstract_tfidf__medial frontal,-0.2216822161514223
terms_abstract_tfidf__medial lateral,-0.31952250429854734
terms_abstract_tfidf__medial orbitofrontal,-0.2517764580082417
terms_abstract_tfidf__medial pfc,-0.32954721926724845
terms_abstract_tfidf__medial prefrontal,-0.5355754922087709
terms_abstract_tfidf__medial superior,-0.052539001006268786
terms_abstract_tfidf__medial temporal,-0.28222057435578435
terms_abstract_tfidf__median,0.3326567857932621
terms_abstract_tfidf__mediate,-0.009452742838337953
terms_abstract_tfidf__mediated,-0.007824739490233663
terms_abstract_tfidf__mediates,-0.06816595206482527
terms_abstract_tfidf__mediating,-0.03387467747654473
terms_abstract_tfidf__medication,-0.004389019271876482
terms_abstract_tfidf__meg,0.15316350519150312
terms_abstract_tfidf__memories,-0.4319842173217442
terms_abstract_tfidf__memory,-0.27013443628995426
terms_abstract_tfidf__memory encoding,-0.14639690468568511
terms_abstract_tfidf__memory load,0.04581658840312042
terms_abstract_tfidf__memory performance,-0.22372796963824698
terms_abstract_tfidf__memory processes,-0.12710862809922358
terms_abstract_tfidf__memory retrieval,-0.38647403969351385
terms_abstract_tfidf__memory task,-0.11925935789146122
terms_abstract_tfidf__memory tasks,-0.05123353729872219
terms_abstract_tfidf__memory test,-0.26364246150003123
terms_abstract_tfidf__memory wm,0.15341211726341436
terms_abstract_tfidf__men,-0.06057851561324587
terms_abstract_tfidf__men women,-0.12452522719053676
terms_abstract_tfidf__mental,-0.1975577361546024
terms_abstract_tfidf__mental imagery,0.15414555555846013
terms_abstract_tfidf__mental state,-0.4233918505221675
terms_abstract_tfidf__mental states,-0.42167079163107557
terms_abstract_tfidf__mentalizing,-0.3754015222141411
terms_abstract_tfidf__mesial,0.0401567263363078
terms_abstract_tfidf__mesolimbic,-0.07595572183766323
terms_abstract_tfidf__met,-0.15016081890200303
terms_abstract_tfidf__metabolic,-0.13197773112625355
terms_abstract_tfidf__metabolism,-0.08730722606249083
terms_abstract_tfidf__method,-0.0711771650240962
terms_abstract_tfidf__methodological,0.08118710152485284
terms_abstract_tfidf__methodology,-0.021633235153168284
terms_abstract_tfidf__methodology principal,-0.08268424801362417
terms_abstract_tfidf__methods,-0.1422981768742752
terms_abstract_tfidf__methods functional,-0.07096384996420513
terms_abstract_tfidf__mfg,-0.1255005227580094
terms_abstract_tfidf__mg,-0.0041324886755206595
terms_abstract_tfidf__mid,0.005176374294531582
terms_abstract_tfidf__midbrain,0.06962641106455393
terms_abstract_tfidf__middle,-0.2733137969291475
terms_abstract_tfidf__middle cingulate,-0.010079825272235936
terms_abstract_tfidf__middle frontal,-0.07459288710489675
terms_abstract_tfidf__middle inferior,-0.06020417690221242
terms_abstract_tfidf__middle occipital,0.08124727782078128
terms_abstract_tfidf__middle superior,-0.043004391494685504
terms_abstract_tfidf__middle temporal,-0.35864551938673433
terms_abstract_tfidf__midline,-0.27936938665811767
terms_abstract_tfidf__mild,-0.1998964947026
terms_abstract_tfidf__mild cognitive,-0.32218293347937893
terms_abstract_tfidf__min,0.08950350810077043
terms_abstract_tfidf__mind,-0.4942901017776727
terms_abstract_tfidf__mind tom,-0.4006788209434106
terms_abstract_tfidf__minimal,0.10074885549637526
terms_abstract_tfidf__mirror,0.3637378856507406
terms_abstract_tfidf__mirror neuron,0.2512145036761499
terms_abstract_tfidf__mixed,-0.03648680238199542
terms_abstract_tfidf__mm,0.02751772659375535
terms_abstract_tfidf__mnemonic,-0.10905358856613666
terms_abstract_tfidf__modal,0.15711655632764104
terms_abstract_tfidf__modalities,0.0828602557138549
terms_abstract_tfidf__modality,0.06904537833238107
terms_abstract_tfidf__mode,-0.37566917205511424
terms_abstract_tfidf__mode network,-0.39965502159148353
terms_abstract_tfidf__model,0.20670553034370123
terms_abstract_tfidf__modeling,0.24721453637254565
terms_abstract_tfidf__models,-0.05631653362962849
terms_abstract_tfidf__moderate,0.09748758699594383
terms_abstract_tfidf__modified,-0.001860435097958651
terms_abstract_tfidf__modulate,-0.08438039401864138
terms_abstract_tfidf__modulated,-0.12995346984792627
terms_abstract_tfidf__modulates,0.05216244992480035
terms_abstract_tfidf__modulating,-0.0720382220947783
terms_abstract_tfidf__modulation,0.052025881022022255
terms_abstract_tfidf__modulations,0.1692402201903517
terms_abstract_tfidf__modulatory,0.08555812634287978
terms_abstract_tfidf__monetary,-0.09618936047425873
terms_abstract_tfidf__monetary incentive,0.024130900788639234
terms_abstract_tfidf__monetary reward,-0.025220834411055788
terms_abstract_tfidf__money,-0.17348269317361675
terms_abstract_tfidf__monitor,0.12481164299188753
terms_abstract_tfidf__monitored,0.049778765434039154
terms_abstract_tfidf__monitoring,0.034169038678811194
terms_abstract_tfidf__monkey,0.3466042659947473
terms_abstract_tfidf__monkeys,0.20759681893628965
terms_abstract_tfidf__months,-0.007638986883769217
terms_abstract_tfidf__mood,-0.29988564686124136
terms_abstract_tfidf__moral,-0.4233235707339656
terms_abstract_tfidf__morphological,-0.07128259568175041
terms_abstract_tfidf__morphology,-0.10919661091808175
terms_abstract_tfidf__morphometry,-0.14113847760890602
terms_abstract_tfidf__morphometry vbm,-0.1586732497360735
terms_abstract_tfidf__motion,0.14787334084474785
terms_abstract_tfidf__motivation,-0.09904611890167961
terms_abstract_tfidf__motivational,-0.08738062597347865
terms_abstract_tfidf__motor,0.6154068626635483
terms_abstract_tfidf__motor control,0.4534022607717388
terms_abstract_tfidf__motor cortex,0.5604486341925276
terms_abstract_tfidf__motor function,0.4488229783904314
terms_abstract_tfidf__motor imagery,0.542300176879004
terms_abstract_tfidf__motor network,0.4454462496417696
terms_abstract_tfidf__motor performance,0.45294852028282073
terms_abstract_tfidf__motor pre,0.20505456894393434
terms_abstract_tfidf__motor premotor,0.4634489727457953
terms_abstract_tfidf__motor response,0.24187573801348528
terms_abstract_tfidf__motor responses,0.29221753905505177
terms_abstract_tfidf__motor sma,0.47232605910262904
terms_abstract_tfidf__motor task,0.4750301175830587
terms_abstract_tfidf__movement,0.5879210309887526
terms_abstract_tfidf__movements,0.5862775988031331
terms_abstract_tfidf__moving,0.3315186338783946
terms_abstract_tfidf__mpfc,-0.489739817013767
terms_abstract_tfidf__mr,0.3188960705176084
terms_abstract_tfidf__ms,0.18199221966963283
terms_abstract_tfidf__mt,0.20617959388159862
terms_abstract_tfidf__mtg,-0.31237283478290795
terms_abstract_tfidf__mtl,-0.21900167691036052
terms_abstract_tfidf__multi,0.17185750492258095
terms_abstract_tfidf__multimodal,-0.09916812846115933
terms_abstract_tfidf__multiple,0.025844674302222516
terms_abstract_tfidf__multiple comparisons,-0.09814023196053831
terms_abstract_tfidf__multiple sclerosis,0.25301003380772646
terms_abstract_tfidf__multisensory,0.2757450538086612
terms_abstract_tfidf__multivariate,-0.19710999942446447
terms_abstract_tfidf__multivariate pattern,-0.07614248611166395
terms_abstract_tfidf__muscle,0.44307217249044445
terms_abstract_tfidf__music,-0.010429185920736585
terms_abstract_tfidf__musical,-0.005163672050630728
terms_abstract_tfidf__musicians,0.26461741035888603
terms_abstract_tfidf__naive,-0.027945457125850507
terms_abstract_tfidf__names,-0.17553108972366277
terms_abstract_tfidf__naming,0.09161649334860861
terms_abstract_tfidf__native,-0.028829992179445936
terms_abstract_tfidf__natural,-0.15889264850760804
terms_abstract_tfidf__naturalistic,-0.21805679272643097
terms_abstract_tfidf__nature,-0.0895390627606409
terms_abstract_tfidf__navigation,0.0378629437515069
terms_abstract_tfidf__near,0.18475323775609617
terms_abstract_tfidf__necessary,0.055805130589041525
terms_abstract_tfidf__need,0.008653381102392062
terms_abstract_tfidf__needed,-0.03220650413421289
terms_abstract_tfidf__needs,0.034138681580853654
terms_abstract_tfidf__negative,-0.375048882182245
terms_abstract_tfidf__negative affect,-0.2671737049178954
terms_abstract_tfidf__negative correlation,-0.0596870846226337
terms_abstract_tfidf__negative correlations,-0.06388303128708547
terms_abstract_tfidf__negative emotional,-0.23176240261802325
terms_abstract_tfidf__negative emotions,-0.13427489100949816
terms_abstract_tfidf__negative feedback,-0.1689637212531602
terms_abstract_tfidf__negative neutral,-0.2973479474845822
terms_abstract_tfidf__negative positive,-0.27557838396327694
terms_abstract_tfidf__negatively,-0.2529470780311533
terms_abstract_tfidf__negatively correlated,-0.11353983631641501
terms_abstract_tfidf__negativity,-0.18864440357052925
terms_abstract_tfidf__neocortical,-0.19866268538879372
terms_abstract_tfidf__nerve,0.2993388495364336
terms_abstract_tfidf__nervous,0.27658508699726375
terms_abstract_tfidf__network,-0.05640424865116989
terms_abstract_tfidf__network connectivity,-0.11558760173143265
terms_abstract_tfidf__network dmn,-0.41504334144047583
terms_abstract_tfidf__network involved,0.12115044379803079
terms_abstract_tfidf__networks,-0.14127462486337528
terms_abstract_tfidf__networks involved,-0.0017380919812950695
terms_abstract_tfidf__neuro,-0.022401760922065108
terms_abstract_tfidf__neuroanatomical,-0.13852381188400553
terms_abstract_tfidf__neuroanatomy,0.1215250353873318
terms_abstract_tfidf__neurobiological,-0.18523505905707113
terms_abstract_tfidf__neurobiology,-0.2510296963679477
terms_abstract_tfidf__neurocognitive,-0.24126691916898813
terms_abstract_tfidf__neurodegenerative,0.004951126573654995
terms_abstract_tfidf__neurodevelopmental,-0.12965975089728904
terms_abstract_tfidf__neurofunctional,-0.01296770045369016
terms_abstract_tfidf__neurological,0.18545294342221239
terms_abstract_tfidf__neuron,0.2425805868662088
terms_abstract_tfidf__neuronal,0.24569022229008322
terms_abstract_tfidf__neurons,0.4052022892401761
terms_abstract_tfidf__neurophysiological,0.20167018964571523
terms_abstract_tfidf__neuropsychiatric,-0.17513668692628673
terms_abstract_tfidf__neuropsychological,-0.12790956218982258
terms_abstract_tfidf__neuroscience,-0.17954617825620048
terms_abstract_tfidf__neutral,-0.3529248090136931
terms_abstract_tfidf__neutral faces,-0.1473005981314525
terms_abstract_tfidf__neutral pictures,-0.21783209048480628
terms_abstract_tfidf__neutral stimuli,-0.2564137913257217
terms_abstract_tfidf__new,0.006634054088810217
terms_abstract_tfidf__new insights,0.10052674543291429
terms_abstract_tfidf__newly,-0.07338660775905195
terms_abstract_tfidf__nineteen,-0.11656952731007908
terms_abstract_tfidf__nociceptive,0.2971159377045873
terms_abstract_tfidf__node,-0.20268851543590233
terms_abstract_tfidf__nodes,-0.15513273192006705
terms_abstract_tfidf__nogo,0.06043963572346569
terms_abstract_tfidf__noise,0.01172064339863723
terms_abstract_tfidf__non,0.05736708008469695
terms_abstract_tfidf__normal,0.08053857289526813
terms_abstract_tfidf__normal controls,-0.07856114561483149
terms_abstract_tfidf__normalized,0.07825523831045487
terms_abstract_tfidf__normally,0.12065566299463129
terms_abstract_tfidf__notably,-0.1469600044393541
terms_abstract_tfidf__noted,-0.09057983631990918
terms_abstract_tfidf__notion,0.12311760453508275
terms_abstract_tfidf__nouns,-0.16772908837471054
terms_abstract_tfidf__novel,-0.17133270781468748
terms_abstract_tfidf__novelty,-0.08684877962588265
terms_abstract_tfidf__noxious,0.15348219903728288
terms_abstract_tfidf__nuclei,0.1472931068475452
terms_abstract_tfidf__nucleus,0.08055635801769169
terms_abstract_tfidf__nucleus accumbens,-0.08584769145820509
terms_abstract_tfidf__number,0.12207450120928451
terms_abstract_tfidf__numbers,0.17722334265109033
terms_abstract_tfidf__numerical,0.15967887326387667
terms_abstract_tfidf__numerous,-0.10155261468059368
terms_abstract_tfidf__object,0.18608435038922763
terms_abstract_tfidf__object recognition,0.06391868038509374
terms_abstract_tfidf__objective,0.08218760408788983
terms_abstract_tfidf__objectives,-0.05900110388459347
terms_abstract_tfidf__objects,0.08079243557583049
terms_abstract_tfidf__observation,0.3715903630894455
terms_abstract_tfidf__observations,0.04264567507805639
terms_abstract_tfidf__observer,0.17532898407457395
terms_abstract_tfidf__observers,0.04524910251265923
terms_abstract_tfidf__observing,0.15709339909973136
terms_abstract_tfidf__obsessive,-0.08910925031353067
terms_abstract_tfidf__obsessive compulsive,-0.08754424107591523
terms_abstract_tfidf__obtain,-0.044529108097867906
terms_abstract_tfidf__obtained,0.05969272560085105
terms_abstract_tfidf__occipital,0.1305677134900745
terms_abstract_tfidf__occipital cortex,0.14068874462104636
terms_abstract_tfidf__occipital gyrus,0.054055312130600185
terms_abstract_tfidf__occipital lobe,-0.06307346680620698
terms_abstract_tfidf__occipital parietal,0.11911032231697476
terms_abstract_tfidf__occipital temporal,-0.0494208999649584
terms_abstract_tfidf__occipito,0.1381618808271252
terms_abstract_tfidf__occipito temporal,0.10472501661579135
terms_abstract_tfidf__occipitotemporal,0.07779785690848284
terms_abstract_tfidf__occipitotemporal cortex,0.052678571018013896
terms_abstract_tfidf__occur,-0.1048891555615481
terms_abstract_tfidf__occurred,0.02304569202675397
terms_abstract_tfidf__occurrence,0.022595075541339233
terms_abstract_tfidf__occurring,0.0997187699425701
terms_abstract_tfidf__occurs,0.07042136825074852
terms_abstract_tfidf__ocd,-0.10363259649681396
terms_abstract_tfidf__oddball,0.07733711471487803
terms_abstract_tfidf__ofc,-0.319451356603629
terms_abstract_tfidf__offer,-0.038582670989545306
terms_abstract_tfidf__offers,-0.03131661662441625
terms_abstract_tfidf__old,-0.1741712129446484
terms_abstract_tfidf__older,-0.18012044024253643
terms_abstract_tfidf__older adults,-0.15754746510710446
terms_abstract_tfidf__olfactory,0.039752423380219414
terms_abstract_tfidf__ones,0.04278911887887772
terms_abstract_tfidf__ongoing,-0.05421241785200058
terms_abstract_tfidf__online,0.12512205228418324
terms_abstract_tfidf__onset,0.20359231953055093
terms_abstract_tfidf__open,-0.02990737459537743
terms_abstract_tfidf__operation,0.18763635802985904
terms_abstract_tfidf__operations,0.12414011366319638
terms_abstract_tfidf__opercular,0.2456840921308674
terms_abstract_tfidf__opercularis,0.11165921256063449
terms_abstract_tfidf__operculum,0.2783199815190048
terms_abstract_tfidf__opportunity,-0.06614807641380549
terms_abstract_tfidf__opposed,-0.010130243514762828
terms_abstract_tfidf__opposite,0.07790368574284125
terms_abstract_tfidf__optimal,-0.1407535593333623
terms_abstract_tfidf__optimized,-0.02530851905842468
terms_abstract_tfidf__options,-0.216907540813408
terms_abstract_tfidf__oral,0.2137985142899205
terms_abstract_tfidf__orbital,-0.29398454330388046
terms_abstract_tfidf__orbitofrontal,-0.3261368418724096
terms_abstract_tfidf__orbitofrontal cortex,-0.3126765600146009
terms_abstract_tfidf__order,0.17271666772333877
terms_abstract_tfidf__organization,0.22389417817375507
terms_abstract_tfidf__organized,0.0009654723589654023
terms_abstract_tfidf__orientation,0.16947155625687868
terms_abstract_tfidf__oriented,-0.01048290757157108
terms_abstract_tfidf__orienting,0.18910869919029336
terms_abstract_tfidf__origin,0.20556793162479114
terms_abstract_tfidf__original,0.03660628642877642
terms_abstract_tfidf__orthographic,0.008587178662891824
terms_abstract_tfidf__oscillations,0.0941905866135955
terms_abstract_tfidf__outcome,-0.14358817879708072
terms_abstract_tfidf__outcomes,-0.2643575785830099
terms_abstract_tfidf__output,0.4149712624374462
terms_abstract_tfidf__outside,-0.016863574063538212
terms_abstract_tfidf__outside scanner,0.08611087455158345
terms_abstract_tfidf__overall,-0.15592831777783328
terms_abstract_tfidf__overcome,0.005017136103102947
terms_abstract_tfidf__overlap,0.03233217658709481
terms_abstract_tfidf__overlapped,0.024872476687347392
terms_abstract_tfidf__overlapping,0.1273358989195365
terms_abstract_tfidf__overt,0.277432985732829
terms_abstract_tfidf__oxygen,0.1400913104497168
terms_abstract_tfidf__oxygen level,0.14719263496021537
terms_abstract_tfidf__oxygenation,-0.0009755775833593474
terms_abstract_tfidf__oxygenation level,0.012316675462955208
terms_abstract_tfidf__paced,0.4659094522528753
terms_abstract_tfidf__pain,0.23645492265389614
terms_abstract_tfidf__painful,0.29346443488813656
terms_abstract_tfidf__pair,0.054489343462388075
terms_abstract_tfidf__paired,-0.122342578453394
terms_abstract_tfidf__pairs,-0.18881631745475905
terms_abstract_tfidf__pallidus,0.22121093409872686
terms_abstract_tfidf__paper,0.03783437338024854
terms_abstract_tfidf__paradigm,-0.04738653192939822
terms_abstract_tfidf__paradigms,-0.07963866255705729
terms_abstract_tfidf__parahippocampal,-0.24789642088520192
terms_abstract_tfidf__parahippocampal cortex,-0.14876204104837815
terms_abstract_tfidf__parahippocampal gyrus,-0.22743491919538505
terms_abstract_tfidf__parahippocampus,-0.19931654390815898
terms_abstract_tfidf__paralimbic,-0.19679411269798353
terms_abstract_tfidf__parallel,0.12134910558324577
terms_abstract_tfidf__parameter,0.13457503522027506
terms_abstract_tfidf__parameters,0.1469433703688805
terms_abstract_tfidf__parametric,0.19118594714320347
terms_abstract_tfidf__parametric mapping,0.1475467319758185
terms_abstract_tfidf__parametrically,-0.008905047491268034
terms_abstract_tfidf__parietal,0.3260105237321373
terms_abstract_tfidf__parietal cortex,0.29884595940674824
terms_abstract_tfidf__parietal cortices,0.16460550275666747
terms_abstract_tfidf__parietal frontal,0.2546591786796927
terms_abstract_tfidf__parietal junction,-0.2817912488440948
terms_abstract_tfidf__parietal lobe,0.2985678082541318
terms_abstract_tfidf__parietal lobes,0.054908131295247325
terms_abstract_tfidf__parietal lobule,0.3624442501669334
terms_abstract_tfidf__parietal lobules,0.2908643314552511
terms_abstract_tfidf__parietal network,0.1651110600864859
terms_abstract_tfidf__parietal occipital,0.13342447460784163
terms_abstract_tfidf__parietal temporal,0.03457628256756533
terms_abstract_tfidf__parieto,0.3751183269274009
terms_abstract_tfidf__parieto occipital,0.24417679512030138
terms_abstract_tfidf__parkinson,0.3333684120281013
terms_abstract_tfidf__parkinson disease,0.3222447363734113
terms_abstract_tfidf__pars,0.029511792104514205
terms_abstract_tfidf__pars opercularis,0.11128151448513816
terms_abstract_tfidf__partial,-0.046957961840806375
terms_abstract_tfidf__partially,-0.04221973727112379
terms_abstract_tfidf__participant,-0.08973789340169593
terms_abstract_tfidf__participate,0.1254622465487177
terms_abstract_tfidf__participated,0.027074131750838174
terms_abstract_tfidf__particular,-0.052735505152887226
terms_abstract_tfidf__particularly,0.05875984110716324
terms_abstract_tfidf__partly,0.1002629254298544
terms_abstract_tfidf__partner,-0.15917710182200484
terms_abstract_tfidf__parts,0.36444199855922094
terms_abstract_tfidf__passive,0.16937042997970805
terms_abstract_tfidf__passive viewing,0.003771559590024735
terms_abstract_tfidf__passively,-0.04210523725730503
terms_abstract_tfidf__past,-0.39881329996463116
terms_abstract_tfidf__pathological,-0.060040312279756675
terms_abstract_tfidf__pathology,-0.10841126068347137
terms_abstract_tfidf__pathophysiological,-0.06816539120981194
terms_abstract_tfidf__pathophysiology,-0.13841413135903505
terms_abstract_tfidf__pathway,0.21928945208679287
terms_abstract_tfidf__pathways,0.2002958313588882
terms_abstract_tfidf__patient,-0.007692218321367534
terms_abstract_tfidf__patient group,0.009824472148429974
terms_abstract_tfidf__patient groups,-0.13241201356775192
terms_abstract_tfidf__pattern,0.18465772029885402
terms_abstract_tfidf__patterns,0.09379815362198811
terms_abstract_tfidf__pcc,-0.32967964099729674
terms_abstract_tfidf__pd,0.257941145940991
terms_abstract_tfidf__peak,0.1954692106681951
terms_abstract_tfidf__people,-0.4222330474467978
terms_abstract_tfidf__perceive,0.07520342147703506
terms_abstract_tfidf__perceived,0.12267145362608725
terms_abstract_tfidf__perceiving,0.09031679428727434
terms_abstract_tfidf__percept,0.11802298137651732
terms_abstract_tfidf__perception,0.19096643478964445
terms_abstract_tfidf__perceptual,0.14858798932803702
terms_abstract_tfidf__perform,0.28604891352436584
terms_abstract_tfidf__performance,0.17776859801417097
terms_abstract_tfidf__performance task,0.011565669119932412
terms_abstract_tfidf__performances,0.0885012154742993
terms_abstract_tfidf__performing,0.3334617642761682
terms_abstract_tfidf__perfusion,0.0011635200866223197
terms_abstract_tfidf__periaqueductal,0.009057008888651357
terms_abstract_tfidf__period,0.11034874239483024
terms_abstract_tfidf__periodicals,0.04762736521303584
terms_abstract_tfidf__periods,-0.022662802164755535
terms_abstract_tfidf__peripheral,0.31451105341061086
terms_abstract_tfidf__persistent,-0.07758636278244954
terms_abstract_tfidf__person,-0.3477470825970609
terms_abstract_tfidf__personal,-0.45113347805182147
terms_abstract_tfidf__personality,-0.3862362472704737
terms_abstract_tfidf__personality traits,-0.36238863127089793
terms_abstract_tfidf__persons,-0.2045094067190488
terms_abstract_tfidf__perspective,-0.20209588705893466
terms_abstract_tfidf__pet,-0.03715454811976104
terms_abstract_tfidf__pfc,-0.2956204139456891
terms_abstract_tfidf__pharmacological,-0.055008640488433416
terms_abstract_tfidf__phase,0.31120570749196935
terms_abstract_tfidf__phases,0.09274027353892929
terms_abstract_tfidf__phenomena,0.08608270408959955
terms_abstract_tfidf__phenomenon,0.22078928844379717
terms_abstract_tfidf__phenotype,-0.04957385007609879
terms_abstract_tfidf__phonological,0.014454336367594156
terms_abstract_tfidf__photographs,-0.18660394744423905
terms_abstract_tfidf__physical,0.17809856093830706
terms_abstract_tfidf__physiological,0.027162256516550767
terms_abstract_tfidf__picture,-0.2545639418940095
terms_abstract_tfidf__pictures,-0.3296552532882907
terms_abstract_tfidf__pitch,0.1397903451456073
terms_abstract_tfidf__place,-0.10245272731388083
terms_abstract_tfidf__placebo,-0.06938687656973838
terms_abstract_tfidf__placebo controlled,0.0033061835782481007
terms_abstract_tfidf__planning,0.39627113301107597
terms_abstract_tfidf__planum,0.039512127725884603
terms_abstract_tfidf__planum temporale,0.012018203762059913
terms_abstract_tfidf__plasticity,0.3111555674466381
terms_abstract_tfidf__play,0.061968531680569046
terms_abstract_tfidf__play important,0.16321227899897345
terms_abstract_tfidf__play role,0.13238188326939607
terms_abstract_tfidf__played,0.026041698066980933
terms_abstract_tfidf__playing,-0.000173389995153067
terms_abstract_tfidf__plays,-0.012360625145155684
terms_abstract_tfidf__plays important,0.005096414154491112
terms_abstract_tfidf__plays role,0.003489084478274102
terms_abstract_tfidf__pleasant,-0.1579378185825676
terms_abstract_tfidf__point,0.06173186145582159
terms_abstract_tfidf__pointing,0.18685523341697494
terms_abstract_tfidf__points,0.00940002864870083
terms_abstract_tfidf__pole,-0.36500843340058636
terms_abstract_tfidf__polymorphism,-0.10091022414179691
terms_abstract_tfidf__poor,0.06850178285487198
terms_abstract_tfidf__poorer,-0.2189671213738446
terms_abstract_tfidf__poorly,-0.0014105422403034684
terms_abstract_tfidf__poorly understood,0.02942836247756576
terms_abstract_tfidf__population,-0.12377233438490896
terms_abstract_tfidf__populations,-0.01677642456667384
terms_abstract_tfidf__portion,-0.028566326818305437
terms_abstract_tfidf__portions,-0.1315329610551356
terms_abstract_tfidf__position,0.30651948683780883
terms_abstract_tfidf__positive,-0.36054648735014055
terms_abstract_tfidf__positive correlation,-0.057465587526972756
terms_abstract_tfidf__positive correlations,-0.10108765493187581
terms_abstract_tfidf__positive negative,-0.35134832775055747
terms_abstract_tfidf__positively,-0.21728665221129861
terms_abstract_tfidf__positively correlated,-0.1601629237519964
terms_abstract_tfidf__positron,-0.06745324110773893
terms_abstract_tfidf__positron emission,-0.06786162919098723
terms_abstract_tfidf__possibility,-0.015198837901768911
terms_abstract_tfidf__possible,0.030942961320603413
terms_abstract_tfidf__possibly,0.1263080895541423
terms_abstract_tfidf__post,-0.06524676810320917
terms_abstract_tfidf__post hoc,-0.007839338852446363
terms_abstract_tfidf__postcentral,0.4102733635536705
terms_abstract_tfidf__postcentral gyrus,0.3335955137719031
terms_abstract_tfidf__posterior,-0.18196461704505468
terms_abstract_tfidf__posterior anterior,-0.20960146352954523
terms_abstract_tfidf__posterior cingulate,-0.43166146341403533
terms_abstract_tfidf__posterior inferior,-0.027290526684361185
terms_abstract_tfidf__posterior insula,0.23010085287784457
terms_abstract_tfidf__posterior middle,-0.2164593803279954
terms_abstract_tfidf__posterior parietal,0.38060107662064224
terms_abstract_tfidf__posterior superior,-0.09761155675997704
terms_abstract_tfidf__posterior temporal,-0.16841328489210988
terms_abstract_tfidf__posttraumatic,-0.16519691313502882
terms_abstract_tfidf__potential,-0.11899314149203727
terms_abstract_tfidf__potentially,-0.0006675762564007046
terms_abstract_tfidf__potentials,0.18590389624124543
terms_abstract_tfidf__power,0.07119163254833921
terms_abstract_tfidf__powerful,-0.056135383482497435
terms_abstract_tfidf__ppc,0.2910708459461646
terms_abstract_tfidf__ppi,-0.0001972470551007626
terms_abstract_tfidf__practice,0.31582999015840446
terms_abstract_tfidf__pre,0.35065648157227625
terms_abstract_tfidf__pre post,-0.04201571355630878
terms_abstract_tfidf__pre sma,0.2803892716340064
terms_abstract_tfidf__pre supplementary,0.18596899746290682
terms_abstract_tfidf__preceded,-0.06208310729500941
terms_abstract_tfidf__preceding,0.002909530878796684
terms_abstract_tfidf__precentral,0.4186504801405825
terms_abstract_tfidf__precentral gyrus,0.3247858726021811
terms_abstract_tfidf__precise,0.01207437210975199
terms_abstract_tfidf__precuneus,-0.18471200614948421
terms_abstract_tfidf__precuneus posterior,-0.26374020210826604
terms_abstract_tfidf__predict,-0.06453092801283988
terms_abstract_tfidf__predicted,-0.14890908595255833
terms_abstract_tfidf__predicting,-0.05667502102118669
terms_abstract_tfidf__prediction,-0.008991870617840549
terms_abstract_tfidf__prediction error,-0.00574469387252625
terms_abstract_tfidf__predictions,0.052672557536067345
terms_abstract_tfidf__predictive,0.06229705164918748
terms_abstract_tfidf__predictors,-0.08413364799463054
terms_abstract_tfidf__predicts,-0.12078136208321372
terms_abstract_tfidf__predominantly,0.08988394210777502
terms_abstract_tfidf__preference,-0.10534958516384316
terms_abstract_tfidf__preferences,-0.26296901564438063
terms_abstract_tfidf__preferential,-0.022911199555802196
terms_abstract_tfidf__preferentially,-0.07798313552354574
terms_abstract_tfidf__prefrontal,-0.43565265506396145
terms_abstract_tfidf__prefrontal cortex,-0.44847138394047104
terms_abstract_tfidf__prefrontal cortical,-0.1563959333596404
terms_abstract_tfidf__prefrontal cortices,-0.1062138748336766
terms_abstract_tfidf__prefrontal parietal,0.06203729608791488
terms_abstract_tfidf__preliminary,-0.1629466677983899
terms_abstract_tfidf__premotor,0.5841035576850123
terms_abstract_tfidf__premotor cortex,0.5602203612681602
terms_abstract_tfidf__preparation,0.38989484677448344
terms_abstract_tfidf__preparatory,0.3188362781868597
terms_abstract_tfidf__presence,0.01475106008225095
terms_abstract_tfidf__presentation,-0.029475243106985016
terms_abstract_tfidf__presentations,-0.0503337647891635
terms_abstract_tfidf__presented,-0.049136679230579995
terms_abstract_tfidf__presenting,-0.05930596709991468
terms_abstract_tfidf__preserved,0.014722102927463131
terms_abstract_tfidf__press,0.16025939175611242
terms_abstract_tfidf__pressure,0.1808162803322177
terms_abstract_tfidf__presumably,0.13399701083675458
terms_abstract_tfidf__previous,-0.06924489956643946
terms_abstract_tfidf__previous functional,-0.04709688525959138
terms_abstract_tfidf__previous reports,0.17205847564521845
terms_abstract_tfidf__previous research,-0.21426785968286322
terms_abstract_tfidf__previous shown,-0.0444828751384529
terms_abstract_tfidf__previous work,-0.0005765943177492203
terms_abstract_tfidf__primarily,-0.003422769750164549
terms_abstract_tfidf__primary,0.5600027536564263
terms_abstract_tfidf__primary auditory,0.021412214017319874
terms_abstract_tfidf__primary motor,0.5586245379159422
terms_abstract_tfidf__primary secondary,0.47305200496978383
terms_abstract_tfidf__primary sensorimotor,0.5049477966202963
terms_abstract_tfidf__primary somatosensory,0.5402921232239024
terms_abstract_tfidf__primary visual,0.10394127513725061
terms_abstract_tfidf__primates,0.24169049779931404
terms_abstract_tfidf__prime,-0.016339356932644045
terms_abstract_tfidf__priming,-0.13724380656725832
terms_abstract_tfidf__principal,0.05054794644344268
terms_abstract_tfidf__principle,0.02749280060248102
terms_abstract_tfidf__prior,-0.1295814942197587
terms_abstract_tfidf__priori,-0.12776513320365954
terms_abstract_tfidf__probabilistic,-0.035095758639387284
terms_abstract_tfidf__probability,-0.14560440086345994
terms_abstract_tfidf__probably,0.23173038378153366
terms_abstract_tfidf__probe,0.028901249252177002
terms_abstract_tfidf__problem,-0.1064794378374473
terms_abstract_tfidf__problems,-0.19343224096982792
terms_abstract_tfidf__procedure,0.033013818339795865
terms_abstract_tfidf__procedures,0.11361525863348243
terms_abstract_tfidf__process,-0.15320532930388728
terms_abstract_tfidf__processed,-0.10245636013395226
terms_abstract_tfidf__processes,-0.193757383686132
terms_abstract_tfidf__processes involved,-0.07575001037670118
terms_abstract_tfidf__processes underlying,-0.013132748705139419
terms_abstract_tfidf__produce,0.1280744365048203
terms_abstract_tfidf__produced,0.191653586181807
terms_abstract_tfidf__producing,0.1302391174265454
terms_abstract_tfidf__production,0.20725298662796052
terms_abstract_tfidf__profile,0.02524705204039143
terms_abstract_tfidf__profiles,-0.10638169704996116
terms_abstract_tfidf__progression,-0.15166725286743507
terms_abstract_tfidf__progressive,-0.11488967702076958
terms_abstract_tfidf__prolonged,0.2305538059827921
terms_abstract_tfidf__prominent,0.15885660298198648
terms_abstract_tfidf__promising,-0.06889078607813034
terms_abstract_tfidf__pronounced,-0.00462435467536856
terms_abstract_tfidf__proper,0.23481382759210526
terms_abstract_tfidf__properties,0.08781159334024723
terms_abstract_tfidf__proportion,-0.0033705357260315314
terms_abstract_tfidf__propose,0.214379935760149
terms_abstract_tfidf__proposed,0.026427302057791778
terms_abstract_tfidf__prospective,-0.12849729986637123
terms_abstract_tfidf__protocol,0.07685176195832759
terms_abstract_tfidf__provide,-0.09275721435355011
terms_abstract_tfidf__provide evidence,0.0014131382309846296
terms_abstract_tfidf__provide new,0.055573619707219926
terms_abstract_tfidf__provide novel,-0.08681018351896737
terms_abstract_tfidf__provided,0.06420244917380949
terms_abstract_tfidf__provides,-0.01169953842218013
terms_abstract_tfidf__provides evidence,0.013138387582128543
terms_abstract_tfidf__providing,-0.1117452953851721
terms_abstract_tfidf__pseudowords,0.0803161483992157
terms_abstract_tfidf__psts,-0.1434990169440946
terms_abstract_tfidf__psychiatric,-0.27983403347073604
terms_abstract_tfidf__psychiatric disorders,-0.2517310659797959
terms_abstract_tfidf__psychological,-0.12590789728108961
terms_abstract_tfidf__psychopathology,-0.1582189355934915
terms_abstract_tfidf__psychophysical,0.10426966311568883
terms_abstract_tfidf__psychophysiological,0.049679113069379985
terms_abstract_tfidf__psychophysiological interaction,0.04718594511095828
terms_abstract_tfidf__psychosis,-0.20908028216197938
terms_abstract_tfidf__psychotic,-0.1589670458017909
terms_abstract_tfidf__ptsd,-0.18557534380083773
terms_abstract_tfidf__published,-0.05036052989901604
terms_abstract_tfidf__punishment,-0.19440920207823092
terms_abstract_tfidf__pure,0.10840942852657122
terms_abstract_tfidf__purpose,0.14878000316503875
terms_abstract_tfidf__putamen,0.3787001317398466
terms_abstract_tfidf__putative,0.10879661162473206
terms_abstract_tfidf__quality,-0.16513735968021917
terms_abstract_tfidf__quantified,0.14431481747649783
terms_abstract_tfidf__quantify,-0.02589261063796613
terms_abstract_tfidf__quantitative,0.11106889161331687
terms_abstract_tfidf__question,-0.17147182268550934
terms_abstract_tfidf__questionnaire,-0.09396635180246701
terms_abstract_tfidf__questions,-0.2910059091275827
terms_abstract_tfidf__random,0.22224361978451726
terms_abstract_tfidf__random effects,0.18683788797442674
terms_abstract_tfidf__randomized,0.05025061111822765
terms_abstract_tfidf__randomly,0.022888058883459534
terms_abstract_tfidf__range,0.108462537655663
terms_abstract_tfidf__ranging,0.04766687510250773
terms_abstract_tfidf__rapid,0.1267102784487752
terms_abstract_tfidf__rapidly,0.00880676298626084
terms_abstract_tfidf__rare,0.09118623759942313
terms_abstract_tfidf__rarely,-0.06103229491781334
terms_abstract_tfidf__rate,0.12657546979655865
terms_abstract_tfidf__rated,-0.2187938683679831
terms_abstract_tfidf__rates,0.03296941444366965
terms_abstract_tfidf__rating,-0.1892333644415915
terms_abstract_tfidf__ratings,-0.08392431604605238
terms_abstract_tfidf__ratio,0.10293219318376524
terms_abstract_tfidf__rationale,0.011512082443269699
terms_abstract_tfidf__reach,0.29416348430630984
terms_abstract_tfidf__reaching,0.24870510585020497
terms_abstract_tfidf__reaction,0.173453695751449
terms_abstract_tfidf__reaction time,0.1418868940276177
terms_abstract_tfidf__reaction times,0.145868325406968
terms_abstract_tfidf__reactions,-0.026246357700720927
terms_abstract_tfidf__reactivity,-0.09561209817181919
terms_abstract_tfidf__read,-0.1999288898812354
terms_abstract_tfidf__readers,-0.07426951675442227
terms_abstract_tfidf__reading,-0.019307606133907057
terms_abstract_tfidf__real,-0.052060818813932874
terms_abstract_tfidf__real time,0.06673464637018724
terms_abstract_tfidf__real world,-0.17689377847124355
terms_abstract_tfidf__reality,-0.032406205774041706
terms_abstract_tfidf__reappraisal,-0.23460257986175143
terms_abstract_tfidf__reasoning,-0.25423729697794173
terms_abstract_tfidf__recall,-0.3630240692802176
terms_abstract_tfidf__receive,-0.2640553125983903
terms_abstract_tfidf__received,0.08545490784453565
terms_abstract_tfidf__receiving,-0.07232196347856798
terms_abstract_tfidf__recently,-0.04917703530022659
terms_abstract_tfidf__receptor,-0.06290460415318853
terms_abstract_tfidf__recognition,-0.2575878814559264
terms_abstract_tfidf__recognition memory,-0.23229477770790835
terms_abstract_tfidf__recognition task,-0.11517998868265789
terms_abstract_tfidf__recognize,-0.060463713694124815
terms_abstract_tfidf__recognized,-0.1074897684295101
terms_abstract_tfidf__recognizing,-0.23696925796597165
terms_abstract_tfidf__recollection,-0.3155586701025208
terms_abstract_tfidf__recorded,0.21776396534937265
terms_abstract_tfidf__recording,0.12476596195242468
terms_abstract_tfidf__recordings,0.16567614835238642
terms_abstract_tfidf__recovery,0.18063853647500575
terms_abstract_tfidf__recruit,-0.07365954294719536
terms_abstract_tfidf__recruited,0.005356376828142897
terms_abstract_tfidf__recruitment,0.09999907912487933
terms_abstract_tfidf__recruits,-0.116920075859388
terms_abstract_tfidf__reduce,-0.08894558955828263
terms_abstract_tfidf__reduces,-0.05560593043954496
terms_abstract_tfidf__reducing,-0.1675534069557152
terms_abstract_tfidf__reduction,0.07869142513288001
terms_abstract_tfidf__reductions,-0.10351087118575379
terms_abstract_tfidf__reference,-0.07400705820619141
terms_abstract_tfidf__referential,-0.48671663588814856
terms_abstract_tfidf__referred,-0.09557231902710299
terms_abstract_tfidf__refers,-0.08933498202461927
terms_abstract_tfidf__reflect,0.05131160200736063
terms_abstract_tfidf__reflected,-0.11528200916965689
terms_abstract_tfidf__reflecting,-0.029717113079221286
terms_abstract_tfidf__reflects,-0.054482335709051484
terms_abstract_tfidf__regard,0.021019683168404298
terms_abstract_tfidf__regarding,-0.22588117507279037
terms_abstract_tfidf__regardless,-0.044016882792889865
terms_abstract_tfidf__regional,-0.08925129292379025
terms_abstract_tfidf__regional cerebral,0.05535945728792373
terms_abstract_tfidf__regional gray,-0.11754771123901898
terms_abstract_tfidf__regional homogeneity,-0.06746031023890332
terms_abstract_tfidf__regular,0.045557476173479695
terms_abstract_tfidf__regulate,-0.303211795794602
terms_abstract_tfidf__regulating,-0.15300281345776148
terms_abstract_tfidf__regulation,-0.28568934645980415
terms_abstract_tfidf__regulatory,-0.19052096664281504
terms_abstract_tfidf__rehabilitation,0.36243647062605366
terms_abstract_tfidf__rehearsal,0.2163171976684297
terms_abstract_tfidf__reho,-0.05998773391034598
terms_abstract_tfidf__reinforcement,-0.1277584930976661
terms_abstract_tfidf__reinforcement learning,-0.04798450799905039
terms_abstract_tfidf__relate,0.012990378375576735
terms_abstract_tfidf__relates,-0.06307861140995785
terms_abstract_tfidf__relation,-0.021446015920408863
terms_abstract_tfidf__relational,-0.155459170753908
terms_abstract_tfidf__relations,-0.07662485866781797
terms_abstract_tfidf__relationship,-0.13312023727495417
terms_abstract_tfidf__relationships,-0.24018150550514095
terms_abstract_tfidf__relatively,-0.156167650467464
terms_abstract_tfidf__relevance,-0.05011887763384885
terms_abstract_tfidf__relevant,-0.08582323605540952
terms_abstract_tfidf__relevant information,0.05622150680223654
terms_abstract_tfidf__reliability,0.1395582984093833
terms_abstract_tfidf__reliable,-0.04348910927813761
terms_abstract_tfidf__reliably,-0.17222953629536816
terms_abstract_tfidf__reliance,0.06821463664509787
terms_abstract_tfidf__relied,-0.046636212213802625
terms_abstract_tfidf__relies,-0.12855013022914474
terms_abstract_tfidf__rely,0.0019974466064099313
terms_abstract_tfidf__remain,-0.11930525739584272
terms_abstract_tfidf__remain unclear,-0.08597968648797198
terms_abstract_tfidf__remained,0.09470993057184605
terms_abstract_tfidf__remaining,-0.018409064266878692
terms_abstract_tfidf__remarkably,-0.0246541778100682
terms_abstract_tfidf__remember,-0.09394834589765956
terms_abstract_tfidf__remembered,-0.17483117022956485
terms_abstract_tfidf__remembering,-0.3448615899705594
terms_abstract_tfidf__remote,-0.07182473798002219
terms_abstract_tfidf__reorganization,0.3054651662249906
terms_abstract_tfidf__repeat,0.09813841007840039
terms_abstract_tfidf__repeated,0.18851811812533112
terms_abstract_tfidf__repeatedly,-0.03488826905059028
terms_abstract_tfidf__repetition,0.07067273733939294
terms_abstract_tfidf__repetition suppression,0.12167787194316866
terms_abstract_tfidf__repetitive,0.3433230201449637
terms_abstract_tfidf__replicate,-0.05335530989812123
terms_abstract_tfidf__replicated,-0.03940075083116687
terms_abstract_tfidf__report,-0.08792622021520552
terms_abstract_tfidf__reported,-0.17595439263668863
terms_abstract_tfidf__reports,0.07388997684791312
terms_abstract_tfidf__represent,-0.07930590905215272
terms_abstract_tfidf__representation,0.3357086843705855
terms_abstract_tfidf__representational,0.04263797442508751
terms_abstract_tfidf__representations,0.14696223915902185
terms_abstract_tfidf__represented,0.04472255876490442
terms_abstract_tfidf__representing,-0.22613399414448734
terms_abstract_tfidf__represents,0.005594494570053025
terms_abstract_tfidf__require,4.488450570557507e-05
terms_abstract_tfidf__required,0.15825339936955354
terms_abstract_tfidf__requirements,0.11682406798792688
terms_abstract_tfidf__requires,0.031136730364467333
terms_abstract_tfidf__requiring,0.1223208921495698
terms_abstract_tfidf__research,-0.38278134570294736
terms_abstract_tfidf__research suggests,-0.11099480381478287
terms_abstract_tfidf__researchers,-0.08897062538660316
terms_abstract_tfidf__residual,0.16526637198264663
terms_abstract_tfidf__resolution,-0.058947009663287066
terms_abstract_tfidf__resolve,0.09305599917223227
terms_abstract_tfidf__resonance,0.3671749260007618
terms_abstract_tfidf__resonance experiment,0.0713383981716315
terms_abstract_tfidf__resonance healthy,0.15839559614994186
terms_abstract_tfidf__resonance images,0.01677255948629172
terms_abstract_tfidf__resonance measure,0.09761681569029684
terms_abstract_tfidf__resonance performing,0.01884021707803151
terms_abstract_tfidf__resonance rs,-0.03601243660650715
terms_abstract_tfidf__resonance scans,-0.10043815800812601
terms_abstract_tfidf__resources,0.08274710483386553
terms_abstract_tfidf__respect,-0.004981814679353899
terms_abstract_tfidf__respective,-0.01462965913357075
terms_abstract_tfidf__respectively,-0.18747775170844208
terms_abstract_tfidf__respond,-0.006187191388463891
terms_abstract_tfidf__responded,-0.20983807922822884
terms_abstract_tfidf__responding,-0.13746751715038055
terms_abstract_tfidf__responds,0.0252630630298091
terms_abstract_tfidf__response,0.09198421775814118
terms_abstract_tfidf__response inhibition,0.01262248393425412
terms_abstract_tfidf__response selection,0.2612109254059842
terms_abstract_tfidf__response time,0.08438636821576492
terms_abstract_tfidf__response times,0.08969574062227155
terms_abstract_tfidf__responses,-0.06655383730335486
terms_abstract_tfidf__responsible,0.23135709906052088
terms_abstract_tfidf__responsive,-0.055703708881962036
terms_abstract_tfidf__responsiveness,0.052347802220778394
terms_abstract_tfidf__rest,-0.07336886824923096
terms_abstract_tfidf__resting,-0.23648553764756983
terms_abstract_tfidf__resting state,-0.25372030527254763
terms_abstract_tfidf__restricted,0.1327547172270928
terms_abstract_tfidf__result,0.20609780393822089
terms_abstract_tfidf__resulted,0.18949391322321893
terms_abstract_tfidf__resulting,0.09791670320471232
terms_abstract_tfidf__retention,0.0286743203514939
terms_abstract_tfidf__retrieval,-0.34901434355979283
terms_abstract_tfidf__retrieved,-0.316642563433818
terms_abstract_tfidf__retrosplenial,-0.3034045536416818
terms_abstract_tfidf__retrosplenial cortex,-0.29798890755179985
terms_abstract_tfidf__reveal,0.01914613836384701
terms_abstract_tfidf__revealing,-0.09546321704608321
terms_abstract_tfidf__reveals,0.032673073968278364
terms_abstract_tfidf__reversal,-0.1819491743824257
terms_abstract_tfidf__reverse,0.06738194696244516
terms_abstract_tfidf__reversed,-0.05113109682156908
terms_abstract_tfidf__reward,-0.21512076015667164
terms_abstract_tfidf__reward anticipation,-0.01312084478746752
terms_abstract_tfidf__rewarding,-0.10742059598421527
terms_abstract_tfidf__rewards,-0.1717799116566111
terms_abstract_tfidf__rhythm,0.32315205991057167
terms_abstract_tfidf__rich,-0.27273372020736103
terms_abstract_tfidf__rise,0.119995304218081
terms_abstract_tfidf__risk,-0.2536133766021862
terms_abstract_tfidf__risk taking,-0.10509110348772882
terms_abstract_tfidf__risky,-0.10637699713405588
terms_abstract_tfidf__robust,-0.10665375352379533
terms_abstract_tfidf__roi,0.06873875813808779
terms_abstract_tfidf__rois,-0.01888044000496035
terms_abstract_tfidf__role,0.06308683578248589
terms_abstract_tfidf__roles,-0.12156296425041632
terms_abstract_tfidf__rostral,0.08101667897606737
terms_abstract_tfidf__rostral anterior,-0.2443855372987791
terms_abstract_tfidf__rotation,0.2791629134756197
terms_abstract_tfidf__rs,-0.1286507035007948
terms_abstract_tfidf__rsfc,-0.16380144491742238
terms_abstract_tfidf__rt,0.1293915254830667
terms_abstract_tfidf__rule,-0.00934247160803148
terms_abstract_tfidf__rules,-0.037987097146686195
terms_abstract_tfidf__run,0.1321365039166751
terms_abstract_tfidf__runs,0.032359913095783656
terms_abstract_tfidf__s1,0.48893673556748757
terms_abstract_tfidf__saccade,0.259175405480029
terms_abstract_tfidf__saccades,0.27918213527687097
terms_abstract_tfidf__sad,-0.21436098516385085
terms_abstract_tfidf__salience,-0.2917547187560488
terms_abstract_tfidf__salience network,-0.25181833875875076
terms_abstract_tfidf__salient,-0.20582863146307612
terms_abstract_tfidf__sample,-0.20868264230860134
terms_abstract_tfidf__samples,-0.10242817943053
terms_abstract_tfidf__sampling,0.05953960550311973
terms_abstract_tfidf__scale,-0.2662935787219412
terms_abstract_tfidf__scales,-0.10633758670296799
terms_abstract_tfidf__scalp,0.1410863045977644
terms_abstract_tfidf__scan,-0.3079350271633888
terms_abstract_tfidf__scanned,0.03956158340587296
terms_abstract_tfidf__scanned using,-0.13109357179728526
terms_abstract_tfidf__scanner,0.18433504387200694
terms_abstract_tfidf__scanning,-0.026132282618407856
terms_abstract_tfidf__scans,0.006986901767950853
terms_abstract_tfidf__scene,-0.18118034216434006
terms_abstract_tfidf__scenes,-0.21376902866239644
terms_abstract_tfidf__schizophrenia,-0.3138047441780242
terms_abstract_tfidf__schizophrenic,-0.11145735460809945
terms_abstract_tfidf__sclerosis,0.21016512276892563
terms_abstract_tfidf__score,-0.00472646685531105
terms_abstract_tfidf__scores,-0.24289563186042207
terms_abstract_tfidf__sd,0.005048363224646475
terms_abstract_tfidf__se,0.10097225415244272
terms_abstract_tfidf__search,-0.0071205579417338355
terms_abstract_tfidf__second,0.010251779146856608
terms_abstract_tfidf__secondary,0.46432890448573017
terms_abstract_tfidf__secondary somatosensory,0.4778720928377088
terms_abstract_tfidf__sectional,-0.12039017742614197
terms_abstract_tfidf__seed,-0.20578371213724242
terms_abstract_tfidf__seeds,-0.16810069348860548
terms_abstract_tfidf__seeking,-0.05781095407388511
terms_abstract_tfidf__seen,0.24073609311978117
terms_abstract_tfidf__segregated,0.057027876723048335
terms_abstract_tfidf__segregation,0.048213619714575134
terms_abstract_tfidf__select,4.6535482101768806e-06
terms_abstract_tfidf__selected,0.06726483636324589
terms_abstract_tfidf__selection,0.1704075565818288
terms_abstract_tfidf__selective,0.058893990091903256
terms_abstract_tfidf__selective attention,0.14598242032507722
terms_abstract_tfidf__selectively,-0.08812604549563664
terms_abstract_tfidf__selectivity,-0.04884190124709889
terms_abstract_tfidf__self,-0.38073665405945
terms_abstract_tfidf__self referential,-0.47930333626286964
terms_abstract_tfidf__self report,-0.16384070008416973
terms_abstract_tfidf__self reported,-0.1240269012000597
terms_abstract_tfidf__semantic,-0.3994796511613178
terms_abstract_tfidf__semantic memory,-0.3925455841720788
terms_abstract_tfidf__semantically,-0.2481010393563663
terms_abstract_tfidf__semantics,-0.08703243469804867
terms_abstract_tfidf__sensation,0.3714357510817863
terms_abstract_tfidf__sensations,0.25617209168468963
terms_abstract_tfidf__sense,0.03991365760051319
terms_abstract_tfidf__sensitive,-0.02809683758704435
terms_abstract_tfidf__sensitivity,-0.11645619419867523
terms_abstract_tfidf__sensorimotor,0.5690876669132288
terms_abstract_tfidf__sensorimotor cortex,0.5179972771264848
terms_abstract_tfidf__sensorimotor network,0.3897012961035594
terms_abstract_tfidf__sensory,0.44864741820340254
terms_abstract_tfidf__sensory information,0.12891907571276956
terms_abstract_tfidf__sensory motor,0.37701475865747297
terms_abstract_tfidf__sentence,-0.3012232611739255
terms_abstract_tfidf__sentence comprehension,-0.1622790819037469
terms_abstract_tfidf__sentences,-0.25330922114608617
terms_abstract_tfidf__separable,-0.018952745210198997
terms_abstract_tfidf__separate,0.2377015385800752
terms_abstract_tfidf__separated,0.3372828347271581
terms_abstract_tfidf__separately,0.08415569548954933
terms_abstract_tfidf__separation,-0.1404520713737188
terms_abstract_tfidf__sequence,0.41307575660741563
terms_abstract_tfidf__sequences,0.2904573357108126
terms_abstract_tfidf__sequential,0.43158637731585964
terms_abstract_tfidf__serial,0.28727091543305155
terms_abstract_tfidf__series,0.028556782474744448
terms_abstract_tfidf__serotonin,-0.1260508858381962
terms_abstract_tfidf__serve,0.0782719475885715
terms_abstract_tfidf__served,0.08807984796706261
terms_abstract_tfidf__serves,0.042236872607590834
terms_abstract_tfidf__session,0.0720546633354953
terms_abstract_tfidf__sessions,0.20640693047042416
terms_abstract_tfidf__set,-0.007057731464671764
terms_abstract_tfidf__sets,-0.01281918837219421
terms_abstract_tfidf__setting,0.00018514419034197175
terms_abstract_tfidf__settings,0.05842480284929375
terms_abstract_tfidf__seven,0.1454544420174594
terms_abstract_tfidf__seventeen,-0.05705664614702535
terms_abstract_tfidf__severe,0.08049189731948372
terms_abstract_tfidf__severity,-0.10825047237176517
terms_abstract_tfidf__sex,-0.05985695034490522
terms_abstract_tfidf__sexual,-0.06467789769069714
terms_abstract_tfidf__sham,0.05190776360434242
terms_abstract_tfidf__shape,0.2257535692233927
terms_abstract_tfidf__shaped,-0.039591386698185266
terms_abstract_tfidf__shapes,0.05131208891377904
terms_abstract_tfidf__share,0.04782647067874796
terms_abstract_tfidf__shared,0.09592318094246442
terms_abstract_tfidf__shed,-0.09377099128107001
terms_abstract_tfidf__shed light,-0.08416080269588876
terms_abstract_tfidf__shift,0.1556725476137903
terms_abstract_tfidf__shifted,0.16163599031837042
terms_abstract_tfidf__shifting,0.05887883206817836
terms_abstract_tfidf__shifts,0.2348551512010644
terms_abstract_tfidf__short,0.12348614390180841
terms_abstract_tfidf__short term,0.18373535331569987
terms_abstract_tfidf__shorter,0.07847134914066929
terms_abstract_tfidf__showing,-0.08942534141582129
terms_abstract_tfidf__shown,0.04783364828747936
terms_abstract_tfidf__shows,-0.03623343569927028
terms_abstract_tfidf__si,0.5010281775406966
terms_abstract_tfidf__sided,0.19937719792125833
terms_abstract_tfidf__sighted,0.10195308244168219
terms_abstract_tfidf__sign,0.016167185960414183
terms_abstract_tfidf__signal,0.11319733465014307
terms_abstract_tfidf__signal change,0.1746763076327263
terms_abstract_tfidf__signal task,-0.051307375367853326
terms_abstract_tfidf__signaling,0.0004558061703366204
terms_abstract_tfidf__signals,0.1384278957948877
terms_abstract_tfidf__signature,-0.0979478019765102
terms_abstract_tfidf__significance,-0.09974481945927947
terms_abstract_tfidf__significance statement,-0.09624618049524948
terms_abstract_tfidf__signs,0.09425507705477647
terms_abstract_tfidf__sii,0.45156746762615807
terms_abstract_tfidf__silent,0.14922858162799485
terms_abstract_tfidf__similarities,-0.1841189665155084
terms_abstract_tfidf__similarity,-0.03785543154226957
terms_abstract_tfidf__similarly,-0.00800974103396839
terms_abstract_tfidf__simple,0.35699803972804584
terms_abstract_tfidf__simply,0.09196309170227007
terms_abstract_tfidf__simulated,0.14312484277064336
terms_abstract_tfidf__simulation,0.11976091963111475
terms_abstract_tfidf__simultaneous,0.2848019529844306
terms_abstract_tfidf__simultaneous eeg,0.1291957440187478
terms_abstract_tfidf__simultaneously,0.20690806964420994
terms_abstract_tfidf__single,0.24785638119641126
terms_abstract_tfidf__single subject,0.233934529156202
terms_abstract_tfidf__single trial,0.17896115481107974
terms_abstract_tfidf__site,0.2744189491162968
terms_abstract_tfidf__sites,0.3414947648415141
terms_abstract_tfidf__situation,-0.2018407009817471
terms_abstract_tfidf__situations,-0.23511084583742822
terms_abstract_tfidf__sixteen,0.13106398947915038
terms_abstract_tfidf__size,0.05668386518602656
terms_abstract_tfidf__sizes,-0.036184126111172873
terms_abstract_tfidf__skill,0.1885211068800797
terms_abstract_tfidf__skills,0.22834369090689732
terms_abstract_tfidf__skin,0.143949971284403
terms_abstract_tfidf__skin conductance,-0.12655136348960783
terms_abstract_tfidf__sleep,0.023077018466006148
terms_abstract_tfidf__slow,-0.007583781691572633
terms_abstract_tfidf__slower,0.084227777343304
terms_abstract_tfidf__sma,0.4872763067346932
terms_abstract_tfidf__small,0.12026163585902584
terms_abstract_tfidf__smaller,0.029228343880887946
terms_abstract_tfidf__smokers,-0.11241429446391825
terms_abstract_tfidf__smoking,-0.12973293964943367
terms_abstract_tfidf__sn,-0.18868987056346234
terms_abstract_tfidf__social,-0.5226121971497238
terms_abstract_tfidf__social cognition,-0.44453743095209164
terms_abstract_tfidf__social cognitive,-0.397137981234435
terms_abstract_tfidf__social interaction,-0.3272833041385137
terms_abstract_tfidf__social interactions,-0.363862923609439
terms_abstract_tfidf__socially,-0.2313639846705992
terms_abstract_tfidf__software,-0.013189932839487299
terms_abstract_tfidf__solving,-0.07383440712053342
terms_abstract_tfidf__somatosensory,0.5680155204207883
terms_abstract_tfidf__somatosensory cortex,0.5164906217449832
terms_abstract_tfidf__somatosensory cortices,0.46193044903081193
terms_abstract_tfidf__sought,-0.19646636417371144
terms_abstract_tfidf__sound,0.06828735027394661
terms_abstract_tfidf__sounds,-0.03725539755305925
terms_abstract_tfidf__source,-0.008558475925270077
terms_abstract_tfidf__sources,0.06649109986105407
terms_abstract_tfidf__space,0.24337642037430068
terms_abstract_tfidf__span,-0.013572493630530863
terms_abstract_tfidf__sparse,0.07843714715562773
terms_abstract_tfidf__spatial,0.3071452168917698
terms_abstract_tfidf__spatial attention,0.2533767008626462
terms_abstract_tfidf__spatial information,0.12476714727781489
terms_abstract_tfidf__spatial temporal,0.13822161216377976
terms_abstract_tfidf__spatially,0.25038480197085194
terms_abstract_tfidf__spatiotemporal,0.046528644072054134
terms_abstract_tfidf__speaker,-0.16966437039813276
terms_abstract_tfidf__speakers,-0.018775607654943134
terms_abstract_tfidf__speaking,-0.07121775494433152
terms_abstract_tfidf__special,-0.09980641976461664
terms_abstract_tfidf__specialization,0.1862392850296578
terms_abstract_tfidf__specialized,0.08932582028328602
terms_abstract_tfidf__species,-0.004918016717533391
terms_abstract_tfidf__specifically,-0.11493026476003872
terms_abstract_tfidf__specificity,-0.04266223065544606
terms_abstract_tfidf__specified,0.1970974959311126
terms_abstract_tfidf__spectral,-0.05994007452528024
terms_abstract_tfidf__spectrum,-0.28287569846306365
terms_abstract_tfidf__spectrum disorder,-0.2385108642211347
terms_abstract_tfidf__spectrum disorders,-0.1944909939624694
terms_abstract_tfidf__speech,0.0030305525389871853
terms_abstract_tfidf__speech perception,-0.025200485203976435
terms_abstract_tfidf__speech production,0.15451430602110983
terms_abstract_tfidf__speed,0.23284767456175506
terms_abstract_tfidf__spin,0.052374647841244314
terms_abstract_tfidf__spin labeling,0.05892053455921658
terms_abstract_tfidf__spinal,0.32937022359767504
terms_abstract_tfidf__spl,0.37301395864264353
terms_abstract_tfidf__spoken,-0.10288637880049253
terms_abstract_tfidf__spontaneous,-0.1307909121017628
terms_abstract_tfidf__stable,-0.11508002367969826
terms_abstract_tfidf__stage,0.17726867091565882
terms_abstract_tfidf__stages,0.16036618539244515
terms_abstract_tfidf__standard,-0.06925345566718655
terms_abstract_tfidf__standardized,-0.08942463263422167
terms_abstract_tfidf__state,-0.30340384374712376
terms_abstract_tfidf__state connectivity,-0.19943190501699173
terms_abstract_tfidf__state functional,-0.230439808645224
terms_abstract_tfidf__state networks,-0.16381488344448825
terms_abstract_tfidf__statement,-0.14961876319137338
terms_abstract_tfidf__states,-0.31378105389808036
terms_abstract_tfidf__static,0.10531243710542307
terms_abstract_tfidf__statistics,0.027919233660314517
terms_abstract_tfidf__status,-0.1858493433273016
terms_abstract_tfidf__step,0.06672730236356718
terms_abstract_tfidf__stg,-0.03578516042494228
terms_abstract_tfidf__stimulated,0.5141216109627027
terms_abstract_tfidf__stimulation,0.5443164102574625
terms_abstract_tfidf__stimulation tms,0.37524210754436577
terms_abstract_tfidf__stimuli,0.04313408323169076
terms_abstract_tfidf__stimuli presented,0.02623163352295343
terms_abstract_tfidf__stimulus,0.2807297010644648
terms_abstract_tfidf__stimulus driven,0.05945320480093989
terms_abstract_tfidf__stimulus response,0.22669166424949147
terms_abstract_tfidf__stop,-0.01782455123009543
terms_abstract_tfidf__stop signal,-0.0278782118493528
terms_abstract_tfidf__storage,0.15088700016146336
terms_abstract_tfidf__stored,-0.11151230514209487
terms_abstract_tfidf__strategic,-0.14449997180233926
terms_abstract_tfidf__strategies,-0.07915139407313736
terms_abstract_tfidf__strategy,-0.16007346048387738
terms_abstract_tfidf__stream,0.14487587098358873
terms_abstract_tfidf__streams,0.14468514481844186
terms_abstract_tfidf__strength,-0.006110294701837718
terms_abstract_tfidf__stress,-0.15002718135762594
terms_abstract_tfidf__stress disorder,-0.19856993947597384
terms_abstract_tfidf__striatal,0.051735942641276476
terms_abstract_tfidf__striatum,-0.09461585243510288
terms_abstract_tfidf__striking,-0.16226024646006776
terms_abstract_tfidf__stroke,0.3739201634257433
terms_abstract_tfidf__strong,-0.07774957847571295
terms_abstract_tfidf__strongest,-0.047108709988841986
terms_abstract_tfidf__strongly,-0.00010688177643404814
terms_abstract_tfidf__stroop,0.06809241765752912
terms_abstract_tfidf__stroop task,0.049089343789901596
terms_abstract_tfidf__structural,-0.01408953599876915
terms_abstract_tfidf__structural functional,0.032009593793444986
terms_abstract_tfidf__structural magnetic,-0.05208515280496907
terms_abstract_tfidf__structure,-0.029026925624546694
terms_abstract_tfidf__structure function,-0.09440937856817286
terms_abstract_tfidf__structures,-0.07142497429322082
terms_abstract_tfidf__structures involved,0.09584841299676602
terms_abstract_tfidf__sts,-0.168347637666064
terms_abstract_tfidf__students,-0.046517568817513406
terms_abstract_tfidf__studied,0.07214794954042252
terms_abstract_tfidf__studying,-0.21108729987532515
terms_abstract_tfidf__sub,0.003292255820749379
terms_abstract_tfidf__subcortical,0.28689895960615425
terms_abstract_tfidf__subcortical structures,0.10225410122976276
terms_abstract_tfidf__subgenual,-0.19793478566372372
terms_abstract_tfidf__subject,0.226638234502824
terms_abstract_tfidf__subjective,-0.11592057664355765
terms_abstract_tfidf__subregions,-0.021009172861891672
terms_abstract_tfidf__subsequent,-0.16265908751604002
terms_abstract_tfidf__subsequent memory,-0.24425451043873314
terms_abstract_tfidf__subsequently,-0.06513548243854447
terms_abstract_tfidf__subserve,-0.0948196938700008
terms_abstract_tfidf__subserved,-0.13749674529364317
terms_abstract_tfidf__subserving,0.04078320236949431
terms_abstract_tfidf__subset,0.04895828970453609
terms_abstract_tfidf__substance,-0.01905234171164636
terms_abstract_tfidf__substantia,0.013916883134685356
terms_abstract_tfidf__substantial,-0.056035872629336646
terms_abstract_tfidf__substantially,0.16938397381037687
terms_abstract_tfidf__substrate,0.09015047222799367
terms_abstract_tfidf__substrates,-0.026905958982197022
terms_abstract_tfidf__subtle,-0.08204165348871958
terms_abstract_tfidf__subtraction,0.2366519758004638
terms_abstract_tfidf__success,-0.22921128736551047
terms_abstract_tfidf__successful,-0.28967041218393863
terms_abstract_tfidf__successfully,-0.05721943113728203
terms_abstract_tfidf__successive,0.1771883554663483
terms_abstract_tfidf__suffering,0.030163892735357484
terms_abstract_tfidf__sufficient,0.013198954035108306
terms_abstract_tfidf__suggest,-0.2724170348193714
terms_abstract_tfidf__suggest functional,0.011899319989470964
terms_abstract_tfidf__suggested,0.05580197676095217
terms_abstract_tfidf__suggesting,-0.11556035693513814
terms_abstract_tfidf__suggests,-0.10167584293045091
terms_abstract_tfidf__sulci,0.014531848579437383
terms_abstract_tfidf__sulcus,0.20454541798903708
terms_abstract_tfidf__sulcus ips,0.2695753937048772
terms_abstract_tfidf__sulcus sts,-0.15452453923964612
terms_abstract_tfidf__sum,-0.11929213134480565
terms_abstract_tfidf__summary,0.03269914645497524
terms_abstract_tfidf__superior,0.10334947236139218
terms_abstract_tfidf__superior frontal,-0.15313210464539911
terms_abstract_tfidf__superior inferior,0.35683757817439166
terms_abstract_tfidf__superior middle,-0.04514630597694257
terms_abstract_tfidf__superior parietal,0.47161176086909834
terms_abstract_tfidf__superior temporal,-0.10714022230414932
terms_abstract_tfidf__supplementary,0.5362390014985746
terms_abstract_tfidf__supplementary motor,0.5271873892966842
terms_abstract_tfidf__supported,-0.1094469690669486
terms_abstract_tfidf__supporting,-0.12760948812384032
terms_abstract_tfidf__supports,-0.16377214895557293
terms_abstract_tfidf__suppressed,0.08137004830072261
terms_abstract_tfidf__suppression,0.0847482878518925
terms_abstract_tfidf__supramarginal,0.21094274719178382
terms_abstract_tfidf__supramarginal gyrus,0.21380367068226486
terms_abstract_tfidf__surface,0.27167131524366495
terms_abstract_tfidf__surprisingly,0.023357586803164194
terms_abstract_tfidf__surrounding,0.06055095671345086
terms_abstract_tfidf__susceptibility,-0.13701314691774638
terms_abstract_tfidf__sustained,0.19552994970113716
terms_abstract_tfidf__sustained attention,0.060418886963467734
terms_abstract_tfidf__switch,0.11604581275105955
terms_abstract_tfidf__switching,0.10685681478910623
terms_abstract_tfidf__symbolic,0.11587525235593657
terms_abstract_tfidf__symptom,-0.10774125953626112
terms_abstract_tfidf__symptom severity,-0.12055115886584308
terms_abstract_tfidf__symptoms,-0.160179501184697
terms_abstract_tfidf__synchronization,0.11704689206219927
terms_abstract_tfidf__syndrome,0.07166370686942405
terms_abstract_tfidf__syntactic,-0.19704993389499698
terms_abstract_tfidf__systematic,-0.09455534463741479
terms_abstract_tfidf__systematically,-0.023491919741796728
terms_abstract_tfidf__systems,-0.03872137848975501
terms_abstract_tfidf__systems involved,-0.05263371888001135
terms_abstract_tfidf__t1,0.049086985477643556
terms_abstract_tfidf__t1 weighted,0.033284648400805514
terms_abstract_tfidf__tactile,0.525394102755997
terms_abstract_tfidf__taken,-0.22138208640617757
terms_abstract_tfidf__taken suggest,-0.06247811951237103
terms_abstract_tfidf__taking,-0.212614013165148
terms_abstract_tfidf__tapping,0.43572014151973854
terms_abstract_tfidf__target,0.2907075854801122
terms_abstract_tfidf__target detection,0.13537536239853198
terms_abstract_tfidf__targeted,-0.08624510022690692
terms_abstract_tfidf__targets,0.21811712051788495
terms_abstract_tfidf__task,0.13463930261904536
terms_abstract_tfidf__task conditions,0.14386593357558441
terms_abstract_tfidf__task demands,-0.03151834296525059
terms_abstract_tfidf__task difficulty,0.0339929686354132
terms_abstract_tfidf__task functional,-0.08209637209981692
terms_abstract_tfidf__task induced,0.00019432531924206263
terms_abstract_tfidf__task involving,0.017942708662109425
terms_abstract_tfidf__task irrelevant,0.05179554688387091
terms_abstract_tfidf__task performance,0.19703926688342563
terms_abstract_tfidf__task positive,-0.17531260612753863
terms_abstract_tfidf__task relevant,0.21842893414187864
terms_abstract_tfidf__task required,0.11707330407600934
terms_abstract_tfidf__task task,0.0898478078081364
terms_abstract_tfidf__task using,0.09876385684980496
terms_abstract_tfidf__tasks,0.24999215674018987
terms_abstract_tfidf__taste,-0.07445350463065785
terms_abstract_tfidf__td,-0.11493890558197749
terms_abstract_tfidf__technique,0.117660937265682
terms_abstract_tfidf__techniques,0.09296265556353868
terms_abstract_tfidf__tegmental,-0.09633843295928185
terms_abstract_tfidf__temporal,-0.33990238811753853
terms_abstract_tfidf__temporal cortex,-0.22308164523447746
terms_abstract_tfidf__temporal cortices,-0.19011219765219362
terms_abstract_tfidf__temporal frontal,-0.18999382261119524
terms_abstract_tfidf__temporal gyri,-0.15859479013135958
terms_abstract_tfidf__temporal gyrus,-0.23923954800053113
terms_abstract_tfidf__temporal inferior,-0.1463596595046678
terms_abstract_tfidf__temporal lobe,-0.35350650306427345
terms_abstract_tfidf__temporal lobes,-0.3172670346612796
terms_abstract_tfidf__temporal occipital,0.0007528131820295725
terms_abstract_tfidf__temporal parietal,-0.26672771709104903
terms_abstract_tfidf__temporal pole,-0.32624721170730314
terms_abstract_tfidf__temporal sulcus,-0.20183680587647798
terms_abstract_tfidf__temporale,0.012018203762059913
terms_abstract_tfidf__temporally,0.07779754661883598
terms_abstract_tfidf__temporo,-0.21513296218160718
terms_abstract_tfidf__temporo parietal,-0.2512185788638306
terms_abstract_tfidf__temporoparietal,-0.2651713546079609
terms_abstract_tfidf__temporoparietal junction,-0.2856608554267395
terms_abstract_tfidf__tend,-0.03027994655395318
terms_abstract_tfidf__tendency,-0.17992660513178538
terms_abstract_tfidf__tensor,0.010107442039963398
terms_abstract_tfidf__tensor dti,-0.00790195842437032
terms_abstract_tfidf__term,-0.044645595464651765
terms_abstract_tfidf__term memory,-0.029804740362021218
terms_abstract_tfidf__terms,-0.04281734515775639
terms_abstract_tfidf__tesla,0.12831690226991752
terms_abstract_tfidf__test,-0.09752363200983649
terms_abstract_tfidf__tested,0.013213417142509069
terms_abstract_tfidf__testing,-0.03709927200005832
terms_abstract_tfidf__tests,-0.1461886484937089
terms_abstract_tfidf__thalamic,0.10029637398951516
terms_abstract_tfidf__thalamus,0.21452249466330575
terms_abstract_tfidf__theoretical,-0.22064749612906406
terms_abstract_tfidf__theories,-0.12070865450742665
terms_abstract_tfidf__theory,-0.42051672319735367
terms_abstract_tfidf__theory mind,-0.47620216602881515
terms_abstract_tfidf__therapeutic,0.002872530744632933
terms_abstract_tfidf__therapy,0.04939718523261982
terms_abstract_tfidf__thickness,-0.01492058763824123
terms_abstract_tfidf__thinking,-0.42341799406255415
terms_abstract_tfidf__thirteen,0.140716756248569
terms_abstract_tfidf__thirty,-0.0966580595580983
terms_abstract_tfidf__thought,-0.2596298314043918
terms_abstract_tfidf__thoughts,-0.3356237054983985
terms_abstract_tfidf__threat,-0.2268047893500257
terms_abstract_tfidf__threatening,-0.15495317142458717
terms_abstract_tfidf__threshold,0.21805646533652784
terms_abstract_tfidf__time,0.1740986291831305
terms_abstract_tfidf__time course,0.13751717282895692
terms_abstract_tfidf__time courses,0.040156403237510296
terms_abstract_tfidf__time points,0.056030982072291846
terms_abstract_tfidf__time series,0.04335011506537959
terms_abstract_tfidf__time task,0.1871685755867936
terms_abstract_tfidf__times,0.10734406061591027
terms_abstract_tfidf__timing,0.29983798711340987
terms_abstract_tfidf__tissue,-0.01982666228136112
terms_abstract_tfidf__tms,0.3886543194502298
terms_abstract_tfidf__tom,-0.4059461659340233
terms_abstract_tfidf__tomography,-0.0712496100609116
terms_abstract_tfidf__tomography pet,-0.014793162437745928
terms_abstract_tfidf__tone,0.05970427916932875
terms_abstract_tfidf__tones,0.10407926219211414
terms_abstract_tfidf__took,-0.1120616201149102
terms_abstract_tfidf__tool,0.21971195057319068
terms_abstract_tfidf__tools,0.17060848462959333
terms_abstract_tfidf__total,-0.05605549922259665
terms_abstract_tfidf__touch,0.46744408598737275
terms_abstract_tfidf__tpj,-0.2517369090022148
terms_abstract_tfidf__track,-0.05885178281736707
terms_abstract_tfidf__tracking,0.2838368630143965
terms_abstract_tfidf__tract,0.13623153195624105
terms_abstract_tfidf__tractography,0.06758130918754497
terms_abstract_tfidf__tracts,0.07229793605524587
terms_abstract_tfidf__traditional,0.08767846787782864
terms_abstract_tfidf__traditionally,0.053192733441355916
terms_abstract_tfidf__trained,0.2617636504233077
terms_abstract_tfidf__training,0.3965071269365917
terms_abstract_tfidf__trait,-0.3234694889774687
terms_abstract_tfidf__traits,-0.40392301772571554
terms_abstract_tfidf__trajectories,0.1666460946425192
terms_abstract_tfidf__transcranial,0.4266718881529715
terms_abstract_tfidf__transcranial magnetic,0.4504725769854452
terms_abstract_tfidf__transfer,0.12062072363695057
terms_abstract_tfidf__transformation,0.29048118190707956
terms_abstract_tfidf__transient,0.025068776012696234
terms_abstract_tfidf__transition,-0.0535046624067089
terms_abstract_tfidf__trauma,-0.15225106372452044
terms_abstract_tfidf__traumatic,0.03525761868593786
terms_abstract_tfidf__treated,-0.08191338962870015
terms_abstract_tfidf__treatment,-0.1764186555194471
terms_abstract_tfidf__treatments,-0.1109367513134868
terms_abstract_tfidf__trend,-0.19047251621599456
terms_abstract_tfidf__trial,0.10208432194347304
terms_abstract_tfidf__trial trial,0.06038191955453277
terms_abstract_tfidf__trials,0.04686574727895693
terms_abstract_tfidf__trigger,0.15066106464650675
terms_abstract_tfidf__triggered,0.24940120389861528
terms_abstract_tfidf__true,-0.11309148340589742
terms_abstract_tfidf__turn,-0.06833565203001482
terms_abstract_tfidf__twice,0.07977896046203309
terms_abstract_tfidf__type,0.03755808595615555
terms_abstract_tfidf__types,-0.05619042619545393
terms_abstract_tfidf__typical,-0.09584148079202065
terms_abstract_tfidf__typically,-0.16351256360688154
terms_abstract_tfidf__typically developing,-0.0900158978701637
terms_abstract_tfidf__unaffected,-0.0031217241832902183
terms_abstract_tfidf__uncertain,0.062200117972063124
terms_abstract_tfidf__uncertainty,-0.10963017732531755
terms_abstract_tfidf__unclear,-0.0644216746557281
terms_abstract_tfidf__undergoing,-0.15019213471605203
terms_abstract_tfidf__undergoing functional,-0.08245919828426573
terms_abstract_tfidf__underlie,-0.11501969771066951
terms_abstract_tfidf__underlies,-0.09563363414639302
terms_abstract_tfidf__underlying,-0.0941620021503187
terms_abstract_tfidf__underlying mechanisms,0.15696288487720175
terms_abstract_tfidf__underpinning,-0.11155648771558754
terms_abstract_tfidf__underpinnings,-0.24675911060398814
terms_abstract_tfidf__understand,-0.13381091656570904
terms_abstract_tfidf__understanding,-0.3174159142040111
terms_abstract_tfidf__understood,-0.02108003804621724
terms_abstract_tfidf__unexpected,0.031675103850580956
terms_abstract_tfidf__unfamiliar,-0.16825255843890882
terms_abstract_tfidf__unilateral,0.3881980468212644
terms_abstract_tfidf__unimodal,0.02235022648200583
terms_abstract_tfidf__unique,-0.08727738349941154
terms_abstract_tfidf__uniquely,-0.14148228552139133
terms_abstract_tfidf__univariate,-0.24768445992033108
terms_abstract_tfidf__unknown,-0.05965523682460885
terms_abstract_tfidf__unlike,-0.03979063968475434
terms_abstract_tfidf__unmedicated,-0.11846788022473792
terms_abstract_tfidf__unpleasant,-0.10557242526017724
terms_abstract_tfidf__unrelated,-0.19892936777664671
terms_abstract_tfidf__upcoming,0.24608475496772755
terms_abstract_tfidf__updating,0.10843557157450542
terms_abstract_tfidf__upper,0.42980884904929995
terms_abstract_tfidf__use,-0.04596769625267669
terms_abstract_tfidf__use functional,0.14600625892608804
terms_abstract_tfidf__useful,-0.013628765642413497
terms_abstract_tfidf__users,-0.02325196612435582
terms_abstract_tfidf__uses,0.007257245223606446
terms_abstract_tfidf__using,0.11006092032079139
terms_abstract_tfidf__using event,0.12048012246545592
terms_abstract_tfidf__using functional,0.21424859904363053
terms_abstract_tfidf__using resting,-0.17696574785167798
terms_abstract_tfidf__using voxel,-0.08325693324558693
terms_abstract_tfidf__usually,0.13005593777958852
terms_abstract_tfidf__utility,-0.08064968676118087
terms_abstract_tfidf__utilized,0.04906955574663657
terms_abstract_tfidf__v1,0.08069272620993333
terms_abstract_tfidf__v5,0.2291931221787795
terms_abstract_tfidf__valence,-0.3837326519364936
terms_abstract_tfidf__valid,-0.035952384354174055
terms_abstract_tfidf__validated,-0.15781693541012942
terms_abstract_tfidf__validity,0.03493223217754987
terms_abstract_tfidf__valuable,0.05371442485844318
terms_abstract_tfidf__value,-0.3162438487162011
terms_abstract_tfidf__values,-0.08724646739058271
terms_abstract_tfidf__variability,0.0233194501902381
terms_abstract_tfidf__variable,0.14707568209276287
terms_abstract_tfidf__variables,0.0032686088998292178
terms_abstract_tfidf__variance,0.07711317380190483
terms_abstract_tfidf__variant,-0.16253617703893714
terms_abstract_tfidf__variation,-0.17524687699638425
terms_abstract_tfidf__variations,0.10999165803245983
terms_abstract_tfidf__varied,-0.0805289804599017
terms_abstract_tfidf__varies,0.04842718635330601
terms_abstract_tfidf__variety,0.053756667052302774
terms_abstract_tfidf__various,0.06967675400452188
terms_abstract_tfidf__vary,-0.12780603836039467
terms_abstract_tfidf__varying,-0.06534676246093404
terms_abstract_tfidf__vbm,-0.1473173640566092
terms_abstract_tfidf__vector,-0.03503014545345026
terms_abstract_tfidf__ventral,-0.027765259514876246
terms_abstract_tfidf__ventral anterior,-0.20011021628305325
terms_abstract_tfidf__ventral dorsal,0.004721163801456179
terms_abstract_tfidf__ventral medial,-0.32171632044048293
terms_abstract_tfidf__ventral premotor,0.5002192991685015
terms_abstract_tfidf__ventral striatum,-0.1983397867596951
terms_abstract_tfidf__ventral tegmental,-0.09672628490939496
terms_abstract_tfidf__ventral visual,-0.014292151639725727
terms_abstract_tfidf__ventrolateral,-0.10949523027348496
terms_abstract_tfidf__ventrolateral prefrontal,-0.1366521606385172
terms_abstract_tfidf__ventromedial,-0.45371732733923037
terms_abstract_tfidf__ventromedial prefrontal,-0.42704447345855573
terms_abstract_tfidf__verb,-0.10714690606750564
terms_abstract_tfidf__verbal,-0.054663493221238986
terms_abstract_tfidf__verbal fluency,0.019144338191638872
terms_abstract_tfidf__verbal working,0.07176158557162876
terms_abstract_tfidf__verbs,-0.034316233901916335
terms_abstract_tfidf__vermis,0.2391171668322203
terms_abstract_tfidf__version,-0.08714007542433534
terms_abstract_tfidf__versus,-0.2145100295473089
terms_abstract_tfidf__vi,0.20494209992808976
terms_abstract_tfidf__video,0.1387652501555188
terms_abstract_tfidf__video clips,0.12644170523129933
terms_abstract_tfidf__videos,0.008486487657813478
terms_abstract_tfidf__view,-0.09832028408408935
terms_abstract_tfidf__viewed,-0.15332265888919255
terms_abstract_tfidf__viewing,-0.08090451745979442
terms_abstract_tfidf__violations,-0.18333208888240446
terms_abstract_tfidf__virtual,0.11781896368913358
terms_abstract_tfidf__vision,0.1739861829153405
terms_abstract_tfidf__visual,0.19263895106229173
terms_abstract_tfidf__visual attention,0.17437144825418738
terms_abstract_tfidf__visual auditory,-0.00013632909995865545
terms_abstract_tfidf__visual cortex,0.12047465732616759
terms_abstract_tfidf__visual cortices,0.04705028211969293
terms_abstract_tfidf__visual field,0.15516650994586825
terms_abstract_tfidf__visual information,0.17721622375205198
terms_abstract_tfidf__visual motion,0.18999165125899403
terms_abstract_tfidf__visual perception,0.10046330848352861
terms_abstract_tfidf__visual stimuli,0.05042790446969582
terms_abstract_tfidf__visual stimulus,0.1407111905629194
terms_abstract_tfidf__visual stream,0.04349323758813266
terms_abstract_tfidf__visual word,-0.033692507429219996
terms_abstract_tfidf__visually,0.3400974590141115
terms_abstract_tfidf__visually presented,0.08900881297025162
terms_abstract_tfidf__visuo,0.2488404452061393
terms_abstract_tfidf__visuo spatial,0.10708641364877133
terms_abstract_tfidf__visuomotor,0.4415155532902411
terms_abstract_tfidf__visuospatial,0.22016675539607197
terms_abstract_tfidf__vivo,-0.028084027203180158
terms_abstract_tfidf__vlpfc,-0.19943968546893168
terms_abstract_tfidf__vmpfc,-0.40364501841902234
terms_abstract_tfidf__vocal,0.10982514259038548
terms_abstract_tfidf__voice,-0.15499352356938553
terms_abstract_tfidf__volume,-0.08308429973472888
terms_abstract_tfidf__volumes,-0.10204610919664499
terms_abstract_tfidf__volumetric,-0.005856727951022976
terms_abstract_tfidf__voluntary,0.44798253931937765
terms_abstract_tfidf__volunteers,0.36211142787585066
terms_abstract_tfidf__voxel,-0.0960267160696894
terms_abstract_tfidf__voxel morphometry,-0.14378156712910564
terms_abstract_tfidf__voxel wise,0.015401062471891172
terms_abstract_tfidf__voxels,0.11105319288621958
terms_abstract_tfidf__voxelwise,-0.05269588103607799
terms_abstract_tfidf__vs,-0.1820846347869994
terms_abstract_tfidf__vulnerability,-0.23382246396885206
terms_abstract_tfidf__watched,0.12249425091337499
terms_abstract_tfidf__watching,0.0017360218826664043
terms_abstract_tfidf__way,-0.11095101224738689
terms_abstract_tfidf__ways,-0.1812864627039487
terms_abstract_tfidf__weak,-0.027898842264312808
terms_abstract_tfidf__weaker,-0.14581918208670022
terms_abstract_tfidf__week,0.08367303158259086
terms_abstract_tfidf__weeks,0.10491160733633577
terms_abstract_tfidf__weight,-0.09808976360814453
terms_abstract_tfidf__weighted,0.10716129850277016
terms_abstract_tfidf__whilst,0.03297446173176877
terms_abstract_tfidf__white,-0.0033893933093957817
terms_abstract_tfidf__white matter,-0.010376590447094514
terms_abstract_tfidf__wide,0.1604530737496449
terms_abstract_tfidf__widely,-0.0449524618417883
terms_abstract_tfidf__widespread,0.0805285434444671
terms_abstract_tfidf__wiley,0.02516536834347665
terms_abstract_tfidf__wiley periodicals,0.04762736521303584
terms_abstract_tfidf__window,-0.004120613504587122
terms_abstract_tfidf__wise,-0.01396468631042767
terms_abstract_tfidf__wm,0.15320149719738815
terms_abstract_tfidf__wm task,0.09353850423528869
terms_abstract_tfidf__women,-0.12258037860191402
terms_abstract_tfidf__word,-0.17918339660149796
terms_abstract_tfidf__word form,-0.06986503385227516
terms_abstract_tfidf__word pairs,-0.23498611395608404
terms_abstract_tfidf__word recognition,-0.07577900705549208
terms_abstract_tfidf__words,-0.21283406181162362
terms_abstract_tfidf__work,-0.13083547924707375
terms_abstract_tfidf__working,0.11116128425451406
terms_abstract_tfidf__working memory,0.11507073529043872
terms_abstract_tfidf__world,-0.20749288228316687
terms_abstract_tfidf__worse,-0.19969978493863047
terms_abstract_tfidf__written,-0.10967416077951192
terms_abstract_tfidf__year,-0.19228975351758512
terms_abstract_tfidf__year old,-0.15462170464397132
terms_abstract_tfidf__years,-0.02647470222513658
terms_abstract_tfidf__years old,-0.1998599921385678
terms_abstract_tfidf__yield,0.0015103254350222572
terms_abstract_tfidf__yielded,0.09686402891837517
terms_abstract_tfidf__young,-0.12228925730097703
terms_abstract_tfidf__young adults,-0.09168733108043312
terms_abstract_tfidf__young healthy,0.09612063521219927
terms_abstract_tfidf__young older,-0.1261371017262171
terms_abstract_tfidf__younger,-0.08763846899791126
terms_abstract_tfidf__younger adults,-0.08951506600735139
terms_abstract_tfidf__youth,-0.15405190818269662
terms_abstract_tfidf__zone,0.1557374182158323
