feature,r
terms_abstract_tfidf__001,-0.09296460527497563
terms_abstract_tfidf__01,-0.14621459289641525
terms_abstract_tfidf__05,-0.17423628071986097
terms_abstract_tfidf__10,-0.1411719615891787
terms_abstract_tfidf__100,-0.031997102093183336
terms_abstract_tfidf__11,-0.11393890842516166
terms_abstract_tfidf__12,-0.0011461257102662347
terms_abstract_tfidf__12 healthy,0.07790854589202409
terms_abstract_tfidf__13,-0.056823066383819454
terms_abstract_tfidf__14,-0.061929922096724384
terms_abstract_tfidf__14 healthy,-0.06422157314890929
terms_abstract_tfidf__15,-0.02461442132905885
terms_abstract_tfidf__15 healthy,-0.041373072920241255
terms_abstract_tfidf__16,-0.07484934652192636
terms_abstract_tfidf__16 healthy,0.028816965731802712
terms_abstract_tfidf__17,-0.04604111426689063
terms_abstract_tfidf__18,-0.1595861522375174
terms_abstract_tfidf__18 healthy,-0.008776215317312114
terms_abstract_tfidf__19,-0.09958776588659181
terms_abstract_tfidf__20,-0.13101578116049092
terms_abstract_tfidf__20 healthy,-0.05607203497241532
terms_abstract_tfidf__200,0.012948956422219002
terms_abstract_tfidf__2014,-0.023231606141694894
terms_abstract_tfidf__21,-0.16639561675078487
terms_abstract_tfidf__22,-0.11444505658630938
terms_abstract_tfidf__23,-0.11651177185579306
terms_abstract_tfidf__24,-0.13734598314651417
terms_abstract_tfidf__25,-0.19101482120243513
terms_abstract_tfidf__26,-0.1036526813219459
terms_abstract_tfidf__27,-0.07812373390514346
terms_abstract_tfidf__28,-0.18376231032212456
terms_abstract_tfidf__29,-0.14005915805227945
terms_abstract_tfidf__30,-0.0701282945271201
terms_abstract_tfidf__31,-0.09891995784597485
terms_abstract_tfidf__32,-0.0684712155918465
terms_abstract_tfidf__33,-0.10983529797972838
terms_abstract_tfidf__34,-0.12698728897606576
terms_abstract_tfidf__35,-0.031851021237245467
terms_abstract_tfidf__36,-0.04241133490899532
terms_abstract_tfidf__37,-0.03317432806419069
terms_abstract_tfidf__38,-0.1106064090829878
terms_abstract_tfidf__39,-0.13574693646296285
terms_abstract_tfidf__3d,0.15115702408213413
terms_abstract_tfidf__3t,-0.010420494005670541
terms_abstract_tfidf__40,0.038661129773722144
terms_abstract_tfidf__41,-0.1324325517571089
terms_abstract_tfidf__42,-0.05085932325606517
terms_abstract_tfidf__43,-0.10380864693345858
terms_abstract_tfidf__44,0.056247068866333017
terms_abstract_tfidf__45,0.04599562074233081
terms_abstract_tfidf__46,-0.00036263788330461306
terms_abstract_tfidf__47,-0.12778225227121273
terms_abstract_tfidf__48,-0.06702385908854362
terms_abstract_tfidf__49,-0.019532001252854012
terms_abstract_tfidf__50,-0.13026945395398767
terms_abstract_tfidf__60,-0.037718315130624305
terms_abstract_tfidf__70,-0.012274564883752665
terms_abstract_tfidf__75,-0.0026000822338500657
terms_abstract_tfidf__80,-0.04010566824409269
terms_abstract_tfidf__90,-0.033566088686493724
terms_abstract_tfidf__aberrant,-0.2121966242969714
terms_abstract_tfidf__abilities,0.05126377124595159
terms_abstract_tfidf__ability,-0.020167439179390602
terms_abstract_tfidf__able,0.12085189598876
terms_abstract_tfidf__abnormal,-0.21670019702652318
terms_abstract_tfidf__abnormalities,-0.2453400675166958
terms_abstract_tfidf__abnormality,-0.10947243721787006
terms_abstract_tfidf__absence,0.055985059235155156
terms_abstract_tfidf__absent,0.07916841615059274
terms_abstract_tfidf__abstract,0.09008160928223807
terms_abstract_tfidf__abuse,-0.17240611392678498
terms_abstract_tfidf__acc,-0.08503474074073399
terms_abstract_tfidf__access,0.00847448509651462
terms_abstract_tfidf__accompanied,-0.004292857271629209
terms_abstract_tfidf__accordance,-0.014175638328661902
terms_abstract_tfidf__according,0.07333062965519323
terms_abstract_tfidf__accordingly,0.035599417721021744
terms_abstract_tfidf__account,-0.018801304791439707
terms_abstract_tfidf__accounted,-0.0011161602106716311
terms_abstract_tfidf__accounts,-0.031535677674466425
terms_abstract_tfidf__accumbens,-0.19114537268506995
terms_abstract_tfidf__accuracy,-0.01999736456410197
terms_abstract_tfidf__accurate,0.048890204780994005
terms_abstract_tfidf__accurately,0.009137438709602192
terms_abstract_tfidf__achieve,0.041044883123054064
terms_abstract_tfidf__achieved,0.006336536697493135
terms_abstract_tfidf__acoustic,0.02688735785877171
terms_abstract_tfidf__acquired,-0.043364283565003166
terms_abstract_tfidf__acquisition,0.06240372390241515
terms_abstract_tfidf__act,0.005507066960249561
terms_abstract_tfidf__action,0.3222277473022539
terms_abstract_tfidf__action observation,0.3280684064858164
terms_abstract_tfidf__actions,0.2821461952355629
terms_abstract_tfidf__activate,0.19890839610094616
terms_abstract_tfidf__activates,0.1680382401984685
terms_abstract_tfidf__activations,0.22847307191027763
terms_abstract_tfidf__active,0.20725392141369947
terms_abstract_tfidf__actively,0.08240535725057425
terms_abstract_tfidf__activities,0.003198614239589701
terms_abstract_tfidf__acts,0.07794651417628469
terms_abstract_tfidf__actual,0.15834038062078082
terms_abstract_tfidf__actually,0.15593893134407377
terms_abstract_tfidf__acute,-0.1068044117901147
terms_abstract_tfidf__ad,-0.15153747069259166
terms_abstract_tfidf__adaptation,0.13162024439622041
terms_abstract_tfidf__adapted,-0.004099192292969466
terms_abstract_tfidf__adaptive,-0.07535656117066371
terms_abstract_tfidf__add,0.01962369913245651
terms_abstract_tfidf__addiction,-0.17658327175006683
terms_abstract_tfidf__addition,0.04025316914914041
terms_abstract_tfidf__additional,0.20832889316879286
terms_abstract_tfidf__additionally,-0.03374206451343574
terms_abstract_tfidf__addressed,0.013920893244625952
terms_abstract_tfidf__adhd,-0.1796078155549759
terms_abstract_tfidf__adjacent,0.15669845788532974
terms_abstract_tfidf__administered,-0.05773260698485858
terms_abstract_tfidf__administration,-0.08285809793348207
terms_abstract_tfidf__adolescence,-0.1838877591047592
terms_abstract_tfidf__adolescent,-0.22366362311839866
terms_abstract_tfidf__adolescents,-0.23544143788410302
terms_abstract_tfidf__adopted,-0.04253307354404325
terms_abstract_tfidf__adult,-0.1500820644308405
terms_abstract_tfidf__adulthood,-0.2225730155464775
terms_abstract_tfidf__adults,-0.11645112464088964
terms_abstract_tfidf__advance,0.08692471728025268
terms_abstract_tfidf__advanced,0.02500465396159231
terms_abstract_tfidf__advances,-0.07632918958399947
terms_abstract_tfidf__advantage,0.06871969542600327
terms_abstract_tfidf__affect,-0.12456658695670374
terms_abstract_tfidf__affected,-0.0008264443607783166
terms_abstract_tfidf__affecting,-0.004279677998768876
terms_abstract_tfidf__affective,-0.16534029165084776
terms_abstract_tfidf__affects,-0.04325324733661642
terms_abstract_tfidf__age,-0.2080280036585
terms_abstract_tfidf__age controls,0.0681537511563145
terms_abstract_tfidf__age gender,-0.1949883241859933
terms_abstract_tfidf__age groups,0.03094190568910339
terms_abstract_tfidf__age healthy,0.006627133861681261
terms_abstract_tfidf__age sex,-0.08574758951354357
terms_abstract_tfidf__aged,-0.08390561130357045
terms_abstract_tfidf__agent,0.052723456321410594
terms_abstract_tfidf__ages,-0.1347848716611658
terms_abstract_tfidf__aging,-0.023867125052405853
terms_abstract_tfidf__agreement,0.09769288744176015
terms_abstract_tfidf__aim,0.022486699194372902
terms_abstract_tfidf__aimed,-0.07369429076061043
terms_abstract_tfidf__aims,-0.06781735033801194
terms_abstract_tfidf__al,-0.002945566916102569
terms_abstract_tfidf__alcohol,-0.13924660082026385
terms_abstract_tfidf__alff,-0.19816613050222745
terms_abstract_tfidf__algorithm,-0.06940415263097142
terms_abstract_tfidf__allele,-0.0991276609097832
terms_abstract_tfidf__allocation,0.04474006572653543
terms_abstract_tfidf__allow,0.021284697358272594
terms_abstract_tfidf__allowed,0.10045016819601385
terms_abstract_tfidf__allowing,0.0799057289492686
terms_abstract_tfidf__allows,0.02544319980976285
terms_abstract_tfidf__alpha,-0.030193328619330342
terms_abstract_tfidf__alter,-0.043279189505533965
terms_abstract_tfidf__alteration,-0.13365415051705914
terms_abstract_tfidf__alterations,-0.1974217743243864
terms_abstract_tfidf__altered,-0.2046398574105756
terms_abstract_tfidf__alternating,0.02321089045180806
terms_abstract_tfidf__alternative,-0.04397474981057691
terms_abstract_tfidf__alters,-0.04467856096649981
terms_abstract_tfidf__alzheimer,-0.15601218169459713
terms_abstract_tfidf__alzheimer disease,-0.1531023687323032
terms_abstract_tfidf__ambiguous,-0.011594212673343124
terms_abstract_tfidf__amnestic,-0.1086203685166805
terms_abstract_tfidf__amplitude,-0.0702426776505394
terms_abstract_tfidf__amplitude low,-0.20223186310080274
terms_abstract_tfidf__amplitudes,0.017996782319256055
terms_abstract_tfidf__amygdala,-0.23530270138071022
terms_abstract_tfidf__amygdala anterior,-0.11689280998510457
terms_abstract_tfidf__amygdala hippocampus,-0.14936784284641524
terms_abstract_tfidf__amygdala insula,-0.07366838776348156
terms_abstract_tfidf__amygdala response,-0.10332809884249175
terms_abstract_tfidf__amygdala responses,-0.037506104413857225
terms_abstract_tfidf__analysed,-0.01822966906202952
terms_abstract_tfidf__analyses,-0.16057663578493706
terms_abstract_tfidf__analyze,-0.007746864284552638
terms_abstract_tfidf__analyzed,-0.1271199471041006
terms_abstract_tfidf__analyzed using,-0.004413307931977428
terms_abstract_tfidf__analyzing,0.07826394729369722
terms_abstract_tfidf__anatomical,-0.06788828486191119
terms_abstract_tfidf__anatomically,-0.05796238307246849
terms_abstract_tfidf__anatomy,-0.04117802818731169
terms_abstract_tfidf__anger,-0.12907580825410875
terms_abstract_tfidf__angry,-0.03743169229952988
terms_abstract_tfidf__angular,-0.009349447908792578
terms_abstract_tfidf__angular gyrus,-0.014557088902901177
terms_abstract_tfidf__animal,-0.09998665134412114
terms_abstract_tfidf__animals,-0.039411649610738474
terms_abstract_tfidf__anisotropy,-0.07185206140374714
terms_abstract_tfidf__anisotropy fa,-0.06288027717830012
terms_abstract_tfidf__anterior,-0.15667929534722216
terms_abstract_tfidf__anterior cingulate,-0.1750560575093687
terms_abstract_tfidf__anterior hippocampus,-0.09038537478245652
terms_abstract_tfidf__anterior insula,-0.007676928299915253
terms_abstract_tfidf__anterior insular,0.057045636021865555
terms_abstract_tfidf__anterior intraparietal,0.2765564707260563
terms_abstract_tfidf__anterior medial,-0.15191617202745367
terms_abstract_tfidf__anterior posterior,-0.1364379738851385
terms_abstract_tfidf__anterior prefrontal,-0.010708502624868407
terms_abstract_tfidf__anterior superior,0.05272352991794456
terms_abstract_tfidf__anterior temporal,-0.17244730641997597
terms_abstract_tfidf__anti,-0.11333258752028082
terms_abstract_tfidf__anticipation,-0.10307937756488712
terms_abstract_tfidf__anticipatory,-0.04623905741884744
terms_abstract_tfidf__anxiety,-0.1614290534145073
terms_abstract_tfidf__anxiety disorders,-0.10236257621923132
terms_abstract_tfidf__apart,-0.026036403843505015
terms_abstract_tfidf__aphasia,-0.011922335041932896
terms_abstract_tfidf__apparent,0.04107064529565025
terms_abstract_tfidf__appear,0.03998693761030091
terms_abstract_tfidf__appeared,-0.046178725248214696
terms_abstract_tfidf__appears,0.02945056496900128
terms_abstract_tfidf__application,-0.07317103152960222
terms_abstract_tfidf__applied,0.0025976666202548178
terms_abstract_tfidf__apply,-0.03318570673959582
terms_abstract_tfidf__applying,0.09299786914995005
terms_abstract_tfidf__appraisal,-0.109766367171888
terms_abstract_tfidf__approach,-0.15821331883062736
terms_abstract_tfidf__approaches,-0.13427710607328894
terms_abstract_tfidf__appropriate,0.12562940910687642
terms_abstract_tfidf__approximately,-0.009351005255739191
terms_abstract_tfidf__architecture,-0.0935355070217034
terms_abstract_tfidf__argue,0.12431807358126759
terms_abstract_tfidf__arise,-0.08381869005546516
terms_abstract_tfidf__arithmetic,0.11561116795191963
terms_abstract_tfidf__arm,0.20568195745328674
terms_abstract_tfidf__arousal,-0.08879797399792694
terms_abstract_tfidf__arterial,-0.051461644142001946
terms_abstract_tfidf__arterial spin,-0.06223077453391938
terms_abstract_tfidf__articulatory,0.08320307640829344
terms_abstract_tfidf__asd,-0.034471280988473074
terms_abstract_tfidf__asked,0.050384074051107244
terms_abstract_tfidf__aspect,0.013604081533751877
terms_abstract_tfidf__aspects,-0.006574135156391331
terms_abstract_tfidf__assess,0.0454245268112598
terms_abstract_tfidf__assessed,-0.16304206455142917
terms_abstract_tfidf__assessed using,-0.028816710906326932
terms_abstract_tfidf__assessing,-0.020128785827425597
terms_abstract_tfidf__assessment,-0.10771683014371346
terms_abstract_tfidf__assessments,-0.11351252014746949
terms_abstract_tfidf__assigned,-0.12345446997624983
terms_abstract_tfidf__association,-0.15606844481230495
terms_abstract_tfidf__associations,-0.20584839722643214
terms_abstract_tfidf__associative,0.015316393678309973
terms_abstract_tfidf__assume,0.08078426187282779
terms_abstract_tfidf__assumed,-0.026671436307814447
terms_abstract_tfidf__assumption,0.03271808596255118
terms_abstract_tfidf__asymmetry,0.08835266015505788
terms_abstract_tfidf__atrophy,-0.19457634889185776
terms_abstract_tfidf__attempt,0.06881273370083067
terms_abstract_tfidf__attempted,0.014115517725262169
terms_abstract_tfidf__attend,0.15860041267070663
terms_abstract_tfidf__attended,0.1328538184915631
terms_abstract_tfidf__attending,0.1147301273277495
terms_abstract_tfidf__attention,0.21619073107455344
terms_abstract_tfidf__attention deficit,-0.14654485645575877
terms_abstract_tfidf__attention network,0.13720792540930124
terms_abstract_tfidf__attention task,0.12915190012395084
terms_abstract_tfidf__attentional,0.2202460815468276
terms_abstract_tfidf__attentional control,0.1342861540617862
terms_abstract_tfidf__attenuated,-0.053613963157832234
terms_abstract_tfidf__attenuation,-0.003385625806756795
terms_abstract_tfidf__attributed,0.012289930468562115
terms_abstract_tfidf__attributes,0.012016628856200825
terms_abstract_tfidf__attribution,-0.03385471140361925
terms_abstract_tfidf__atypical,-0.11920728930468015
terms_abstract_tfidf__audiovisual,0.08319298011361145
terms_abstract_tfidf__auditory,0.09244472301834147
terms_abstract_tfidf__auditory cortex,0.014702893098333156
terms_abstract_tfidf__auditory stimuli,0.0686561724448139
terms_abstract_tfidf__auditory visual,0.02666563279542532
terms_abstract_tfidf__autism,-0.06869879754250255
terms_abstract_tfidf__autism spectrum,-0.06684970449834442
terms_abstract_tfidf__autobiographical,-0.23832135420238257
terms_abstract_tfidf__autobiographical memory,-0.1952137157239013
terms_abstract_tfidf__automated,-0.014280883574273182
terms_abstract_tfidf__automatic,0.11092873752522375
terms_abstract_tfidf__automatically,0.12270856078038549
terms_abstract_tfidf__autonomic,-0.022003011837984067
terms_abstract_tfidf__available,-0.05967566422258438
terms_abstract_tfidf__average,-0.08119586720153314
terms_abstract_tfidf__aversive,-0.12073172842975957
terms_abstract_tfidf__avoid,-0.05665673178601243
terms_abstract_tfidf__avoidance,-0.09869620323484207
terms_abstract_tfidf__awareness,-0.059972874399256144
terms_abstract_tfidf__away,0.08555684356411061
terms_abstract_tfidf__axis,-0.05507942304416552
terms_abstract_tfidf__ba,0.0897799662995967
terms_abstract_tfidf__ba 44,0.07023925826160814
terms_abstract_tfidf__background,-0.2598224120438862
terms_abstract_tfidf__balance,-0.026309127935124806
terms_abstract_tfidf__band,-0.09334889441798135
terms_abstract_tfidf__bands,-0.026517152795797493
terms_abstract_tfidf__basal,0.009311703421155615
terms_abstract_tfidf__basal ganglia,0.02567842878306029
terms_abstract_tfidf__baseline,-0.14688167064368546
terms_abstract_tfidf__bases,-0.08810841219375913
terms_abstract_tfidf__basic,0.07653217638261847
terms_abstract_tfidf__basis,-0.020957839824670494
terms_abstract_tfidf__bayesian,0.02360653037996207
terms_abstract_tfidf__beginning,-0.08060817742946824
terms_abstract_tfidf__behavior,-0.14888072130111593
terms_abstract_tfidf__behavioral,-0.03436712530735052
terms_abstract_tfidf__behavioral evidence,-0.028665793070338622
terms_abstract_tfidf__behavioral level,0.02388539389735416
terms_abstract_tfidf__behavioral measures,0.03528102137714381
terms_abstract_tfidf__behavioral performance,0.1317918329506419
terms_abstract_tfidf__behavioral responses,-0.05125907270432524
terms_abstract_tfidf__behaviorally,0.016598745036721114
terms_abstract_tfidf__behaviors,-0.19476458780944558
terms_abstract_tfidf__behaviour,-0.11943365673980683
terms_abstract_tfidf__behavioural,-0.032749211836102854
terms_abstract_tfidf__belief,-0.09587243313824767
terms_abstract_tfidf__beliefs,-0.13788757620385608
terms_abstract_tfidf__believed,-0.05369224139614413
terms_abstract_tfidf__beneficial,-0.09912027122936662
terms_abstract_tfidf__benefit,0.04340299553005744
terms_abstract_tfidf__benefits,-0.008157682003130511
terms_abstract_tfidf__best,-0.0817702818940666
terms_abstract_tfidf__beta,0.0037560527385105684
terms_abstract_tfidf__better,-0.04055005605724123
terms_abstract_tfidf__better understanding,-0.10775568693914758
terms_abstract_tfidf__bias,-0.05566568088125691
terms_abstract_tfidf__biased,-0.01786528196635084
terms_abstract_tfidf__biases,-0.026703157292731233
terms_abstract_tfidf__bilaterally,0.19581509311730444
terms_abstract_tfidf__bilinguals,0.047928299071672904
terms_abstract_tfidf__binding,-0.06173270979331387
terms_abstract_tfidf__biological,-0.02767062825009958
terms_abstract_tfidf__biomarker,-0.11849643668799709
terms_abstract_tfidf__biomarkers,-0.17531136701810773
terms_abstract_tfidf__bipolar,-0.22867484964126866
terms_abstract_tfidf__bipolar disorder,-0.21330520588214494
terms_abstract_tfidf__blind,-0.03310927507392561
terms_abstract_tfidf__block,0.0635095009456365
terms_abstract_tfidf__block design,0.05367761918199066
terms_abstract_tfidf__blocked,0.041290781603656256
terms_abstract_tfidf__blocks,0.054251965727968886
terms_abstract_tfidf__blood,-0.09527375278548877
terms_abstract_tfidf__blood flow,-0.09683932070044322
terms_abstract_tfidf__blood oxygen,-0.025213884940461586
terms_abstract_tfidf__blood oxygenation,-0.053817100902103544
terms_abstract_tfidf__bodily,0.07954139454056575
terms_abstract_tfidf__body,0.27050719909887977
terms_abstract_tfidf__bold,0.06226377430413085
terms_abstract_tfidf__bold response,0.08839456193061372
terms_abstract_tfidf__bold responses,-0.04090816982715441
terms_abstract_tfidf__bold signal,0.045219403544565655
terms_abstract_tfidf__bold signals,-0.019973606880701055
terms_abstract_tfidf__brains,-0.07796172522397732
terms_abstract_tfidf__brainstem,-0.054063718287485005
terms_abstract_tfidf__brief,-0.03048493228992819
terms_abstract_tfidf__broad,-0.08204107000550517
terms_abstract_tfidf__broader,-0.009085331217524199
terms_abstract_tfidf__broca,0.01257384747861865
terms_abstract_tfidf__brodmann,0.015122184184187286
terms_abstract_tfidf__brodmann ba,0.06939690905895853
terms_abstract_tfidf__button,0.05922875948040079
terms_abstract_tfidf__calculated,-0.13085430421029834
terms_abstract_tfidf__calculation,0.18918050509761924
terms_abstract_tfidf__called,0.0838103386613982
terms_abstract_tfidf__callosum,-0.01531621147894059
terms_abstract_tfidf__candidate,0.028638173032703357
terms_abstract_tfidf__canonical,0.008026810124638762
terms_abstract_tfidf__capacity,0.1089509398810922
terms_abstract_tfidf__capture,0.056100803099822676
terms_abstract_tfidf__carried,0.11008057819487659
terms_abstract_tfidf__carriers,-0.06086295481210059
terms_abstract_tfidf__case,0.0895818381858291
terms_abstract_tfidf__cases,-0.03958477153415086
terms_abstract_tfidf__categorical,0.08505077592706013
terms_abstract_tfidf__categories,0.037595138781078334
terms_abstract_tfidf__categorization,0.09079188901048872
terms_abstract_tfidf__category,0.04739019184115845
terms_abstract_tfidf__caudal,0.11269335732344442
terms_abstract_tfidf__caudate,-0.1602569498728763
terms_abstract_tfidf__caudate nucleus,-0.0693772937502527
terms_abstract_tfidf__causal,0.11536612773676934
terms_abstract_tfidf__causal modeling,0.14879880652578048
terms_abstract_tfidf__causality,-0.12323226473204123
terms_abstract_tfidf__cause,-0.06239411483736044
terms_abstract_tfidf__caused,0.036781361294716285
terms_abstract_tfidf__causes,-0.0021388728591281883
terms_abstract_tfidf__center,0.05461471999940391
terms_abstract_tfidf__centered,0.05822547487195801
terms_abstract_tfidf__central,0.06381732267061058
terms_abstract_tfidf__central role,-0.03558415689751143
terms_abstract_tfidf__cerebellar,0.06891813945868581
terms_abstract_tfidf__cerebellum,0.08699053339514877
terms_abstract_tfidf__cerebral,0.08323033697994324
terms_abstract_tfidf__cerebral blood,-0.12040833592899916
terms_abstract_tfidf__cerebral cortex,0.0028967086346263194
terms_abstract_tfidf__certain,-0.047334634756963284
terms_abstract_tfidf__challenge,-0.1056669143545082
terms_abstract_tfidf__challenges,0.011233482269765163
terms_abstract_tfidf__challenging,0.012795688950391702
terms_abstract_tfidf__change,0.00522255597138059
terms_abstract_tfidf__changed,0.044799931717531424
terms_abstract_tfidf__changing,0.011569212395949042
terms_abstract_tfidf__character,0.002516041900143654
terms_abstract_tfidf__characteristic,0.008738269616470345
terms_abstract_tfidf__characteristics,-0.09196515723886592
terms_abstract_tfidf__characterization,-0.023192690086403286
terms_abstract_tfidf__characterize,-0.04835982878434267
terms_abstract_tfidf__characterized,-0.15674439186914507
terms_abstract_tfidf__characterizing,-0.04945726390673186
terms_abstract_tfidf__characters,0.13422391425397223
terms_abstract_tfidf__childhood,-0.15970863314345715
terms_abstract_tfidf__children,-0.1666703072016821
terms_abstract_tfidf__children adolescents,-0.16360678915663768
terms_abstract_tfidf__chinese,0.08857128372252208
terms_abstract_tfidf__choice,-0.17295510224952013
terms_abstract_tfidf__choices,-0.21441021596702922
terms_abstract_tfidf__choose,-0.1411885470820395
terms_abstract_tfidf__chosen,0.0009363107030325844
terms_abstract_tfidf__chronic,-0.09760516529040249
terms_abstract_tfidf__chronic pain,-0.07321701289941807
terms_abstract_tfidf__cingulate,-0.19441431272093518
terms_abstract_tfidf__cingulate cortex,-0.19594617848026533
terms_abstract_tfidf__cingulate cortices,-0.058589503988069135
terms_abstract_tfidf__cingulate gyrus,-0.11301513186486313
terms_abstract_tfidf__circuit,0.01648641619616417
terms_abstract_tfidf__circuitry,-0.18864425026175632
terms_abstract_tfidf__circuits,-0.015462791339456002
terms_abstract_tfidf__clarify,-0.04661774629504616
terms_abstract_tfidf__class,0.07137277196824733
terms_abstract_tfidf__classic,-0.020367808081472222
terms_abstract_tfidf__classical,0.0008102840844680706
terms_abstract_tfidf__classification,-0.13913666842171155
terms_abstract_tfidf__classified,-0.046486118342913295
terms_abstract_tfidf__clear,0.10508795705867013
terms_abstract_tfidf__clearly,-0.0010902078890311763
terms_abstract_tfidf__clinical,-0.17174885961213637
terms_abstract_tfidf__clinically,-0.10996029301487338
terms_abstract_tfidf__clips,0.19635816241610235
terms_abstract_tfidf__close,0.08759871518096699
terms_abstract_tfidf__closed,0.0387109249046707
terms_abstract_tfidf__closely,0.021599063470471854
terms_abstract_tfidf__cluster,-0.05567386611677214
terms_abstract_tfidf__clustering,-0.09443565427697288
terms_abstract_tfidf__clusters,-0.03372005045129558
terms_abstract_tfidf__code,0.14665702780586878
terms_abstract_tfidf__coding,0.23906491198990085
terms_abstract_tfidf__cognition,-0.13233723502581554
terms_abstract_tfidf__cognitive,-0.1006631413752022
terms_abstract_tfidf__cognitive control,-0.03719559747490589
terms_abstract_tfidf__cognitive deficits,0.03852092980161354
terms_abstract_tfidf__cognitive emotional,-0.0856961964301828
terms_abstract_tfidf__cognitive function,-0.03913060591522301
terms_abstract_tfidf__cognitive functions,0.02239727802660367
terms_abstract_tfidf__cognitive impairment,-0.18337065179214493
terms_abstract_tfidf__cognitive neuroscience,0.02030174038333024
terms_abstract_tfidf__cognitive performance,-0.07268779486420975
terms_abstract_tfidf__cognitive processes,-0.03838889896005223
terms_abstract_tfidf__cognitive task,0.014075685884605798
terms_abstract_tfidf__cognitive tasks,-0.009652592098495002
terms_abstract_tfidf__cognitively,-0.038009943763902654
terms_abstract_tfidf__coherence,-0.05822959367648702
terms_abstract_tfidf__coherent,0.010802599411113502
terms_abstract_tfidf__cohort,-0.1499245274336057
terms_abstract_tfidf__collected,-0.0995161319469021
terms_abstract_tfidf__collectively,0.054276908792383886
terms_abstract_tfidf__color,0.1926213407508869
terms_abstract_tfidf__combination,-0.014742605888364423
terms_abstract_tfidf__combinations,0.03344179520595307
terms_abstract_tfidf__combined,0.06207681895935998
terms_abstract_tfidf__combining,0.09795553187053982
terms_abstract_tfidf__common,0.10288364002251853
terms_abstract_tfidf__commonly,-0.04182305884202831
terms_abstract_tfidf__communication,0.0024517341356460136
terms_abstract_tfidf__community,-0.09263772424207765
terms_abstract_tfidf__comparable,0.11373887887673045
terms_abstract_tfidf__compare,0.06127999717442003
terms_abstract_tfidf__comparing,-0.02792269038023466
terms_abstract_tfidf__comparisons,-0.04452163850676254
terms_abstract_tfidf__compatible,0.24491811031296104
terms_abstract_tfidf__compensate,0.10652176443119883
terms_abstract_tfidf__compensation,0.09858429923768566
terms_abstract_tfidf__compensatory,0.027861910664974992
terms_abstract_tfidf__competing,0.025505086879744777
terms_abstract_tfidf__competition,0.08630384439951058
terms_abstract_tfidf__complementary,0.04935905830961204
terms_abstract_tfidf__complete,0.07878242924877622
terms_abstract_tfidf__completed,-0.22099608798443812
terms_abstract_tfidf__completely,0.003914973510020436
terms_abstract_tfidf__complex,0.11717205784545315
terms_abstract_tfidf__complexity,0.1373192253265584
terms_abstract_tfidf__component,-0.10863259709064721
terms_abstract_tfidf__component ica,-0.17426193006939208
terms_abstract_tfidf__components,0.008232571628887762
terms_abstract_tfidf__composed,0.05689486202652673
terms_abstract_tfidf__comprehension,-0.03845422506804595
terms_abstract_tfidf__comprehensive,-0.13060054924942965
terms_abstract_tfidf__comprised,0.00695712058054088
terms_abstract_tfidf__compromised,-0.17560596882688023
terms_abstract_tfidf__compulsive,-0.18330615398113168
terms_abstract_tfidf__compulsive disorder,-0.1649222861835867
terms_abstract_tfidf__computation,-0.0896670006881849
terms_abstract_tfidf__computational,-0.049132144096417814
terms_abstract_tfidf__computed,-0.09956258198899855
terms_abstract_tfidf__concentration,-0.07306675877782466
terms_abstract_tfidf__concept,-0.0896511204860837
terms_abstract_tfidf__concepts,-0.005785084356586514
terms_abstract_tfidf__conceptual,0.011500008966007183
terms_abstract_tfidf__concerning,0.008568284268235592
terms_abstract_tfidf__conclude,0.25066569822684964
terms_abstract_tfidf__conclusion,-0.13094740231832588
terms_abstract_tfidf__concomitant,0.11319496772339707
terms_abstract_tfidf__concrete,-0.012500881516661795
terms_abstract_tfidf__concurrent,0.04353408572871187
terms_abstract_tfidf__concurrently,0.10708434263382663
terms_abstract_tfidf__condition,0.03571070490753652
terms_abstract_tfidf__conditioned,-0.15089960419659942
terms_abstract_tfidf__conditioning,-0.1286565521844069
terms_abstract_tfidf__conditions,0.19130405165931946
terms_abstract_tfidf__conductance,-0.10127219584614819
terms_abstract_tfidf__conducted,-0.1465650082221649
terms_abstract_tfidf__confidence,0.016799857514331263
terms_abstract_tfidf__confirm,-0.009396488982071653
terms_abstract_tfidf__confirmed,0.08628886331922851
terms_abstract_tfidf__conflict,0.06297339423535167
terms_abstract_tfidf__conflicting,0.04000213725000132
terms_abstract_tfidf__confounding,-0.03693464594649589
terms_abstract_tfidf__congruency,0.14971190863149256
terms_abstract_tfidf__congruent,0.17703730427894368
terms_abstract_tfidf__congruent incongruent,0.09184476179418233
terms_abstract_tfidf__conjunction,0.12195378200268353
terms_abstract_tfidf__connected,-0.09939942020306379
terms_abstract_tfidf__connection,0.01694303216145955
terms_abstract_tfidf__connections,-0.054665655515104584
terms_abstract_tfidf__connectivity,-0.21604376254607352
terms_abstract_tfidf__connectivity amygdala,-0.1283410937679415
terms_abstract_tfidf__connectivity analyses,-0.005999870431294754
terms_abstract_tfidf__connectivity anterior,-0.08891791789485112
terms_abstract_tfidf__connectivity fc,-0.16269244760733487
terms_abstract_tfidf__connectivity networks,-0.0627781694397133
terms_abstract_tfidf__connectivity patterns,-0.08554043139206373
terms_abstract_tfidf__connectivity posterior,-0.08530405240275347
terms_abstract_tfidf__connectivity rsfc,-0.15733426132174144
terms_abstract_tfidf__connectivity using,0.02304431792690286
terms_abstract_tfidf__conscious,-0.05539515801276334
terms_abstract_tfidf__consciousness,0.05184253642210395
terms_abstract_tfidf__consecutive,0.07687724103711263
terms_abstract_tfidf__consequence,-0.021702023761884685
terms_abstract_tfidf__consequences,-0.13533921273726132
terms_abstract_tfidf__consequently,0.018003199444410832
terms_abstract_tfidf__consider,-0.03018684875714252
terms_abstract_tfidf__considerable,-0.01195467846654335
terms_abstract_tfidf__considered,-0.007460927905724379
terms_abstract_tfidf__considering,-0.10998382517245435
terms_abstract_tfidf__consisted,0.0859616860727479
terms_abstract_tfidf__consistency,-0.12255404826057108
terms_abstract_tfidf__consistently,0.0051678836991798606
terms_abstract_tfidf__consisting,0.1325115155480834
terms_abstract_tfidf__consists,0.04354653299349385
terms_abstract_tfidf__consolidation,-0.042365829378752606
terms_abstract_tfidf__constant,0.05658000546182783
terms_abstract_tfidf__constitute,-0.04859907826849929
terms_abstract_tfidf__constrained,-0.009775799965626676
terms_abstract_tfidf__constraints,0.05097042830494885
terms_abstract_tfidf__construct,-0.09951876418326953
terms_abstract_tfidf__constructed,-0.0577890731108345
terms_abstract_tfidf__construction,-0.05828378599019863
terms_abstract_tfidf__consumption,-0.09891239545304628
terms_abstract_tfidf__contain,0.07139675669091856
terms_abstract_tfidf__contained,0.02172236671615898
terms_abstract_tfidf__containing,0.0788990419503664
terms_abstract_tfidf__contains,0.0356911218072438
terms_abstract_tfidf__content,-0.08680746782702173
terms_abstract_tfidf__contents,0.006847380892125031
terms_abstract_tfidf__context,-0.14893065161515404
terms_abstract_tfidf__contexts,-0.0280428768565632
terms_abstract_tfidf__contextual,-0.11621546363878396
terms_abstract_tfidf__contingent,0.001871668117676205
terms_abstract_tfidf__continuous,0.003609275627437108
terms_abstract_tfidf__continuously,0.030467306080183717
terms_abstract_tfidf__contralateral,0.20911379351965947
terms_abstract_tfidf__contrary,0.026216909772258826
terms_abstract_tfidf__contrast,0.15862323151703012
terms_abstract_tfidf__contrasted,0.07607252616108
terms_abstract_tfidf__contrasting,0.08102250308307754
terms_abstract_tfidf__contrasts,-0.03754872406369344
terms_abstract_tfidf__contribute,-0.10029836675517599
terms_abstract_tfidf__contributed,-0.0957017742945212
terms_abstract_tfidf__contributes,-0.04134528093163996
terms_abstract_tfidf__contributing,-0.05218475300136436
terms_abstract_tfidf__contribution,0.014446228754188974
terms_abstract_tfidf__contributions,0.028148394749405246
terms_abstract_tfidf__control,0.08522429731316387
terms_abstract_tfidf__control condition,-0.0045819712825097714
terms_abstract_tfidf__control conditions,0.17834584144290755
terms_abstract_tfidf__control group,-0.05884255428682334
terms_abstract_tfidf__control groups,-0.06983046291358577
terms_abstract_tfidf__control network,-0.04207845945489937
terms_abstract_tfidf__control processes,0.0497629437534979
terms_abstract_tfidf__control task,0.12234740652717484
terms_abstract_tfidf__controlled,-0.011439919032895846
terms_abstract_tfidf__controlling,0.01536144684619753
terms_abstract_tfidf__controls,-0.21183940780119814
terms_abstract_tfidf__controls hc,-0.11886824143152298
terms_abstract_tfidf__controls hcs,-0.1489708021103995
terms_abstract_tfidf__controls using,-0.09630880034440768
terms_abstract_tfidf__controversial,0.17736618149541117
terms_abstract_tfidf__conventional,-0.018760564406002336
terms_abstract_tfidf__convergence,0.057814076726085364
terms_abstract_tfidf__converging,-0.006799449174008306
terms_abstract_tfidf__conversely,0.03211253818170692
terms_abstract_tfidf__conveyed,0.10649917137638686
terms_abstract_tfidf__coordinates,0.2286332808502041
terms_abstract_tfidf__coordination,0.19182334792407832
terms_abstract_tfidf__core,-0.10374717685627777
terms_abstract_tfidf__corpus,-0.019155095972076566
terms_abstract_tfidf__corpus callosum,-0.01531621147894059
terms_abstract_tfidf__correct,-0.031361225282601844
terms_abstract_tfidf__corrected,-0.16119952287859052
terms_abstract_tfidf__correction,-0.08737073627815127
terms_abstract_tfidf__correctly,0.04166436991530444
terms_abstract_tfidf__correlate,-0.01382667390562275
terms_abstract_tfidf__correlated,-0.18439801135388076
terms_abstract_tfidf__correlated negatively,-0.0733954291299785
terms_abstract_tfidf__correlated positively,-0.08098069623743352
terms_abstract_tfidf__correlates,-0.10232281879065858
terms_abstract_tfidf__correlating,0.0023751359237919284
terms_abstract_tfidf__correlation,-0.18292423765717922
terms_abstract_tfidf__correlation analyses,-0.011514733013279873
terms_abstract_tfidf__correlations,-0.2039656179260378
terms_abstract_tfidf__correspond,0.08682814308055821
terms_abstract_tfidf__corresponded,-0.012681949505332182
terms_abstract_tfidf__correspondence,-0.005381409752501917
terms_abstract_tfidf__corresponding,0.10161355272846191
terms_abstract_tfidf__cortex acc,-0.07576259747367241
terms_abstract_tfidf__cortex amygdala,-0.13518108402037837
terms_abstract_tfidf__cortex anterior,-0.0019157160742128503
terms_abstract_tfidf__cortex ba,0.019576410634722943
terms_abstract_tfidf__cortex bilaterally,0.12122128999396023
terms_abstract_tfidf__cortex cerebellum,0.09774119774041756
terms_abstract_tfidf__cortex dacc,-0.08041743968395851
terms_abstract_tfidf__cortex dlpfc,-0.044406071164925384
terms_abstract_tfidf__cortex dmpfc,-0.2007274946531605
terms_abstract_tfidf__cortex dorsal,0.10475128898804614
terms_abstract_tfidf__cortex dorsolateral,0.05268618787819439
terms_abstract_tfidf__cortex frontal,0.07613690927025998
terms_abstract_tfidf__cortex hippocampus,-0.13102980407856513
terms_abstract_tfidf__cortex inferior,0.011660791506713427
terms_abstract_tfidf__cortex insula,-0.07692608054850124
terms_abstract_tfidf__cortex involved,0.08224384585601643
terms_abstract_tfidf__cortex lateral,0.055769941619087854
terms_abstract_tfidf__cortex m1,0.1527975228522192
terms_abstract_tfidf__cortex medial,-0.08847713905597292
terms_abstract_tfidf__cortex middle,-0.07024018882990823
terms_abstract_tfidf__cortex mpfc,-0.2373774454698943
terms_abstract_tfidf__cortex ofc,-0.24513864902897278
terms_abstract_tfidf__cortex parietal,0.11218362890838576
terms_abstract_tfidf__cortex pcc,-0.20501398885774286
terms_abstract_tfidf__cortex pfc,-0.0729201919869556
terms_abstract_tfidf__cortex posterior,-0.0965227191433921
terms_abstract_tfidf__cortex ppc,0.24061331280611695
terms_abstract_tfidf__cortex precuneus,-0.06152814610921293
terms_abstract_tfidf__cortex suggest,-0.0180947667410122
terms_abstract_tfidf__cortex superior,0.07271154902835615
terms_abstract_tfidf__cortex supplementary,0.18799446316521243
terms_abstract_tfidf__cortex thalamus,-0.03895693085108403
terms_abstract_tfidf__cortex ventral,-0.16949870276712253
terms_abstract_tfidf__cortex vlpfc,-0.051613395017972866
terms_abstract_tfidf__cortex vmpfc,-0.2583561276492292
terms_abstract_tfidf__cortical,0.19442182509233502
terms_abstract_tfidf__cortical involved,0.15686804379347916
terms_abstract_tfidf__cortical network,0.17127227152924449
terms_abstract_tfidf__cortical networks,0.12455797449742408
terms_abstract_tfidf__cortical subcortical,-0.0035680340875854
terms_abstract_tfidf__cortical thickness,-0.10433855587193515
terms_abstract_tfidf__cortices,0.1480008986918607
terms_abstract_tfidf__cortico,-0.050823996584717736
terms_abstract_tfidf__cost,0.038977014178229005
terms_abstract_tfidf__costs,0.11036724923383978
terms_abstract_tfidf__coupled,-0.0602083411805191
terms_abstract_tfidf__coupling,-0.02084779034675389
terms_abstract_tfidf__course,-0.07283719015673615
terms_abstract_tfidf__courses,0.024008256707295193
terms_abstract_tfidf__covariance,-0.112875846303735
terms_abstract_tfidf__covaried,-0.054085772612918796
terms_abstract_tfidf__covert,0.21119469576561642
terms_abstract_tfidf__craving,-0.13951800256571611
terms_abstract_tfidf__created,0.022492013731636357
terms_abstract_tfidf__criteria,-0.11041968894857658
terms_abstract_tfidf__critical,-0.03890488283579781
terms_abstract_tfidf__critical role,0.07614884164058253
terms_abstract_tfidf__critically,0.09407512972172474
terms_abstract_tfidf__cross,0.044261083039126944
terms_abstract_tfidf__cross modal,0.11329624753052188
terms_abstract_tfidf__cross sectional,-0.102706395788252
terms_abstract_tfidf__crossover,-0.07083659598706328
terms_abstract_tfidf__crucial,0.0070254825179649665
terms_abstract_tfidf__crucial role,0.00985740879347432
terms_abstract_tfidf__crucially,0.09385835735743779
terms_abstract_tfidf__crus,0.038222080852470995
terms_abstract_tfidf__cue,0.09678512841362572
terms_abstract_tfidf__cued,0.17973543356276245
terms_abstract_tfidf__cues,0.08647887422611698
terms_abstract_tfidf__cuneus,-0.007021550299166368
terms_abstract_tfidf__current,-0.1335281603497731
terms_abstract_tfidf__current functional,0.041574485582343335
terms_abstract_tfidf__currently,-0.0864229756523235
terms_abstract_tfidf__dacc,-0.09745770512656547
terms_abstract_tfidf__daily,-0.0016661316701276935
terms_abstract_tfidf__daily life,-0.018738190320784557
terms_abstract_tfidf__damage,0.004538299369293047
terms_abstract_tfidf__dataset,-0.08541353398988184
terms_abstract_tfidf__datasets,-0.038119689177054036
terms_abstract_tfidf__date,-0.06655295760224302
terms_abstract_tfidf__day,-0.04677352149130059
terms_abstract_tfidf__days,0.023712806455656328
terms_abstract_tfidf__deactivated,-0.05865430780362415
terms_abstract_tfidf__deactivation,-0.02653935620447208
terms_abstract_tfidf__deactivations,-0.02660276074453843
terms_abstract_tfidf__debate,0.046680819845665814
terms_abstract_tfidf__debated,0.03995291509219688
terms_abstract_tfidf__decision,-0.18204578828613566
terms_abstract_tfidf__decision making,-0.21847079583272025
terms_abstract_tfidf__decision task,0.010519233438355464
terms_abstract_tfidf__decisions,-0.19124376636267626
terms_abstract_tfidf__decline,-0.03789669364385654
terms_abstract_tfidf__declines,0.039757773170073334
terms_abstract_tfidf__decoding,0.07589933130469602
terms_abstract_tfidf__decreases,-0.139837319079739
terms_abstract_tfidf__decreasing,0.023711689645941895
terms_abstract_tfidf__deep,-0.03375981658185344
terms_abstract_tfidf__default,-0.20959737225823571
terms_abstract_tfidf__default mode,-0.21042405475294354
terms_abstract_tfidf__default network,-0.147757345019881
terms_abstract_tfidf__deficient,-0.04893263181132778
terms_abstract_tfidf__deficit,-0.054507041213847016
terms_abstract_tfidf__deficit hyperactivity,-0.15445807135116563
terms_abstract_tfidf__deficits,-0.06874092533684616
terms_abstract_tfidf__define,0.04614519687884779
terms_abstract_tfidf__defined,-0.04374815739920325
terms_abstract_tfidf__degree,-0.029159131344925236
terms_abstract_tfidf__degrees,0.041763893888775105
terms_abstract_tfidf__delay,0.009591293379291316
terms_abstract_tfidf__delayed,0.10440557614900235
terms_abstract_tfidf__delivered,-0.011682066448730185
terms_abstract_tfidf__demand,0.06532573746204935
terms_abstract_tfidf__demanding,0.05821362202484259
terms_abstract_tfidf__demands,0.11595606610497243
terms_abstract_tfidf__dementia,-0.20536411575616043
terms_abstract_tfidf__demonstrate,-0.07216028809937489
terms_abstract_tfidf__demonstrated,-0.0783909071180806
terms_abstract_tfidf__demonstrates,0.07395004075397014
terms_abstract_tfidf__demonstrating,-0.014875072074188705
terms_abstract_tfidf__density,-0.14960753546663821
terms_abstract_tfidf__depend,0.018553683179675123
terms_abstract_tfidf__depended,0.07713782866861742
terms_abstract_tfidf__dependence,-0.10363370789956472
terms_abstract_tfidf__depending,0.08012792422796051
terms_abstract_tfidf__depends,-0.010682452465764537
terms_abstract_tfidf__depicting,0.08591925131001019
terms_abstract_tfidf__depressed,-0.24601068281391753
terms_abstract_tfidf__depression,-0.2693419229625056
terms_abstract_tfidf__depressive,-0.25712584396204236
terms_abstract_tfidf__depressive disorder,-0.2445731773486987
terms_abstract_tfidf__deprivation,0.04020471592259574
terms_abstract_tfidf__depth,0.13962376997328932
terms_abstract_tfidf__derived,-0.042926455878151276
terms_abstract_tfidf__described,-0.033431250936547134
terms_abstract_tfidf__describing,-0.019061855797575484
terms_abstract_tfidf__design,0.0671323113161801
terms_abstract_tfidf__designed,0.03847951536627568
terms_abstract_tfidf__designs,0.07899027176732196
terms_abstract_tfidf__despite,0.05458235223862098
terms_abstract_tfidf__detailed,0.10395512217349137
terms_abstract_tfidf__details,-0.1051783619026934
terms_abstract_tfidf__detect,-0.06224345694646346
terms_abstract_tfidf__detected,0.03479348728964663
terms_abstract_tfidf__detecting,0.0861964564939614
terms_abstract_tfidf__detection,0.14163345339159836
terms_abstract_tfidf__detection task,0.14676108122124257
terms_abstract_tfidf__determine,0.017796065016352426
terms_abstract_tfidf__determined,-0.0005198473937845204
terms_abstract_tfidf__determining,0.025727082215051267
terms_abstract_tfidf__develop,-0.09583412395440764
terms_abstract_tfidf__developed,0.02857952473116103
terms_abstract_tfidf__developing,-0.1295518563886921
terms_abstract_tfidf__development,-0.1349031376386065
terms_abstract_tfidf__developmental,-0.08527745530738397
terms_abstract_tfidf__diagnosed,-0.14092578075565937
terms_abstract_tfidf__diagnosis,-0.1645410078570631
terms_abstract_tfidf__diagnostic,-0.14617591039317712
terms_abstract_tfidf__did,0.11260886884606407
terms_abstract_tfidf__did differ,0.018510151823649658
terms_abstract_tfidf__differ,0.021606776709354455
terms_abstract_tfidf__differed,-0.036650800083000146
terms_abstract_tfidf__difference,-0.01534748268534032
terms_abstract_tfidf__differential,0.050746590170678306
terms_abstract_tfidf__differentially,0.03165980494841381
terms_abstract_tfidf__differentiate,-0.035150537578228586
terms_abstract_tfidf__differentiated,-0.11334778306986476
terms_abstract_tfidf__differentiation,-0.056451174156456396
terms_abstract_tfidf__differently,0.005635084456408586
terms_abstract_tfidf__differing,0.07759765158111773
terms_abstract_tfidf__differs,0.07966778897824257
terms_abstract_tfidf__difficult,0.08894416132775569
terms_abstract_tfidf__difficulties,-0.10311442347410202
terms_abstract_tfidf__difficulty,0.09661361285711016
terms_abstract_tfidf__diffusion,-0.0887239440953332
terms_abstract_tfidf__diffusion tensor,-0.08670857653847014
terms_abstract_tfidf__digit,0.11376382650797846
terms_abstract_tfidf__dimension,0.04671707319049546
terms_abstract_tfidf__dimensional,0.11941613784021148
terms_abstract_tfidf__dimensions,0.014298583389820603
terms_abstract_tfidf__diminished,-0.08571733224424878
terms_abstract_tfidf__direct,0.10974456991326473
terms_abstract_tfidf__direct evidence,0.030515610941217155
terms_abstract_tfidf__directed,0.08259051781441225
terms_abstract_tfidf__direction,0.22134051998176593
terms_abstract_tfidf__directions,0.12045634209636656
terms_abstract_tfidf__directly,0.150164587183228
terms_abstract_tfidf__disability,-0.01061162399432806
terms_abstract_tfidf__discrete,-0.0369664960828965
terms_abstract_tfidf__discriminate,0.012302671415319946
terms_abstract_tfidf__discriminated,0.07862776687324835
terms_abstract_tfidf__discrimination,0.15700236446824498
terms_abstract_tfidf__discrimination task,0.1329519495666805
terms_abstract_tfidf__discriminative,-0.01853613482482443
terms_abstract_tfidf__discuss,0.07311414374939518
terms_abstract_tfidf__discussed,-0.05216568572295617
terms_abstract_tfidf__discussion,-0.06012402962940952
terms_abstract_tfidf__disease,-0.17546624962664004
terms_abstract_tfidf__disease ad,-0.14526213913900352
terms_abstract_tfidf__disease pd,0.009777675797911783
terms_abstract_tfidf__diseases,-0.17032554147561685
terms_abstract_tfidf__disentangle,0.08451060276998244
terms_abstract_tfidf__disgust,-0.1022309041895145
terms_abstract_tfidf__disorder,-0.279504506771837
terms_abstract_tfidf__disorder adhd,-0.14833812981858652
terms_abstract_tfidf__disorder mdd,-0.22860097547035804
terms_abstract_tfidf__disorder ocd,-0.14678502214723915
terms_abstract_tfidf__disorder ptsd,-0.1508873240489709
terms_abstract_tfidf__disorders,-0.2491323813481364
terms_abstract_tfidf__display,0.028758320752943652
terms_abstract_tfidf__displayed,-0.0546696137516925
terms_abstract_tfidf__displays,0.015600833199458665
terms_abstract_tfidf__disrupted,-0.09946138621167559
terms_abstract_tfidf__disruption,-0.050512431597457566
terms_abstract_tfidf__dissociable,-0.06191698119192401
terms_abstract_tfidf__dissociate,0.08866292554060473
terms_abstract_tfidf__dissociated,0.10660202341698918
terms_abstract_tfidf__dissociation,0.03200099771653361
terms_abstract_tfidf__distance,0.09214984813980567
terms_abstract_tfidf__distinction,0.09568956867518796
terms_abstract_tfidf__distinguish,0.011467117386933116
terms_abstract_tfidf__distinguished,0.03508051217789447
terms_abstract_tfidf__distraction,0.0498003907194221
terms_abstract_tfidf__distractor,0.1212138762426718
terms_abstract_tfidf__distractors,0.05473546288736871
terms_abstract_tfidf__distress,-0.11477938081138822
terms_abstract_tfidf__distributed,0.09979707427928394
terms_abstract_tfidf__distributed network,0.06706399477155721
terms_abstract_tfidf__distribution,0.056199170765244104
terms_abstract_tfidf__disturbances,-0.12735147182494755
terms_abstract_tfidf__disturbed,0.014696141731754894
terms_abstract_tfidf__divergent,-0.13812214705028175
terms_abstract_tfidf__diverse,-0.02921807604938386
terms_abstract_tfidf__divided,0.048837115097521526
terms_abstract_tfidf__dlpfc,-0.05126955183662539
terms_abstract_tfidf__dmn,-0.20844097120420466
terms_abstract_tfidf__dmpfc,-0.2183960108191488
terms_abstract_tfidf__documented,0.06390288063034238
terms_abstract_tfidf__does,0.04473640389511977
terms_abstract_tfidf__domain,0.050406979628950035
terms_abstract_tfidf__domain general,0.002301510559510505
terms_abstract_tfidf__domains,-0.09692557889984955
terms_abstract_tfidf__dominance,0.18211410864568237
terms_abstract_tfidf__dominant,0.1769604391514721
terms_abstract_tfidf__dopamine,-0.1158311597657845
terms_abstract_tfidf__dopaminergic,-0.11108931444663799
terms_abstract_tfidf__dorsal,0.1727036671429852
terms_abstract_tfidf__dorsal anterior,-0.12063147627947783
terms_abstract_tfidf__dorsal attention,0.034275798071999354
terms_abstract_tfidf__dorsal medial,-0.20678517860592785
terms_abstract_tfidf__dorsal premotor,0.2701144149199801
terms_abstract_tfidf__dorsal striatum,-0.17064170640425744
terms_abstract_tfidf__dorsal ventral,0.18462556401258795
terms_abstract_tfidf__dorsolateral,-0.014936733532513326
terms_abstract_tfidf__dorsolateral pfc,-0.09366751188587336
terms_abstract_tfidf__dorsolateral prefrontal,2.104987255400514e-07
terms_abstract_tfidf__dorsomedial,-0.2261486342014757
terms_abstract_tfidf__dorsomedial prefrontal,-0.21013271794082486
terms_abstract_tfidf__dose,-0.07809953873938284
terms_abstract_tfidf__dot,0.2080776356289192
terms_abstract_tfidf__double,-0.06710163356529927
terms_abstract_tfidf__double blind,-0.13200571839789316
terms_abstract_tfidf__drive,-0.10106134134265438
terms_abstract_tfidf__driven,0.06900215457364078
terms_abstract_tfidf__driving,-0.033119032794198845
terms_abstract_tfidf__drug,-0.19574160081315786
terms_abstract_tfidf__drugs,-0.08394446557032835
terms_abstract_tfidf__dti,-0.06519946051836367
terms_abstract_tfidf__dual,0.12418320316471392
terms_abstract_tfidf__duration,-0.03795242119754991
terms_abstract_tfidf__dynamic,0.10967905272268116
terms_abstract_tfidf__dynamic causal,0.1767741886903566
terms_abstract_tfidf__dynamically,-0.01795165152269776
terms_abstract_tfidf__dynamics,0.05111562564164491
terms_abstract_tfidf__dysfunction,-0.22235891550259063
terms_abstract_tfidf__dysfunctional,-0.14587415408409907
terms_abstract_tfidf__dysfunctions,-0.050814031928598714
terms_abstract_tfidf__dyslexia,0.0633045110173219
terms_abstract_tfidf__dysregulation,-0.14251984992129804
terms_abstract_tfidf__earlier,0.017949163071878656
terms_abstract_tfidf__early,-0.033965746317244486
terms_abstract_tfidf__early stage,0.044806412704790306
terms_abstract_tfidf__early stages,0.10355668899770941
terms_abstract_tfidf__early visual,0.09449121085662933
terms_abstract_tfidf__easy,0.07548944852151628
terms_abstract_tfidf__eating,-0.1462508941049203
terms_abstract_tfidf__echo,-0.09442018315984603
terms_abstract_tfidf__economic,-0.1684380912024445
terms_abstract_tfidf__education,-0.043488777779304294
terms_abstract_tfidf__eeg,-0.04658044496593804
terms_abstract_tfidf__effect,-0.05134857309498292
terms_abstract_tfidf__effective,0.06345987683514918
terms_abstract_tfidf__effective connectivity,0.1284352649393057
terms_abstract_tfidf__effectively,0.006244556051011392
terms_abstract_tfidf__effects,-0.013851210803203954
terms_abstract_tfidf__efficacy,-0.07326749037957461
terms_abstract_tfidf__efficiency,0.09757854933364193
terms_abstract_tfidf__efficient,0.1437456126081687
terms_abstract_tfidf__effort,0.0733023675525637
terms_abstract_tfidf__effortful,0.03194115498803919
terms_abstract_tfidf__eighteen,-0.05598348887715694
terms_abstract_tfidf__elderly,0.017107298908622105
terms_abstract_tfidf__electrical,0.049200271048100985
terms_abstract_tfidf__electroencephalography,0.005419430138620589
terms_abstract_tfidf__electroencephalography eeg,0.0017889554805504573
terms_abstract_tfidf__electrophysiological,0.05996249648913541
terms_abstract_tfidf__elements,0.061856065860376994
terms_abstract_tfidf__elevated,-0.08451407536018486
terms_abstract_tfidf__elicit,-0.042217390230808206
terms_abstract_tfidf__elicited,0.02151994768811462
terms_abstract_tfidf__elicits,0.08224857056588167
terms_abstract_tfidf__elucidate,-0.024916339283238866
terms_abstract_tfidf__elucidated,-0.07734182886782273
terms_abstract_tfidf__elusive,0.017448449426723463
terms_abstract_tfidf__embedded,0.05167658751363531
terms_abstract_tfidf__emerge,-0.043267480655799224
terms_abstract_tfidf__emerged,0.005804493780597504
terms_abstract_tfidf__emergence,0.017056760983672457
terms_abstract_tfidf__emerging,0.0300210944187642
terms_abstract_tfidf__emission,-0.14914153290313922
terms_abstract_tfidf__emission tomography,-0.14496759015870997
terms_abstract_tfidf__emotion,-0.21467198578344143
terms_abstract_tfidf__emotion regulation,-0.15862484657173617
terms_abstract_tfidf__emotional,-0.23637796978057973
terms_abstract_tfidf__emotional faces,-0.10344866804556928
terms_abstract_tfidf__emotional information,-0.062322733186473175
terms_abstract_tfidf__emotional responses,-0.12597298780633845
terms_abstract_tfidf__emotional stimuli,-0.13633021390702788
terms_abstract_tfidf__emotional valence,-0.10983349672447548
terms_abstract_tfidf__emotionally,-0.13503128305130058
terms_abstract_tfidf__emotions,-0.15284963867242965
terms_abstract_tfidf__empathic,-0.06752076049734766
terms_abstract_tfidf__empathy,0.006976042309579131
terms_abstract_tfidf__emphasize,0.02446597566227403
terms_abstract_tfidf__empirical,-3.7563641978987445e-06
terms_abstract_tfidf__employed,0.027316707402939445
terms_abstract_tfidf__employing,-0.035526284111285535
terms_abstract_tfidf__enable,0.0019805362676436245
terms_abstract_tfidf__enabled,0.08478836352973819
terms_abstract_tfidf__enables,-0.01788981292774733
terms_abstract_tfidf__encode,0.14273302320045148
terms_abstract_tfidf__encoded,-0.015341795153400888
terms_abstract_tfidf__encoding,0.03162204394635061
terms_abstract_tfidf__encoding retrieval,-0.04176103182908475
terms_abstract_tfidf__encompassing,-0.09142752088806755
terms_abstract_tfidf__end,0.04917739976811479
terms_abstract_tfidf__endogenous,0.01744178377011989
terms_abstract_tfidf__engage,-0.0580775566409443
terms_abstract_tfidf__engaged,0.05788032200415875
terms_abstract_tfidf__engagement,0.02849276400458192
terms_abstract_tfidf__engages,0.11712767510849689
terms_abstract_tfidf__engaging,0.02023591663242472
terms_abstract_tfidf__english,0.042240008826589265
terms_abstract_tfidf__enhance,-0.0928363847904032
terms_abstract_tfidf__enhancement,0.08936657998133701
terms_abstract_tfidf__enhances,-0.032315676753476116
terms_abstract_tfidf__enhancing,-0.022028953070091017
terms_abstract_tfidf__entire,0.056871492743557836
terms_abstract_tfidf__environment,0.13076301476585372
terms_abstract_tfidf__environmental,0.019654126914387834
terms_abstract_tfidf__environments,0.034827648640479394
terms_abstract_tfidf__epilepsy,-0.15902732290724161
terms_abstract_tfidf__episode,-0.15188641355072668
terms_abstract_tfidf__episodes,-0.06680789876353305
terms_abstract_tfidf__episodic,-0.15073442521899763
terms_abstract_tfidf__episodic memory,-0.11910307728640518
terms_abstract_tfidf__equal,0.014192587106830721
terms_abstract_tfidf__equally,0.01874591158406078
terms_abstract_tfidf__equivalent,0.14185156470058652
terms_abstract_tfidf__erp,-0.009527614331823196
terms_abstract_tfidf__error,-0.03155310630034625
terms_abstract_tfidf__errors,-0.054149153921531905
terms_abstract_tfidf__especially,-0.0004490791884654665
terms_abstract_tfidf__essential,-0.016794883286459998
terms_abstract_tfidf__establish,0.055478584812745896
terms_abstract_tfidf__established,-0.014789510950171449
terms_abstract_tfidf__estimate,-0.02587182472376568
terms_abstract_tfidf__estimated,-0.06539640085988856
terms_abstract_tfidf__estimates,-0.01545555747696416
terms_abstract_tfidf__estimation,-0.12057342279787764
terms_abstract_tfidf__et,0.01649978280832676
terms_abstract_tfidf__et al,0.0063472816865276565
terms_abstract_tfidf__evaluate,-0.05567078580078842
terms_abstract_tfidf__evaluated,-0.08508787396006852
terms_abstract_tfidf__evaluating,-0.14041463597353568
terms_abstract_tfidf__evaluation,-0.21095597801802654
terms_abstract_tfidf__evaluations,-0.12250438647101726
terms_abstract_tfidf__event,0.10012752643639644
terms_abstract_tfidf__event design,0.1121380361319355
terms_abstract_tfidf__event functional,0.11131158202591683
terms_abstract_tfidf__event potential,-0.05055321930884059
terms_abstract_tfidf__event potentials,0.01690755714222206
terms_abstract_tfidf__events,-0.13319288892697406
terms_abstract_tfidf__everyday,-0.018031291144998327
terms_abstract_tfidf__everyday life,-0.011212645136734365
terms_abstract_tfidf__evidence,0.017776271742676136
terms_abstract_tfidf__evidence suggests,-0.07233673330433062
terms_abstract_tfidf__evidenced,0.01797158614160391
terms_abstract_tfidf__evident,-0.039444759460293195
terms_abstract_tfidf__evoke,0.04865319751433976
terms_abstract_tfidf__evoked,0.10041243327645394
terms_abstract_tfidf__evolution,0.028873237011679577
terms_abstract_tfidf__exact,0.06122527333769752
terms_abstract_tfidf__examination,-0.17782686621158947
terms_abstract_tfidf__examining,-0.18561593576152008
terms_abstract_tfidf__example,0.08128672142403255
terms_abstract_tfidf__excessive,-0.11633212596689411
terms_abstract_tfidf__exclusively,0.06767443532492042
terms_abstract_tfidf__executed,0.18385569460577278
terms_abstract_tfidf__execution,0.2826069772792056
terms_abstract_tfidf__executive,-0.01986065556926391
terms_abstract_tfidf__executive control,0.0013018219683701142
terms_abstract_tfidf__executive function,-0.05618195344731975
terms_abstract_tfidf__executive functions,-0.008851962675401647
terms_abstract_tfidf__exert,0.022761545630353253
terms_abstract_tfidf__exhibit,-0.062330124046162276
terms_abstract_tfidf__exhibited,-0.12125748388559969
terms_abstract_tfidf__exhibited greater,-0.10866856951439925
terms_abstract_tfidf__exhibiting,0.017331014442565938
terms_abstract_tfidf__exist,0.008577110733006243
terms_abstract_tfidf__existence,0.08038775059515602
terms_abstract_tfidf__existing,-0.019402756513512552
terms_abstract_tfidf__exists,0.017928836832733816
terms_abstract_tfidf__expectancy,-0.02194898126598766
terms_abstract_tfidf__expectation,-0.030796468048316913
terms_abstract_tfidf__expectations,-0.09240387949417964
terms_abstract_tfidf__expected,0.01258116833605374
terms_abstract_tfidf__experience,-0.0007783433260563102
terms_abstract_tfidf__experienced,-0.11974353696502242
terms_abstract_tfidf__experiences,-0.09534896822796976
terms_abstract_tfidf__experiencing,-0.05089188018270418
terms_abstract_tfidf__experiment,0.16334592008871274
terms_abstract_tfidf__experimental,0.012629398869369712
terms_abstract_tfidf__experimental conditions,0.11309379436428435
terms_abstract_tfidf__experimentally,-0.1681729109265339
terms_abstract_tfidf__experiments,0.2156252250510826
terms_abstract_tfidf__expertise,0.12223815032868743
terms_abstract_tfidf__explain,-0.07749190531613051
terms_abstract_tfidf__explained,-0.04869631770991262
terms_abstract_tfidf__explanation,-0.017800533503133403
terms_abstract_tfidf__explicit,-0.03945171728482177
terms_abstract_tfidf__explicitly,-0.08587705275050006
terms_abstract_tfidf__exploration,0.08067667371106864
terms_abstract_tfidf__exploratory,-0.12244582840368001
terms_abstract_tfidf__explore,-0.10892356844440015
terms_abstract_tfidf__explored,-0.07714336246553768
terms_abstract_tfidf__exploring,-0.01613985742169815
terms_abstract_tfidf__exposed,-0.10434009661318959
terms_abstract_tfidf__exposure,-0.10061664404046639
terms_abstract_tfidf__expressed,-0.008434892948976402
terms_abstract_tfidf__expression,-0.02171415661651004
terms_abstract_tfidf__expressions,-0.06853260495107343
terms_abstract_tfidf__extend,-0.017447536688228925
terms_abstract_tfidf__extended,0.017909526398801588
terms_abstract_tfidf__extending,0.0099230501416103
terms_abstract_tfidf__extends,0.0018876668080024795
terms_abstract_tfidf__extension,0.12130286088217221
terms_abstract_tfidf__extensive,0.016359846657980334
terms_abstract_tfidf__extensively,0.06341964579377224
terms_abstract_tfidf__extent,0.10088792049232131
terms_abstract_tfidf__external,-0.023767259864059632
terms_abstract_tfidf__externally,-0.012542218286588759
terms_abstract_tfidf__extinction,-0.129645744027415
terms_abstract_tfidf__extra,-0.03753891217163972
terms_abstract_tfidf__extract,-0.04145991191418095
terms_abstract_tfidf__extracted,-0.1095176897559693
terms_abstract_tfidf__extrastriate,0.1691826296874482
terms_abstract_tfidf__eye,0.2604246906946629
terms_abstract_tfidf__eye field,0.21687822167675505
terms_abstract_tfidf__eye fields,0.24768677801381817
terms_abstract_tfidf__eye movement,0.10938628161120134
terms_abstract_tfidf__eye movements,0.2250658061945023
terms_abstract_tfidf__eyes,0.08845108997203446
terms_abstract_tfidf__fa,-0.06711198020694198
terms_abstract_tfidf__face,0.0002812697994424417
terms_abstract_tfidf__face ffa,0.02942803212157602
terms_abstract_tfidf__face recognition,-0.024946289807796774
terms_abstract_tfidf__faces,-0.06656574636772303
terms_abstract_tfidf__facial,-0.07626595305118354
terms_abstract_tfidf__facial expression,0.015712958023513735
terms_abstract_tfidf__facial expressions,-0.04237205891826312
terms_abstract_tfidf__facilitate,0.0062370947041061305
terms_abstract_tfidf__facilitated,0.014646170449558264
terms_abstract_tfidf__facilitates,-0.038290252530616076
terms_abstract_tfidf__facilitation,0.026266649571163574
terms_abstract_tfidf__fact,0.0036299542869841963
terms_abstract_tfidf__factor,-0.1047075176572551
terms_abstract_tfidf__factorial,0.14281150883394805
terms_abstract_tfidf__factorial design,0.13918179906262954
terms_abstract_tfidf__factors,-0.05468589845439184
terms_abstract_tfidf__failed,0.020653983146687926
terms_abstract_tfidf__failure,-0.019966273972724383
terms_abstract_tfidf__false,-0.13372145251350875
terms_abstract_tfidf__familiar,0.05438627176881493
terms_abstract_tfidf__familiarity,-0.007828225717339423
terms_abstract_tfidf__family,-0.1600495131611974
terms_abstract_tfidf__far,0.027835649065615902
terms_abstract_tfidf__fasciculus,-0.02307626660556067
terms_abstract_tfidf__fashion,0.046736759842220296
terms_abstract_tfidf__fast,0.02725482820677777
terms_abstract_tfidf__faster,0.11255942346440459
terms_abstract_tfidf__fc,-0.16639111055755476
terms_abstract_tfidf__fear,-0.1342032838861713
terms_abstract_tfidf__fearful,-0.0629544704320817
terms_abstract_tfidf__fearful faces,-0.03060626710820217
terms_abstract_tfidf__feature,0.10525140896286726
terms_abstract_tfidf__features,0.09388361649167047
terms_abstract_tfidf__feedback,0.0021607096692199223
terms_abstract_tfidf__feeling,-0.008156957909649147
terms_abstract_tfidf__feelings,-0.09745408661020989
terms_abstract_tfidf__female,-0.17974393546035475
terms_abstract_tfidf__females,-0.09509344600033437
terms_abstract_tfidf__fewer,-0.08354435486720226
terms_abstract_tfidf__ffa,0.03227887240007373
terms_abstract_tfidf__fiber,0.031436472188289155
terms_abstract_tfidf__field,0.1913510152960826
terms_abstract_tfidf__fields,0.255998977963262
terms_abstract_tfidf__final,-0.121292559432303
terms_abstract_tfidf__finally,-0.0053528839077427535
terms_abstract_tfidf__fine,0.11050084703610862
terms_abstract_tfidf__finger,0.21867894905745758
terms_abstract_tfidf__finger movements,0.22196259720673492
terms_abstract_tfidf__finger tapping,0.16198399353047505
terms_abstract_tfidf__fixation,0.1622371253581346
terms_abstract_tfidf__fixed,-0.028506731117530666
terms_abstract_tfidf__flexibility,0.045157799655388
terms_abstract_tfidf__flexible,0.07932598246388323
terms_abstract_tfidf__flexibly,0.1054103891955926
terms_abstract_tfidf__flow,-0.0350468682974142
terms_abstract_tfidf__fluctuation,-0.1590666908249974
terms_abstract_tfidf__fluctuations,-0.16840163845313078
terms_abstract_tfidf__fluency,0.0025939654286810713
terms_abstract_tfidf__focal,-0.07950514101369151
terms_abstract_tfidf__foci,0.1927558495791139
terms_abstract_tfidf__focus,0.0025776378267704275
terms_abstract_tfidf__focused,-0.09918781377143103
terms_abstract_tfidf__focusing,0.02873318974651709
terms_abstract_tfidf__follow,-0.13954065962310544
terms_abstract_tfidf__followed,-0.05501300020707649
terms_abstract_tfidf__following,0.04808470655625284
terms_abstract_tfidf__food,-0.1547323092311669
terms_abstract_tfidf__foot,0.12491919862825168
terms_abstract_tfidf__force,0.14505084260285994
terms_abstract_tfidf__form,0.12158108690059133
terms_abstract_tfidf__formation,-0.05637108071324686
terms_abstract_tfidf__formed,0.08406324582689233
terms_abstract_tfidf__forms,0.04968345809147166
terms_abstract_tfidf__forward,0.10448826820948835
terms_abstract_tfidf__fourteen,0.0576692007042096
terms_abstract_tfidf__fractional,-0.10208311478197808
terms_abstract_tfidf__fractional anisotropy,-0.06924011190283483
terms_abstract_tfidf__framework,-0.1911719466172882
terms_abstract_tfidf__free,-0.11455271242032998
terms_abstract_tfidf__frequencies,-0.014090141874914742
terms_abstract_tfidf__frequency,-0.0953253088300586
terms_abstract_tfidf__frequency fluctuations,-0.16345872577065557
terms_abstract_tfidf__frequent,-0.07047870212220517
terms_abstract_tfidf__frequently,-0.0977130445763688
terms_abstract_tfidf__frontal,0.09160294956903642
terms_abstract_tfidf__frontal cortex,-0.021039028914179726
terms_abstract_tfidf__frontal cortices,0.08617375509667613
terms_abstract_tfidf__frontal eye,0.25361904039788913
terms_abstract_tfidf__frontal gyri,0.02806918257893088
terms_abstract_tfidf__frontal gyrus,0.019975593648059755
terms_abstract_tfidf__frontal lobe,-0.10956218304344642
terms_abstract_tfidf__frontal lobes,-0.013598430700010964
terms_abstract_tfidf__frontal operculum,0.056319017353902705
terms_abstract_tfidf__frontal parietal,0.16066003255128275
terms_abstract_tfidf__frontal temporal,-0.08055158515131057
terms_abstract_tfidf__fronto,0.12190800962056186
terms_abstract_tfidf__fronto parietal,0.21154385027910128
terms_abstract_tfidf__fronto striatal,-0.09474167675910727
terms_abstract_tfidf__fronto temporal,-0.1227710174367909
terms_abstract_tfidf__frontoparietal,0.15584206297589362
terms_abstract_tfidf__frontoparietal network,0.19436856924435192
terms_abstract_tfidf__frontopolar,-0.16520778476818768
terms_abstract_tfidf__frontotemporal,-0.1825991673034703
terms_abstract_tfidf__fully,0.09667665341197722
terms_abstract_tfidf__function,-0.1887665932773752
terms_abstract_tfidf__functional abnormalities,-0.17223496752414064
terms_abstract_tfidf__functional connections,-0.06191895610399842
terms_abstract_tfidf__functional connectivity,-0.20961452620104853
terms_abstract_tfidf__functional coupling,-0.03004485265730982
terms_abstract_tfidf__functional magnetic,0.17620488374835883
terms_abstract_tfidf__functional network,-0.060301320047759586
terms_abstract_tfidf__functional networks,-0.11870737748745895
terms_abstract_tfidf__functional neuroanatomy,0.08668026611447492
terms_abstract_tfidf__functional organization,-0.019388789036623746
terms_abstract_tfidf__functional role,0.03090602407578692
terms_abstract_tfidf__functional structural,-0.08852152183902737
terms_abstract_tfidf__functionally,-0.01821632178684319
terms_abstract_tfidf__functionally connected,-0.038881277594060425
terms_abstract_tfidf__functioning,-0.14336880936243668
terms_abstract_tfidf__functions,0.020738773787180226
terms_abstract_tfidf__fundamental,0.004056254441037102
terms_abstract_tfidf__furthermore,0.0032147616622522127
terms_abstract_tfidf__fusiform,0.034257383407510014
terms_abstract_tfidf__fusiform face,0.02841485768716263
terms_abstract_tfidf__fusiform gyri,0.02752663462500234
terms_abstract_tfidf__fusiform gyrus,0.05798488270973991
terms_abstract_tfidf__future,-0.21318410850784011
terms_abstract_tfidf__gain,-0.12301408826962609
terms_abstract_tfidf__gains,-0.1967659197795018
terms_abstract_tfidf__gambling,-0.2176262751814532
terms_abstract_tfidf__game,-0.15358410633304434
terms_abstract_tfidf__gamma,-0.028775288148797495
terms_abstract_tfidf__ganglia,0.024469314797711816
terms_abstract_tfidf__gap,-0.09103606163206031
terms_abstract_tfidf__gaze,0.19352953116692523
terms_abstract_tfidf__gender,-0.23238487833943614
terms_abstract_tfidf__gene,-0.11437318575133452
terms_abstract_tfidf__general,0.013408304439180709
terms_abstract_tfidf__general linear,0.07908810968218419
terms_abstract_tfidf__generalized,-0.05434157997091339
terms_abstract_tfidf__generally,0.0841297993846693
terms_abstract_tfidf__generate,-0.011480668022969397
terms_abstract_tfidf__generated,0.05054922470415862
terms_abstract_tfidf__generating,-0.018722686843410566
terms_abstract_tfidf__generation,0.13605144499839758
terms_abstract_tfidf__genes,-0.08346837604563916
terms_abstract_tfidf__genetic,-0.11046852649048644
terms_abstract_tfidf__genetic risk,-0.07678369919038444
terms_abstract_tfidf__genotype,-0.11137329972521531
terms_abstract_tfidf__german,-0.04154794808605211
terms_abstract_tfidf__gestures,0.226535860318059
terms_abstract_tfidf__given,0.022801445417830867
terms_abstract_tfidf__global,-0.0611633797544114
terms_abstract_tfidf__globus,-0.017336803500276526
terms_abstract_tfidf__globus pallidus,-0.016282062556989035
terms_abstract_tfidf__gm,-0.1425400373214719
terms_abstract_tfidf__gm volume,-0.11468355092518057
terms_abstract_tfidf__goal,0.04935892576643364
terms_abstract_tfidf__goal directed,0.022634970971196135
terms_abstract_tfidf__goals,0.07458948887226453
terms_abstract_tfidf__good,0.019692300394088258
terms_abstract_tfidf__gradient,-0.06587906379754956
terms_abstract_tfidf__granger,-0.1066053807084982
terms_abstract_tfidf__graph,-0.08421545540438229
terms_abstract_tfidf__grasping,0.2932347174510291
terms_abstract_tfidf__gray,-0.21714080483041157
terms_abstract_tfidf__gray matter,-0.22525680613375734
terms_abstract_tfidf__great,-0.09788716188084119
terms_abstract_tfidf__greater,0.015858415784206593
terms_abstract_tfidf__greater extent,0.10722063831940343
terms_abstract_tfidf__greatest,-0.04742770585745574
terms_abstract_tfidf__grey,-0.1652558720605469
terms_abstract_tfidf__grey matter,-0.17617014884373836
terms_abstract_tfidf__group,-0.12126189317077692
terms_abstract_tfidf__group comparisons,-0.07406001436617975
terms_abstract_tfidf__group healthy,0.0055497445581090005
terms_abstract_tfidf__group level,0.005080583685040825
terms_abstract_tfidf__groups,-0.12760313604095191
terms_abstract_tfidf__growing,-0.0879457632286093
terms_abstract_tfidf__guide,-0.019873469886119426
terms_abstract_tfidf__guided,0.2168779826320192
terms_abstract_tfidf__gyri,0.014494261127194655
terms_abstract_tfidf__gyrus,0.04695570771917752
terms_abstract_tfidf__gyrus anterior,-0.03930909770442243
terms_abstract_tfidf__gyrus ba,0.04229210356800574
terms_abstract_tfidf__gyrus cerebellum,0.05487895585400035
terms_abstract_tfidf__gyrus ifg,0.04313474948767564
terms_abstract_tfidf__gyrus inferior,0.09496544274839
terms_abstract_tfidf__gyrus insula,-0.005766079933247851
terms_abstract_tfidf__gyrus medial,-0.0982250756407441
terms_abstract_tfidf__gyrus mfg,-0.028697774720706833
terms_abstract_tfidf__gyrus middle,-0.037317989100444565
terms_abstract_tfidf__gyrus posterior,-0.08572014940851629
terms_abstract_tfidf__gyrus precuneus,-0.04075656403073121
terms_abstract_tfidf__gyrus stg,0.03268169767098658
terms_abstract_tfidf__gyrus superior,0.09770738696253585
terms_abstract_tfidf__half,0.001614276173884164
terms_abstract_tfidf__hand,0.2737444872176127
terms_abstract_tfidf__hand movements,0.2140099606345132
terms_abstract_tfidf__handed,0.24175772016086153
terms_abstract_tfidf__handedness,0.08665135634806742
terms_abstract_tfidf__hands,0.2707961135915058
terms_abstract_tfidf__happy,-0.13040002674799125
terms_abstract_tfidf__happy faces,-0.11131034886651475
terms_abstract_tfidf__having,-0.006600969883947249
terms_abstract_tfidf__hc,-0.1941035134815183
terms_abstract_tfidf__hcs,-0.127253392465123
terms_abstract_tfidf__head,-0.01183214863481142
terms_abstract_tfidf__health,-0.2056789476085445
terms_abstract_tfidf__healthy,-0.13832752567846537
terms_abstract_tfidf__healthy adults,-0.0506626846995693
terms_abstract_tfidf__healthy control,-0.15830478088179678
terms_abstract_tfidf__healthy controls,-0.2150745467041642
terms_abstract_tfidf__healthy handed,0.19871734188896073
terms_abstract_tfidf__healthy human,-0.057367301719326594
terms_abstract_tfidf__healthy individuals,-0.1256253526382962
terms_abstract_tfidf__healthy male,-0.0025025651053278853
terms_abstract_tfidf__healthy volunteers,0.07418499165962177
terms_abstract_tfidf__healthy young,-0.05271075091955204
terms_abstract_tfidf__heard,-0.03810828924992579
terms_abstract_tfidf__hearing,0.07780533223909447
terms_abstract_tfidf__heart,-0.057019864367210404
terms_abstract_tfidf__heart rate,-0.04688228266928704
terms_abstract_tfidf__heightened,-0.07354778727641564
terms_abstract_tfidf__held,0.07331090359637649
terms_abstract_tfidf__help,-0.13029288431378866
terms_abstract_tfidf__hemisphere,0.20999591150659913
terms_abstract_tfidf__hemispheres,0.20337141253864455
terms_abstract_tfidf__hemispheric,0.20977063593640627
terms_abstract_tfidf__hemodynamic,0.005845011780676953
terms_abstract_tfidf__hemodynamic response,0.05660479210412209
terms_abstract_tfidf__hemodynamic responses,-0.03574029686792967
terms_abstract_tfidf__heschl,-0.00044190786548974406
terms_abstract_tfidf__heschl gyrus,-0.002351678398676212
terms_abstract_tfidf__heterogeneity,-0.07567795021149332
terms_abstract_tfidf__heterogeneous,-0.08555608982699173
terms_abstract_tfidf__hierarchical,0.029025659589676497
terms_abstract_tfidf__hierarchy,0.11885585198774155
terms_abstract_tfidf__high,-0.1553998727939702
terms_abstract_tfidf__high frequency,-0.02177475214668169
terms_abstract_tfidf__high functioning,0.046349188691770335
terms_abstract_tfidf__high level,0.10145577635517065
terms_abstract_tfidf__high low,-0.07454772280634324
terms_abstract_tfidf__high resolution,-0.12633668266732873
terms_abstract_tfidf__high risk,-0.18674971914635785
terms_abstract_tfidf__higher,-0.02418811587112435
terms_abstract_tfidf__higher level,0.07581321450491313
terms_abstract_tfidf__higher levels,0.007506921222334844
terms_abstract_tfidf__higher order,0.072815950885287
terms_abstract_tfidf__highest,0.003025045227288499
terms_abstract_tfidf__highlight,-0.13820826145041984
terms_abstract_tfidf__highlighted,-0.05204280045104579
terms_abstract_tfidf__highlights,-0.05433014456845888
terms_abstract_tfidf__highly,-0.075201353302569
terms_abstract_tfidf__hippocampal,-0.12482100064153596
terms_abstract_tfidf__hippocampus,-0.21546001101585038
terms_abstract_tfidf__history,-0.1980285773442923
terms_abstract_tfidf__hoc,-0.016973611008047014
terms_abstract_tfidf__homogeneity,-0.15684834272588022
terms_abstract_tfidf__homogeneity reho,-0.14674205482963618
terms_abstract_tfidf__hub,-0.09514667506381688
terms_abstract_tfidf__hubs,-0.0743023216379364
terms_abstract_tfidf__hum,0.003403060736172233
terms_abstract_tfidf__hum mapp,0.008790022807268958
terms_abstract_tfidf__human,0.07930499526069526
terms_abstract_tfidf__humans,0.06260871990541488
terms_abstract_tfidf__hyperactivation,0.06835670846717173
terms_abstract_tfidf__hyperactivity,-0.1354250309560308
terms_abstract_tfidf__hyperactivity disorder,-0.1479219891140832
terms_abstract_tfidf__hypoactivation,-0.029780300909677728
terms_abstract_tfidf__hypothalamus,-0.11200609735088671
terms_abstract_tfidf__hypotheses,-0.03781953691975661
terms_abstract_tfidf__hypothesize,0.05044341206183734
terms_abstract_tfidf__hypothesized,-0.006769447649099267
terms_abstract_tfidf__hz,0.04319244709547409
terms_abstract_tfidf__ica,-0.1824881527061972
terms_abstract_tfidf__idea,0.09805283170171288
terms_abstract_tfidf__identical,0.14453579126722646
terms_abstract_tfidf__identification,-0.007852388486166758
terms_abstract_tfidf__identified,0.023372432472832882
terms_abstract_tfidf__identify,-0.06196874156531605
terms_abstract_tfidf__identifying,-0.0942543693464754
terms_abstract_tfidf__identity,0.03358746040009204
terms_abstract_tfidf__ifg,0.0434542431661906
terms_abstract_tfidf__ii,0.04856562658883991
terms_abstract_tfidf__iii,0.0538497318702567
terms_abstract_tfidf__illness,-0.22049938179990577
terms_abstract_tfidf__illusion,0.18052450169469775
terms_abstract_tfidf__illustrate,-0.04111610531594373
terms_abstract_tfidf__image,0.015993749378382494
terms_abstract_tfidf__imagery,0.2856028465577749
terms_abstract_tfidf__images,-0.025082007867148183
terms_abstract_tfidf__images acquired,-0.010425016553737102
terms_abstract_tfidf__imagine,0.04298307223861302
terms_abstract_tfidf__imagined,0.16358827526399417
terms_abstract_tfidf__imitation,0.26044881965097577
terms_abstract_tfidf__immediate,-0.10488111664377221
terms_abstract_tfidf__immediately,0.0743470023700657
terms_abstract_tfidf__impact,-0.20439327521146927
terms_abstract_tfidf__impacts,-0.07703203119905948
terms_abstract_tfidf__impaired,-0.11579800230611596
terms_abstract_tfidf__impairment,-0.12323183661289827
terms_abstract_tfidf__impairments,-0.11307317345713708
terms_abstract_tfidf__implementation,0.06989460652030415
terms_abstract_tfidf__implemented,0.021953362144864843
terms_abstract_tfidf__implicate,-0.157489389376868
terms_abstract_tfidf__implicated,-0.1562961866112727
terms_abstract_tfidf__implications,-0.060506258489007335
terms_abstract_tfidf__implications understanding,0.020286523801907697
terms_abstract_tfidf__implicit,-0.05471940607240497
terms_abstract_tfidf__imply,-0.008258207827590172
terms_abstract_tfidf__importance,-0.1393611201591048
terms_abstract_tfidf__important,-0.13680627069698484
terms_abstract_tfidf__important role,-0.04390196657532848
terms_abstract_tfidf__importantly,0.0036866841946429875
terms_abstract_tfidf__improve,-0.0028294005210948263
terms_abstract_tfidf__improved,-0.00383910023579869
terms_abstract_tfidf__improvement,-0.0829147168211673
terms_abstract_tfidf__improvements,-0.01715617019619365
terms_abstract_tfidf__improves,0.016813401481087484
terms_abstract_tfidf__impulsive,-0.15063119258708788
terms_abstract_tfidf__impulsivity,-0.22821144812307922
terms_abstract_tfidf__incentive,-0.17679337773034848
terms_abstract_tfidf__incentive delay,-0.17161757782925094
terms_abstract_tfidf__incidental,-0.059215938596843584
terms_abstract_tfidf__include,-0.0013808491395766284
terms_abstract_tfidf__included,-0.0378449539196343
terms_abstract_tfidf__includes,-0.006951006585935388
terms_abstract_tfidf__incongruent,0.1342360995408463
terms_abstract_tfidf__inconsistent,-0.03960277988217171
terms_abstract_tfidf__incorrect,-0.04066927801829231
terms_abstract_tfidf__increases,-0.06116190828525631
terms_abstract_tfidf__increasing,0.05614638453418613
terms_abstract_tfidf__increasingly,0.028194084582042363
terms_abstract_tfidf__independent,-0.0990617841405524
terms_abstract_tfidf__independent component,-0.17993577324436882
terms_abstract_tfidf__independently,0.09177132462938002
terms_abstract_tfidf__index,0.09289356372889641
terms_abstract_tfidf__index finger,0.17286338499904866
terms_abstract_tfidf__indexed,-0.0015540623945426556
terms_abstract_tfidf__indicate,0.035132562755433035
terms_abstract_tfidf__indicated,0.04701587350869798
terms_abstract_tfidf__indicates,0.0711366326096704
terms_abstract_tfidf__indicating,0.08881401286183367
terms_abstract_tfidf__indices,-0.07164332962520978
terms_abstract_tfidf__indirect,-0.08910085558200796
terms_abstract_tfidf__individual,-0.09609912487803521
terms_abstract_tfidf__individual variability,-0.014424594046909333
terms_abstract_tfidf__individually,-0.004127468669779265
terms_abstract_tfidf__individuals,-0.20205355501893954
terms_abstract_tfidf__induce,0.014064860321908427
terms_abstract_tfidf__induced,0.014779601753924858
terms_abstract_tfidf__induces,0.059649678631275946
terms_abstract_tfidf__inducing,-0.043096730898699864
terms_abstract_tfidf__induction,0.033938094094170125
terms_abstract_tfidf__infer,-0.04947974970452624
terms_abstract_tfidf__inference,-0.06855670800435881
terms_abstract_tfidf__inferences,-0.12369527603426238
terms_abstract_tfidf__inferior,0.15695017176810722
terms_abstract_tfidf__inferior frontal,0.08672282320632425
terms_abstract_tfidf__inferior middle,0.010805913148184222
terms_abstract_tfidf__inferior occipital,0.06999925004722837
terms_abstract_tfidf__inferior parietal,0.17912584130709894
terms_abstract_tfidf__inferior prefrontal,-0.01595632664632595
terms_abstract_tfidf__inferior superior,0.11878029149944011
terms_abstract_tfidf__inferior temporal,0.03993696417195217
terms_abstract_tfidf__influence,-0.07689373563945379
terms_abstract_tfidf__influenced,-0.026190937749738637
terms_abstract_tfidf__influences,-0.04124041219229829
terms_abstract_tfidf__inform,-0.10995459903978787
terms_abstract_tfidf__information,0.1602107605757338
terms_abstract_tfidf__inhibit,0.027869533916065847
terms_abstract_tfidf__inhibition,-0.005393916855101426
terms_abstract_tfidf__inhibitory,0.02235060285653446
terms_abstract_tfidf__inhibitory control,-0.031245006604889283
terms_abstract_tfidf__initial,-0.08233663104366987
terms_abstract_tfidf__initially,-0.01204486888114135
terms_abstract_tfidf__initiation,0.08221466156481326
terms_abstract_tfidf__injury,0.08780767175318241
terms_abstract_tfidf__input,0.20136011278944904
terms_abstract_tfidf__inputs,0.16582616217834564
terms_abstract_tfidf__insight,-0.10134107809213848
terms_abstract_tfidf__insights,-0.06706774172761389
terms_abstract_tfidf__instead,0.018978126486168805
terms_abstract_tfidf__instructed,0.08516808283706943
terms_abstract_tfidf__instruction,0.12637629717934493
terms_abstract_tfidf__instructions,0.011455667947800919
terms_abstract_tfidf__insula,-0.0744642069102669
terms_abstract_tfidf__insula anterior,-0.03551417633450932
terms_abstract_tfidf__insula inferior,0.039104509800139485
terms_abstract_tfidf__insular,-0.023599972384187665
terms_abstract_tfidf__insular cortex,0.0070446064928475025
terms_abstract_tfidf__intact,0.007097871157078619
terms_abstract_tfidf__integrate,0.12202604801081894
terms_abstract_tfidf__integrated,-0.0034401852403546764
terms_abstract_tfidf__integrating,0.030582003461953392
terms_abstract_tfidf__integration,0.09626097048250543
terms_abstract_tfidf__integrative,-0.02232388606888296
terms_abstract_tfidf__integrity,-0.11211461583594737
terms_abstract_tfidf__intelligence,-0.07668973355866977
terms_abstract_tfidf__intense,-0.027800800946647816
terms_abstract_tfidf__intensity,-0.03305826056670991
terms_abstract_tfidf__intention,-0.0848800519497108
terms_abstract_tfidf__intentional,-0.030295322083537978
terms_abstract_tfidf__intentions,-0.03567474150045837
terms_abstract_tfidf__inter,0.04531506277976883
terms_abstract_tfidf__inter individual,0.08953563801414306
terms_abstract_tfidf__interact,0.10039061905407169
terms_abstract_tfidf__interacting,-0.055548536368915075
terms_abstract_tfidf__interaction,-0.021305342720267757
terms_abstract_tfidf__interactions,-0.04888594073214128
terms_abstract_tfidf__interactive,-0.056964019304899825
terms_abstract_tfidf__interacts,0.05559458528407486
terms_abstract_tfidf__interestingly,0.11863885245165835
terms_abstract_tfidf__interference,0.17869253441344202
terms_abstract_tfidf__interhemispheric,0.001964579656575598
terms_abstract_tfidf__intermediate,-0.03289060589523943
terms_abstract_tfidf__internal,0.060877525986305206
terms_abstract_tfidf__internally,-0.04891781547642683
terms_abstract_tfidf__interoceptive,-0.0421098004873187
terms_abstract_tfidf__interpersonal,-0.06990082405244623
terms_abstract_tfidf__interplay,0.09239991978284594
terms_abstract_tfidf__interpret,0.043424624298786844
terms_abstract_tfidf__interpretation,0.011658476551902249
terms_abstract_tfidf__interpreted,0.1220559723355184
terms_abstract_tfidf__interval,0.09996576567100925
terms_abstract_tfidf__intervals,0.020848962443404496
terms_abstract_tfidf__intervention,-0.12560491243935415
terms_abstract_tfidf__interventions,-0.11513275154104724
terms_abstract_tfidf__intra,0.04681304235494235
terms_abstract_tfidf__intraparietal,0.30106038528930557
terms_abstract_tfidf__intraparietal sulcus,0.2957238826403303
terms_abstract_tfidf__intrinsic,-0.17026150607550364
terms_abstract_tfidf__intrinsic functional,-0.1350824179287204
terms_abstract_tfidf__introduced,0.04451735700412773
terms_abstract_tfidf__introduction,-0.02283749761598581
terms_abstract_tfidf__invariant,0.09142133801003006
terms_abstract_tfidf__invasive,-0.004330153264444046
terms_abstract_tfidf__inventory,-0.1267203315482119
terms_abstract_tfidf__inverse,-0.05834054795137491
terms_abstract_tfidf__inversely,-0.10726652432453242
terms_abstract_tfidf__investigates,0.030348820123408397
terms_abstract_tfidf__investigating,-0.08458436466733596
terms_abstract_tfidf__investigation,-0.09642330179160677
terms_abstract_tfidf__investigations,-0.04057537586290844
terms_abstract_tfidf__involve,0.02054859717319253
terms_abstract_tfidf__involved,0.21813473533499086
terms_abstract_tfidf__involved cognitive,-0.06969350700586957
terms_abstract_tfidf__involvement,0.1436701166158207
terms_abstract_tfidf__involves,0.1003657425232529
terms_abstract_tfidf__involving,0.002885968470409596
terms_abstract_tfidf__ipl,0.13062426172605907
terms_abstract_tfidf__ips,0.24372579697316954
terms_abstract_tfidf__ipsilateral,0.16180351345971467
terms_abstract_tfidf__iq,-0.10967843653118317
terms_abstract_tfidf__irrelevant,0.14450807087318604
terms_abstract_tfidf__irrespective,0.10349575488945648
terms_abstract_tfidf__isolate,0.07759908619912066
terms_abstract_tfidf__isolated,0.0935212713151222
terms_abstract_tfidf__issue,0.004053239616523539
terms_abstract_tfidf__issues,-0.08440991804425574
terms_abstract_tfidf__item,-0.015576368664030416
terms_abstract_tfidf__items,-0.035996162680292904
terms_abstract_tfidf__iv,-0.007629450761611948
terms_abstract_tfidf__joint,0.047742935663871014
terms_abstract_tfidf__judge,-0.04194130670033543
terms_abstract_tfidf__judged,0.03522477522597446
terms_abstract_tfidf__judgment,-0.04740736560449498
terms_abstract_tfidf__judgment task,0.01660701948103634
terms_abstract_tfidf__judgments,-0.07306774471208248
terms_abstract_tfidf__junction,0.043823364120651596
terms_abstract_tfidf__junction tpj,0.035219848861791456
terms_abstract_tfidf__just,0.1267463873364907
terms_abstract_tfidf__key,-0.15724583667626538
terms_abstract_tfidf__key role,-0.07113477545307656
terms_abstract_tfidf__kinds,0.03125030270747881
terms_abstract_tfidf__know,-0.07157495632264745
terms_abstract_tfidf__knowledge,-0.06622315229177161
terms_abstract_tfidf__known,-0.04348913312570647
terms_abstract_tfidf__known involved,0.06691015835051217
terms_abstract_tfidf__labeling,-0.09052318156174426
terms_abstract_tfidf__laboratory,-0.07051279119870571
terms_abstract_tfidf__lack,0.05053692641066391
terms_abstract_tfidf__lacking,-0.05047796007968596
terms_abstract_tfidf__language,0.019864616240372068
terms_abstract_tfidf__language comprehension,-0.031375968068996604
terms_abstract_tfidf__language network,0.005364883002150627
terms_abstract_tfidf__languages,0.0709546259143288
terms_abstract_tfidf__large,-0.031053914886503657
terms_abstract_tfidf__large sample,-0.07421401937570582
terms_abstract_tfidf__large scale,-0.07803470193379267
terms_abstract_tfidf__largely,0.07389002891387092
terms_abstract_tfidf__largely unknown,0.04255453390906391
terms_abstract_tfidf__larger,0.04259218218794505
terms_abstract_tfidf__late,-0.011956587150495888
terms_abstract_tfidf__latencies,0.11351288650099635
terms_abstract_tfidf__latency,0.03460638852523878
terms_abstract_tfidf__later,-0.07221794289915684
terms_abstract_tfidf__lateral,0.01114071344851493
terms_abstract_tfidf__lateral frontal,0.022688534862797347
terms_abstract_tfidf__lateral medial,-0.0026373400091405604
terms_abstract_tfidf__lateral occipital,0.18891934621399
terms_abstract_tfidf__lateral orbitofrontal,-0.27600550383572153
terms_abstract_tfidf__lateral parietal,-0.08030797460290423
terms_abstract_tfidf__lateral prefrontal,-0.011825170594209152
terms_abstract_tfidf__lateral temporal,-0.14163394214118205
terms_abstract_tfidf__laterality,0.13756246121459664
terms_abstract_tfidf__lateralization,0.13773826257246283
terms_abstract_tfidf__lateralized,0.18217732912585163
terms_abstract_tfidf__lead,-0.0488846955175936
terms_abstract_tfidf__leading,0.004146798990601254
terms_abstract_tfidf__leads,0.034904779976709994
terms_abstract_tfidf__learn,-0.01993134670381192
terms_abstract_tfidf__learned,0.011099932870953304
terms_abstract_tfidf__learning,-0.04497683999349458
terms_abstract_tfidf__learning task,-0.12643773008571915
terms_abstract_tfidf__led,0.06980135295195469
terms_abstract_tfidf__length,0.10278464358465078
terms_abstract_tfidf__lesion,0.052367407657011276
terms_abstract_tfidf__lesions,-0.010897781212388795
terms_abstract_tfidf__lesser,0.13371993055811035
terms_abstract_tfidf__letter,0.10779615638209461
terms_abstract_tfidf__letters,0.1397900159854628
terms_abstract_tfidf__level,0.02579585142115387
terms_abstract_tfidf__level bold,-0.022702049360350956
terms_abstract_tfidf__level signal,-0.0028764028685348457
terms_abstract_tfidf__levels,-0.004581407913569667
terms_abstract_tfidf__lexical,0.033525757931246444
terms_abstract_tfidf__lexical decision,0.027191374700024765
terms_abstract_tfidf__life,-0.1738968688017516
terms_abstract_tfidf__light,-0.002849414863479333
terms_abstract_tfidf__like,0.02645135120875778
terms_abstract_tfidf__likelihood,0.04080898097357975
terms_abstract_tfidf__likely,0.029247573227535927
terms_abstract_tfidf__limb,0.20937939589951884
terms_abstract_tfidf__limbic,-0.2000226825823145
terms_abstract_tfidf__limitations,-0.11844531203612813
terms_abstract_tfidf__limited,-0.010140978470521098
terms_abstract_tfidf__line,0.11610348903085506
terms_abstract_tfidf__linear,-0.006405588593423395
terms_abstract_tfidf__linear model,0.05380283561108683
terms_abstract_tfidf__linearly,-0.03942051075538355
terms_abstract_tfidf__lingual,0.00013396652045932593
terms_abstract_tfidf__lingual gyrus,-0.027329466467533876
terms_abstract_tfidf__linguistic,0.019445218137973706
terms_abstract_tfidf__link,-0.11096876308823338
terms_abstract_tfidf__linked,-0.14613140725604037
terms_abstract_tfidf__linking,0.014517115067395267
terms_abstract_tfidf__links,-0.01347864030852479
terms_abstract_tfidf__list,0.038987017034653244
terms_abstract_tfidf__listened,-0.0036494140402077214
terms_abstract_tfidf__listening,0.006322432485743389
terms_abstract_tfidf__literature,-0.04567895516381955
terms_abstract_tfidf__little,-0.0588654805858342
terms_abstract_tfidf__little known,-0.07950992342647571
terms_abstract_tfidf__load,0.13015665135062673
terms_abstract_tfidf__lobe,-0.07177890060038478
terms_abstract_tfidf__lobe mtl,-0.07046175705783718
terms_abstract_tfidf__lobes,-0.10227758971320589
terms_abstract_tfidf__lobule,0.23734613849743966
terms_abstract_tfidf__lobule ipl,0.10322562153333956
terms_abstract_tfidf__lobules,0.12613603904764917
terms_abstract_tfidf__local,-0.0787240433652693
terms_abstract_tfidf__localization,0.0831304687486375
terms_abstract_tfidf__localize,0.13027511423709642
terms_abstract_tfidf__localized,0.06280945741951789
terms_abstract_tfidf__located,0.18484162946792695
terms_abstract_tfidf__location,0.2681947293009421
terms_abstract_tfidf__locations,0.18084379269778764
terms_abstract_tfidf__locus,0.04061881491526011
terms_abstract_tfidf__long,-0.038602852470822575
terms_abstract_tfidf__long term,-0.09757237815175059
terms_abstract_tfidf__longer,0.08565856029203094
terms_abstract_tfidf__longitudinal,-0.08860433648272338
terms_abstract_tfidf__loop,0.045273958143916215
terms_abstract_tfidf__loss,-0.24395452821040997
terms_abstract_tfidf__losses,-0.22246823092554152
terms_abstract_tfidf__low,-0.17839622118265513
terms_abstract_tfidf__low frequency,-0.17448204264098052
terms_abstract_tfidf__low high,0.027048049760466666
terms_abstract_tfidf__low level,0.11927237270604016
terms_abstract_tfidf__lower,-0.03471744109623195
terms_abstract_tfidf__m1,0.15279970614338828
terms_abstract_tfidf__machine,-0.09115108151796573
terms_abstract_tfidf__magnetic,0.11069069773124787
terms_abstract_tfidf__magnetic resonance,0.10228594310520712
terms_abstract_tfidf__magnetic stimulation,0.15063575891848094
terms_abstract_tfidf__magnetoencephalography,-0.0017586468144625475
terms_abstract_tfidf__magnitude,-0.001251962865195641
terms_abstract_tfidf__main,0.01126160353870259
terms_abstract_tfidf__main effect,-0.01630394404585908
terms_abstract_tfidf__mainly,0.032768353820934445
terms_abstract_tfidf__maintain,0.0912315790293855
terms_abstract_tfidf__maintained,0.11811405799924897
terms_abstract_tfidf__maintaining,0.13418227729580592
terms_abstract_tfidf__maintenance,0.11416182877388845
terms_abstract_tfidf__major,-0.23143401999326174
terms_abstract_tfidf__major depression,-0.1725243416845765
terms_abstract_tfidf__major depressive,-0.2523031868304648
terms_abstract_tfidf__majority,-0.008167223752577694
terms_abstract_tfidf__make,-0.04759267648857251
terms_abstract_tfidf__making,-0.2212000565792339
terms_abstract_tfidf__male,-0.13956892177050145
terms_abstract_tfidf__male female,-0.10474220099384932
terms_abstract_tfidf__males,-0.07432394745108817
terms_abstract_tfidf__manifest,-0.07278291164229654
terms_abstract_tfidf__manipulated,0.07771341652823502
terms_abstract_tfidf__manipulating,-0.04636155368789496
terms_abstract_tfidf__manipulation,0.2242793277332432
terms_abstract_tfidf__manipulations,0.04379866337923654
terms_abstract_tfidf__manner,0.06403999705332188
terms_abstract_tfidf__manual,0.15636194848796728
terms_abstract_tfidf__map,0.01822967222704616
terms_abstract_tfidf__mapp,0.008505664014099761
terms_abstract_tfidf__mapped,0.02697121849273043
terms_abstract_tfidf__mapping,0.0694814141514608
terms_abstract_tfidf__maps,-0.04357857196041262
terms_abstract_tfidf__marked,0.03930807488002482
terms_abstract_tfidf__marker,-0.15249237681900663
terms_abstract_tfidf__markers,-0.13725394409719308
terms_abstract_tfidf__masked,-0.023776700804724712
terms_abstract_tfidf__mass,-0.03484476724032196
terms_abstract_tfidf__match,0.09814762040095883
terms_abstract_tfidf__matching,0.09822945577993203
terms_abstract_tfidf__matching task,0.02541129979128573
terms_abstract_tfidf__material,0.02581973987177113
terms_abstract_tfidf__materials,0.03528830883340525
terms_abstract_tfidf__matrix,0.016101011760773193
terms_abstract_tfidf__matter,-0.2114487988275049
terms_abstract_tfidf__matter density,-0.13346098866144512
terms_abstract_tfidf__matter gm,-0.12272086393476188
terms_abstract_tfidf__matter volume,-0.18792766501821043
terms_abstract_tfidf__matter volumes,-0.18035614674324052
terms_abstract_tfidf__maturation,-0.11483907557285465
terms_abstract_tfidf__maximal,-0.028820975203259405
terms_abstract_tfidf__maximum,0.016599369246639264
terms_abstract_tfidf__mci,-0.12917871205606163
terms_abstract_tfidf__mdd,-0.22995345277983265
terms_abstract_tfidf__mean,-0.09273642396280178
terms_abstract_tfidf__mean age,-0.05971155366574215
terms_abstract_tfidf__meaning,0.002655642058172036
terms_abstract_tfidf__meaningful,0.07701511895127865
terms_abstract_tfidf__means,0.03122569147322112
terms_abstract_tfidf__measure,-0.07313252885716368
terms_abstract_tfidf__measurement,-0.039594684423949464
terms_abstract_tfidf__measurements,-0.07302873573442185
terms_abstract_tfidf__measures,-0.13498968101294984
terms_abstract_tfidf__measuring,-0.011609867599215836
terms_abstract_tfidf__mechanism,-0.01639863521177005
terms_abstract_tfidf__mechanisms,0.019700715723614228
terms_abstract_tfidf__mechanisms involved,0.010573658899557432
terms_abstract_tfidf__mechanisms underlying,-0.03476996452866118
terms_abstract_tfidf__medial,-0.2873671934744569
terms_abstract_tfidf__medial frontal,-0.07865822938828489
terms_abstract_tfidf__medial lateral,-0.2240771261353843
terms_abstract_tfidf__medial orbitofrontal,-0.25823812329985835
terms_abstract_tfidf__medial pfc,-0.1371224043579418
terms_abstract_tfidf__medial prefrontal,-0.27585536269858446
terms_abstract_tfidf__medial superior,0.07443541504263927
terms_abstract_tfidf__medial temporal,-0.12699426803843747
terms_abstract_tfidf__median,0.04786556464506086
terms_abstract_tfidf__mediate,-0.05559478508742811
terms_abstract_tfidf__mediated,-0.05574892627127734
terms_abstract_tfidf__mediates,-0.033712609564618495
terms_abstract_tfidf__mediating,-0.0597686143425807
terms_abstract_tfidf__medication,-0.1569403115560854
terms_abstract_tfidf__meg,0.021340730629070485
terms_abstract_tfidf__memories,-0.18722457814067273
terms_abstract_tfidf__memory,-0.03587573047998035
terms_abstract_tfidf__memory encoding,-0.020927102593742093
terms_abstract_tfidf__memory load,0.1234802779397892
terms_abstract_tfidf__memory performance,-0.07005371079475696
terms_abstract_tfidf__memory processes,-0.015488115654020192
terms_abstract_tfidf__memory retrieval,-0.14796827169078464
terms_abstract_tfidf__memory task,-0.03072129615000149
terms_abstract_tfidf__memory tasks,0.035455558633212654
terms_abstract_tfidf__memory test,-0.07432124136957126
terms_abstract_tfidf__memory wm,0.15213124833555028
terms_abstract_tfidf__men,-0.0949911919758251
terms_abstract_tfidf__men women,-0.11409564572496304
terms_abstract_tfidf__mental,0.029995561567661855
terms_abstract_tfidf__mental imagery,0.1851700637362057
terms_abstract_tfidf__mental state,-0.13397702896371422
terms_abstract_tfidf__mental states,-0.13139469669911255
terms_abstract_tfidf__mentalizing,-0.08681637634005439
terms_abstract_tfidf__mesial,-0.06096991604458229
terms_abstract_tfidf__mesolimbic,-0.17601572436194332
terms_abstract_tfidf__met,-0.12869142920746182
terms_abstract_tfidf__metabolic,-0.13598003772712156
terms_abstract_tfidf__metabolism,-0.12598363579123023
terms_abstract_tfidf__method,-0.14036819415271445
terms_abstract_tfidf__methodological,0.018595734293844646
terms_abstract_tfidf__methodology,-0.038458108591220154
terms_abstract_tfidf__methodology principal,-0.05009406495917227
terms_abstract_tfidf__methods,-0.23622148336762705
terms_abstract_tfidf__methods functional,-0.058666451370722864
terms_abstract_tfidf__mfg,-0.07028571822990275
terms_abstract_tfidf__mg,-0.10459870249892399
terms_abstract_tfidf__mid,-0.04982174653392093
terms_abstract_tfidf__midbrain,-0.08367364839720988
terms_abstract_tfidf__middle,0.007288418831704387
terms_abstract_tfidf__middle cingulate,-0.00383710446656117
terms_abstract_tfidf__middle frontal,0.003994121955882329
terms_abstract_tfidf__middle inferior,0.0881675816399819
terms_abstract_tfidf__middle occipital,0.0686857550378896
terms_abstract_tfidf__middle superior,0.08396108132052733
terms_abstract_tfidf__middle temporal,-0.0432600865139518
terms_abstract_tfidf__midline,-0.1407698109326596
terms_abstract_tfidf__mild,-0.13758518953335103
terms_abstract_tfidf__mild cognitive,-0.1530541063765724
terms_abstract_tfidf__min,0.006697857526170233
terms_abstract_tfidf__mind,-0.1811396799892219
terms_abstract_tfidf__mind tom,-0.10405688930303938
terms_abstract_tfidf__minimal,0.08514256123959095
terms_abstract_tfidf__mirror,0.27130429776524023
terms_abstract_tfidf__mirror neuron,0.24305027032646975
terms_abstract_tfidf__mixed,-0.10578041841295938
terms_abstract_tfidf__mm,-0.10154814940261206
terms_abstract_tfidf__mnemonic,-0.0024721347298225873
terms_abstract_tfidf__modal,0.13809151466882022
terms_abstract_tfidf__modalities,0.1009912575999348
terms_abstract_tfidf__modality,0.1816017835095263
terms_abstract_tfidf__mode,-0.19771508248268588
terms_abstract_tfidf__mode network,-0.2165378150872323
terms_abstract_tfidf__model,0.036621124403884424
terms_abstract_tfidf__modeling,0.11794696242858463
terms_abstract_tfidf__models,-0.03283713086727952
terms_abstract_tfidf__moderate,-0.013021402832634955
terms_abstract_tfidf__modified,-0.009725653174891942
terms_abstract_tfidf__modulate,-0.008356911319013442
terms_abstract_tfidf__modulated,0.044071232374840424
terms_abstract_tfidf__modulates,-0.02329084488378746
terms_abstract_tfidf__modulating,-0.1126894894128646
terms_abstract_tfidf__modulation,-0.025553287351092472
terms_abstract_tfidf__modulations,0.05628979729469157
terms_abstract_tfidf__modulatory,-0.001795678952206745
terms_abstract_tfidf__monetary,-0.22472445421604217
terms_abstract_tfidf__monetary incentive,-0.14120927591456925
terms_abstract_tfidf__monetary reward,-0.14675083672033895
terms_abstract_tfidf__money,-0.15862758767021767
terms_abstract_tfidf__monitor,0.05248836816854042
terms_abstract_tfidf__monitored,0.0038967124768461065
terms_abstract_tfidf__monitoring,0.022683069674664432
terms_abstract_tfidf__monkey,0.2033603753682536
terms_abstract_tfidf__monkeys,0.12218522383577951
terms_abstract_tfidf__months,-0.10926094615649086
terms_abstract_tfidf__mood,-0.23983474456420062
terms_abstract_tfidf__moral,-0.17574860775961804
terms_abstract_tfidf__morphological,-0.11230286363908666
terms_abstract_tfidf__morphology,-0.09560397783719285
terms_abstract_tfidf__morphometry,-0.21906766134405722
terms_abstract_tfidf__morphometry vbm,-0.18851646989208326
terms_abstract_tfidf__motion,0.2330173811081134
terms_abstract_tfidf__motivation,-0.18338757040996234
terms_abstract_tfidf__motivational,-0.1758890245313582
terms_abstract_tfidf__motor,0.23957173879168306
terms_abstract_tfidf__motor control,0.15064429000234603
terms_abstract_tfidf__motor cortex,0.18029946942293423
terms_abstract_tfidf__motor function,0.138452532564654
terms_abstract_tfidf__motor imagery,0.2566403271609634
terms_abstract_tfidf__motor network,0.14727196133904685
terms_abstract_tfidf__motor performance,0.16596249440828834
terms_abstract_tfidf__motor pre,0.1398045957419828
terms_abstract_tfidf__motor premotor,0.1499707554426632
terms_abstract_tfidf__motor response,0.0821944449215016
terms_abstract_tfidf__motor responses,0.08430392523288945
terms_abstract_tfidf__motor sma,0.16099988201802112
terms_abstract_tfidf__motor task,0.1695984682835547
terms_abstract_tfidf__movement,0.2350089798816784
terms_abstract_tfidf__movements,0.28261635681954456
terms_abstract_tfidf__moving,0.26579749899325444
terms_abstract_tfidf__mpfc,-0.2415442668316025
terms_abstract_tfidf__mr,0.06994288011412357
terms_abstract_tfidf__ms,0.027573926282614184
terms_abstract_tfidf__mt,0.1802187445425927
terms_abstract_tfidf__mtg,-0.08016861439118482
terms_abstract_tfidf__mtl,-0.0935000140303834
terms_abstract_tfidf__multi,0.07216061051055403
terms_abstract_tfidf__multimodal,0.020267895387096852
terms_abstract_tfidf__multiple,0.004541629436087177
terms_abstract_tfidf__multiple comparisons,-0.12492560282319361
terms_abstract_tfidf__multiple sclerosis,0.10477156191302585
terms_abstract_tfidf__multisensory,0.2039159094192497
terms_abstract_tfidf__multivariate,-0.0471658045691245
terms_abstract_tfidf__multivariate pattern,-0.004639826592812462
terms_abstract_tfidf__muscle,0.09137657037626958
terms_abstract_tfidf__music,0.0029415722301118054
terms_abstract_tfidf__musical,-0.007940012163211897
terms_abstract_tfidf__musicians,0.11664446992701848
terms_abstract_tfidf__naive,-0.15955865350759624
terms_abstract_tfidf__names,-0.04407872784121261
terms_abstract_tfidf__naming,0.10087766256405073
terms_abstract_tfidf__native,0.11007746816601541
terms_abstract_tfidf__natural,0.030814884688173727
terms_abstract_tfidf__naturalistic,-0.022081593744671835
terms_abstract_tfidf__nature,0.013523822484743295
terms_abstract_tfidf__navigation,0.08140718332744484
terms_abstract_tfidf__near,0.14499293927963178
terms_abstract_tfidf__necessary,0.0019798453642388874
terms_abstract_tfidf__need,-0.03902579324404166
terms_abstract_tfidf__needed,-0.04472336626265435
terms_abstract_tfidf__needs,0.025820922130814716
terms_abstract_tfidf__negative,-0.2608517744602694
terms_abstract_tfidf__negative affect,-0.1283702737850941
terms_abstract_tfidf__negative correlation,-0.11287766641174768
terms_abstract_tfidf__negative correlations,-0.10800776438715703
terms_abstract_tfidf__negative emotional,-0.11121567957879339
terms_abstract_tfidf__negative emotions,-0.05033246210410218
terms_abstract_tfidf__negative feedback,-0.14503461955530006
terms_abstract_tfidf__negative neutral,-0.09695666596140233
terms_abstract_tfidf__negative positive,-0.1685338175528685
terms_abstract_tfidf__negatively,-0.22093912845092736
terms_abstract_tfidf__negatively correlated,-0.13824302913459205
terms_abstract_tfidf__negativity,-0.16793631494949854
terms_abstract_tfidf__neocortical,-0.10572962839291752
terms_abstract_tfidf__nerve,0.01856187628312142
terms_abstract_tfidf__nervous,0.04897727266293247
terms_abstract_tfidf__network,0.09245667736618979
terms_abstract_tfidf__network connectivity,-0.07353311523818955
terms_abstract_tfidf__network dmn,-0.2229247098424878
terms_abstract_tfidf__network involved,0.13515950766322393
terms_abstract_tfidf__networks,-0.057647046258977264
terms_abstract_tfidf__networks involved,0.039761376689299334
terms_abstract_tfidf__neuro,-0.0020492938543082814
terms_abstract_tfidf__neuroanatomical,-0.10540212858058928
terms_abstract_tfidf__neuroanatomy,0.09379790384894389
terms_abstract_tfidf__neurobiological,-0.18863934093979884
terms_abstract_tfidf__neurobiology,-0.14921622632721157
terms_abstract_tfidf__neurocognitive,-0.09208612309865463
terms_abstract_tfidf__neurodegenerative,-0.13859562317928178
terms_abstract_tfidf__neurodevelopmental,-0.10387735633250857
terms_abstract_tfidf__neurofunctional,0.016791208009469337
terms_abstract_tfidf__neurological,-0.020798615848356523
terms_abstract_tfidf__neuron,0.2288365723393101
terms_abstract_tfidf__neuronal,0.038184540132428516
terms_abstract_tfidf__neurons,0.16415073754013285
terms_abstract_tfidf__neurophysiological,0.08796361621387998
terms_abstract_tfidf__neuropsychiatric,-0.1911167996059399
terms_abstract_tfidf__neuropsychological,-0.028416935848704902
terms_abstract_tfidf__neuroscience,-0.07935110286275635
terms_abstract_tfidf__neutral,-0.1596654497255989
terms_abstract_tfidf__neutral faces,-0.08822086106029108
terms_abstract_tfidf__neutral pictures,-0.05868843007182126
terms_abstract_tfidf__neutral stimuli,-0.1229239688726648
terms_abstract_tfidf__new,-0.0022519941249578616
terms_abstract_tfidf__new insights,0.05064077746094684
terms_abstract_tfidf__newly,-0.027195049935174433
terms_abstract_tfidf__nineteen,-0.1562201805821343
terms_abstract_tfidf__nociceptive,0.03908066242424718
terms_abstract_tfidf__node,-0.10658874829737354
terms_abstract_tfidf__nodes,-0.07406658408133399
terms_abstract_tfidf__nogo,-0.006917173377865952
terms_abstract_tfidf__noise,-0.017372625679172762
terms_abstract_tfidf__non,-0.012598404928392115
terms_abstract_tfidf__normal,-0.04974556765359749
terms_abstract_tfidf__normal controls,-0.09499262379945932
terms_abstract_tfidf__normalized,-0.03698195469777556
terms_abstract_tfidf__normally,0.07998290553184553
terms_abstract_tfidf__notably,-0.06445678544701347
terms_abstract_tfidf__noted,-0.1005805519151201
terms_abstract_tfidf__notion,0.07684458280519531
terms_abstract_tfidf__nouns,-0.0026322647619494224
terms_abstract_tfidf__novel,-0.06116443580847652
terms_abstract_tfidf__novelty,-0.010634934603184973
terms_abstract_tfidf__noxious,-0.022066722693767103
terms_abstract_tfidf__nuclei,-0.044093029848232476
terms_abstract_tfidf__nucleus,-0.12750164918678733
terms_abstract_tfidf__nucleus accumbens,-0.18766646004678333
terms_abstract_tfidf__number,0.07199909808921423
terms_abstract_tfidf__numbers,0.14799897141289942
terms_abstract_tfidf__numerical,0.16685117170603425
terms_abstract_tfidf__numerous,-0.053312846432912904
terms_abstract_tfidf__object,0.2643229832590206
terms_abstract_tfidf__object recognition,0.1447757913610389
terms_abstract_tfidf__objective,-0.0720699410943126
terms_abstract_tfidf__objectives,-0.11788807088639619
terms_abstract_tfidf__objects,0.20461063137600166
terms_abstract_tfidf__observation,0.3273646612809169
terms_abstract_tfidf__observations,0.033095704272256214
terms_abstract_tfidf__observer,0.25119277014561203
terms_abstract_tfidf__observers,0.17164957156046995
terms_abstract_tfidf__observing,0.21617642225642825
terms_abstract_tfidf__obsessive,-0.174453446223718
terms_abstract_tfidf__obsessive compulsive,-0.16860119918702987
terms_abstract_tfidf__obtain,-0.11567531966575478
terms_abstract_tfidf__obtained,-0.060855664810036264
terms_abstract_tfidf__occipital,0.14702577400339634
terms_abstract_tfidf__occipital cortex,0.13931760655996425
terms_abstract_tfidf__occipital gyrus,0.08951581270187914
terms_abstract_tfidf__occipital lobe,-0.04402033243589613
terms_abstract_tfidf__occipital parietal,0.10535451638569016
terms_abstract_tfidf__occipital temporal,0.05199379761155955
terms_abstract_tfidf__occipito,0.20197710905560753
terms_abstract_tfidf__occipito temporal,0.19517884227950227
terms_abstract_tfidf__occipitotemporal,0.19674034143048727
terms_abstract_tfidf__occipitotemporal cortex,0.16633361082916093
terms_abstract_tfidf__occur,-0.08824727461325707
terms_abstract_tfidf__occurred,-0.01674594140792762
terms_abstract_tfidf__occurrence,-0.05959828178025014
terms_abstract_tfidf__occurring,0.08409399546808309
terms_abstract_tfidf__occurs,0.06957060513759937
terms_abstract_tfidf__ocd,-0.16299100872418262
terms_abstract_tfidf__oddball,0.04032148367186792
terms_abstract_tfidf__ofc,-0.2468663741524161
terms_abstract_tfidf__offer,-0.07014455390706453
terms_abstract_tfidf__offers,-0.08947189278549571
terms_abstract_tfidf__old,-0.09671405712823507
terms_abstract_tfidf__older,-0.048807175769952076
terms_abstract_tfidf__older adults,-0.037065350201097406
terms_abstract_tfidf__olfactory,-0.0929817291296496
terms_abstract_tfidf__ones,0.019542900454665498
terms_abstract_tfidf__ongoing,-0.03691125722915467
terms_abstract_tfidf__online,0.10025186830536578
terms_abstract_tfidf__onset,0.020174574342087866
terms_abstract_tfidf__open,-0.00616117339638017
terms_abstract_tfidf__operation,0.13618537752230112
terms_abstract_tfidf__operations,0.12462529401261244
terms_abstract_tfidf__opercular,0.08689728276957268
terms_abstract_tfidf__opercularis,0.07069285345963607
terms_abstract_tfidf__operculum,0.09336483862388367
terms_abstract_tfidf__opportunity,-0.1065548339456403
terms_abstract_tfidf__opposed,-0.00020484610768821174
terms_abstract_tfidf__opposite,0.0337984653238048
terms_abstract_tfidf__optimal,-0.05883212195995623
terms_abstract_tfidf__optimized,-0.1064621392062923
terms_abstract_tfidf__options,-0.17864542446718534
terms_abstract_tfidf__oral,0.03993639092643411
terms_abstract_tfidf__orbital,-0.23477617770197892
terms_abstract_tfidf__orbitofrontal,-0.29712443858317494
terms_abstract_tfidf__orbitofrontal cortex,-0.2843204242644465
terms_abstract_tfidf__order,0.04080938497860015
terms_abstract_tfidf__organization,0.1346738889022259
terms_abstract_tfidf__organized,0.03751245897538375
terms_abstract_tfidf__orientation,0.14037299978875237
terms_abstract_tfidf__oriented,0.08595773484306578
terms_abstract_tfidf__orienting,0.20600148853203348
terms_abstract_tfidf__origin,0.044850221454919174
terms_abstract_tfidf__original,0.05388132445314975
terms_abstract_tfidf__orthographic,0.08628722671470376
terms_abstract_tfidf__oscillations,-0.05481577690661183
terms_abstract_tfidf__outcome,-0.2329440876898432
terms_abstract_tfidf__outcomes,-0.25210767273089557
terms_abstract_tfidf__output,0.15484218475442127
terms_abstract_tfidf__outside,0.07766991196147602
terms_abstract_tfidf__outside scanner,0.07611247952230762
terms_abstract_tfidf__overall,-0.04112588534987232
terms_abstract_tfidf__overcome,-0.024125824868971867
terms_abstract_tfidf__overlap,0.057421339331866196
terms_abstract_tfidf__overlapped,0.12727262746524196
terms_abstract_tfidf__overlapping,0.11866350101954382
terms_abstract_tfidf__overt,0.1605604978332066
terms_abstract_tfidf__oxygen,-0.03656084907896038
terms_abstract_tfidf__oxygen level,-0.0262122406185524
terms_abstract_tfidf__oxygenation,-0.0585929949260339
terms_abstract_tfidf__oxygenation level,-0.04978809033178122
terms_abstract_tfidf__paced,0.19223301014956456
terms_abstract_tfidf__pain,0.0013396428604617217
terms_abstract_tfidf__painful,0.05341372040310526
terms_abstract_tfidf__pair,0.03733264913909249
terms_abstract_tfidf__paired,-0.1151918918483041
terms_abstract_tfidf__pairs,-0.009026572759222966
terms_abstract_tfidf__pallidus,-0.016282062556989035
terms_abstract_tfidf__paper,-0.03169159765227697
terms_abstract_tfidf__paradigm,0.04051904851841454
terms_abstract_tfidf__paradigms,0.016150388518061887
terms_abstract_tfidf__parahippocampal,-0.12053913941727556
terms_abstract_tfidf__parahippocampal cortex,-0.05730335364338384
terms_abstract_tfidf__parahippocampal gyrus,-0.11039187147020153
terms_abstract_tfidf__parahippocampus,-0.1427411776481788
terms_abstract_tfidf__paralimbic,-0.16219232296350028
terms_abstract_tfidf__parallel,0.06139672958164329
terms_abstract_tfidf__parameter,-0.0257551281022552
terms_abstract_tfidf__parameters,-0.034789457644354455
terms_abstract_tfidf__parametric,0.053884953629845765
terms_abstract_tfidf__parametric mapping,0.024909361804297855
terms_abstract_tfidf__parametrically,0.06550251105533252
terms_abstract_tfidf__parietal,0.2709755002000251
terms_abstract_tfidf__parietal cortex,0.2521793409736631
terms_abstract_tfidf__parietal cortices,0.1253046900203471
terms_abstract_tfidf__parietal frontal,0.2412972748136982
terms_abstract_tfidf__parietal junction,-0.0317700835802613
terms_abstract_tfidf__parietal lobe,0.20475491054556172
terms_abstract_tfidf__parietal lobes,0.05503605449961908
terms_abstract_tfidf__parietal lobule,0.2504618092768601
terms_abstract_tfidf__parietal lobules,0.18332261554513218
terms_abstract_tfidf__parietal network,0.18435099188994533
terms_abstract_tfidf__parietal occipital,0.08273504327120412
terms_abstract_tfidf__parietal temporal,0.07483108910115673
terms_abstract_tfidf__parieto,0.2702968905134333
terms_abstract_tfidf__parieto occipital,0.17834338932657237
terms_abstract_tfidf__parkinson,0.020560772491023588
terms_abstract_tfidf__parkinson disease,0.01280730604841073
terms_abstract_tfidf__pars,0.04315412897726527
terms_abstract_tfidf__pars opercularis,0.07180869013741867
terms_abstract_tfidf__partial,-0.06397559298239186
terms_abstract_tfidf__partially,-0.0010166017786908338
terms_abstract_tfidf__participant,-0.07025906632800995
terms_abstract_tfidf__participate,0.04806365097058324
terms_abstract_tfidf__participated,-0.059259569442167474
terms_abstract_tfidf__particular,0.06002871682052175
terms_abstract_tfidf__particularly,0.00498924348422748
terms_abstract_tfidf__partly,0.03155945780214308
terms_abstract_tfidf__partner,-0.15012989685670114
terms_abstract_tfidf__parts,0.22278821493112919
terms_abstract_tfidf__passive,0.12704889576933318
terms_abstract_tfidf__passive viewing,0.07847233740037046
terms_abstract_tfidf__passively,0.0921093558044868
terms_abstract_tfidf__past,-0.1860840181560349
terms_abstract_tfidf__pathological,-0.15785670220273518
terms_abstract_tfidf__pathology,-0.14073838932607036
terms_abstract_tfidf__pathophysiological,-0.1260609240819117
terms_abstract_tfidf__pathophysiology,-0.2064799415049766
terms_abstract_tfidf__pathway,0.12037704964632069
terms_abstract_tfidf__pathways,0.03711961619511277
terms_abstract_tfidf__patient,-0.10065027307502761
terms_abstract_tfidf__patient group,-0.026941250777787352
terms_abstract_tfidf__patient groups,-0.1782627994067351
terms_abstract_tfidf__pattern,0.13359233953137897
terms_abstract_tfidf__patterns,0.041356467505928966
terms_abstract_tfidf__pcc,-0.1959610948993085
terms_abstract_tfidf__pd,-0.01752719913367812
terms_abstract_tfidf__peak,0.037210271547996304
terms_abstract_tfidf__people,-0.14649369061246612
terms_abstract_tfidf__perceive,0.047589817783964365
terms_abstract_tfidf__perceived,0.09914023427287655
terms_abstract_tfidf__perceiving,0.1750010995115171
terms_abstract_tfidf__percept,0.12074384042325567
terms_abstract_tfidf__perception,0.2128922088505023
terms_abstract_tfidf__perceptual,0.2167220272705248
terms_abstract_tfidf__perform,0.2138916896386589
terms_abstract_tfidf__performance,0.12433370775747354
terms_abstract_tfidf__performance task,0.029891264590152893
terms_abstract_tfidf__performances,0.03903824064822966
terms_abstract_tfidf__performing,0.19242803161482303
terms_abstract_tfidf__perfusion,-0.0907130633678385
terms_abstract_tfidf__periaqueductal,-0.07878256037738851
terms_abstract_tfidf__period,-0.01836325212495346
terms_abstract_tfidf__periodicals,0.014025433717050716
terms_abstract_tfidf__periods,-0.018327797093133202
terms_abstract_tfidf__peripheral,0.09223558060667894
terms_abstract_tfidf__persistent,-0.09282864110229289
terms_abstract_tfidf__person,-0.06015677581156091
terms_abstract_tfidf__personal,-0.18663967671983367
terms_abstract_tfidf__personality,-0.24428977543401492
terms_abstract_tfidf__personality traits,-0.23884097052445288
terms_abstract_tfidf__persons,-0.08458760467575241
terms_abstract_tfidf__perspective,-0.033470636721120994
terms_abstract_tfidf__pet,-0.13122290406688214
terms_abstract_tfidf__pfc,-0.11650560776562237
terms_abstract_tfidf__pharmacological,-0.12090871079155223
terms_abstract_tfidf__phase,0.09100025091244482
terms_abstract_tfidf__phases,0.008570145288273531
terms_abstract_tfidf__phenomena,0.013817622070061656
terms_abstract_tfidf__phenomenon,0.08142625707565113
terms_abstract_tfidf__phenotype,-0.09657626481612565
terms_abstract_tfidf__phonological,0.09754758710886093
terms_abstract_tfidf__photographs,-0.02869346497612385
terms_abstract_tfidf__physical,0.1332035016791213
terms_abstract_tfidf__physiological,-0.11828138059617091
terms_abstract_tfidf__picture,-0.02514185458570395
terms_abstract_tfidf__pictures,-0.10934505193185437
terms_abstract_tfidf__pitch,0.06420302018355667
terms_abstract_tfidf__place,0.024881188012708815
terms_abstract_tfidf__placebo,-0.1517399416532493
terms_abstract_tfidf__placebo controlled,-0.04337772333958677
terms_abstract_tfidf__planning,0.23641419543464487
terms_abstract_tfidf__planum,0.06016065987427329
terms_abstract_tfidf__planum temporale,0.053578616673803106
terms_abstract_tfidf__plasticity,0.08813530318647869
terms_abstract_tfidf__play,0.018080630004951706
terms_abstract_tfidf__play important,0.0182306798964256
terms_abstract_tfidf__play role,0.06945429075899637
terms_abstract_tfidf__played,-0.03300181894489834
terms_abstract_tfidf__playing,-0.016394615714641486
terms_abstract_tfidf__plays,-0.022091924423700646
terms_abstract_tfidf__plays important,-0.03694088493487922
terms_abstract_tfidf__plays role,0.002704750889883696
terms_abstract_tfidf__pleasant,-0.12883684372047732
terms_abstract_tfidf__point,0.037913459476847745
terms_abstract_tfidf__pointing,0.1451553674410564
terms_abstract_tfidf__points,-0.05862845330371223
terms_abstract_tfidf__pole,-0.2081191570574588
terms_abstract_tfidf__polymorphism,-0.10841248619518438
terms_abstract_tfidf__poor,-0.022661120999395497
terms_abstract_tfidf__poorer,-0.11563675874569394
terms_abstract_tfidf__poorly,-0.07526603134899898
terms_abstract_tfidf__poorly understood,-0.03768297558010163
terms_abstract_tfidf__population,-0.095842025986389
terms_abstract_tfidf__populations,-0.012589974549992397
terms_abstract_tfidf__portion,0.06396063947540322
terms_abstract_tfidf__portions,-0.0031013575573356046
terms_abstract_tfidf__position,0.23767305219695825
terms_abstract_tfidf__positive,-0.2840689667177639
terms_abstract_tfidf__positive correlation,-0.09324881093414776
terms_abstract_tfidf__positive correlations,-0.08582063066626014
terms_abstract_tfidf__positive negative,-0.26979113082310724
terms_abstract_tfidf__positively,-0.2129418036370357
terms_abstract_tfidf__positively correlated,-0.16197500462351994
terms_abstract_tfidf__positron,-0.1469467905242214
terms_abstract_tfidf__positron emission,-0.14695210281340915
terms_abstract_tfidf__possibility,-0.006709761505547811
terms_abstract_tfidf__possible,0.01813136054326717
terms_abstract_tfidf__possibly,0.1199494961100636
terms_abstract_tfidf__post,-0.12263006830491642
terms_abstract_tfidf__post hoc,-0.01444588971980113
terms_abstract_tfidf__postcentral,0.0969834692021606
terms_abstract_tfidf__postcentral gyrus,0.06439263384819448
terms_abstract_tfidf__posterior,0.08192361778216391
terms_abstract_tfidf__posterior anterior,-0.0253172856784397
terms_abstract_tfidf__posterior cingulate,-0.2253835697635189
terms_abstract_tfidf__posterior inferior,0.1323711872602906
terms_abstract_tfidf__posterior insula,0.002089791601559071
terms_abstract_tfidf__posterior middle,0.0345638969617765
terms_abstract_tfidf__posterior parietal,0.27790077615363523
terms_abstract_tfidf__posterior superior,0.11968391055230664
terms_abstract_tfidf__posterior temporal,0.020627061012650195
terms_abstract_tfidf__posttraumatic,-0.12329325536368467
terms_abstract_tfidf__potential,-0.2086211851542533
terms_abstract_tfidf__potentially,-0.04790103632839678
terms_abstract_tfidf__potentials,0.011629456838561772
terms_abstract_tfidf__power,-0.017355726794015005
terms_abstract_tfidf__powerful,-0.03565099795787987
terms_abstract_tfidf__ppc,0.24328334100849144
terms_abstract_tfidf__ppi,0.020540078327746965
terms_abstract_tfidf__practice,0.13329432143882283
terms_abstract_tfidf__pre,0.15075139610149577
terms_abstract_tfidf__pre post,-0.07181980761875884
terms_abstract_tfidf__pre sma,0.1676552996555357
terms_abstract_tfidf__pre supplementary,0.11396409520655204
terms_abstract_tfidf__preceded,-0.010472738369661113
terms_abstract_tfidf__preceding,-0.007824695978525467
terms_abstract_tfidf__precentral,0.1855607860037648
terms_abstract_tfidf__precentral gyrus,0.11211454618709506
terms_abstract_tfidf__precise,-0.025946644983728426
terms_abstract_tfidf__precuneus,-0.017600876616930695
terms_abstract_tfidf__precuneus posterior,-0.03902430168142823
terms_abstract_tfidf__predict,-0.07382967275361318
terms_abstract_tfidf__predicted,-0.1525557592716649
terms_abstract_tfidf__predicting,-0.07619429359890155
terms_abstract_tfidf__prediction,-0.06437688532413563
terms_abstract_tfidf__prediction error,-0.09647060877532225
terms_abstract_tfidf__predictions,0.07641768367309874
terms_abstract_tfidf__predictive,0.009143720631987172
terms_abstract_tfidf__predictors,-0.06808354678455962
terms_abstract_tfidf__predicts,-0.034080605342351356
terms_abstract_tfidf__predominantly,0.07844418041409212
terms_abstract_tfidf__preference,-0.02508500753580757
terms_abstract_tfidf__preferences,-0.1769354318532838
terms_abstract_tfidf__preferential,0.047610170396608746
terms_abstract_tfidf__preferentially,0.05852094680134057
terms_abstract_tfidf__prefrontal,-0.20804637447405327
terms_abstract_tfidf__prefrontal cortex,-0.22874788219129702
terms_abstract_tfidf__prefrontal cortical,-0.09403159602305478
terms_abstract_tfidf__prefrontal cortices,-0.02733619319733343
terms_abstract_tfidf__prefrontal parietal,0.050955607125824066
terms_abstract_tfidf__preliminary,-0.13247112800285707
terms_abstract_tfidf__premotor,0.30185895032325005
terms_abstract_tfidf__premotor cortex,0.2994644926834714
terms_abstract_tfidf__preparation,0.20996740090291438
terms_abstract_tfidf__preparatory,0.1894857035611607
terms_abstract_tfidf__presence,0.054350895814279265
terms_abstract_tfidf__presentation,0.052508346158724344
terms_abstract_tfidf__presentations,0.0002576496671162803
terms_abstract_tfidf__presented,0.1751432354881635
terms_abstract_tfidf__presenting,0.038376213054045816
terms_abstract_tfidf__preserved,0.07375162256895519
terms_abstract_tfidf__press,0.11313036129268474
terms_abstract_tfidf__pressure,-0.01684154021781904
terms_abstract_tfidf__presumably,0.11142671936249392
terms_abstract_tfidf__previous,0.05069736545437465
terms_abstract_tfidf__previous functional,0.05234491567448168
terms_abstract_tfidf__previous reports,0.09013380598133124
terms_abstract_tfidf__previous research,-0.07992689799644025
terms_abstract_tfidf__previous shown,0.0005888724138991712
terms_abstract_tfidf__previous work,0.012620270940587926
terms_abstract_tfidf__primarily,0.010903667046262298
terms_abstract_tfidf__primary,0.15078405088661395
terms_abstract_tfidf__primary auditory,0.01615639691171029
terms_abstract_tfidf__primary motor,0.17896998972276718
terms_abstract_tfidf__primary secondary,0.11303576033871053
terms_abstract_tfidf__primary sensorimotor,0.16464091637153164
terms_abstract_tfidf__primary somatosensory,0.16161408077676534
terms_abstract_tfidf__primary visual,0.049018720015789205
terms_abstract_tfidf__primates,0.06836373746705515
terms_abstract_tfidf__prime,0.004910075310680507
terms_abstract_tfidf__priming,3.1485238422911054e-05
terms_abstract_tfidf__principal,-0.02936153942567517
terms_abstract_tfidf__principle,0.0860757068140904
terms_abstract_tfidf__prior,-0.09893770088225147
terms_abstract_tfidf__priori,-0.10262148171737238
terms_abstract_tfidf__probabilistic,-0.12250931167064455
terms_abstract_tfidf__probability,-0.11091794524579898
terms_abstract_tfidf__probably,0.07488072333285993
terms_abstract_tfidf__probe,0.020483791479181307
terms_abstract_tfidf__problem,-0.08992474092690776
terms_abstract_tfidf__problems,-0.13374447222042465
terms_abstract_tfidf__procedure,-0.043678890792066126
terms_abstract_tfidf__procedures,-0.03991611561524877
terms_abstract_tfidf__process,0.0263774408533571
terms_abstract_tfidf__processed,0.0904846835062212
terms_abstract_tfidf__processes,0.01843090776940607
terms_abstract_tfidf__processes involved,-0.001828668256223045
terms_abstract_tfidf__processes underlying,0.00010992095528360013
terms_abstract_tfidf__produce,0.017822990633500273
terms_abstract_tfidf__produced,0.10693896807155372
terms_abstract_tfidf__producing,0.07431439157073046
terms_abstract_tfidf__production,0.08464813096546359
terms_abstract_tfidf__profile,0.044799859984528595
terms_abstract_tfidf__profiles,-0.014298958487823994
terms_abstract_tfidf__progression,-0.16509170722057354
terms_abstract_tfidf__progressive,-0.15073971213966617
terms_abstract_tfidf__prolonged,0.06326527591787616
terms_abstract_tfidf__prominent,0.05014292040576541
terms_abstract_tfidf__promising,-0.09088934292292557
terms_abstract_tfidf__pronounced,0.060759917507824945
terms_abstract_tfidf__proper,0.05533791821690721
terms_abstract_tfidf__properties,0.09946242990346923
terms_abstract_tfidf__proportion,-0.010356794699686506
terms_abstract_tfidf__propose,0.17045401389785278
terms_abstract_tfidf__proposed,0.010716790326216323
terms_abstract_tfidf__prospective,-0.07807598611389029
terms_abstract_tfidf__protocol,-0.06452872488413311
terms_abstract_tfidf__provide,-0.08499422681342755
terms_abstract_tfidf__provide evidence,0.016063711888848184
terms_abstract_tfidf__provide new,0.014474165557003075
terms_abstract_tfidf__provide novel,-0.04318822617254802
terms_abstract_tfidf__provided,0.01746754546534688
terms_abstract_tfidf__provides,0.002553080119268506
terms_abstract_tfidf__provides evidence,-0.04255482056013751
terms_abstract_tfidf__providing,-0.05531904790783036
terms_abstract_tfidf__pseudowords,0.09358337264579338
terms_abstract_tfidf__psts,0.07256230674071237
terms_abstract_tfidf__psychiatric,-0.2448522683199913
terms_abstract_tfidf__psychiatric disorders,-0.20255276583528645
terms_abstract_tfidf__psychological,-0.1278611420987884
terms_abstract_tfidf__psychopathology,-0.1756808522423228
terms_abstract_tfidf__psychophysical,-0.0015297025807931722
terms_abstract_tfidf__psychophysiological,-0.028031074798432018
terms_abstract_tfidf__psychophysiological interaction,-0.02360095364005065
terms_abstract_tfidf__psychosis,-0.15551719642641432
terms_abstract_tfidf__psychotic,-0.14980466280826898
terms_abstract_tfidf__ptsd,-0.15941423021661585
terms_abstract_tfidf__published,-0.06133834192070876
terms_abstract_tfidf__punishment,-0.2095274542848761
terms_abstract_tfidf__pure,0.06170325813560981
terms_abstract_tfidf__purpose,0.013315934104471091
terms_abstract_tfidf__putamen,-0.01570742278814094
terms_abstract_tfidf__putative,0.04652728577871049
terms_abstract_tfidf__quality,-0.13463996124603234
terms_abstract_tfidf__quantified,0.014385997917214236
terms_abstract_tfidf__quantify,-0.08874086554251269
terms_abstract_tfidf__quantitative,-0.057944464350867114
terms_abstract_tfidf__question,-0.012756767086246703
terms_abstract_tfidf__questionnaire,-0.10759225374676341
terms_abstract_tfidf__questions,-0.10294658710678628
terms_abstract_tfidf__random,0.13149744737237476
terms_abstract_tfidf__random effects,0.15829939833511045
terms_abstract_tfidf__randomized,-0.08311776500050883
terms_abstract_tfidf__randomly,0.0253168661333135
terms_abstract_tfidf__range,-0.014834103072896362
terms_abstract_tfidf__ranging,-0.03116846716752304
terms_abstract_tfidf__rapid,0.05227564572788269
terms_abstract_tfidf__rapidly,-0.001861435430535663
terms_abstract_tfidf__rare,0.03759752628033396
terms_abstract_tfidf__rarely,-0.02452187281881013
terms_abstract_tfidf__rate,-0.058937937302400295
terms_abstract_tfidf__rated,-0.11025912955153339
terms_abstract_tfidf__rates,-0.04466634047711527
terms_abstract_tfidf__rating,-0.17331178090171126
terms_abstract_tfidf__ratings,-0.1224590000397494
terms_abstract_tfidf__ratio,-0.05026154773760386
terms_abstract_tfidf__rationale,-0.08018024066086375
terms_abstract_tfidf__reach,0.1497854270621534
terms_abstract_tfidf__reaching,0.1669147539564085
terms_abstract_tfidf__reaction,0.1042965092517602
terms_abstract_tfidf__reaction time,0.050826479121640275
terms_abstract_tfidf__reaction times,0.15023062170932389
terms_abstract_tfidf__reactions,-0.058286539540649114
terms_abstract_tfidf__reactivity,-0.1192964342304731
terms_abstract_tfidf__read,-0.02713485067391661
terms_abstract_tfidf__readers,0.049855998295725075
terms_abstract_tfidf__reading,0.09127480298937779
terms_abstract_tfidf__real,0.055235810002152434
terms_abstract_tfidf__real time,0.008685909993455247
terms_abstract_tfidf__real world,-0.03933407711129849
terms_abstract_tfidf__reality,-0.005404203325662136
terms_abstract_tfidf__reappraisal,-0.08500960020328045
terms_abstract_tfidf__reasoning,-0.08584969742572307
terms_abstract_tfidf__recall,-0.13771985070592216
terms_abstract_tfidf__receive,-0.21595605985506236
terms_abstract_tfidf__received,-0.07142883950345569
terms_abstract_tfidf__receiving,-0.1487620152821567
terms_abstract_tfidf__recently,-0.11580191622863438
terms_abstract_tfidf__receptor,-0.172886857391123
terms_abstract_tfidf__recognition,0.019950090683862658
terms_abstract_tfidf__recognition memory,-0.08696138999809162
terms_abstract_tfidf__recognition task,0.0015462736601251996
terms_abstract_tfidf__recognize,0.08771430596189332
terms_abstract_tfidf__recognized,-0.020109093278481607
terms_abstract_tfidf__recognizing,0.0068210392313309155
terms_abstract_tfidf__recollection,-0.1135673178389777
terms_abstract_tfidf__recorded,0.008074454000335346
terms_abstract_tfidf__recording,0.04753767830202331
terms_abstract_tfidf__recordings,0.0655498706741448
terms_abstract_tfidf__recovery,0.05405472470255245
terms_abstract_tfidf__recruit,0.05769145680581598
terms_abstract_tfidf__recruited,0.1422021968085718
terms_abstract_tfidf__recruitment,0.12710863592633329
terms_abstract_tfidf__recruits,0.04825549967291842
terms_abstract_tfidf__reduce,-0.09940897536193309
terms_abstract_tfidf__reduces,-0.023392353863408932
terms_abstract_tfidf__reducing,-0.1394200813279946
terms_abstract_tfidf__reduction,-0.09434036240105603
terms_abstract_tfidf__reductions,-0.12255542740978745
terms_abstract_tfidf__reference,0.014026060512361802
terms_abstract_tfidf__referential,-0.21485486718344762
terms_abstract_tfidf__referred,-0.015317801153182205
terms_abstract_tfidf__refers,-0.02947447121733017
terms_abstract_tfidf__reflect,0.05387174096544868
terms_abstract_tfidf__reflected,-0.07156294946141939
terms_abstract_tfidf__reflecting,0.03872942047991926
terms_abstract_tfidf__reflects,0.0244260413239169
terms_abstract_tfidf__regard,0.015086264443507443
terms_abstract_tfidf__regarding,-0.11815127831076483
terms_abstract_tfidf__regardless,0.08741486000245037
terms_abstract_tfidf__regional,-0.22082147660517468
terms_abstract_tfidf__regional cerebral,-0.0764890628493244
terms_abstract_tfidf__regional gray,-0.1728739215466546
terms_abstract_tfidf__regional homogeneity,-0.15487403021298288
terms_abstract_tfidf__regular,-0.007010158749430033
terms_abstract_tfidf__regulate,-0.18303615865629425
terms_abstract_tfidf__regulating,-0.12228781585470902
terms_abstract_tfidf__regulation,-0.20754981386609714
terms_abstract_tfidf__regulatory,-0.0887247051684443
terms_abstract_tfidf__rehabilitation,0.08258073650106135
terms_abstract_tfidf__rehearsal,0.1330102171114362
terms_abstract_tfidf__reho,-0.1477215669247344
terms_abstract_tfidf__reinforcement,-0.21719868695819222
terms_abstract_tfidf__reinforcement learning,-0.14268988036982247
terms_abstract_tfidf__relate,-0.013203806311370813
terms_abstract_tfidf__relates,-0.07713397191055563
terms_abstract_tfidf__relation,-0.0025963044861186534
terms_abstract_tfidf__relational,-0.012507618879536027
terms_abstract_tfidf__relations,0.04974178720676681
terms_abstract_tfidf__relationship,-0.15085861112320226
terms_abstract_tfidf__relationships,-0.2057460901051594
terms_abstract_tfidf__relatively,-0.10251755684404455
terms_abstract_tfidf__relevance,-0.04224462080786728
terms_abstract_tfidf__relevant,0.03062489983264901
terms_abstract_tfidf__relevant information,0.12810561002532161
terms_abstract_tfidf__reliability,0.03835265161903234
terms_abstract_tfidf__reliable,-0.00018671851943798465
terms_abstract_tfidf__reliably,-0.07575290938400012
terms_abstract_tfidf__reliance,0.08168220904030911
terms_abstract_tfidf__relied,0.034181266309758825
terms_abstract_tfidf__relies,0.042744564154104284
terms_abstract_tfidf__rely,0.11314809665320656
terms_abstract_tfidf__remain,-0.07732658232363841
terms_abstract_tfidf__remain unclear,-0.0439055934300962
terms_abstract_tfidf__remained,0.07255319326274215
terms_abstract_tfidf__remaining,-0.021873718039324457
terms_abstract_tfidf__remarkably,-0.012710743781175492
terms_abstract_tfidf__remember,0.02304614613839642
terms_abstract_tfidf__remembered,-0.024616211875551745
terms_abstract_tfidf__remembering,-0.1254834348432946
terms_abstract_tfidf__remote,-0.07895543833882696
terms_abstract_tfidf__reorganization,0.1146819358703257
terms_abstract_tfidf__repeat,0.00592237464590933
terms_abstract_tfidf__repeated,0.09216390126287625
terms_abstract_tfidf__repeatedly,-0.013428148549548243
terms_abstract_tfidf__repetition,0.13869295522594272
terms_abstract_tfidf__repetition suppression,0.21418805365571844
terms_abstract_tfidf__repetitive,0.09374672775495542
terms_abstract_tfidf__replicate,0.04404980056273889
terms_abstract_tfidf__replicated,-0.004161620347547032
terms_abstract_tfidf__report,-0.0754224631907892
terms_abstract_tfidf__reported,-0.17117446347617535
terms_abstract_tfidf__reports,-0.026593054228519587
terms_abstract_tfidf__represent,-0.11899497732012762
terms_abstract_tfidf__representation,0.23670065543319027
terms_abstract_tfidf__representational,0.14600624718420938
terms_abstract_tfidf__representations,0.20819275968119597
terms_abstract_tfidf__represented,0.03323808747972277
terms_abstract_tfidf__representing,-0.03194455560258075
terms_abstract_tfidf__represents,0.005660031538431305
terms_abstract_tfidf__require,0.08031071885821389
terms_abstract_tfidf__required,0.15400553537994088
terms_abstract_tfidf__requirements,0.16673535561170472
terms_abstract_tfidf__requires,0.09585078840917562
terms_abstract_tfidf__requiring,0.11930974090283235
terms_abstract_tfidf__research,-0.20383295730184875
terms_abstract_tfidf__research suggests,-0.03505021266228624
terms_abstract_tfidf__researchers,-0.03490084652940878
terms_abstract_tfidf__residual,0.06735922208057125
terms_abstract_tfidf__resolution,-0.09247225722863638
terms_abstract_tfidf__resolve,0.07353690297108913
terms_abstract_tfidf__resonance,0.10700075129208138
terms_abstract_tfidf__resonance experiment,0.0770006282360617
terms_abstract_tfidf__resonance healthy,0.055034812086779114
terms_abstract_tfidf__resonance images,-0.048989894306618605
terms_abstract_tfidf__resonance measure,0.017785061124645674
terms_abstract_tfidf__resonance performing,-0.02924323664293535
terms_abstract_tfidf__resonance rs,-0.08784164137210515
terms_abstract_tfidf__resonance scans,-0.15872344930600915
terms_abstract_tfidf__resources,0.16495678067681013
terms_abstract_tfidf__respect,0.07801320958708621
terms_abstract_tfidf__respective,0.04362931866484419
terms_abstract_tfidf__respectively,-0.04746656731379179
terms_abstract_tfidf__respond,0.09804495366832972
terms_abstract_tfidf__responded,0.013251117223704617
terms_abstract_tfidf__responding,-0.020661105620695567
terms_abstract_tfidf__responds,0.10736689784916899
terms_abstract_tfidf__response,-0.0025882584767638055
terms_abstract_tfidf__response inhibition,-0.005787154441718897
terms_abstract_tfidf__response selection,0.14803115755933569
terms_abstract_tfidf__response time,0.08253631893405455
terms_abstract_tfidf__response times,0.07467885927367499
terms_abstract_tfidf__responses,-0.08716046527756745
terms_abstract_tfidf__responsible,0.11054716284216179
terms_abstract_tfidf__responsive,0.06522202370088284
terms_abstract_tfidf__responsiveness,-0.017241469078810853
terms_abstract_tfidf__rest,-0.10082663965559115
terms_abstract_tfidf__resting,-0.24150130651997337
terms_abstract_tfidf__resting state,-0.24960817213968375
terms_abstract_tfidf__restricted,0.08895823485348428
terms_abstract_tfidf__result,0.0769790973218732
terms_abstract_tfidf__resulted,0.12089999075343162
terms_abstract_tfidf__resulting,0.011576462533231335
terms_abstract_tfidf__retention,0.03969325857596593
terms_abstract_tfidf__retrieval,-0.07590224648018118
terms_abstract_tfidf__retrieved,-0.09883629260580912
terms_abstract_tfidf__retrosplenial,-0.09292109399196033
terms_abstract_tfidf__retrosplenial cortex,-0.12163264553405187
terms_abstract_tfidf__reveal,0.04903994563564633
terms_abstract_tfidf__revealing,-0.04556328482321159
terms_abstract_tfidf__reveals,0.03883601646127316
terms_abstract_tfidf__reversal,-0.15818609933080466
terms_abstract_tfidf__reverse,0.08076773432250778
terms_abstract_tfidf__reversed,0.016912940546862817
terms_abstract_tfidf__reward,-0.27402192955366295
terms_abstract_tfidf__reward anticipation,-0.1368962255059163
terms_abstract_tfidf__rewarding,-0.17795514664328838
terms_abstract_tfidf__rewards,-0.23721115223516429
terms_abstract_tfidf__rhythm,0.0965210269408343
terms_abstract_tfidf__rich,-0.12177349752620571
terms_abstract_tfidf__rise,0.060139070192470306
terms_abstract_tfidf__risk,-0.25512464966407944
terms_abstract_tfidf__risk taking,-0.16586674452060157
terms_abstract_tfidf__risky,-0.18479006288601113
terms_abstract_tfidf__robust,-0.06446635500600445
terms_abstract_tfidf__roi,-0.016002310644357143
terms_abstract_tfidf__rois,-0.03294503893333588
terms_abstract_tfidf__role,0.0010773586562899669
terms_abstract_tfidf__roles,-0.028001254133852807
terms_abstract_tfidf__rostral,-0.01212292079679355
terms_abstract_tfidf__rostral anterior,-0.1602037429327063
terms_abstract_tfidf__rotation,0.24044802662668407
terms_abstract_tfidf__rs,-0.16050672235240052
terms_abstract_tfidf__rsfc,-0.16459329306735343
terms_abstract_tfidf__rt,0.10011434273879431
terms_abstract_tfidf__rule,0.01753417944632083
terms_abstract_tfidf__rules,0.0039092109254082125
terms_abstract_tfidf__run,0.12549374625856283
terms_abstract_tfidf__runs,0.07562378788959213
terms_abstract_tfidf__s1,0.14073303452968347
terms_abstract_tfidf__saccade,0.183372681340606
terms_abstract_tfidf__saccades,0.17663152514965663
terms_abstract_tfidf__sad,-0.15040458408124244
terms_abstract_tfidf__salience,-0.18372587107429758
terms_abstract_tfidf__salience network,-0.13699939407162684
terms_abstract_tfidf__salient,-0.06728627580682238
terms_abstract_tfidf__sample,-0.1968341059170253
terms_abstract_tfidf__samples,-0.08897687847897831
terms_abstract_tfidf__sampling,0.0033136416343565117
terms_abstract_tfidf__scale,-0.2259207820530168
terms_abstract_tfidf__scales,-0.14881492161509413
terms_abstract_tfidf__scalp,0.00703653971809525
terms_abstract_tfidf__scan,-0.2031633835605223
terms_abstract_tfidf__scanned,0.0640433880818599
terms_abstract_tfidf__scanned using,-0.01725840028943195
terms_abstract_tfidf__scanner,0.044464781188842416
terms_abstract_tfidf__scanning,-0.0073572212461180024
terms_abstract_tfidf__scans,-0.1500366765264862
terms_abstract_tfidf__scene,0.005162295833624096
terms_abstract_tfidf__scenes,-0.0021948616308035147
terms_abstract_tfidf__schizophrenia,-0.2048568837988637
terms_abstract_tfidf__schizophrenic,-0.06026610034666268
terms_abstract_tfidf__sclerosis,0.04875363592583511
terms_abstract_tfidf__score,-0.11013467842425388
terms_abstract_tfidf__scores,-0.24324721359376525
terms_abstract_tfidf__sd,-0.055362054718777524
terms_abstract_tfidf__se,0.03813863229790992
terms_abstract_tfidf__search,0.0655049801685425
terms_abstract_tfidf__second,0.06860458685579301
terms_abstract_tfidf__secondary,0.09743936884515292
terms_abstract_tfidf__secondary somatosensory,0.13161564214256904
terms_abstract_tfidf__sectional,-0.102706395788252
terms_abstract_tfidf__seed,-0.19848220460896004
terms_abstract_tfidf__seeds,-0.15305234860979564
terms_abstract_tfidf__seeking,-0.19246821814104756
terms_abstract_tfidf__seen,0.06731020265471684
terms_abstract_tfidf__segregated,0.10752192476095804
terms_abstract_tfidf__segregation,0.10502460281852204
terms_abstract_tfidf__select,0.049870819561128085
terms_abstract_tfidf__selected,0.03579682114686983
terms_abstract_tfidf__selection,0.11554586409511661
terms_abstract_tfidf__selective,0.1636248763160305
terms_abstract_tfidf__selective attention,0.19121618134970808
terms_abstract_tfidf__selectively,0.11525098667782349
terms_abstract_tfidf__selectivity,0.10899766073397821
terms_abstract_tfidf__self,-0.2211133909441796
terms_abstract_tfidf__self referential,-0.21262280522581478
terms_abstract_tfidf__self report,-0.09998533739003679
terms_abstract_tfidf__self reported,-0.16640895890725158
terms_abstract_tfidf__semantic,-0.09075730491896274
terms_abstract_tfidf__semantic memory,-0.14148250202605345
terms_abstract_tfidf__semantically,-0.015807878946507096
terms_abstract_tfidf__semantics,0.05185365985803094
terms_abstract_tfidf__sensation,0.04077410107738314
terms_abstract_tfidf__sensations,0.031943902441472716
terms_abstract_tfidf__sense,-0.008092763863055559
terms_abstract_tfidf__sensitive,0.06936348503768971
terms_abstract_tfidf__sensitivity,-0.1470638244726117
terms_abstract_tfidf__sensorimotor,0.19801925931435138
terms_abstract_tfidf__sensorimotor cortex,0.15459418931106503
terms_abstract_tfidf__sensorimotor network,0.14910725720409024
terms_abstract_tfidf__sensory,0.21352975818637607
terms_abstract_tfidf__sensory information,0.1490575856462889
terms_abstract_tfidf__sensory motor,0.18956228210081688
terms_abstract_tfidf__sentence,-0.047788627790255465
terms_abstract_tfidf__sentence comprehension,0.015083567823620475
terms_abstract_tfidf__sentences,-0.018009684659385197
terms_abstract_tfidf__separable,0.05784263599566963
terms_abstract_tfidf__separate,0.1537317735647488
terms_abstract_tfidf__separated,0.16377963134630807
terms_abstract_tfidf__separately,0.04021256803584098
terms_abstract_tfidf__separation,-0.11984578673251638
terms_abstract_tfidf__sequence,0.16744819495197044
terms_abstract_tfidf__sequences,0.18918201507489327
terms_abstract_tfidf__sequential,0.19601665984595915
terms_abstract_tfidf__serial,0.13867509948496964
terms_abstract_tfidf__series,0.007582140293093923
terms_abstract_tfidf__serotonin,-0.15768836219009272
terms_abstract_tfidf__serve,0.02834522910232433
terms_abstract_tfidf__served,0.024811165137367284
terms_abstract_tfidf__serves,0.04616273531096423
terms_abstract_tfidf__session,0.008610469317598263
terms_abstract_tfidf__sessions,0.031986957734363025
terms_abstract_tfidf__set,0.04682798905880004
terms_abstract_tfidf__sets,0.07083876764482577
terms_abstract_tfidf__setting,-0.040280648605448346
terms_abstract_tfidf__settings,0.051286670428503614
terms_abstract_tfidf__seven,0.0036658636785943015
terms_abstract_tfidf__seventeen,-0.07033513725280012
terms_abstract_tfidf__severe,-0.03584310007570228
terms_abstract_tfidf__severity,-0.17983596959857587
terms_abstract_tfidf__sex,-0.11540316509884703
terms_abstract_tfidf__sexual,-0.11297282105079053
terms_abstract_tfidf__sham,-0.10035059836303091
terms_abstract_tfidf__shape,0.20151559405240166
terms_abstract_tfidf__shaped,-0.007928816384836924
terms_abstract_tfidf__shapes,0.1508621545752727
terms_abstract_tfidf__share,0.08443322459694429
terms_abstract_tfidf__shared,0.09840855202065507
terms_abstract_tfidf__shed,-0.07406687366784227
terms_abstract_tfidf__shed light,-0.08559134477291237
terms_abstract_tfidf__shift,0.08915368945325354
terms_abstract_tfidf__shifted,0.11629217558585984
terms_abstract_tfidf__shifting,0.03794441191308565
terms_abstract_tfidf__shifts,0.1789030068007456
terms_abstract_tfidf__short,0.1731749854056034
terms_abstract_tfidf__short term,0.1596740276323108
terms_abstract_tfidf__shorter,0.051967068262508354
terms_abstract_tfidf__showing,0.03125729485059973
terms_abstract_tfidf__shown,0.006387853841572559
terms_abstract_tfidf__shows,-0.050319911915155814
terms_abstract_tfidf__si,0.13133428849137757
terms_abstract_tfidf__sided,0.08136476093704968
terms_abstract_tfidf__sighted,0.12206372984657872
terms_abstract_tfidf__sign,0.13617921144088277
terms_abstract_tfidf__signal,-0.001283402788092555
terms_abstract_tfidf__signal change,0.04857427035185061
terms_abstract_tfidf__signal task,-0.037076380308909695
terms_abstract_tfidf__signaling,-0.06269437304233397
terms_abstract_tfidf__signals,0.047489413693017186
terms_abstract_tfidf__signature,-0.017616825575925612
terms_abstract_tfidf__significance,-0.1302732248431349
terms_abstract_tfidf__significance statement,-0.05925272686672622
terms_abstract_tfidf__signs,0.06993027846786132
terms_abstract_tfidf__sii,0.11219818618194864
terms_abstract_tfidf__silent,0.09569373558640198
terms_abstract_tfidf__similarities,-0.15693190393417675
terms_abstract_tfidf__similarity,0.09873273424889299
terms_abstract_tfidf__similarly,0.02719509183811231
terms_abstract_tfidf__simple,0.22275004796885348
terms_abstract_tfidf__simply,0.09297329281534573
terms_abstract_tfidf__simulated,-0.0006886864105652823
terms_abstract_tfidf__simulation,0.12534930340420677
terms_abstract_tfidf__simultaneous,0.07997690581749722
terms_abstract_tfidf__simultaneous eeg,0.000691237940299977
terms_abstract_tfidf__simultaneously,0.14791375474296378
terms_abstract_tfidf__single,0.209582192645568
terms_abstract_tfidf__single subject,0.11580324014245243
terms_abstract_tfidf__single trial,0.051064705575066656
terms_abstract_tfidf__site,0.035561872295279094
terms_abstract_tfidf__sites,0.19044540662034584
terms_abstract_tfidf__situation,-0.028116912866370143
terms_abstract_tfidf__situations,-0.04659682067002024
terms_abstract_tfidf__sixteen,0.06983483941719579
terms_abstract_tfidf__size,0.04442543590399946
terms_abstract_tfidf__sizes,-0.015603164399068715
terms_abstract_tfidf__skill,0.1261838568406637
terms_abstract_tfidf__skills,0.14070568402372693
terms_abstract_tfidf__skin,-0.024495998134909203
terms_abstract_tfidf__skin conductance,-0.09924047596487534
terms_abstract_tfidf__sleep,-0.10136020228056847
terms_abstract_tfidf__slow,-0.060494709379030454
terms_abstract_tfidf__slower,0.031073611525283793
terms_abstract_tfidf__sma,0.2014391260658804
terms_abstract_tfidf__small,-0.043842982952375306
terms_abstract_tfidf__smaller,-0.03342498090663305
terms_abstract_tfidf__smokers,-0.11306275862753921
terms_abstract_tfidf__smoking,-0.14600947987842197
terms_abstract_tfidf__sn,-0.16049004186884092
terms_abstract_tfidf__social,-0.183754816958529
terms_abstract_tfidf__social cognition,-0.13291243600936625
terms_abstract_tfidf__social cognitive,-0.1329801837936112
terms_abstract_tfidf__social interaction,-0.08369183797046316
terms_abstract_tfidf__social interactions,-0.15220150515163705
terms_abstract_tfidf__socially,-0.04835524143278308
terms_abstract_tfidf__software,-0.07121399351087752
terms_abstract_tfidf__solving,-0.028308577619605816
terms_abstract_tfidf__somatosensory,0.17698333937936916
terms_abstract_tfidf__somatosensory cortex,0.13438940554006717
terms_abstract_tfidf__somatosensory cortices,0.14564347806127684
terms_abstract_tfidf__sought,-0.13340803489547617
terms_abstract_tfidf__sound,0.11202407903158514
terms_abstract_tfidf__sounds,0.04003712275363524
terms_abstract_tfidf__source,-0.01506493370189476
terms_abstract_tfidf__sources,0.01688350270310749
terms_abstract_tfidf__space,0.2067288039493499
terms_abstract_tfidf__span,0.03883597828314154
terms_abstract_tfidf__sparse,0.03258657999809646
terms_abstract_tfidf__spatial,0.2571292520257022
terms_abstract_tfidf__spatial attention,0.22670462130786193
terms_abstract_tfidf__spatial information,0.16059984517278256
terms_abstract_tfidf__spatial temporal,0.09545945098233563
terms_abstract_tfidf__spatially,0.11909582368030969
terms_abstract_tfidf__spatiotemporal,-0.02578993437445153
terms_abstract_tfidf__speaker,-0.006783201480411138
terms_abstract_tfidf__speakers,0.05831652186611663
terms_abstract_tfidf__speaking,-0.009816945539316094
terms_abstract_tfidf__special,0.04694020644009662
terms_abstract_tfidf__specialization,0.2058878447105217
terms_abstract_tfidf__specialized,0.1771051695819801
terms_abstract_tfidf__species,-0.08614090338154237
terms_abstract_tfidf__specifically,-0.05930542019610099
terms_abstract_tfidf__specificity,0.037045671516446756
terms_abstract_tfidf__specified,0.12863476956611433
terms_abstract_tfidf__spectral,-0.04317683151927777
terms_abstract_tfidf__spectrum,-0.1086469614070702
terms_abstract_tfidf__spectrum disorder,-0.10882223535673864
terms_abstract_tfidf__spectrum disorders,-0.04445824371834833
terms_abstract_tfidf__speech,0.011040611346490542
terms_abstract_tfidf__speech perception,0.023990988245712018
terms_abstract_tfidf__speech production,0.02911816558692927
terms_abstract_tfidf__speed,0.07073973054645125
terms_abstract_tfidf__spin,-0.07229352657011875
terms_abstract_tfidf__spin labeling,-0.06763349846828252
terms_abstract_tfidf__spinal,0.049882501762510544
terms_abstract_tfidf__spl,0.2522383296150992
terms_abstract_tfidf__spoken,0.047075183257873014
terms_abstract_tfidf__spontaneous,-0.16063833846086886
terms_abstract_tfidf__stable,-0.07870163440035614
terms_abstract_tfidf__stage,0.0575232633999316
terms_abstract_tfidf__stages,0.10112100162427602
terms_abstract_tfidf__standard,-0.08015157453422107
terms_abstract_tfidf__standardized,-0.0835375214592237
terms_abstract_tfidf__state,-0.2588792248067541
terms_abstract_tfidf__state connectivity,-0.16582666344080402
terms_abstract_tfidf__state functional,-0.24679703156120167
terms_abstract_tfidf__state networks,-0.15859411562032216
terms_abstract_tfidf__statement,-0.09088627460105515
terms_abstract_tfidf__states,-0.1404555229156458
terms_abstract_tfidf__static,0.15572983323677664
terms_abstract_tfidf__statistics,-0.07214278370487032
terms_abstract_tfidf__status,-0.06889555509378321
terms_abstract_tfidf__step,0.08241112689919725
terms_abstract_tfidf__stg,0.012432299355383472
terms_abstract_tfidf__stimulated,0.1556740341517524
terms_abstract_tfidf__stimulation,0.1322894793326224
terms_abstract_tfidf__stimulation tms,0.13124762237509438
terms_abstract_tfidf__stimuli,0.12363545805980561
terms_abstract_tfidf__stimuli presented,0.16962674716249632
terms_abstract_tfidf__stimulus,0.23391672726501417
terms_abstract_tfidf__stimulus driven,0.15159047414270718
terms_abstract_tfidf__stimulus response,0.12107713946677989
terms_abstract_tfidf__stop,-0.03700826603125231
terms_abstract_tfidf__stop signal,-0.026261988391308225
terms_abstract_tfidf__storage,0.10714865281103426
terms_abstract_tfidf__stored,9.549710889605504e-05
terms_abstract_tfidf__strategic,-0.05458937038637671
terms_abstract_tfidf__strategies,-0.033718433392039594
terms_abstract_tfidf__strategy,-0.07411596420902897
terms_abstract_tfidf__stream,0.18343159106273782
terms_abstract_tfidf__streams,0.18005200397280846
terms_abstract_tfidf__strength,-0.07295345361143725
terms_abstract_tfidf__stress,-0.2011863139334375
terms_abstract_tfidf__stress disorder,-0.16036641331771054
terms_abstract_tfidf__striatal,-0.16800296399907422
terms_abstract_tfidf__striatum,-0.2505894922167132
terms_abstract_tfidf__striking,-0.04138027995623587
terms_abstract_tfidf__stroke,0.111984233725984
terms_abstract_tfidf__strong,0.07087982839279963
terms_abstract_tfidf__strongest,0.01182317499357706
terms_abstract_tfidf__strongly,0.11958196207458817
terms_abstract_tfidf__stroop,0.07179636916687156
terms_abstract_tfidf__stroop task,0.05901463445494569
terms_abstract_tfidf__structural,-0.1681524213459065
terms_abstract_tfidf__structural functional,-0.06734814649379257
terms_abstract_tfidf__structural magnetic,-0.16311221851009067
terms_abstract_tfidf__structure,-0.05871869613340685
terms_abstract_tfidf__structure function,-0.12398277947002564
terms_abstract_tfidf__structures,-0.14005450054778448
terms_abstract_tfidf__structures involved,0.02558628031394793
terms_abstract_tfidf__sts,0.06365145170688709
terms_abstract_tfidf__students,-0.062401877652144215
terms_abstract_tfidf__studied,0.026695231299071982
terms_abstract_tfidf__studying,-0.1276672370863015
terms_abstract_tfidf__sub,0.004884441092397672
terms_abstract_tfidf__subcortical,-0.03921490524514475
terms_abstract_tfidf__subcortical structures,-0.02488398465236705
terms_abstract_tfidf__subgenual,-0.19829331796258784
terms_abstract_tfidf__subject,0.03257919586223434
terms_abstract_tfidf__subjective,-0.16325097103823574
terms_abstract_tfidf__subregions,-0.04499886695716699
terms_abstract_tfidf__subsequent,-0.03446659044329815
terms_abstract_tfidf__subsequent memory,-0.07586041592652884
terms_abstract_tfidf__subsequently,-0.05060088763133369
terms_abstract_tfidf__subserve,-0.06615335664602695
terms_abstract_tfidf__subserved,-0.00985996110466852
terms_abstract_tfidf__subserving,0.09246042666577639
terms_abstract_tfidf__subset,0.05634170597035436
terms_abstract_tfidf__substance,-0.15383412243835523
terms_abstract_tfidf__substantia,-0.13243800679879694
terms_abstract_tfidf__substantial,-0.09101889288727505
terms_abstract_tfidf__substantially,0.05927944131993237
terms_abstract_tfidf__substrate,0.12967185945392953
terms_abstract_tfidf__substrates,0.00836396946990085
terms_abstract_tfidf__subtle,0.00026638858200120786
terms_abstract_tfidf__subtraction,0.18452579819572898
terms_abstract_tfidf__success,-0.08603224376558988
terms_abstract_tfidf__successful,-0.08906775531924638
terms_abstract_tfidf__successfully,0.009333283856846482
terms_abstract_tfidf__successive,0.10686711339541616
terms_abstract_tfidf__suffering,-0.010614935179148093
terms_abstract_tfidf__sufficient,-0.0077104834950428094
terms_abstract_tfidf__suggest,-0.03817999710383132
terms_abstract_tfidf__suggest functional,0.0033729656472436336
terms_abstract_tfidf__suggested,-0.0013027271912712409
terms_abstract_tfidf__suggesting,0.05323353443673204
terms_abstract_tfidf__suggests,-0.09751104120172387
terms_abstract_tfidf__sulci,0.13146220369931444
terms_abstract_tfidf__sulcus,0.30276940459112756
terms_abstract_tfidf__sulcus ips,0.2524903063525127
terms_abstract_tfidf__sulcus sts,0.0787754541438317
terms_abstract_tfidf__sum,-0.057474269859062344
terms_abstract_tfidf__summary,-0.0009943039173978352
terms_abstract_tfidf__superior,0.21756279453191335
terms_abstract_tfidf__superior frontal,-0.062029819655833436
terms_abstract_tfidf__superior inferior,0.2373340323253658
terms_abstract_tfidf__superior middle,0.08401338972010337
terms_abstract_tfidf__superior parietal,0.3292262941318233
terms_abstract_tfidf__superior temporal,0.05161262624559733
terms_abstract_tfidf__supplementary,0.2066177964775821
terms_abstract_tfidf__supplementary motor,0.18734605211644895
terms_abstract_tfidf__supported,0.038078116370017345
terms_abstract_tfidf__supporting,0.017336241503436784
terms_abstract_tfidf__supports,0.010769950325208987
terms_abstract_tfidf__suppressed,0.03307421735850327
terms_abstract_tfidf__suppression,0.13144178892715142
terms_abstract_tfidf__supramarginal,0.18542322165625869
terms_abstract_tfidf__supramarginal gyrus,0.17990701843736637
terms_abstract_tfidf__surface,0.07241138471129878
terms_abstract_tfidf__surprisingly,0.11485064140026313
terms_abstract_tfidf__surrounding,0.09598670535322082
terms_abstract_tfidf__susceptibility,-0.1660708328768175
terms_abstract_tfidf__sustained,0.058439385441603514
terms_abstract_tfidf__sustained attention,-0.009108092656804932
terms_abstract_tfidf__switch,0.11453144430820515
terms_abstract_tfidf__switching,0.09080335832556284
terms_abstract_tfidf__symbolic,0.13771439366332183
terms_abstract_tfidf__symptom,-0.15602366819496835
terms_abstract_tfidf__symptom severity,-0.10934784789295296
terms_abstract_tfidf__symptoms,-0.22686433155733424
terms_abstract_tfidf__synchronization,0.020660234538416308
terms_abstract_tfidf__syndrome,-0.09842428988020771
terms_abstract_tfidf__syntactic,-0.01834933908684122
terms_abstract_tfidf__systematic,-0.06503046301988828
terms_abstract_tfidf__systematically,0.055243709817625414
terms_abstract_tfidf__systems,0.001401461524654868
terms_abstract_tfidf__systems involved,-0.015145565551889572
terms_abstract_tfidf__t1,-0.09173200673418025
terms_abstract_tfidf__t1 weighted,-0.0831265119967872
terms_abstract_tfidf__tactile,0.21517393632459675
terms_abstract_tfidf__taken,-0.053756294585903586
terms_abstract_tfidf__taken suggest,0.042391976550548445
terms_abstract_tfidf__taking,-0.16479980812564624
terms_abstract_tfidf__tapping,0.17667269918565112
terms_abstract_tfidf__target,0.2209281746396418
terms_abstract_tfidf__target detection,0.11344206119962497
terms_abstract_tfidf__targeted,-0.05381797604427946
terms_abstract_tfidf__targets,0.16552483276912666
terms_abstract_tfidf__task,0.14428309693455169
terms_abstract_tfidf__task conditions,0.10798904581022248
terms_abstract_tfidf__task demands,0.07395037745614894
terms_abstract_tfidf__task difficulty,0.12330239589794384
terms_abstract_tfidf__task functional,-0.05940477277595082
terms_abstract_tfidf__task induced,-0.01929345342625779
terms_abstract_tfidf__task involving,0.05532781197354217
terms_abstract_tfidf__task irrelevant,0.1269597054995146
terms_abstract_tfidf__task performance,0.11377777715274974
terms_abstract_tfidf__task positive,-0.08433813017392447
terms_abstract_tfidf__task relevant,0.2114970133665418
terms_abstract_tfidf__task required,0.058500244932299
terms_abstract_tfidf__task task,0.050143138193870125
terms_abstract_tfidf__task using,0.06654051454794903
terms_abstract_tfidf__tasks,0.23860115514526464
terms_abstract_tfidf__taste,-0.1400823119773256
terms_abstract_tfidf__td,-0.05660468722272088
terms_abstract_tfidf__technique,-0.03317238852983869
terms_abstract_tfidf__techniques,-0.035549590703694144
terms_abstract_tfidf__tegmental,-0.15594602371119418
terms_abstract_tfidf__temporal,-0.05263669288475745
terms_abstract_tfidf__temporal cortex,0.024409728690491024
terms_abstract_tfidf__temporal cortices,-0.038628020238492954
terms_abstract_tfidf__temporal frontal,-0.016276286632908664
terms_abstract_tfidf__temporal gyri,0.03452240623407843
terms_abstract_tfidf__temporal gyrus,-0.015866415551028582
terms_abstract_tfidf__temporal inferior,0.03552357649015381
terms_abstract_tfidf__temporal lobe,-0.14677644318898408
terms_abstract_tfidf__temporal lobes,-0.1293169387907976
terms_abstract_tfidf__temporal occipital,0.04124582200424772
terms_abstract_tfidf__temporal parietal,-0.04116535912816871
terms_abstract_tfidf__temporal pole,-0.16954437858948876
terms_abstract_tfidf__temporal sulcus,0.05588869690076315
terms_abstract_tfidf__temporale,0.053578616673803106
terms_abstract_tfidf__temporally,0.07017897162033568
terms_abstract_tfidf__temporo,0.03535304753131361
terms_abstract_tfidf__temporo parietal,-0.013638029026100588
terms_abstract_tfidf__temporoparietal,-0.01026182550413309
terms_abstract_tfidf__temporoparietal junction,-0.02786172181515195
terms_abstract_tfidf__tend,-0.014604275417734819
terms_abstract_tfidf__tendency,-0.1202401527227838
terms_abstract_tfidf__tensor,-0.10146316379461809
terms_abstract_tfidf__tensor dti,-0.06860831346870694
terms_abstract_tfidf__term,0.02444151733000843
terms_abstract_tfidf__term memory,0.10155600736631193
terms_abstract_tfidf__terms,0.037627784927793194
terms_abstract_tfidf__tesla,-0.021880299605526822
terms_abstract_tfidf__test,-0.01649549798004116
terms_abstract_tfidf__tested,0.03281699644755319
terms_abstract_tfidf__testing,-0.007395620759854683
terms_abstract_tfidf__tests,-0.15233576239385038
terms_abstract_tfidf__thalamic,-0.062099177163309593
terms_abstract_tfidf__thalamus,-0.07454043769416133
terms_abstract_tfidf__theoretical,-0.0719601205184051
terms_abstract_tfidf__theories,0.040072212147626754
terms_abstract_tfidf__theory,-0.1539369379217998
terms_abstract_tfidf__theory mind,-0.15990476477386795
terms_abstract_tfidf__therapeutic,-0.13389117863226482
terms_abstract_tfidf__therapy,-0.0636167764389226
terms_abstract_tfidf__thickness,-0.11218519525505125
terms_abstract_tfidf__thinking,-0.15850402770956087
terms_abstract_tfidf__thirteen,0.05336682617100684
terms_abstract_tfidf__thirty,-0.14427820783779344
terms_abstract_tfidf__thought,-0.10909849012656254
terms_abstract_tfidf__thoughts,-0.13242696481270833
terms_abstract_tfidf__threat,-0.09774014421228586
terms_abstract_tfidf__threatening,-0.05614397348147762
terms_abstract_tfidf__threshold,-0.022877575807287286
terms_abstract_tfidf__time,-0.019607952545612758
terms_abstract_tfidf__time course,0.029666507295434057
terms_abstract_tfidf__time courses,0.03137590135436048
terms_abstract_tfidf__time points,-0.06462245372072285
terms_abstract_tfidf__time series,-0.04006070267315257
terms_abstract_tfidf__time task,0.017666656021329847
terms_abstract_tfidf__times,0.10630516985163836
terms_abstract_tfidf__timing,0.08250318184448334
terms_abstract_tfidf__tissue,-0.10389588115351021
terms_abstract_tfidf__tms,0.15119608793053066
terms_abstract_tfidf__tom,-0.11035535669748753
terms_abstract_tfidf__tomography,-0.15131397410814368
terms_abstract_tfidf__tomography pet,-0.053738224385669615
terms_abstract_tfidf__tone,0.041926672101977085
terms_abstract_tfidf__tones,0.04839248064349171
terms_abstract_tfidf__took,-0.012587765035514085
terms_abstract_tfidf__tool,0.1261926480684455
terms_abstract_tfidf__tools,0.18920706675360002
terms_abstract_tfidf__total,-0.1512107071644724
terms_abstract_tfidf__touch,0.22627960336005748
terms_abstract_tfidf__tpj,0.002261350276062813
terms_abstract_tfidf__track,-0.046459179839729185
terms_abstract_tfidf__tracking,0.18713374916034473
terms_abstract_tfidf__tract,-0.06989515302816028
terms_abstract_tfidf__tractography,-0.019727312214787403
terms_abstract_tfidf__tracts,-0.048712977914707384
terms_abstract_tfidf__traditional,0.004685640600672902
terms_abstract_tfidf__traditionally,0.034574907533031926
terms_abstract_tfidf__trained,0.19843014911847806
terms_abstract_tfidf__training,0.18412832351804911
terms_abstract_tfidf__trait,-0.23735894814981645
terms_abstract_tfidf__traits,-0.23912220283678398
terms_abstract_tfidf__trajectories,0.01897164999570043
terms_abstract_tfidf__transcranial,0.1142673216579087
terms_abstract_tfidf__transcranial magnetic,0.14970186240788178
terms_abstract_tfidf__transfer,-0.01531561322166859
terms_abstract_tfidf__transformation,0.18940310883155964
terms_abstract_tfidf__transient,0.03670196546301385
terms_abstract_tfidf__transition,-0.047520425623588464
terms_abstract_tfidf__trauma,-0.14269036537063606
terms_abstract_tfidf__traumatic,-0.046210813797610335
terms_abstract_tfidf__treated,-0.11719739616397305
terms_abstract_tfidf__treatment,-0.27283433079237984
terms_abstract_tfidf__treatments,-0.15380411188777718
terms_abstract_tfidf__trend,-0.1218561993857085
terms_abstract_tfidf__trial,0.04647439710889004
terms_abstract_tfidf__trial trial,0.012198625141316408
terms_abstract_tfidf__trials,0.07086363932314899
terms_abstract_tfidf__trigger,0.11127773546938813
terms_abstract_tfidf__triggered,0.20045612240648122
terms_abstract_tfidf__true,-0.061887690842073746
terms_abstract_tfidf__turn,0.009188814662175915
terms_abstract_tfidf__twice,-0.013423672258919488
terms_abstract_tfidf__type,0.07236162741825483
terms_abstract_tfidf__types,0.09871252272321412
terms_abstract_tfidf__typical,-0.03224163589475387
terms_abstract_tfidf__typically,-0.032619913715032325
terms_abstract_tfidf__typically developing,-0.03979759005071388
terms_abstract_tfidf__unaffected,-0.0294124824428104
terms_abstract_tfidf__uncertain,0.01393669738545807
terms_abstract_tfidf__uncertainty,-0.09912263063471699
terms_abstract_tfidf__unclear,0.007574575362210826
terms_abstract_tfidf__undergoing,-0.09941686842174641
terms_abstract_tfidf__undergoing functional,-0.07177760793609557
terms_abstract_tfidf__underlie,-0.11177878652158484
terms_abstract_tfidf__underlies,-0.005272828974896466
terms_abstract_tfidf__underlying,-0.08004243034423025
terms_abstract_tfidf__underlying mechanisms,0.020928337827234172
terms_abstract_tfidf__underpinning,0.0415444006289304
terms_abstract_tfidf__underpinnings,-0.09697169828583425
terms_abstract_tfidf__understand,-0.05567317803813153
terms_abstract_tfidf__understanding,-0.1187131101538551
terms_abstract_tfidf__understood,-0.0968513206491566
terms_abstract_tfidf__unexpected,0.046114237228562095
terms_abstract_tfidf__unfamiliar,0.08817291728262858
terms_abstract_tfidf__unilateral,0.09897761249651045
terms_abstract_tfidf__unimodal,0.08382304528188686
terms_abstract_tfidf__unique,-0.04051841388666408
terms_abstract_tfidf__uniquely,-0.031665027980645265
terms_abstract_tfidf__univariate,-0.01728116938728885
terms_abstract_tfidf__unknown,-0.02416559003472292
terms_abstract_tfidf__unlike,-0.0008182681617597641
terms_abstract_tfidf__unmedicated,-0.10438139416490051
terms_abstract_tfidf__unpleasant,-0.09692218511481826
terms_abstract_tfidf__unrelated,-0.09648536762518443
terms_abstract_tfidf__upcoming,0.13658270692126112
terms_abstract_tfidf__updating,0.0867290097531451
terms_abstract_tfidf__upper,0.1755706497262249
terms_abstract_tfidf__use,-0.05086151535346362
terms_abstract_tfidf__use functional,0.08209203525251482
terms_abstract_tfidf__useful,-0.07725916620668243
terms_abstract_tfidf__users,-0.10230330348802985
terms_abstract_tfidf__uses,0.0030611427172448267
terms_abstract_tfidf__using,-0.011991492442947359
terms_abstract_tfidf__using event,0.11915867605623223
terms_abstract_tfidf__using functional,0.13664722206753838
terms_abstract_tfidf__using resting,-0.19624946093147114
terms_abstract_tfidf__using voxel,-0.16200193218416062
terms_abstract_tfidf__usually,0.049092320636936596
terms_abstract_tfidf__utility,-0.13696926449523728
terms_abstract_tfidf__utilized,-0.05655835980321175
terms_abstract_tfidf__v1,0.0727111501578278
terms_abstract_tfidf__v5,0.20244242685174654
terms_abstract_tfidf__valence,-0.2022183879615534
terms_abstract_tfidf__valid,0.05745501749747219
terms_abstract_tfidf__validated,-0.16239970509816634
terms_abstract_tfidf__validity,0.06444516698269608
terms_abstract_tfidf__valuable,-0.0011518209212381806
terms_abstract_tfidf__value,-0.2840390231378957
terms_abstract_tfidf__values,-0.24908977474831456
terms_abstract_tfidf__variability,-0.06830262193516701
terms_abstract_tfidf__variable,0.05030352817012998
terms_abstract_tfidf__variables,-0.14485411870567033
terms_abstract_tfidf__variance,-0.07111668133909567
terms_abstract_tfidf__variant,-0.12174132226143267
terms_abstract_tfidf__variation,-0.15737725305179773
terms_abstract_tfidf__variations,-0.031742072750433725
terms_abstract_tfidf__varied,0.0291297930732232
terms_abstract_tfidf__varies,0.012647366185096438
terms_abstract_tfidf__variety,-0.018567039514151003
terms_abstract_tfidf__various,0.05605788018136237
terms_abstract_tfidf__vary,0.004417111526220639
terms_abstract_tfidf__varying,0.0013291588073761787
terms_abstract_tfidf__vbm,-0.19626420225508226
terms_abstract_tfidf__vector,-0.04665582091260453
terms_abstract_tfidf__ventral,-0.060341391155170475
terms_abstract_tfidf__ventral anterior,-0.14053315087053186
terms_abstract_tfidf__ventral dorsal,0.05351322652536736
terms_abstract_tfidf__ventral medial,-0.18963336573577502
terms_abstract_tfidf__ventral premotor,0.3090994948922007
terms_abstract_tfidf__ventral striatum,-0.2738609673743067
terms_abstract_tfidf__ventral tegmental,-0.1605329325399141
terms_abstract_tfidf__ventral visual,0.07699124147029011
terms_abstract_tfidf__ventrolateral,-0.02744478578125202
terms_abstract_tfidf__ventrolateral prefrontal,-0.04410022566729582
terms_abstract_tfidf__ventromedial,-0.31410560709253954
terms_abstract_tfidf__ventromedial prefrontal,-0.302337709836342
terms_abstract_tfidf__verb,0.019052632933898448
terms_abstract_tfidf__verbal,0.04373117375994483
terms_abstract_tfidf__verbal fluency,0.03771131703234151
terms_abstract_tfidf__verbal working,0.057129238300366175
terms_abstract_tfidf__verbs,0.0968298467457122
terms_abstract_tfidf__vermis,0.061165781532374966
terms_abstract_tfidf__version,-0.0547543992315734
terms_abstract_tfidf__versus,-0.01632971837595425
terms_abstract_tfidf__vi,0.0487997821665112
terms_abstract_tfidf__video,0.1895066343174722
terms_abstract_tfidf__video clips,0.20797461459027963
terms_abstract_tfidf__videos,0.184888313987585
terms_abstract_tfidf__view,0.04426566700440746
terms_abstract_tfidf__viewed,0.0228097616837516
terms_abstract_tfidf__viewing,0.09868619641793672
terms_abstract_tfidf__violations,-0.026922523334468502
terms_abstract_tfidf__virtual,0.10884452807646834
terms_abstract_tfidf__vision,0.19569984888087671
terms_abstract_tfidf__visual,0.23885282921404993
terms_abstract_tfidf__visual attention,0.19701159136589347
terms_abstract_tfidf__visual auditory,0.08543950935745862
terms_abstract_tfidf__visual cortex,0.08721767974268198
terms_abstract_tfidf__visual cortices,0.08220530043211026
terms_abstract_tfidf__visual field,0.11160711963463822
terms_abstract_tfidf__visual information,0.1850965815704552
terms_abstract_tfidf__visual motion,0.20904587128844937
terms_abstract_tfidf__visual perception,0.15574623295753914
terms_abstract_tfidf__visual stimuli,0.12203714679719128
terms_abstract_tfidf__visual stimulus,0.1438842568321212
terms_abstract_tfidf__visual stream,0.0984253110594286
terms_abstract_tfidf__visual word,0.11671418923683222
terms_abstract_tfidf__visually,0.26218447893672925
terms_abstract_tfidf__visually presented,0.12495819514781328
terms_abstract_tfidf__visuo,0.21201505946499843
terms_abstract_tfidf__visuo spatial,0.11814094189006069
terms_abstract_tfidf__visuomotor,0.2202146767479614
terms_abstract_tfidf__visuospatial,0.2064653327464446
terms_abstract_tfidf__vivo,-0.159020976704437
terms_abstract_tfidf__vlpfc,-0.07294820420636465
terms_abstract_tfidf__vmpfc,-0.25686992054791585
terms_abstract_tfidf__vocal,0.029932210984076144
terms_abstract_tfidf__voice,-0.0079897091852031
terms_abstract_tfidf__volume,-0.2092062286581413
terms_abstract_tfidf__volumes,-0.19656151708981776
terms_abstract_tfidf__volumetric,-0.11006915565776243
terms_abstract_tfidf__voluntary,0.18969624028856258
terms_abstract_tfidf__volunteers,0.11870516311091275
terms_abstract_tfidf__voxel,-0.21728580493147923
terms_abstract_tfidf__voxel morphometry,-0.22076505184630119
terms_abstract_tfidf__voxel wise,-0.12556596450866903
terms_abstract_tfidf__voxels,-0.00681867580806954
terms_abstract_tfidf__voxelwise,-0.09490789169139592
terms_abstract_tfidf__vs,-0.03218634546603747
terms_abstract_tfidf__vulnerability,-0.1910707916424277
terms_abstract_tfidf__watched,0.22236561559216303
terms_abstract_tfidf__watching,0.07581939145005687
terms_abstract_tfidf__way,-0.015091143796320402
terms_abstract_tfidf__ways,-0.08210977595256047
terms_abstract_tfidf__weak,0.021938860914461494
terms_abstract_tfidf__weaker,-0.10219056202827276
terms_abstract_tfidf__week,-0.05365896385373701
terms_abstract_tfidf__weeks,-0.04010071712377448
terms_abstract_tfidf__weight,-0.1448959925413884
terms_abstract_tfidf__weighted,-0.08888009659232296
terms_abstract_tfidf__whilst,0.0692707495911344
terms_abstract_tfidf__white,-0.12717259793879215
terms_abstract_tfidf__white matter,-0.13510287059377443
terms_abstract_tfidf__wide,0.06601323344176982
terms_abstract_tfidf__widely,-0.010728760070636409
terms_abstract_tfidf__widespread,-0.009821945149643215
terms_abstract_tfidf__wiley,0.0009663873271162877
terms_abstract_tfidf__wiley periodicals,0.014025433717050716
terms_abstract_tfidf__window,-0.0340121033566603
terms_abstract_tfidf__wise,-0.14641124737497144
terms_abstract_tfidf__wm,0.1166190447820096
terms_abstract_tfidf__wm task,0.0963431214265008
terms_abstract_tfidf__women,-0.1297317191031076
terms_abstract_tfidf__word,0.038663401122050335
terms_abstract_tfidf__word form,0.09377360951218607
terms_abstract_tfidf__word pairs,-0.0791577334539679
terms_abstract_tfidf__word recognition,0.07148742263895426
terms_abstract_tfidf__words,0.009225468975003655
terms_abstract_tfidf__work,-0.12314548608857066
terms_abstract_tfidf__working,0.14350604518004723
terms_abstract_tfidf__working memory,0.14482503671816094
terms_abstract_tfidf__world,-0.033162219736865305
terms_abstract_tfidf__worse,-0.1257678582081198
terms_abstract_tfidf__written,0.08279814885781801
terms_abstract_tfidf__year,-0.12487322466698998
terms_abstract_tfidf__year old,-0.06223572833852402
terms_abstract_tfidf__years,-0.11923796466298871
terms_abstract_tfidf__years old,-0.15126093326231196
terms_abstract_tfidf__yield,-0.012880875065008719
terms_abstract_tfidf__yielded,0.07835802622149846
terms_abstract_tfidf__young,-0.11696581952183845
terms_abstract_tfidf__young adults,-0.10615854289086318
terms_abstract_tfidf__young healthy,-0.03563368245135711
terms_abstract_tfidf__young older,-0.00578659576092742
terms_abstract_tfidf__younger,0.010445524737201152
terms_abstract_tfidf__younger adults,-0.01620304183886378
terms_abstract_tfidf__youth,-0.12977381342932268
terms_abstract_tfidf__zone,0.0193128275613092
