feature,r
terms_abstract_tfidf__001,0.03304001459024862
terms_abstract_tfidf__01,0.049506822971153754
terms_abstract_tfidf__05,0.036531112158289934
terms_abstract_tfidf__10,-0.01822614818977374
terms_abstract_tfidf__100,0.03212636231467902
terms_abstract_tfidf__11,0.018925373908781507
terms_abstract_tfidf__12,-0.0469236508535638
terms_abstract_tfidf__12 healthy,-0.06014907164811525
terms_abstract_tfidf__13,-0.021891355835919547
terms_abstract_tfidf__14,0.03289896420222448
terms_abstract_tfidf__14 healthy,0.05697954721352086
terms_abstract_tfidf__15,-0.028664087304296402
terms_abstract_tfidf__15 healthy,-0.012537601446290554
terms_abstract_tfidf__16,0.039656503377006845
terms_abstract_tfidf__16 healthy,0.028859187042868318
terms_abstract_tfidf__17,0.06882457001356222
terms_abstract_tfidf__18,0.07214941098079904
terms_abstract_tfidf__18 healthy,-0.03702690931999627
terms_abstract_tfidf__19,0.10657262303300771
terms_abstract_tfidf__20,0.09750573809456448
terms_abstract_tfidf__20 healthy,0.13016617369581332
terms_abstract_tfidf__200,-0.009788147155360383
terms_abstract_tfidf__2014,0.06560359863146745
terms_abstract_tfidf__21,0.037802905021369466
terms_abstract_tfidf__22,0.06638170825752478
terms_abstract_tfidf__23,0.0630361049150443
terms_abstract_tfidf__24,0.03465057931162882
terms_abstract_tfidf__25,0.08519722622739867
terms_abstract_tfidf__26,0.062055362318556385
terms_abstract_tfidf__27,0.07467114716537
terms_abstract_tfidf__28,0.03269039061360009
terms_abstract_tfidf__29,0.1339051565544733
terms_abstract_tfidf__30,0.03270039877947636
terms_abstract_tfidf__31,0.06880068368661557
terms_abstract_tfidf__32,0.02760739567107289
terms_abstract_tfidf__33,0.009446438292549906
terms_abstract_tfidf__34,0.08046203381186028
terms_abstract_tfidf__35,0.011559806225303079
terms_abstract_tfidf__36,0.009359682998421534
terms_abstract_tfidf__37,-0.026399177764207294
terms_abstract_tfidf__38,0.01466507023239742
terms_abstract_tfidf__39,0.06393557269955208
terms_abstract_tfidf__3d,0.060050522459599985
terms_abstract_tfidf__3t,0.00912315269383663
terms_abstract_tfidf__40,0.014319631142211728
terms_abstract_tfidf__41,0.04347527301926022
terms_abstract_tfidf__42,0.014777479163085768
terms_abstract_tfidf__43,-0.018523383409218927
terms_abstract_tfidf__44,-0.1533343541457709
terms_abstract_tfidf__45,-0.12489704372685596
terms_abstract_tfidf__46,-0.13143638080891476
terms_abstract_tfidf__47,-0.05761335345865302
terms_abstract_tfidf__48,0.034160784072031665
terms_abstract_tfidf__49,-0.010613574285322256
terms_abstract_tfidf__50,0.03308062363059322
terms_abstract_tfidf__60,0.0444451105287165
terms_abstract_tfidf__70,0.0660011042969763
terms_abstract_tfidf__75,0.07576530581303888
terms_abstract_tfidf__80,0.03220990380674652
terms_abstract_tfidf__90,0.08946698690629105
terms_abstract_tfidf__aberrant,0.1145083797039182
terms_abstract_tfidf__abilities,0.015901978660961828
terms_abstract_tfidf__ability,-0.04404291827628371
terms_abstract_tfidf__able,-0.09183505612873566
terms_abstract_tfidf__abnormal,0.13803522836745155
terms_abstract_tfidf__abnormalities,0.11439155516381735
terms_abstract_tfidf__abnormality,-0.014154962273936507
terms_abstract_tfidf__absence,0.035303879879265594
terms_abstract_tfidf__absent,-0.11801727677136459
terms_abstract_tfidf__abstract,-0.04645156139519973
terms_abstract_tfidf__abuse,0.025760397428336072
terms_abstract_tfidf__acc,-0.0651958501005569
terms_abstract_tfidf__access,0.0015977410227032258
terms_abstract_tfidf__accompanied,-0.012612191012328309
terms_abstract_tfidf__accordance,0.020126987101281024
terms_abstract_tfidf__according,-0.07201275312677695
terms_abstract_tfidf__accordingly,0.010798327300913353
terms_abstract_tfidf__account,-0.008523155793178692
terms_abstract_tfidf__accounted,-0.0464311465892916
terms_abstract_tfidf__accounts,-0.01078643092542126
terms_abstract_tfidf__accumbens,-0.0017505238178516563
terms_abstract_tfidf__accuracy,-0.03037140415130162
terms_abstract_tfidf__accurate,0.016188067671095895
terms_abstract_tfidf__accurately,-0.03600317162442958
terms_abstract_tfidf__achieve,0.028434348679557533
terms_abstract_tfidf__achieved,0.0592041126896777
terms_abstract_tfidf__acoustic,-0.028456323849312595
terms_abstract_tfidf__acquired,0.08334914975649572
terms_abstract_tfidf__acquisition,-0.09592055393928603
terms_abstract_tfidf__act,0.0012449019485661545
terms_abstract_tfidf__action,-0.12071967128457269
terms_abstract_tfidf__action observation,-0.05022998647193449
terms_abstract_tfidf__actions,-0.08051455811329801
terms_abstract_tfidf__activate,-0.10492355331424935
terms_abstract_tfidf__activates,-0.10216535132937107
terms_abstract_tfidf__activations,-0.13142979658424941
terms_abstract_tfidf__active,-0.05895391683964299
terms_abstract_tfidf__actively,-0.07055773205293556
terms_abstract_tfidf__activities,-0.0003020943613970381
terms_abstract_tfidf__acts,-0.08193028232027554
terms_abstract_tfidf__actual,-0.0852860490593704
terms_abstract_tfidf__actually,-0.05972453163636712
terms_abstract_tfidf__acute,0.06133410123075679
terms_abstract_tfidf__ad,0.17977827385863793
terms_abstract_tfidf__adaptation,-0.03820065048523092
terms_abstract_tfidf__adapted,-0.006927259384468964
terms_abstract_tfidf__adaptive,-0.05536484364765677
terms_abstract_tfidf__add,-0.01518306134164162
terms_abstract_tfidf__addiction,0.07428987660284632
terms_abstract_tfidf__addition,-0.08306986278120607
terms_abstract_tfidf__additional,-0.11961813831615697
terms_abstract_tfidf__additionally,-0.000751226965745992
terms_abstract_tfidf__addressed,-0.007098260014156581
terms_abstract_tfidf__adhd,0.006858632525179386
terms_abstract_tfidf__adjacent,-0.05832649007125458
terms_abstract_tfidf__administered,-0.020740930519196458
terms_abstract_tfidf__administration,0.053483431926663876
terms_abstract_tfidf__adolescence,0.08454925175398696
terms_abstract_tfidf__adolescent,0.007287504723837093
terms_abstract_tfidf__adolescents,0.10106824860929908
terms_abstract_tfidf__adopted,0.00045999559078904793
terms_abstract_tfidf__adult,0.06444894602227072
terms_abstract_tfidf__adulthood,0.07079248511790763
terms_abstract_tfidf__adults,0.00567821658499405
terms_abstract_tfidf__advance,0.0019148210095664571
terms_abstract_tfidf__advanced,-0.007904598183915043
terms_abstract_tfidf__advances,-0.03829042901774368
terms_abstract_tfidf__advantage,0.005410624794332655
terms_abstract_tfidf__affect,0.04283659234012085
terms_abstract_tfidf__affected,0.016283421183880473
terms_abstract_tfidf__affecting,-0.030196504899297427
terms_abstract_tfidf__affective,0.02106995668411658
terms_abstract_tfidf__affects,0.051774232025930934
terms_abstract_tfidf__age,0.14837932883364974
terms_abstract_tfidf__age controls,-0.027059164654850813
terms_abstract_tfidf__age gender,0.0992462638812197
terms_abstract_tfidf__age groups,0.018027607619936985
terms_abstract_tfidf__age healthy,0.04580314000773735
terms_abstract_tfidf__age sex,0.05167198039856211
terms_abstract_tfidf__aged,0.0292865329340348
terms_abstract_tfidf__agent,-0.00414008523029386
terms_abstract_tfidf__ages,0.08216227645585149
terms_abstract_tfidf__aging,0.07183455101802655
terms_abstract_tfidf__agreement,-0.07928619498765539
terms_abstract_tfidf__aim,-0.029080256042262248
terms_abstract_tfidf__aimed,0.08569394016365332
terms_abstract_tfidf__aims,-0.006323417465133671
terms_abstract_tfidf__al,-0.02597551117969578
terms_abstract_tfidf__alcohol,-0.013405909958086307
terms_abstract_tfidf__alff,0.14342906590298246
terms_abstract_tfidf__algorithm,0.09628937938409912
terms_abstract_tfidf__allele,0.07419351751019626
terms_abstract_tfidf__allocation,0.04589692659625239
terms_abstract_tfidf__allow,0.0397991593931775
terms_abstract_tfidf__allowed,-0.07361088303476086
terms_abstract_tfidf__allowing,-0.05806706254099244
terms_abstract_tfidf__allows,-0.01514942994295925
terms_abstract_tfidf__alpha,0.084749062340545
terms_abstract_tfidf__alter,-0.019720246132060814
terms_abstract_tfidf__alteration,0.14031830714028182
terms_abstract_tfidf__alterations,0.15172104690365837
terms_abstract_tfidf__altered,0.10167073142958942
terms_abstract_tfidf__alternating,0.008292351150076399
terms_abstract_tfidf__alternative,0.0692672119492683
terms_abstract_tfidf__alters,0.12883417033298028
terms_abstract_tfidf__alzheimer,0.16262886555404715
terms_abstract_tfidf__alzheimer disease,0.1607532264059277
terms_abstract_tfidf__ambiguous,-0.03114024735791737
terms_abstract_tfidf__amnestic,0.1560721273758852
terms_abstract_tfidf__amplitude,0.1405235635964697
terms_abstract_tfidf__amplitude low,0.15567866483036855
terms_abstract_tfidf__amplitudes,0.0367974264325606
terms_abstract_tfidf__amygdala,0.07805967223817746
terms_abstract_tfidf__amygdala anterior,0.030862833116874915
terms_abstract_tfidf__amygdala hippocampus,0.08539404135524821
terms_abstract_tfidf__amygdala insula,0.0699498305127484
terms_abstract_tfidf__amygdala response,0.06822208052315636
terms_abstract_tfidf__amygdala responses,0.04543996446674303
terms_abstract_tfidf__analysed,-0.0007616955230155661
terms_abstract_tfidf__analyses,0.0711920213453068
terms_abstract_tfidf__analyze,0.06998786957707816
terms_abstract_tfidf__analyzed,0.050863938733220176
terms_abstract_tfidf__analyzed using,-0.03328607543292766
terms_abstract_tfidf__analyzing,-0.005339172958996506
terms_abstract_tfidf__anatomical,0.02141447236746219
terms_abstract_tfidf__anatomically,0.07196622318151434
terms_abstract_tfidf__anatomy,0.02832596870400075
terms_abstract_tfidf__anger,0.09989205814086048
terms_abstract_tfidf__angry,0.03288432825078268
terms_abstract_tfidf__angular,0.12815222453023767
terms_abstract_tfidf__angular gyrus,0.12281730764007677
terms_abstract_tfidf__animal,0.07847007562292077
terms_abstract_tfidf__animals,0.00042081621112364403
terms_abstract_tfidf__anisotropy,0.06780490539152173
terms_abstract_tfidf__anisotropy fa,0.06291995818047814
terms_abstract_tfidf__anterior,-0.05882686503107663
terms_abstract_tfidf__anterior cingulate,-0.04173826124163706
terms_abstract_tfidf__anterior hippocampus,0.15943234571983814
terms_abstract_tfidf__anterior insula,-0.20705838698515405
terms_abstract_tfidf__anterior insular,-0.20800520015607246
terms_abstract_tfidf__anterior intraparietal,-0.10552339283584179
terms_abstract_tfidf__anterior medial,0.19297308815408915
terms_abstract_tfidf__anterior posterior,0.18731132501525724
terms_abstract_tfidf__anterior prefrontal,-0.07406530467626472
terms_abstract_tfidf__anterior superior,-0.022834398459825656
terms_abstract_tfidf__anterior temporal,0.021700328219218728
terms_abstract_tfidf__anti,0.06553504036592325
terms_abstract_tfidf__anticipation,-0.01291175869878798
terms_abstract_tfidf__anticipatory,-0.014096734766277102
terms_abstract_tfidf__anxiety,0.07344841856238855
terms_abstract_tfidf__anxiety disorders,0.04720248852726692
terms_abstract_tfidf__apart,-0.05460549830629198
terms_abstract_tfidf__aphasia,-0.11390192519048965
terms_abstract_tfidf__apparent,0.02502241254788807
terms_abstract_tfidf__appear,-0.016484056110055698
terms_abstract_tfidf__appeared,0.014016528280401301
terms_abstract_tfidf__appears,0.05579158357466071
terms_abstract_tfidf__application,-0.0523276138818682
terms_abstract_tfidf__applied,-0.06498484599371007
terms_abstract_tfidf__apply,0.06582765696860018
terms_abstract_tfidf__applying,0.0046707999899558515
terms_abstract_tfidf__appraisal,0.08260447774619506
terms_abstract_tfidf__approach,0.17782304873516477
terms_abstract_tfidf__approaches,0.05591262746899499
terms_abstract_tfidf__appropriate,-0.0834830109149756
terms_abstract_tfidf__approximately,-0.0019186258110784906
terms_abstract_tfidf__architecture,0.035061515509262786
terms_abstract_tfidf__argue,-0.07035496240062077
terms_abstract_tfidf__arise,0.046778832811031595
terms_abstract_tfidf__arithmetic,-0.10618558527888253
terms_abstract_tfidf__arm,-0.014100165490251539
terms_abstract_tfidf__arousal,0.08628509397248023
terms_abstract_tfidf__arterial,0.014138340483230047
terms_abstract_tfidf__arterial spin,0.015306328061661526
terms_abstract_tfidf__articulatory,-0.13013805616366209
terms_abstract_tfidf__asd,0.08687069120142016
terms_abstract_tfidf__asked,-0.034201924186219375
terms_abstract_tfidf__aspect,-0.04535775308338519
terms_abstract_tfidf__aspects,-0.005535131157061967
terms_abstract_tfidf__assess,-0.0036666647582093005
terms_abstract_tfidf__assessed,0.12579175111654192
terms_abstract_tfidf__assessed using,-0.003153603977262809
terms_abstract_tfidf__assessing,0.014716965362678533
terms_abstract_tfidf__assessment,-0.04130773747141805
terms_abstract_tfidf__assessments,0.08009390323295855
terms_abstract_tfidf__assigned,0.05776486727059536
terms_abstract_tfidf__association,0.05102191754113657
terms_abstract_tfidf__associations,0.11670236476996444
terms_abstract_tfidf__associative,0.0726059652854518
terms_abstract_tfidf__assume,-0.07241432894503502
terms_abstract_tfidf__assumed,0.08620113636559154
terms_abstract_tfidf__assumption,-0.06477440558156881
terms_abstract_tfidf__asymmetry,-0.012485244947346307
terms_abstract_tfidf__atrophy,0.07905112660241945
terms_abstract_tfidf__attempt,-0.059696277565596034
terms_abstract_tfidf__attempted,-0.031189779649580283
terms_abstract_tfidf__attend,-0.05778073625639177
terms_abstract_tfidf__attended,0.014647537199906267
terms_abstract_tfidf__attending,-0.04409398465846012
terms_abstract_tfidf__attention,-0.028728592370159355
terms_abstract_tfidf__attention deficit,0.012284804283062297
terms_abstract_tfidf__attention network,0.03979741008952877
terms_abstract_tfidf__attention task,-0.049075428179652617
terms_abstract_tfidf__attentional,-0.11327575099818821
terms_abstract_tfidf__attentional control,-0.10286919402110126
terms_abstract_tfidf__attenuated,-0.008136663296101888
terms_abstract_tfidf__attenuation,0.12038713496860373
terms_abstract_tfidf__attributed,0.016269299069674427
terms_abstract_tfidf__attributes,-0.030299325033431877
terms_abstract_tfidf__attribution,0.024540985089607507
terms_abstract_tfidf__atypical,0.06754415839706564
terms_abstract_tfidf__audiovisual,0.002896996032009004
terms_abstract_tfidf__auditory,-0.08299849389224145
terms_abstract_tfidf__auditory cortex,0.0010031567960905343
terms_abstract_tfidf__auditory stimuli,-0.028472897873432122
terms_abstract_tfidf__auditory visual,-0.014599051448978839
terms_abstract_tfidf__autism,0.14300751289827596
terms_abstract_tfidf__autism spectrum,0.1195361573003824
terms_abstract_tfidf__autobiographical,0.24927512279961456
terms_abstract_tfidf__autobiographical memory,0.2551553148726763
terms_abstract_tfidf__automated,0.025550152934852757
terms_abstract_tfidf__automatic,0.02353545921689336
terms_abstract_tfidf__automatically,0.03636338818722253
terms_abstract_tfidf__autonomic,-0.04553949515939409
terms_abstract_tfidf__available,-0.04477554549063229
terms_abstract_tfidf__average,0.01891055959224122
terms_abstract_tfidf__aversive,-0.034232986319249745
terms_abstract_tfidf__avoid,-0.03538584162245229
terms_abstract_tfidf__avoidance,0.04505917653092068
terms_abstract_tfidf__awareness,-0.007507691289264152
terms_abstract_tfidf__away,0.04376589104409545
terms_abstract_tfidf__axis,0.10889973153039716
terms_abstract_tfidf__ba,-0.15713544926548237
terms_abstract_tfidf__ba 44,-0.10966365018147084
terms_abstract_tfidf__background,0.07595713544959777
terms_abstract_tfidf__balance,0.035679783700333076
terms_abstract_tfidf__band,0.1426121739202491
terms_abstract_tfidf__bands,0.08129026178934572
terms_abstract_tfidf__basal,-0.11417239672737295
terms_abstract_tfidf__basal ganglia,-0.10924167914542765
terms_abstract_tfidf__baseline,0.04782878774123875
terms_abstract_tfidf__bases,-0.019218650485572957
terms_abstract_tfidf__basic,-0.027401285296932518
terms_abstract_tfidf__basis,-0.10036799798601415
terms_abstract_tfidf__bayesian,-0.023836975231850112
terms_abstract_tfidf__beginning,-0.054639879054621504
terms_abstract_tfidf__behavior,-0.06038999548910857
terms_abstract_tfidf__behavioral,-0.11065765194184342
terms_abstract_tfidf__behavioral evidence,0.008465399271961783
terms_abstract_tfidf__behavioral level,-0.007791369095526614
terms_abstract_tfidf__behavioral measures,-0.082192915504596
terms_abstract_tfidf__behavioral performance,-0.12186181398515471
terms_abstract_tfidf__behavioral responses,-0.031561784562569285
terms_abstract_tfidf__behaviorally,-0.04150429385894385
terms_abstract_tfidf__behaviors,0.06155480807023441
terms_abstract_tfidf__behaviour,-0.056863843309688945
terms_abstract_tfidf__behavioural,-0.020600429297604292
terms_abstract_tfidf__belief,0.015997778991483778
terms_abstract_tfidf__beliefs,0.08813351401314853
terms_abstract_tfidf__believed,-0.011946621221846303
terms_abstract_tfidf__beneficial,0.05222086401696375
terms_abstract_tfidf__benefit,0.05529109473217202
terms_abstract_tfidf__benefits,0.01258431939824267
terms_abstract_tfidf__best,0.022483797421379313
terms_abstract_tfidf__beta,0.058190624130275696
terms_abstract_tfidf__better,0.06058528845088929
terms_abstract_tfidf__better understanding,0.003630278008319462
terms_abstract_tfidf__bias,0.04946637755704323
terms_abstract_tfidf__biased,0.007956148274392583
terms_abstract_tfidf__biases,-0.005934661794537931
terms_abstract_tfidf__bilaterally,-0.11189375195520763
terms_abstract_tfidf__bilinguals,-0.09169306231356114
terms_abstract_tfidf__binding,0.024455071831830363
terms_abstract_tfidf__biological,0.08076379723316428
terms_abstract_tfidf__biomarker,0.10756551055619698
terms_abstract_tfidf__biomarkers,0.09935873658267068
terms_abstract_tfidf__bipolar,0.035401091538187955
terms_abstract_tfidf__bipolar disorder,0.023414235919025715
terms_abstract_tfidf__blind,0.133282958274129
terms_abstract_tfidf__block,-0.0381522579265507
terms_abstract_tfidf__block design,-0.04525701731118758
terms_abstract_tfidf__blocked,-0.010888102826535141
terms_abstract_tfidf__blocks,-0.09099783195287767
terms_abstract_tfidf__blood,0.061928473059646216
terms_abstract_tfidf__blood flow,0.0323291955216999
terms_abstract_tfidf__blood oxygen,0.0643897601497594
terms_abstract_tfidf__blood oxygenation,0.04031365379328364
terms_abstract_tfidf__bodily,-0.029732197936687046
terms_abstract_tfidf__body,-0.05889557760357272
terms_abstract_tfidf__bold,0.025026168518056235
terms_abstract_tfidf__bold response,-0.045056665165570296
terms_abstract_tfidf__bold responses,-0.0027521412191386127
terms_abstract_tfidf__bold signal,0.06111802190953925
terms_abstract_tfidf__bold signals,0.038190954775833535
terms_abstract_tfidf__brains,0.0882115216510726
terms_abstract_tfidf__brainstem,0.022306893472299683
terms_abstract_tfidf__brief,0.024531168915209754
terms_abstract_tfidf__broad,-0.014578754125184171
terms_abstract_tfidf__broader,0.073832815540315
terms_abstract_tfidf__broca,-0.19534442835841181
terms_abstract_tfidf__brodmann,-0.12235852101572814
terms_abstract_tfidf__brodmann ba,-0.11834883854761852
terms_abstract_tfidf__button,0.017435808320776198
terms_abstract_tfidf__calculated,0.06934013410868435
terms_abstract_tfidf__calculation,-0.13040709911914145
terms_abstract_tfidf__called,0.04377376338447963
terms_abstract_tfidf__callosum,0.052282118966758
terms_abstract_tfidf__candidate,0.008312178080621123
terms_abstract_tfidf__canonical,0.008903802108693485
terms_abstract_tfidf__capacity,-0.07248665643067237
terms_abstract_tfidf__capture,0.027185881400516223
terms_abstract_tfidf__carried,-0.10228180169735818
terms_abstract_tfidf__carriers,0.09610837145049386
terms_abstract_tfidf__case,-0.01356448036441589
terms_abstract_tfidf__cases,0.02147189076949
terms_abstract_tfidf__categorical,0.007840999418330077
terms_abstract_tfidf__categories,0.07888201656469244
terms_abstract_tfidf__categorization,-0.02481118244664955
terms_abstract_tfidf__category,0.06686021160759667
terms_abstract_tfidf__caudal,-0.08766671541115985
terms_abstract_tfidf__caudate,-0.04725054915916164
terms_abstract_tfidf__caudate nucleus,-0.09016803717422242
terms_abstract_tfidf__causal,-0.08767601157147921
terms_abstract_tfidf__causal modeling,-0.14789015373927786
terms_abstract_tfidf__causality,0.06895578860031314
terms_abstract_tfidf__cause,0.04101706977858285
terms_abstract_tfidf__caused,-0.02133082264466739
terms_abstract_tfidf__causes,0.023168798401393364
terms_abstract_tfidf__center,-0.07358804937811803
terms_abstract_tfidf__centered,0.020248792681766794
terms_abstract_tfidf__central,0.01929928808042705
terms_abstract_tfidf__central role,0.020664532570552053
terms_abstract_tfidf__cerebellar,0.00368684865812161
terms_abstract_tfidf__cerebellum,-0.050848973527832145
terms_abstract_tfidf__cerebral,-0.03226351449672859
terms_abstract_tfidf__cerebral blood,0.056488854225666886
terms_abstract_tfidf__cerebral cortex,-0.014462094040010212
terms_abstract_tfidf__certain,-0.008619199228230881
terms_abstract_tfidf__challenge,0.02572484886761976
terms_abstract_tfidf__challenges,-0.04961904927925376
terms_abstract_tfidf__challenging,0.05184751057906577
terms_abstract_tfidf__change,0.020753220145969094
terms_abstract_tfidf__changed,0.07064130011545308
terms_abstract_tfidf__changing,-0.09841893587147657
terms_abstract_tfidf__character,-0.05392584548848775
terms_abstract_tfidf__characteristic,-0.0075057205239189954
terms_abstract_tfidf__characteristics,0.10082427928838093
terms_abstract_tfidf__characterization,0.047495161647452114
terms_abstract_tfidf__characterize,0.016542438047640932
terms_abstract_tfidf__characterized,0.12289239204605987
terms_abstract_tfidf__characterizing,0.0273394951716495
terms_abstract_tfidf__characters,-0.07172356819163314
terms_abstract_tfidf__childhood,0.11029800738920155
terms_abstract_tfidf__children,0.033095080397478584
terms_abstract_tfidf__children adolescents,0.07849868548429527
terms_abstract_tfidf__chinese,-0.10767521872792943
terms_abstract_tfidf__choice,-0.024822526351603327
terms_abstract_tfidf__choices,-0.033461473559709035
terms_abstract_tfidf__choose,-0.031912508606970924
terms_abstract_tfidf__chosen,0.011470260285434764
terms_abstract_tfidf__chronic,0.0431569769326612
terms_abstract_tfidf__chronic pain,0.006766161119334415
terms_abstract_tfidf__cingulate,0.06404731042536187
terms_abstract_tfidf__cingulate cortex,0.07108692006005525
terms_abstract_tfidf__cingulate cortices,-0.041831916342904334
terms_abstract_tfidf__cingulate gyrus,0.09225901914166064
terms_abstract_tfidf__circuit,-0.04865487371417679
terms_abstract_tfidf__circuitry,-0.009251307607064819
terms_abstract_tfidf__circuits,-0.054351237447735824
terms_abstract_tfidf__clarify,0.08461138675939982
terms_abstract_tfidf__class,-0.04103858579690066
terms_abstract_tfidf__classic,-0.005866736947158103
terms_abstract_tfidf__classical,-0.034479264137409024
terms_abstract_tfidf__classification,0.023448138491377002
terms_abstract_tfidf__classified,-0.018147238234811174
terms_abstract_tfidf__clear,-0.008882003224554126
terms_abstract_tfidf__clearly,-0.08326887522352182
terms_abstract_tfidf__clinical,0.08046767867126209
terms_abstract_tfidf__clinically,0.04491938869468904
terms_abstract_tfidf__clips,-0.025936853238622427
terms_abstract_tfidf__close,-0.02021967191798175
terms_abstract_tfidf__closed,0.0808991487116765
terms_abstract_tfidf__closely,0.006198864373986355
terms_abstract_tfidf__cluster,0.1040477821711358
terms_abstract_tfidf__clustering,0.055297805516787014
terms_abstract_tfidf__clusters,0.04011878374609056
terms_abstract_tfidf__code,-0.03922320287668841
terms_abstract_tfidf__coding,-0.10190199243921495
terms_abstract_tfidf__cognition,0.07746098448231807
terms_abstract_tfidf__cognitive,-0.037803916397999286
terms_abstract_tfidf__cognitive control,-0.14442973628074682
terms_abstract_tfidf__cognitive deficits,-0.06622118622961377
terms_abstract_tfidf__cognitive emotional,0.07891896193835822
terms_abstract_tfidf__cognitive function,-0.04266855678174462
terms_abstract_tfidf__cognitive functions,-0.07690522541558509
terms_abstract_tfidf__cognitive impairment,0.14057006865372595
terms_abstract_tfidf__cognitive neuroscience,0.052721819407936014
terms_abstract_tfidf__cognitive performance,0.04038307154145702
terms_abstract_tfidf__cognitive processes,-0.042309604745675196
terms_abstract_tfidf__cognitive task,0.10103070607799566
terms_abstract_tfidf__cognitive tasks,0.1107515679406976
terms_abstract_tfidf__cognitively,0.03395225650129742
terms_abstract_tfidf__coherence,0.09193491453365965
terms_abstract_tfidf__coherent,0.0914494977976287
terms_abstract_tfidf__cohort,0.0605532961649437
terms_abstract_tfidf__collected,0.04853341124430812
terms_abstract_tfidf__collectively,-0.03996670034836254
terms_abstract_tfidf__color,-0.05623218049028058
terms_abstract_tfidf__combination,-0.02808914766460705
terms_abstract_tfidf__combinations,0.008856788183172433
terms_abstract_tfidf__combined,-0.03983223599051407
terms_abstract_tfidf__combining,0.044205074089771604
terms_abstract_tfidf__common,-0.12430807166088637
terms_abstract_tfidf__commonly,0.10615361950618288
terms_abstract_tfidf__communication,0.02157429997929692
terms_abstract_tfidf__community,0.00020607940502725446
terms_abstract_tfidf__comparable,-0.04197723599493516
terms_abstract_tfidf__compare,0.023383626622068193
terms_abstract_tfidf__comparing,-0.043516738654060826
terms_abstract_tfidf__comparisons,0.032588370868711636
terms_abstract_tfidf__compatible,-0.08004915222603665
terms_abstract_tfidf__compensate,-0.10352977328228737
terms_abstract_tfidf__compensation,-0.03171085080756026
terms_abstract_tfidf__compensatory,-0.027328328831757558
terms_abstract_tfidf__competing,-0.07526165727669976
terms_abstract_tfidf__competition,-0.09464926424998825
terms_abstract_tfidf__complementary,0.031312486482342534
terms_abstract_tfidf__complete,0.013302400095418406
terms_abstract_tfidf__completed,0.07490886316462099
terms_abstract_tfidf__completely,0.046279269059785355
terms_abstract_tfidf__complex,0.08423378824383464
terms_abstract_tfidf__complexity,-0.13729104134930342
terms_abstract_tfidf__component,0.10834826072781366
terms_abstract_tfidf__component ica,0.1806625779746033
terms_abstract_tfidf__components,0.025362607980017448
terms_abstract_tfidf__composed,0.04798627711877009
terms_abstract_tfidf__comprehension,-0.05497086517112374
terms_abstract_tfidf__comprehensive,-0.07094240000800522
terms_abstract_tfidf__comprised,0.06425769454507421
terms_abstract_tfidf__compromised,0.05874509285971246
terms_abstract_tfidf__compulsive,-0.031032439790860004
terms_abstract_tfidf__compulsive disorder,-0.03586314854891449
terms_abstract_tfidf__computation,0.024755558232930238
terms_abstract_tfidf__computational,0.02734266141808496
terms_abstract_tfidf__computed,0.11646362077353778
terms_abstract_tfidf__concentration,-0.0025638955927666848
terms_abstract_tfidf__concept,0.06601305373467736
terms_abstract_tfidf__concepts,-0.002687605287771581
terms_abstract_tfidf__conceptual,0.023142050243039707
terms_abstract_tfidf__concerning,0.05226927007149086
terms_abstract_tfidf__conclude,-0.11289763795927336
terms_abstract_tfidf__conclusion,0.010159137845995465
terms_abstract_tfidf__concomitant,-0.018806137511926956
terms_abstract_tfidf__concrete,0.009076681951381614
terms_abstract_tfidf__concurrent,-0.01121294597396457
terms_abstract_tfidf__concurrently,0.02350815410418115
terms_abstract_tfidf__condition,-0.06613058913897284
terms_abstract_tfidf__conditioned,0.02682366112649426
terms_abstract_tfidf__conditioning,0.0069320733519031945
terms_abstract_tfidf__conditions,-0.07202188237119628
terms_abstract_tfidf__conductance,0.011669525907311861
terms_abstract_tfidf__conducted,-0.028559683955504254
terms_abstract_tfidf__confidence,0.11885044103174396
terms_abstract_tfidf__confirm,0.06485098244231995
terms_abstract_tfidf__confirmed,-0.016144902780122216
terms_abstract_tfidf__conflict,-0.16394659578961177
terms_abstract_tfidf__conflicting,-0.16430223778898817
terms_abstract_tfidf__confounding,0.01682924859302947
terms_abstract_tfidf__congruency,-0.10565394219764145
terms_abstract_tfidf__congruent,-0.1189873057009749
terms_abstract_tfidf__congruent incongruent,-0.07136960042857778
terms_abstract_tfidf__conjunction,-0.04193863975273047
terms_abstract_tfidf__connected,0.07369887647636993
terms_abstract_tfidf__connection,0.023601265549382223
terms_abstract_tfidf__connections,0.1011182098034349
terms_abstract_tfidf__connectivity,0.23081685842919994
terms_abstract_tfidf__connectivity amygdala,0.11710173699310428
terms_abstract_tfidf__connectivity analyses,0.022402400866252035
terms_abstract_tfidf__connectivity anterior,0.08771775162089698
terms_abstract_tfidf__connectivity fc,0.19741864536799109
terms_abstract_tfidf__connectivity networks,0.07330059005707885
terms_abstract_tfidf__connectivity patterns,0.12937813756818223
terms_abstract_tfidf__connectivity posterior,0.18276206074273438
terms_abstract_tfidf__connectivity rsfc,0.10307423255265255
terms_abstract_tfidf__connectivity using,0.04690146158249768
terms_abstract_tfidf__conscious,0.02495852833690304
terms_abstract_tfidf__consciousness,0.0884220967968601
terms_abstract_tfidf__consecutive,0.014476795306939013
terms_abstract_tfidf__consequence,-0.026186873733614852
terms_abstract_tfidf__consequences,0.04444268700089735
terms_abstract_tfidf__consequently,0.06072947249825731
terms_abstract_tfidf__consider,0.01928978619745177
terms_abstract_tfidf__considerable,0.020276434666092916
terms_abstract_tfidf__considered,0.06724341124519338
terms_abstract_tfidf__considering,0.05321430164818573
terms_abstract_tfidf__consisted,-0.03923375780794616
terms_abstract_tfidf__consistency,0.026096366802662665
terms_abstract_tfidf__consistently,0.006722525882310439
terms_abstract_tfidf__consisting,-0.11678081597508391
terms_abstract_tfidf__consists,-0.03737617082614757
terms_abstract_tfidf__consolidation,0.144373769799906
terms_abstract_tfidf__constant,0.026616903824514385
terms_abstract_tfidf__constitute,-0.03639010057853389
terms_abstract_tfidf__constrained,0.05945934533374935
terms_abstract_tfidf__constraints,0.0037569386687583825
terms_abstract_tfidf__construct,0.1032148227912843
terms_abstract_tfidf__constructed,0.08369640867153745
terms_abstract_tfidf__construction,0.15791216188512197
terms_abstract_tfidf__consumption,0.07352887680326094
terms_abstract_tfidf__contain,-0.02501728386106973
terms_abstract_tfidf__contained,0.0316820611701826
terms_abstract_tfidf__containing,-0.059708301687441255
terms_abstract_tfidf__contains,0.04968107668705016
terms_abstract_tfidf__content,0.08051605531988643
terms_abstract_tfidf__contents,0.00013074749588512326
terms_abstract_tfidf__context,0.01032128278364864
terms_abstract_tfidf__contexts,0.06273911338701188
terms_abstract_tfidf__contextual,0.057024104204996644
terms_abstract_tfidf__contingent,-0.017162459725086125
terms_abstract_tfidf__continuous,0.008250474063194919
terms_abstract_tfidf__continuously,0.02229676950417833
terms_abstract_tfidf__contralateral,-0.06411623445471473
terms_abstract_tfidf__contrary,-0.022212722871746575
terms_abstract_tfidf__contrast,-0.030352104416756922
terms_abstract_tfidf__contrasted,0.017568011106166202
terms_abstract_tfidf__contrasting,0.03956767893813412
terms_abstract_tfidf__contrasts,-0.01404126357799003
terms_abstract_tfidf__contribute,0.05947586926135053
terms_abstract_tfidf__contributed,0.032685217927648225
terms_abstract_tfidf__contributes,0.028147042789284503
terms_abstract_tfidf__contributing,-0.015010266542077282
terms_abstract_tfidf__contribution,-0.12355703838750513
terms_abstract_tfidf__contributions,0.01300169296715687
terms_abstract_tfidf__control,-0.21900248115731247
terms_abstract_tfidf__control condition,-0.07726811739778497
terms_abstract_tfidf__control conditions,-0.0783453215942514
terms_abstract_tfidf__control group,0.006644655670070443
terms_abstract_tfidf__control groups,0.017712204321549803
terms_abstract_tfidf__control network,-0.04892123623130705
terms_abstract_tfidf__control processes,-0.17343638248365234
terms_abstract_tfidf__control task,-0.1389917277120354
terms_abstract_tfidf__controlled,-0.11062330569194742
terms_abstract_tfidf__controlling,-0.008380620197000395
terms_abstract_tfidf__controls,0.10198384705723763
terms_abstract_tfidf__controls hc,0.09565263048301124
terms_abstract_tfidf__controls hcs,0.03836978998315579
terms_abstract_tfidf__controls using,0.059954968076281076
terms_abstract_tfidf__controversial,-0.0701974483425306
terms_abstract_tfidf__conventional,0.025708650760439662
terms_abstract_tfidf__convergence,-0.027650301103921224
terms_abstract_tfidf__converging,-0.039151107170179514
terms_abstract_tfidf__conversely,-0.011636456078633582
terms_abstract_tfidf__conveyed,-0.021142558918709305
terms_abstract_tfidf__coordinates,-0.012032766767333954
terms_abstract_tfidf__coordination,-0.05038109201624941
terms_abstract_tfidf__core,0.06864439294548903
terms_abstract_tfidf__corpus,0.05504611858437467
terms_abstract_tfidf__corpus callosum,0.052282118966758
terms_abstract_tfidf__correct,-0.1086042745627689
terms_abstract_tfidf__corrected,0.07700122417198746
terms_abstract_tfidf__correction,0.03618774398048026
terms_abstract_tfidf__correctly,-0.03216999635990252
terms_abstract_tfidf__correlate,-0.024952811475634287
terms_abstract_tfidf__correlated,0.10525588187797782
terms_abstract_tfidf__correlated negatively,0.09936249775732467
terms_abstract_tfidf__correlated positively,0.04611922307695035
terms_abstract_tfidf__correlates,0.031495708880750865
terms_abstract_tfidf__correlating,-0.0007405205614804615
terms_abstract_tfidf__correlation,0.1632299365898964
terms_abstract_tfidf__correlation analyses,-0.0126578085898006
terms_abstract_tfidf__correlations,0.14554174476792647
terms_abstract_tfidf__correspond,0.01962384410354958
terms_abstract_tfidf__corresponded,0.04811435303458484
terms_abstract_tfidf__correspondence,0.008949512241942901
terms_abstract_tfidf__corresponding,0.024167545762722117
terms_abstract_tfidf__cortex acc,-0.0491085872641376
terms_abstract_tfidf__cortex amygdala,0.03272494833690131
terms_abstract_tfidf__cortex anterior,-0.07517281840607373
terms_abstract_tfidf__cortex ba,-0.08213313168267056
terms_abstract_tfidf__cortex bilaterally,-0.07790032507616114
terms_abstract_tfidf__cortex cerebellum,-0.052680447748980834
terms_abstract_tfidf__cortex dacc,-0.03554917634404715
terms_abstract_tfidf__cortex dlpfc,-0.157982604038726
terms_abstract_tfidf__cortex dmpfc,0.09083767081718122
terms_abstract_tfidf__cortex dorsal,-0.09777410364081829
terms_abstract_tfidf__cortex dorsolateral,-0.08787440735770455
terms_abstract_tfidf__cortex frontal,-0.0649514528721725
terms_abstract_tfidf__cortex hippocampus,0.10611090818607705
terms_abstract_tfidf__cortex inferior,-0.1483495666019342
terms_abstract_tfidf__cortex insula,-0.1073741990874006
terms_abstract_tfidf__cortex involved,-0.10432051122534472
terms_abstract_tfidf__cortex lateral,-0.03504332000137602
terms_abstract_tfidf__cortex m1,-0.029062154598728667
terms_abstract_tfidf__cortex medial,0.1331730545184084
terms_abstract_tfidf__cortex middle,0.02448194636994901
terms_abstract_tfidf__cortex mpfc,0.16147780275900542
terms_abstract_tfidf__cortex ofc,0.010982084168085752
terms_abstract_tfidf__cortex parietal,-0.158129045580167
terms_abstract_tfidf__cortex pcc,0.25869776421627333
terms_abstract_tfidf__cortex pfc,-0.10718438059878305
terms_abstract_tfidf__cortex posterior,0.1896948540324629
terms_abstract_tfidf__cortex ppc,-0.06827415649491626
terms_abstract_tfidf__cortex precuneus,0.2463600478870127
terms_abstract_tfidf__cortex suggest,0.001581799953513809
terms_abstract_tfidf__cortex superior,-0.003021249849543762
terms_abstract_tfidf__cortex supplementary,-0.07161749710490474
terms_abstract_tfidf__cortex thalamus,-0.04358709956883081
terms_abstract_tfidf__cortex ventral,0.03921944590542684
terms_abstract_tfidf__cortex vlpfc,-0.02139546522260794
terms_abstract_tfidf__cortex vmpfc,0.15491524818104274
terms_abstract_tfidf__cortical,-0.06431732647369838
terms_abstract_tfidf__cortical involved,-0.028530088817908375
terms_abstract_tfidf__cortical network,-0.13177077449457217
terms_abstract_tfidf__cortical networks,-0.011721394274317844
terms_abstract_tfidf__cortical subcortical,-0.07604561133252383
terms_abstract_tfidf__cortical thickness,0.08464557298902714
terms_abstract_tfidf__cortices,-0.11286824703185046
terms_abstract_tfidf__cortico,-0.03520031849779084
terms_abstract_tfidf__cost,-0.04803980954269558
terms_abstract_tfidf__costs,-0.09760583573054178
terms_abstract_tfidf__coupled,0.015308649158401137
terms_abstract_tfidf__coupling,0.0724351888402354
terms_abstract_tfidf__course,0.10535247165447809
terms_abstract_tfidf__courses,-0.02007220104331425
terms_abstract_tfidf__covariance,0.02972071370852874
terms_abstract_tfidf__covaried,-0.0032787061856390854
terms_abstract_tfidf__covert,-0.07520488846496351
terms_abstract_tfidf__craving,0.0966173537692208
terms_abstract_tfidf__created,0.06645458833977029
terms_abstract_tfidf__criteria,0.021233879462149705
terms_abstract_tfidf__critical,-0.06262183300511501
terms_abstract_tfidf__critical role,-0.010975758271616046
terms_abstract_tfidf__critically,-0.03407558917085866
terms_abstract_tfidf__cross,0.04079450714183798
terms_abstract_tfidf__cross modal,-0.05719913282316733
terms_abstract_tfidf__cross sectional,0.1396807424667731
terms_abstract_tfidf__crossover,-0.014909321436450476
terms_abstract_tfidf__crucial,-0.027943408598424042
terms_abstract_tfidf__crucial role,-0.07560411999709389
terms_abstract_tfidf__crucially,-0.07719678730544914
terms_abstract_tfidf__crus,0.014867341310757662
terms_abstract_tfidf__cue,-0.07796059688583099
terms_abstract_tfidf__cued,-0.04140990266235764
terms_abstract_tfidf__cues,0.02181029427488032
terms_abstract_tfidf__cuneus,0.12011183864654955
terms_abstract_tfidf__current,0.07103329805792938
terms_abstract_tfidf__current functional,0.03534947286946638
terms_abstract_tfidf__currently,0.009915165619322056
terms_abstract_tfidf__dacc,-0.05765499591297995
terms_abstract_tfidf__daily,-0.04627610028685318
terms_abstract_tfidf__daily life,-0.008741288944015262
terms_abstract_tfidf__damage,0.09252729256080448
terms_abstract_tfidf__dataset,0.06900842506322309
terms_abstract_tfidf__datasets,0.060401722312856086
terms_abstract_tfidf__date,0.09198983942990441
terms_abstract_tfidf__day,0.06238213638063704
terms_abstract_tfidf__days,-0.020578652875335963
terms_abstract_tfidf__deactivated,0.13363704347174032
terms_abstract_tfidf__deactivation,0.21585891633576504
terms_abstract_tfidf__deactivations,0.18410046805979108
terms_abstract_tfidf__debate,0.021389760666672985
terms_abstract_tfidf__debated,-0.020100720887279547
terms_abstract_tfidf__decision,-0.056271855739904404
terms_abstract_tfidf__decision making,-0.020578846370229786
terms_abstract_tfidf__decision task,-0.017646919834520537
terms_abstract_tfidf__decisions,-0.03135148993795812
terms_abstract_tfidf__decline,0.03153770124896136
terms_abstract_tfidf__declines,0.01416802478076636
terms_abstract_tfidf__decoding,-0.023861925105206287
terms_abstract_tfidf__decreases,0.12209654546807772
terms_abstract_tfidf__decreasing,-0.016809406468605428
terms_abstract_tfidf__deep,0.05067501572733793
terms_abstract_tfidf__default,0.26430485439171325
terms_abstract_tfidf__default mode,0.26530119089718546
terms_abstract_tfidf__default network,0.2399765449629957
terms_abstract_tfidf__deficient,0.003205262926522847
terms_abstract_tfidf__deficit,-0.005698063484666217
terms_abstract_tfidf__deficit hyperactivity,0.025720524835785852
terms_abstract_tfidf__deficits,-0.032161150979825845
terms_abstract_tfidf__define,0.007020155880569154
terms_abstract_tfidf__defined,0.07965585699344555
terms_abstract_tfidf__degree,0.05778169741137743
terms_abstract_tfidf__degrees,-0.015504286864754462
terms_abstract_tfidf__delay,-0.011075798906039968
terms_abstract_tfidf__delayed,-0.034984664397232045
terms_abstract_tfidf__delivered,-0.044773669518760564
terms_abstract_tfidf__demand,-0.052575851370539994
terms_abstract_tfidf__demanding,-0.04571936150904484
terms_abstract_tfidf__demands,-0.16810277885266353
terms_abstract_tfidf__dementia,0.0014161206064732556
terms_abstract_tfidf__demonstrate,0.02080733513308014
terms_abstract_tfidf__demonstrated,0.030154328688008606
terms_abstract_tfidf__demonstrates,-0.020126668055150745
terms_abstract_tfidf__demonstrating,0.09581545396893378
terms_abstract_tfidf__density,0.09188098855870819
terms_abstract_tfidf__depend,0.018260248398651965
terms_abstract_tfidf__depended,0.05379459210214506
terms_abstract_tfidf__dependence,0.08300710746084487
terms_abstract_tfidf__depending,-0.06334975351974038
terms_abstract_tfidf__depends,0.025537604838669115
terms_abstract_tfidf__depicting,-0.04974553972927106
terms_abstract_tfidf__depressed,0.08555999390660335
terms_abstract_tfidf__depression,0.11753225220740061
terms_abstract_tfidf__depressive,0.10590339634810579
terms_abstract_tfidf__depressive disorder,0.06741259343228315
terms_abstract_tfidf__deprivation,0.039575662129623476
terms_abstract_tfidf__depth,0.007338202337643332
terms_abstract_tfidf__derived,0.1060266962750666
terms_abstract_tfidf__described,0.0006645409245798055
terms_abstract_tfidf__describing,-0.022900823404716896
terms_abstract_tfidf__design,-0.05788889442327128
terms_abstract_tfidf__designed,-0.0549548308234311
terms_abstract_tfidf__designs,0.025698068682171817
terms_abstract_tfidf__despite,0.03498879245351927
terms_abstract_tfidf__detailed,-0.0037301757109842724
terms_abstract_tfidf__details,0.1084881162581474
terms_abstract_tfidf__detect,0.031036348766156102
terms_abstract_tfidf__detected,0.009643975901323478
terms_abstract_tfidf__detecting,-0.11252112896252946
terms_abstract_tfidf__detection,-0.08737746637414048
terms_abstract_tfidf__detection task,-0.035915695690491474
terms_abstract_tfidf__determine,0.01604197567251489
terms_abstract_tfidf__determined,-0.0783935493947436
terms_abstract_tfidf__determining,0.0011242956077507553
terms_abstract_tfidf__develop,0.04908114465052697
terms_abstract_tfidf__developed,-0.02146858607419481
terms_abstract_tfidf__developing,0.09321349645295472
terms_abstract_tfidf__development,0.10270072846945005
terms_abstract_tfidf__developmental,-0.009271833261896602
terms_abstract_tfidf__diagnosed,0.04274194295918459
terms_abstract_tfidf__diagnosis,0.07619585860264337
terms_abstract_tfidf__diagnostic,0.04548518580881227
terms_abstract_tfidf__did,-0.033249947833235545
terms_abstract_tfidf__did differ,-0.0075435072098995245
terms_abstract_tfidf__differ,-0.012755437948880092
terms_abstract_tfidf__differed,0.015536737234448497
terms_abstract_tfidf__difference,0.08393133821859124
terms_abstract_tfidf__differential,-0.07208639663615825
terms_abstract_tfidf__differentially,-0.03944279484084209
terms_abstract_tfidf__differentiate,-0.04122798586302848
terms_abstract_tfidf__differentiated,0.035882864843108556
terms_abstract_tfidf__differentiation,0.056344118582369956
terms_abstract_tfidf__differently,0.05388412806980827
terms_abstract_tfidf__differing,-0.038862482759983094
terms_abstract_tfidf__differs,-0.005480603939991399
terms_abstract_tfidf__difficult,-0.0849042424701163
terms_abstract_tfidf__difficulties,0.07369997651228247
terms_abstract_tfidf__difficulty,-0.0934576873376496
terms_abstract_tfidf__diffusion,0.04804602821286311
terms_abstract_tfidf__diffusion tensor,0.06739021653578485
terms_abstract_tfidf__digit,-0.026689832350948375
terms_abstract_tfidf__dimension,0.0012861740940178998
terms_abstract_tfidf__dimensional,0.07396718945732808
terms_abstract_tfidf__dimensions,0.004590515365864829
terms_abstract_tfidf__diminished,0.08255266416442432
terms_abstract_tfidf__direct,-0.03519385711342547
terms_abstract_tfidf__direct evidence,-0.051089375683447034
terms_abstract_tfidf__directed,0.0351811652452238
terms_abstract_tfidf__direction,-0.027308530067632425
terms_abstract_tfidf__directions,0.06656538817232788
terms_abstract_tfidf__directly,-0.09336519591181572
terms_abstract_tfidf__disability,0.02837092231627369
terms_abstract_tfidf__discrete,-0.018680702625332293
terms_abstract_tfidf__discriminate,-0.01784544884199592
terms_abstract_tfidf__discriminated,-0.02900007531378462
terms_abstract_tfidf__discrimination,-0.06509190878367907
terms_abstract_tfidf__discrimination task,-0.024442272546626315
terms_abstract_tfidf__discriminative,-0.03310881206878139
terms_abstract_tfidf__discuss,0.027718546670230812
terms_abstract_tfidf__discussed,0.02400396478378901
terms_abstract_tfidf__discussion,0.015660508633185685
terms_abstract_tfidf__disease,0.10113861960150304
terms_abstract_tfidf__disease ad,0.17894848798539364
terms_abstract_tfidf__disease pd,-0.043588585722226035
terms_abstract_tfidf__diseases,0.06030128358333732
terms_abstract_tfidf__disentangle,-0.12969463118966248
terms_abstract_tfidf__disgust,0.03440145774440981
terms_abstract_tfidf__disorder,0.0665027182777624
terms_abstract_tfidf__disorder adhd,-0.005186443860318612
terms_abstract_tfidf__disorder mdd,0.0742553900094606
terms_abstract_tfidf__disorder ocd,-0.06038354785075275
terms_abstract_tfidf__disorder ptsd,0.0889281441282025
terms_abstract_tfidf__disorders,0.1395244201213329
terms_abstract_tfidf__display,0.07836963325206776
terms_abstract_tfidf__displayed,0.04250359236230333
terms_abstract_tfidf__displays,0.06242347151146531
terms_abstract_tfidf__disrupted,0.10440629104025273
terms_abstract_tfidf__disruption,0.03516787257140728
terms_abstract_tfidf__dissociable,-0.0570257564482467
terms_abstract_tfidf__dissociate,-0.13819683675375694
terms_abstract_tfidf__dissociated,-0.04519096449406824
terms_abstract_tfidf__dissociation,0.008219822952230138
terms_abstract_tfidf__distance,-0.02080230311735613
terms_abstract_tfidf__distinction,0.01908625059602455
terms_abstract_tfidf__distinguish,0.038160473583421894
terms_abstract_tfidf__distinguished,-0.0019913442842962007
terms_abstract_tfidf__distraction,-0.07427165941454787
terms_abstract_tfidf__distractor,-0.06419555750114428
terms_abstract_tfidf__distractors,-0.029927753539443065
terms_abstract_tfidf__distress,0.051529885981471554
terms_abstract_tfidf__distributed,-0.04705238413309261
terms_abstract_tfidf__distributed network,0.005276191130451039
terms_abstract_tfidf__distribution,-0.028537414429214206
terms_abstract_tfidf__disturbances,0.019385989780529272
terms_abstract_tfidf__disturbed,-0.09222927867041503
terms_abstract_tfidf__divergent,0.04757311522294456
terms_abstract_tfidf__diverse,0.0013327246690197144
terms_abstract_tfidf__divided,-0.03239387707704577
terms_abstract_tfidf__dlpfc,-0.16117132510484178
terms_abstract_tfidf__dmn,0.2856978753616671
terms_abstract_tfidf__dmpfc,0.09472173081981729
terms_abstract_tfidf__documented,-0.0281371873307095
terms_abstract_tfidf__does,-0.01937405591951179
terms_abstract_tfidf__domain,-0.09750345791364486
terms_abstract_tfidf__domain general,-0.13574894180613084
terms_abstract_tfidf__domains,-0.047357403551024226
terms_abstract_tfidf__dominance,-0.12008509238062315
terms_abstract_tfidf__dominant,-0.08937627623844632
terms_abstract_tfidf__dopamine,-0.046006571052870864
terms_abstract_tfidf__dopaminergic,-0.009211313142606285
terms_abstract_tfidf__dorsal,-0.10199582728462613
terms_abstract_tfidf__dorsal anterior,-0.039503513107524736
terms_abstract_tfidf__dorsal attention,0.08050702234281108
terms_abstract_tfidf__dorsal medial,0.09311010194224138
terms_abstract_tfidf__dorsal premotor,-0.08857354155646138
terms_abstract_tfidf__dorsal striatum,-0.0629194660168166
terms_abstract_tfidf__dorsal ventral,-0.0922066914084547
terms_abstract_tfidf__dorsolateral,-0.19291806670045
terms_abstract_tfidf__dorsolateral pfc,-0.06904251165587467
terms_abstract_tfidf__dorsolateral prefrontal,-0.19379202840524026
terms_abstract_tfidf__dorsomedial,0.01835984637001001
terms_abstract_tfidf__dorsomedial prefrontal,0.0323963374835015
terms_abstract_tfidf__dose,0.02090628453405265
terms_abstract_tfidf__dot,0.042462273839427314
terms_abstract_tfidf__double,0.02997663615424465
terms_abstract_tfidf__double blind,0.054693566575319895
terms_abstract_tfidf__drive,0.04085538845509498
terms_abstract_tfidf__driven,0.04702650621370816
terms_abstract_tfidf__driving,0.03722610686022698
terms_abstract_tfidf__drug,0.020656638036150483
terms_abstract_tfidf__drugs,-0.003173491898827788
terms_abstract_tfidf__dti,0.07940094552696622
terms_abstract_tfidf__dual,-0.06704502586737113
terms_abstract_tfidf__duration,-0.001011239326849065
terms_abstract_tfidf__dynamic,0.059057843528389144
terms_abstract_tfidf__dynamic causal,-0.13504591056512855
terms_abstract_tfidf__dynamically,-0.028838336826320015
terms_abstract_tfidf__dynamics,0.06115889081768565
terms_abstract_tfidf__dysfunction,0.09810010227465434
terms_abstract_tfidf__dysfunctional,0.013394558701125008
terms_abstract_tfidf__dysfunctions,0.07753391091497716
terms_abstract_tfidf__dyslexia,-0.07369516927429577
terms_abstract_tfidf__dysregulation,0.05577704122487938
terms_abstract_tfidf__earlier,-0.02720139804063015
terms_abstract_tfidf__early,0.10233525870903576
terms_abstract_tfidf__early stage,-0.05353920244375794
terms_abstract_tfidf__early stages,-0.04098945307992285
terms_abstract_tfidf__early visual,0.09816608846959762
terms_abstract_tfidf__easy,-0.05539018399922548
terms_abstract_tfidf__eating,0.03150415923648843
terms_abstract_tfidf__echo,0.07303148688142988
terms_abstract_tfidf__economic,0.029211048947060673
terms_abstract_tfidf__education,-0.005944189681839142
terms_abstract_tfidf__eeg,0.09792372934033884
terms_abstract_tfidf__effect,0.06632852888450638
terms_abstract_tfidf__effective,-0.011012642748402867
terms_abstract_tfidf__effective connectivity,-0.05836617606005562
terms_abstract_tfidf__effectively,-0.018316359865445022
terms_abstract_tfidf__effects,0.046774126556504314
terms_abstract_tfidf__efficacy,-0.037548708217972515
terms_abstract_tfidf__efficiency,-0.03893648410572825
terms_abstract_tfidf__efficient,-0.08187931364051093
terms_abstract_tfidf__effort,-0.08902616429276503
terms_abstract_tfidf__effortful,-0.11057627933337187
terms_abstract_tfidf__eighteen,-0.024383676039204147
terms_abstract_tfidf__elderly,0.13947437190642376
terms_abstract_tfidf__electrical,-0.08466284910717663
terms_abstract_tfidf__electroencephalography,0.0317032433634867
terms_abstract_tfidf__electroencephalography eeg,0.036371621193114066
terms_abstract_tfidf__electrophysiological,0.0076248789815997
terms_abstract_tfidf__elements,0.0205747019435776
terms_abstract_tfidf__elevated,0.04962332098904096
terms_abstract_tfidf__elicit,-0.0076090388475846165
terms_abstract_tfidf__elicited,0.024505976922638686
terms_abstract_tfidf__elicits,0.007625518806813699
terms_abstract_tfidf__elucidate,-0.03627818933109498
terms_abstract_tfidf__elucidated,0.017209465651923963
terms_abstract_tfidf__elusive,-0.05845963516971352
terms_abstract_tfidf__embedded,-0.015945417912028803
terms_abstract_tfidf__emerge,0.0383189304542212
terms_abstract_tfidf__emerged,0.052119799961598906
terms_abstract_tfidf__emergence,-0.056076784471702466
terms_abstract_tfidf__emerging,0.06476796635425164
terms_abstract_tfidf__emission,0.014825836151010798
terms_abstract_tfidf__emission tomography,-0.007681407664158816
terms_abstract_tfidf__emotion,0.08440112872293665
terms_abstract_tfidf__emotion regulation,0.010849624577625299
terms_abstract_tfidf__emotional,0.08655474639490025
terms_abstract_tfidf__emotional faces,0.03637309573182748
terms_abstract_tfidf__emotional information,0.014600443719556625
terms_abstract_tfidf__emotional responses,0.0848328925858252
terms_abstract_tfidf__emotional stimuli,0.1307131332998748
terms_abstract_tfidf__emotional valence,0.11460049428521886
terms_abstract_tfidf__emotionally,0.09679227459262392
terms_abstract_tfidf__emotions,0.08978723320498277
terms_abstract_tfidf__empathic,-0.07731749639292705
terms_abstract_tfidf__empathy,-0.06428180753506149
terms_abstract_tfidf__emphasize,-0.02527137942776952
terms_abstract_tfidf__empirical,-0.022742256852834035
terms_abstract_tfidf__employed,-0.04237704054971057
terms_abstract_tfidf__employing,-0.00305576484797716
terms_abstract_tfidf__enable,0.024350555096511784
terms_abstract_tfidf__enabled,-0.03072493890841735
terms_abstract_tfidf__enables,0.05716503468936788
terms_abstract_tfidf__encode,-0.0027398912460241723
terms_abstract_tfidf__encoded,0.10441797634922874
terms_abstract_tfidf__encoding,0.0801458056902531
terms_abstract_tfidf__encoding retrieval,0.08066723567691232
terms_abstract_tfidf__encompassing,0.033779683418121084
terms_abstract_tfidf__end,-0.047856345960609246
terms_abstract_tfidf__endogenous,-0.03445071796942186
terms_abstract_tfidf__engage,0.00803111830286587
terms_abstract_tfidf__engaged,0.012773399752254198
terms_abstract_tfidf__engagement,-0.04284309924741892
terms_abstract_tfidf__engages,0.0032998278254893743
terms_abstract_tfidf__engaging,-0.043991531236888884
terms_abstract_tfidf__english,-0.09813916963973036
terms_abstract_tfidf__enhance,0.11348248489251656
terms_abstract_tfidf__enhancement,0.07063151122732006
terms_abstract_tfidf__enhances,0.062226023990734604
terms_abstract_tfidf__enhancing,-0.06468339557050698
terms_abstract_tfidf__entire,-0.043901513820299165
terms_abstract_tfidf__environment,0.05413867971038315
terms_abstract_tfidf__environmental,0.007727844411646325
terms_abstract_tfidf__environments,-0.0011770435145391106
terms_abstract_tfidf__epilepsy,0.12021559128305345
terms_abstract_tfidf__episode,0.08393714885271787
terms_abstract_tfidf__episodes,0.07288240291626123
terms_abstract_tfidf__episodic,0.214799619004501
terms_abstract_tfidf__episodic memory,0.21257100638019763
terms_abstract_tfidf__equal,-0.09608595675989072
terms_abstract_tfidf__equally,-0.09398841766627357
terms_abstract_tfidf__equivalent,-0.04566692506530697
terms_abstract_tfidf__erp,0.02559141938838545
terms_abstract_tfidf__error,-0.15561679659286748
terms_abstract_tfidf__errors,-0.14030950957939764
terms_abstract_tfidf__especially,-0.001507231261161405
terms_abstract_tfidf__essential,-0.06229420569927921
terms_abstract_tfidf__establish,0.0096091350112833
terms_abstract_tfidf__established,0.05935944856826138
terms_abstract_tfidf__estimate,0.05560579118438026
terms_abstract_tfidf__estimated,0.095096149145984
terms_abstract_tfidf__estimates,0.06861671175212283
terms_abstract_tfidf__estimation,0.0369029592047272
terms_abstract_tfidf__et,-0.03943424776253263
terms_abstract_tfidf__et al,-0.025324755917631333
terms_abstract_tfidf__evaluate,0.02237339427901736
terms_abstract_tfidf__evaluated,0.013728844464820495
terms_abstract_tfidf__evaluating,0.06236797383737425
terms_abstract_tfidf__evaluation,0.06975263155036712
terms_abstract_tfidf__evaluations,0.10757820207148203
terms_abstract_tfidf__event,-0.05397673309595806
terms_abstract_tfidf__event design,-0.06796695627825008
terms_abstract_tfidf__event functional,-0.13623771339032523
terms_abstract_tfidf__event potential,0.05727460015247408
terms_abstract_tfidf__event potentials,0.010230862214635017
terms_abstract_tfidf__events,0.1283220251357045
terms_abstract_tfidf__everyday,0.06553344232426411
terms_abstract_tfidf__everyday life,0.007793255008403742
terms_abstract_tfidf__evidence,0.0026244361181896724
terms_abstract_tfidf__evidence suggests,0.06168471251937552
terms_abstract_tfidf__evidenced,0.06991212010456765
terms_abstract_tfidf__evident,0.038316685310980564
terms_abstract_tfidf__evoke,-0.007766877370127981
terms_abstract_tfidf__evoked,-0.02139912960362795
terms_abstract_tfidf__evolution,-0.03913031463055603
terms_abstract_tfidf__exact,0.01676755994882833
terms_abstract_tfidf__examination,0.10048972017156468
terms_abstract_tfidf__examining,0.05329039877681761
terms_abstract_tfidf__example,-0.0030077093246775695
terms_abstract_tfidf__excessive,0.0035989165276813398
terms_abstract_tfidf__exclusively,-0.008511710745232768
terms_abstract_tfidf__executed,-0.03512303420039512
terms_abstract_tfidf__execution,-0.1278496495807227
terms_abstract_tfidf__executive,-0.13060365963899948
terms_abstract_tfidf__executive control,-0.05359465634676167
terms_abstract_tfidf__executive function,-0.03977421626029165
terms_abstract_tfidf__executive functions,-0.15814790583384183
terms_abstract_tfidf__exert,-0.04144888980735435
terms_abstract_tfidf__exhibit,0.0016045299527654646
terms_abstract_tfidf__exhibited,0.07805992401536259
terms_abstract_tfidf__exhibited greater,0.005759487876922563
terms_abstract_tfidf__exhibiting,0.018953629208056384
terms_abstract_tfidf__exist,-0.017471021515539684
terms_abstract_tfidf__existence,-0.0051381219017013185
terms_abstract_tfidf__existing,-0.03690465992675822
terms_abstract_tfidf__exists,-0.032530042487313796
terms_abstract_tfidf__expectancy,-0.12512694925094023
terms_abstract_tfidf__expectation,-0.06040267054832103
terms_abstract_tfidf__expectations,0.06536182646474611
terms_abstract_tfidf__expected,-0.009298576563773916
terms_abstract_tfidf__experience,0.09285944158930162
terms_abstract_tfidf__experienced,0.01124461835550337
terms_abstract_tfidf__experiences,0.14514766682909236
terms_abstract_tfidf__experiencing,-0.0016356138033799122
terms_abstract_tfidf__experiment,-0.0641988178241693
terms_abstract_tfidf__experimental,0.015482746013745777
terms_abstract_tfidf__experimental conditions,0.020580653793716264
terms_abstract_tfidf__experimentally,0.03648793628885535
terms_abstract_tfidf__experiments,-0.0022345548332528263
terms_abstract_tfidf__expertise,0.005042987551902877
terms_abstract_tfidf__explain,0.022947579434944868
terms_abstract_tfidf__explained,0.06422170020606673
terms_abstract_tfidf__explanation,0.06703933581617315
terms_abstract_tfidf__explicit,0.04992482485785946
terms_abstract_tfidf__explicitly,-0.003526544489990031
terms_abstract_tfidf__exploration,-0.040801774209571234
terms_abstract_tfidf__exploratory,0.04881414342834039
terms_abstract_tfidf__explore,0.021017664248325175
terms_abstract_tfidf__explored,0.0494568367105071
terms_abstract_tfidf__exploring,-0.09341561982483446
terms_abstract_tfidf__exposed,-0.008779416090263439
terms_abstract_tfidf__exposure,0.08597950795754052
terms_abstract_tfidf__expressed,-0.0354160500034245
terms_abstract_tfidf__expression,0.02813544658725806
terms_abstract_tfidf__expressions,0.039711446052268826
terms_abstract_tfidf__extend,0.05225761369462799
terms_abstract_tfidf__extended,0.07267834131559073
terms_abstract_tfidf__extending,0.03309680984051102
terms_abstract_tfidf__extends,0.0671178149476738
terms_abstract_tfidf__extension,0.015111900282540522
terms_abstract_tfidf__extensive,0.04083701184723516
terms_abstract_tfidf__extensively,-0.05307183830216784
terms_abstract_tfidf__extent,-0.03194489017927807
terms_abstract_tfidf__external,0.05950822329453916
terms_abstract_tfidf__externally,-0.058582242537267924
terms_abstract_tfidf__extinction,0.045597189905836236
terms_abstract_tfidf__extra,0.04189346522733157
terms_abstract_tfidf__extract,0.006246848375765186
terms_abstract_tfidf__extracted,0.11985119309742266
terms_abstract_tfidf__extrastriate,0.06917023584998257
terms_abstract_tfidf__eye,-0.05885528836041672
terms_abstract_tfidf__eye field,-0.09916973100402388
terms_abstract_tfidf__eye fields,-0.07245034284728573
terms_abstract_tfidf__eye movement,0.02243438788773961
terms_abstract_tfidf__eye movements,-0.05845742374175487
terms_abstract_tfidf__eyes,0.09537457433550288
terms_abstract_tfidf__fa,0.061440923760380274
terms_abstract_tfidf__face,0.07596460915267413
terms_abstract_tfidf__face ffa,0.08166995347397163
terms_abstract_tfidf__face recognition,0.08365877691520135
terms_abstract_tfidf__faces,0.10960764449236002
terms_abstract_tfidf__facial,0.05267410534371355
terms_abstract_tfidf__facial expression,0.01972944632787333
terms_abstract_tfidf__facial expressions,0.044189685038275604
terms_abstract_tfidf__facilitate,0.031293145089966744
terms_abstract_tfidf__facilitated,0.014570483966385635
terms_abstract_tfidf__facilitates,-0.04662953942481937
terms_abstract_tfidf__facilitation,-0.049935975888979765
terms_abstract_tfidf__fact,0.05720533523051778
terms_abstract_tfidf__factor,0.0365586563850322
terms_abstract_tfidf__factorial,-0.07188155248098001
terms_abstract_tfidf__factorial design,-0.0349121310071987
terms_abstract_tfidf__factors,-0.012680728101054854
terms_abstract_tfidf__failed,-0.08523107045339169
terms_abstract_tfidf__failure,0.0038178190972783365
terms_abstract_tfidf__false,-0.008757537727020967
terms_abstract_tfidf__familiar,0.09067868870586746
terms_abstract_tfidf__familiarity,0.11544306501421688
terms_abstract_tfidf__family,0.03237646356922699
terms_abstract_tfidf__far,0.027297861751482525
terms_abstract_tfidf__fasciculus,0.02730672780507548
terms_abstract_tfidf__fashion,-0.0566253289292141
terms_abstract_tfidf__fast,-0.03903229420474124
terms_abstract_tfidf__faster,0.012226623332911954
terms_abstract_tfidf__fc,0.20357034737851848
terms_abstract_tfidf__fear,0.05045935580070575
terms_abstract_tfidf__fearful,0.061350607057370964
terms_abstract_tfidf__fearful faces,0.06906604359062002
terms_abstract_tfidf__feature,-0.02021490613435116
terms_abstract_tfidf__features,0.03531822985566407
terms_abstract_tfidf__feedback,-0.04639356158906596
terms_abstract_tfidf__feeling,0.026808050650357882
terms_abstract_tfidf__feelings,0.048068344532505386
terms_abstract_tfidf__female,0.072095335362592
terms_abstract_tfidf__females,0.02483601846000182
terms_abstract_tfidf__fewer,0.008853075839179615
terms_abstract_tfidf__ffa,0.0765911665957192
terms_abstract_tfidf__fiber,-0.010390033159634883
terms_abstract_tfidf__field,0.021579545405247393
terms_abstract_tfidf__fields,-0.03784249322197587
terms_abstract_tfidf__final,0.05636259225614948
terms_abstract_tfidf__finally,0.04446025127442192
terms_abstract_tfidf__fine,-0.034544544377887086
terms_abstract_tfidf__finger,-0.09647693634249582
terms_abstract_tfidf__finger movements,-0.10200791161553036
terms_abstract_tfidf__finger tapping,-0.07460834424361987
terms_abstract_tfidf__fixation,0.043944836058531
terms_abstract_tfidf__fixed,-0.013743163844180398
terms_abstract_tfidf__flexibility,-0.06834423809830596
terms_abstract_tfidf__flexible,-0.05721723075981747
terms_abstract_tfidf__flexibly,-0.06375374707861503
terms_abstract_tfidf__flow,0.06660610178605944
terms_abstract_tfidf__fluctuation,0.11549712834479418
terms_abstract_tfidf__fluctuations,0.16635027489081555
terms_abstract_tfidf__fluency,-0.049368841334517494
terms_abstract_tfidf__focal,0.058270887251286194
terms_abstract_tfidf__foci,-0.02266763890963377
terms_abstract_tfidf__focus,0.042428533789992354
terms_abstract_tfidf__focused,0.011173723920673166
terms_abstract_tfidf__focusing,-0.043733109586351356
terms_abstract_tfidf__follow,0.034580585087816966
terms_abstract_tfidf__followed,0.07308055449987533
terms_abstract_tfidf__following,0.057917885610117965
terms_abstract_tfidf__food,0.008220741578324555
terms_abstract_tfidf__foot,-0.05735060160030558
terms_abstract_tfidf__force,-0.07368571756200681
terms_abstract_tfidf__form,-0.013988940387924009
terms_abstract_tfidf__formation,0.15084250155569295
terms_abstract_tfidf__formed,0.010480538428661815
terms_abstract_tfidf__forms,-0.09931014633705297
terms_abstract_tfidf__forward,-0.03564825168149072
terms_abstract_tfidf__fourteen,-0.02666839814586915
terms_abstract_tfidf__fractional,0.10659665788914635
terms_abstract_tfidf__fractional anisotropy,0.06627813045142912
terms_abstract_tfidf__framework,0.11858182691199551
terms_abstract_tfidf__free,-0.009814996993593728
terms_abstract_tfidf__frequencies,0.022843859748049547
terms_abstract_tfidf__frequency,0.0876778506342434
terms_abstract_tfidf__frequency fluctuations,0.1647460637257726
terms_abstract_tfidf__frequent,-0.07069723618029505
terms_abstract_tfidf__frequently,-0.05180255217282189
terms_abstract_tfidf__frontal,-0.24811078012231122
terms_abstract_tfidf__frontal cortex,-0.208470864654959
terms_abstract_tfidf__frontal cortices,-0.14441905402229221
terms_abstract_tfidf__frontal eye,-0.09745976321058848
terms_abstract_tfidf__frontal gyri,-0.10035175944509582
terms_abstract_tfidf__frontal gyrus,-0.20020390954295217
terms_abstract_tfidf__frontal lobe,-0.06049103085883851
terms_abstract_tfidf__frontal lobes,-0.06849491961688609
terms_abstract_tfidf__frontal operculum,-0.19321450220485284
terms_abstract_tfidf__frontal parietal,-0.12255838401779498
terms_abstract_tfidf__frontal temporal,-0.05143957036887017
terms_abstract_tfidf__fronto,-0.1665524943479803
terms_abstract_tfidf__fronto parietal,-0.14669179063219784
terms_abstract_tfidf__fronto striatal,-0.08067043032840465
terms_abstract_tfidf__fronto temporal,-0.03909736672741414
terms_abstract_tfidf__frontoparietal,-0.12299767394067602
terms_abstract_tfidf__frontoparietal network,-0.10935815340952086
terms_abstract_tfidf__frontopolar,-0.04806335388443899
terms_abstract_tfidf__frontotemporal,-0.0892591747598742
terms_abstract_tfidf__fully,0.012835888033738963
terms_abstract_tfidf__function,0.06303933775571015
terms_abstract_tfidf__functional abnormalities,0.03881733876164228
terms_abstract_tfidf__functional connections,0.16328448905402537
terms_abstract_tfidf__functional connectivity,0.226089719791992
terms_abstract_tfidf__functional coupling,0.05185756752515566
terms_abstract_tfidf__functional magnetic,-0.12415404191948584
terms_abstract_tfidf__functional network,0.050120035478099074
terms_abstract_tfidf__functional networks,0.10855055817505878
terms_abstract_tfidf__functional neuroanatomy,-0.03907562872762204
terms_abstract_tfidf__functional organization,0.046236312398754524
terms_abstract_tfidf__functional role,0.007989817980327676
terms_abstract_tfidf__functional structural,-0.027234795844446522
terms_abstract_tfidf__functionally,0.08602700517289237
terms_abstract_tfidf__functionally connected,0.04421554397774407
terms_abstract_tfidf__functioning,0.09890788727466604
terms_abstract_tfidf__functions,-0.13920294564431132
terms_abstract_tfidf__fundamental,-0.00015356085679504001
terms_abstract_tfidf__furthermore,-0.008707793196682077
terms_abstract_tfidf__fusiform,0.08479771660332307
terms_abstract_tfidf__fusiform face,0.07750442868087826
terms_abstract_tfidf__fusiform gyri,0.07528223094636617
terms_abstract_tfidf__fusiform gyrus,0.051115419229136
terms_abstract_tfidf__future,0.14703124452835387
terms_abstract_tfidf__gain,-0.031074593090185218
terms_abstract_tfidf__gains,-0.0038510192305583326
terms_abstract_tfidf__gambling,0.06092073093969872
terms_abstract_tfidf__game,-0.022463138272518262
terms_abstract_tfidf__gamma,0.05900243887056974
terms_abstract_tfidf__ganglia,-0.10821079899073993
terms_abstract_tfidf__gap,0.04447693494233797
terms_abstract_tfidf__gaze,0.012285614880639556
terms_abstract_tfidf__gender,0.11177171097179435
terms_abstract_tfidf__gene,0.022098229581095093
terms_abstract_tfidf__general,-0.07765605699661943
terms_abstract_tfidf__general linear,0.04453139920340411
terms_abstract_tfidf__generalized,0.10057417453464024
terms_abstract_tfidf__generally,0.01401989697205904
terms_abstract_tfidf__generate,0.04807374142210259
terms_abstract_tfidf__generated,0.07216998275904199
terms_abstract_tfidf__generating,0.023601815009768184
terms_abstract_tfidf__generation,-0.07681465738237818
terms_abstract_tfidf__genes,0.027850186941881568
terms_abstract_tfidf__genetic,0.060901921050230616
terms_abstract_tfidf__genetic risk,0.04711720095402221
terms_abstract_tfidf__genotype,0.05068843309034338
terms_abstract_tfidf__german,-0.06198717499494397
terms_abstract_tfidf__gestures,-0.057998187900686185
terms_abstract_tfidf__given,-0.06652411684991062
terms_abstract_tfidf__global,0.10911363358640425
terms_abstract_tfidf__globus,-0.07095058206731002
terms_abstract_tfidf__globus pallidus,-0.07160932816905206
terms_abstract_tfidf__gm,0.025191274213910778
terms_abstract_tfidf__gm volume,0.0057609871523278304
terms_abstract_tfidf__goal,-0.013482720314921554
terms_abstract_tfidf__goal directed,0.010512781242280788
terms_abstract_tfidf__goals,-0.021955517537983856
terms_abstract_tfidf__good,0.012658105583121524
terms_abstract_tfidf__gradient,0.04707109829452411
terms_abstract_tfidf__granger,0.05647258252516495
terms_abstract_tfidf__graph,0.11478294872130287
terms_abstract_tfidf__grasping,-0.06247959907340013
terms_abstract_tfidf__gray,0.04145803961481447
terms_abstract_tfidf__gray matter,0.027691263922739066
terms_abstract_tfidf__great,0.10751064855438908
terms_abstract_tfidf__greater,-0.056115299316431826
terms_abstract_tfidf__greater extent,-0.07804105237379069
terms_abstract_tfidf__greatest,0.036045946636982684
terms_abstract_tfidf__grey,0.03574387048048186
terms_abstract_tfidf__grey matter,0.03911961576355072
terms_abstract_tfidf__group,0.04327342397954974
terms_abstract_tfidf__group comparisons,0.0011275439217080865
terms_abstract_tfidf__group healthy,0.06846710903061079
terms_abstract_tfidf__group level,-0.009249722156211058
terms_abstract_tfidf__groups,0.08247670803579905
terms_abstract_tfidf__growing,0.00668672637741037
terms_abstract_tfidf__guide,-0.058052008787428964
terms_abstract_tfidf__guided,-0.07137296987092588
terms_abstract_tfidf__gyri,0.025560971076151583
terms_abstract_tfidf__gyrus,-0.04297267251066527
terms_abstract_tfidf__gyrus anterior,0.00805035213782174
terms_abstract_tfidf__gyrus ba,-0.07694018444705367
terms_abstract_tfidf__gyrus cerebellum,0.07187810989339892
terms_abstract_tfidf__gyrus ifg,-0.18822281099993812
terms_abstract_tfidf__gyrus inferior,-0.05422502591941698
terms_abstract_tfidf__gyrus insula,-0.06062266113516999
terms_abstract_tfidf__gyrus medial,0.06709392687129564
terms_abstract_tfidf__gyrus mfg,-0.10081239166134552
terms_abstract_tfidf__gyrus middle,0.020172500937009542
terms_abstract_tfidf__gyrus posterior,0.09107837395719923
terms_abstract_tfidf__gyrus precuneus,0.12325387737380489
terms_abstract_tfidf__gyrus stg,-0.05280354762180541
terms_abstract_tfidf__gyrus superior,-0.025510005769279757
terms_abstract_tfidf__half,0.0795990974610333
terms_abstract_tfidf__hand,-0.08568784181199943
terms_abstract_tfidf__hand movements,-0.06133604482228295
terms_abstract_tfidf__handed,-0.12673432950151853
terms_abstract_tfidf__handedness,-0.047798324192123154
terms_abstract_tfidf__hands,-0.06218674217333728
terms_abstract_tfidf__happy,0.09349197866449827
terms_abstract_tfidf__happy faces,0.0688997345886772
terms_abstract_tfidf__having,-0.04610990737071125
terms_abstract_tfidf__hc,0.1329130927646499
terms_abstract_tfidf__hcs,0.021649050870041996
terms_abstract_tfidf__head,-0.024493751879443592
terms_abstract_tfidf__health,0.06727379387656973
terms_abstract_tfidf__healthy,0.0326590604334211
terms_abstract_tfidf__healthy adults,-0.09159731328199118
terms_abstract_tfidf__healthy control,0.017133940327862793
terms_abstract_tfidf__healthy controls,0.10462028280426094
terms_abstract_tfidf__healthy handed,-0.08517860946590469
terms_abstract_tfidf__healthy human,-0.025119033896552484
terms_abstract_tfidf__healthy individuals,0.06177069259412544
terms_abstract_tfidf__healthy male,-0.013438279980577816
terms_abstract_tfidf__healthy volunteers,-0.07283049559414177
terms_abstract_tfidf__healthy young,0.008496664256606902
terms_abstract_tfidf__heard,-0.05823829200810108
terms_abstract_tfidf__hearing,-0.04760565935644849
terms_abstract_tfidf__heart,0.02299793492437314
terms_abstract_tfidf__heart rate,0.017151136769661287
terms_abstract_tfidf__heightened,0.04949390068683263
terms_abstract_tfidf__held,-0.056010988919860984
terms_abstract_tfidf__help,0.07695146551271373
terms_abstract_tfidf__hemisphere,-0.1421225279921444
terms_abstract_tfidf__hemispheres,-0.0621094778448289
terms_abstract_tfidf__hemispheric,-0.16712470442115623
terms_abstract_tfidf__hemodynamic,-0.006121867521269861
terms_abstract_tfidf__hemodynamic response,-0.015786311658952716
terms_abstract_tfidf__hemodynamic responses,0.012969701390251678
terms_abstract_tfidf__heschl,0.03047947402697263
terms_abstract_tfidf__heschl gyrus,0.03181512723785614
terms_abstract_tfidf__heterogeneity,-0.03666903998371968
terms_abstract_tfidf__heterogeneous,0.08436189863412796
terms_abstract_tfidf__hierarchical,-0.08134776716665267
terms_abstract_tfidf__hierarchy,-0.040906552039600336
terms_abstract_tfidf__high,0.12278768392563394
terms_abstract_tfidf__high frequency,0.004675469914718727
terms_abstract_tfidf__high functioning,0.0672431135578984
terms_abstract_tfidf__high level,0.009521187080189649
terms_abstract_tfidf__high low,0.004175488795921658
terms_abstract_tfidf__high resolution,0.1499371731334397
terms_abstract_tfidf__high risk,0.05710178574406149
terms_abstract_tfidf__higher,-0.007926721751707541
terms_abstract_tfidf__higher level,-0.04097743922579814
terms_abstract_tfidf__higher levels,0.012092546793301925
terms_abstract_tfidf__higher order,-0.09885567464097042
terms_abstract_tfidf__highest,-0.02257444804590197
terms_abstract_tfidf__highlight,0.08360625915797722
terms_abstract_tfidf__highlighted,0.02480276076871777
terms_abstract_tfidf__highlights,0.0851536090849355
terms_abstract_tfidf__highly,0.053030916281919825
terms_abstract_tfidf__hippocampal,0.20433716920289507
terms_abstract_tfidf__hippocampus,0.17462648571896444
terms_abstract_tfidf__history,-0.0016509173674605063
terms_abstract_tfidf__hoc,0.06560050588620141
terms_abstract_tfidf__homogeneity,0.15102549251862268
terms_abstract_tfidf__homogeneity reho,0.14809269133066186
terms_abstract_tfidf__hub,0.11528649478832521
terms_abstract_tfidf__hubs,0.12213913401712878
terms_abstract_tfidf__hum,0.07158510151513617
terms_abstract_tfidf__hum mapp,0.0742674361098635
terms_abstract_tfidf__human,0.026565735542935613
terms_abstract_tfidf__humans,-0.0007766894041845072
terms_abstract_tfidf__hyperactivation,-0.05012872956535345
terms_abstract_tfidf__hyperactivity,0.020623147772271144
terms_abstract_tfidf__hyperactivity disorder,0.02438689413467451
terms_abstract_tfidf__hypoactivation,-0.07554167203125105
terms_abstract_tfidf__hypothalamus,0.0745722035722985
terms_abstract_tfidf__hypotheses,0.06224001691789062
terms_abstract_tfidf__hypothesize,0.02379580203033614
terms_abstract_tfidf__hypothesized,-0.047812833296381876
terms_abstract_tfidf__hz,-0.011115543227656347
terms_abstract_tfidf__ica,0.17275820917255463
terms_abstract_tfidf__idea,0.01604470112718337
terms_abstract_tfidf__identical,-0.11917596811939553
terms_abstract_tfidf__identification,0.07506130858874915
terms_abstract_tfidf__identified,0.06706492931016583
terms_abstract_tfidf__identify,0.0694872537645718
terms_abstract_tfidf__identifying,-0.007954784949663642
terms_abstract_tfidf__identity,0.01454367874346507
terms_abstract_tfidf__ifg,-0.18090454607779458
terms_abstract_tfidf__ii,0.014878085033970919
terms_abstract_tfidf__iii,-0.009220377931126216
terms_abstract_tfidf__illness,0.1041044283324176
terms_abstract_tfidf__illusion,-0.019132285699272566
terms_abstract_tfidf__illustrate,-0.038719206494011296
terms_abstract_tfidf__image,0.07338095897247437
terms_abstract_tfidf__imagery,-0.05858061960659433
terms_abstract_tfidf__images,0.1128775720336451
terms_abstract_tfidf__images acquired,-0.009815596183918918
terms_abstract_tfidf__imagine,-0.0307527972155712
terms_abstract_tfidf__imagined,0.023801559335549456
terms_abstract_tfidf__imitation,-0.08183132179443046
terms_abstract_tfidf__immediate,0.011868756178942789
terms_abstract_tfidf__immediately,0.024862660841232922
terms_abstract_tfidf__impact,0.04121396725198367
terms_abstract_tfidf__impacts,0.05089350985266845
terms_abstract_tfidf__impaired,0.04025559717441574
terms_abstract_tfidf__impairment,0.10657776694638038
terms_abstract_tfidf__impairments,0.023674813836988093
terms_abstract_tfidf__implementation,-0.09248470940383793
terms_abstract_tfidf__implemented,-0.04014213976644793
terms_abstract_tfidf__implicate,0.032485024549479415
terms_abstract_tfidf__implicated,0.04184276766724214
terms_abstract_tfidf__implications,-0.014469889626064887
terms_abstract_tfidf__implications understanding,0.06203770512783917
terms_abstract_tfidf__implicit,0.11715159193667113
terms_abstract_tfidf__imply,-0.030963718851692898
terms_abstract_tfidf__importance,0.0788225213410662
terms_abstract_tfidf__important,-0.004147015891299459
terms_abstract_tfidf__important role,0.0513848579730144
terms_abstract_tfidf__importantly,0.016714963857999744
terms_abstract_tfidf__improve,0.0019651433423814265
terms_abstract_tfidf__improved,-0.030967662602972765
terms_abstract_tfidf__improvement,0.008303656331406796
terms_abstract_tfidf__improvements,0.035084797034315995
terms_abstract_tfidf__improves,0.05657573486299156
terms_abstract_tfidf__impulsive,0.0057333441311894
terms_abstract_tfidf__impulsivity,-0.002811294676690325
terms_abstract_tfidf__incentive,-0.026817100507896173
terms_abstract_tfidf__incentive delay,0.00804788343976781
terms_abstract_tfidf__incidental,0.03942575029258529
terms_abstract_tfidf__include,0.030383828127415868
terms_abstract_tfidf__included,-0.03554694430347786
terms_abstract_tfidf__includes,-0.03990233439852914
terms_abstract_tfidf__incongruent,-0.15067773304074694
terms_abstract_tfidf__inconsistent,-0.0054304819915291
terms_abstract_tfidf__incorrect,-0.05185887253584659
terms_abstract_tfidf__increases,0.06716813034883577
terms_abstract_tfidf__increasing,-0.02396962099780543
terms_abstract_tfidf__increasingly,-0.0027495615492552513
terms_abstract_tfidf__independent,0.13328975427296008
terms_abstract_tfidf__independent component,0.1951681656769439
terms_abstract_tfidf__independently,-0.08096180173403561
terms_abstract_tfidf__index,-0.04000302629759454
terms_abstract_tfidf__index finger,-0.0584439655759035
terms_abstract_tfidf__indexed,-0.033359129437568726
terms_abstract_tfidf__indicate,0.02836530482657913
terms_abstract_tfidf__indicated,-0.01418054884486766
terms_abstract_tfidf__indicates,-0.042821196869972426
terms_abstract_tfidf__indicating,-0.0662229257589828
terms_abstract_tfidf__indices,0.0035536768751471925
terms_abstract_tfidf__indirect,-0.013243377863856058
terms_abstract_tfidf__individual,0.07938098948647755
terms_abstract_tfidf__individual variability,-0.03835521142571594
terms_abstract_tfidf__individually,0.007504645907261816
terms_abstract_tfidf__individuals,0.10715275781362794
terms_abstract_tfidf__induce,0.05075877261414695
terms_abstract_tfidf__induced,0.021218487471962713
terms_abstract_tfidf__induces,-0.026463832724778463
terms_abstract_tfidf__inducing,0.007887467100439064
terms_abstract_tfidf__induction,0.02314329827241252
terms_abstract_tfidf__infer,0.01695895806754096
terms_abstract_tfidf__inference,0.05337201025833438
terms_abstract_tfidf__inferences,0.030358676973572904
terms_abstract_tfidf__inferior,-0.2296738394921221
terms_abstract_tfidf__inferior frontal,-0.21924951512301497
terms_abstract_tfidf__inferior middle,-0.12511631001715617
terms_abstract_tfidf__inferior occipital,0.04995933380971169
terms_abstract_tfidf__inferior parietal,-0.13867294970829394
terms_abstract_tfidf__inferior prefrontal,-0.06800378620334077
terms_abstract_tfidf__inferior superior,-0.05970299997868274
terms_abstract_tfidf__inferior temporal,-0.02287811417056493
terms_abstract_tfidf__influence,-0.013577665290842362
terms_abstract_tfidf__influenced,0.009135595489641525
terms_abstract_tfidf__influences,0.09100863870943525
terms_abstract_tfidf__inform,0.03695749112832326
terms_abstract_tfidf__information,-0.022003315293375608
terms_abstract_tfidf__inhibit,-0.14325935883440866
terms_abstract_tfidf__inhibition,-0.1614405335468789
terms_abstract_tfidf__inhibitory,-0.15170390316126803
terms_abstract_tfidf__inhibitory control,-0.14604622971015846
terms_abstract_tfidf__initial,0.047535023785624866
terms_abstract_tfidf__initially,0.014425040412752825
terms_abstract_tfidf__initiation,-0.03316755466662964
terms_abstract_tfidf__injury,-0.10426836437752578
terms_abstract_tfidf__input,-0.08944905630818993
terms_abstract_tfidf__inputs,-0.01609732969526035
terms_abstract_tfidf__insight,0.09612985774086599
terms_abstract_tfidf__insights,0.09373332986677341
terms_abstract_tfidf__instead,-0.012317157926679497
terms_abstract_tfidf__instructed,-0.12931756067570968
terms_abstract_tfidf__instruction,-0.034575951396137054
terms_abstract_tfidf__instructions,0.013151785310301029
terms_abstract_tfidf__insula,-0.11914844359004925
terms_abstract_tfidf__insula anterior,-0.1368136790820764
terms_abstract_tfidf__insula inferior,-0.1280675646740125
terms_abstract_tfidf__insular,-0.15191161523456168
terms_abstract_tfidf__insular cortex,-0.18785444105944654
terms_abstract_tfidf__intact,0.09069107150297719
terms_abstract_tfidf__integrate,-0.0019527899242212745
terms_abstract_tfidf__integrated,0.01357048830158139
terms_abstract_tfidf__integrating,0.050435055224582644
terms_abstract_tfidf__integration,-0.00605004161157624
terms_abstract_tfidf__integrative,0.06962519034454574
terms_abstract_tfidf__integrity,0.0647066568112973
terms_abstract_tfidf__intelligence,0.008358400733236975
terms_abstract_tfidf__intense,-0.025803911346389288
terms_abstract_tfidf__intensity,-0.03423193795326118
terms_abstract_tfidf__intention,0.03688430643964857
terms_abstract_tfidf__intentional,0.003915678928826232
terms_abstract_tfidf__intentions,0.02173837449357042
terms_abstract_tfidf__inter,0.02508065370372063
terms_abstract_tfidf__inter individual,-0.0704841363518074
terms_abstract_tfidf__interact,-0.024924637453324173
terms_abstract_tfidf__interacting,0.0670214919716629
terms_abstract_tfidf__interaction,0.021473220013145607
terms_abstract_tfidf__interactions,0.07316377315867795
terms_abstract_tfidf__interactive,0.00681293236813154
terms_abstract_tfidf__interacts,0.013388161832468564
terms_abstract_tfidf__interestingly,-0.043671043981222075
terms_abstract_tfidf__interference,-0.17905589947199302
terms_abstract_tfidf__interhemispheric,0.03998585410069307
terms_abstract_tfidf__intermediate,0.005885790758309111
terms_abstract_tfidf__internal,0.01038666620733904
terms_abstract_tfidf__internally,0.04088174299480596
terms_abstract_tfidf__interoceptive,-0.021808525865900093
terms_abstract_tfidf__interpersonal,-0.029297240952530744
terms_abstract_tfidf__interplay,-0.007242043058124508
terms_abstract_tfidf__interpret,-0.06859850432136586
terms_abstract_tfidf__interpretation,-0.022680599381233242
terms_abstract_tfidf__interpreted,-0.09381398472016828
terms_abstract_tfidf__interval,-0.0418674265422393
terms_abstract_tfidf__intervals,-0.04710989427764316
terms_abstract_tfidf__intervention,0.027793421957385867
terms_abstract_tfidf__interventions,0.0481339095312912
terms_abstract_tfidf__intra,0.0052050339301471255
terms_abstract_tfidf__intraparietal,-0.11361187490531209
terms_abstract_tfidf__intraparietal sulcus,-0.11944548729639548
terms_abstract_tfidf__intrinsic,0.16555720437657498
terms_abstract_tfidf__intrinsic functional,0.11364444556833585
terms_abstract_tfidf__introduced,-0.055847797220384375
terms_abstract_tfidf__introduction,0.01982722982097808
terms_abstract_tfidf__invariant,-0.012981955599295754
terms_abstract_tfidf__invasive,0.04521948020868176
terms_abstract_tfidf__inventory,0.021219770856787612
terms_abstract_tfidf__inverse,0.10631050867274454
terms_abstract_tfidf__inversely,0.06407664405724625
terms_abstract_tfidf__investigates,-0.03905103580291547
terms_abstract_tfidf__investigating,0.11424026176473148
terms_abstract_tfidf__investigation,0.09710183746083705
terms_abstract_tfidf__investigations,0.03737129137177009
terms_abstract_tfidf__involve,-0.07933214173200945
terms_abstract_tfidf__involved,-0.15622271617880995
terms_abstract_tfidf__involved cognitive,-0.03735631911970595
terms_abstract_tfidf__involvement,-0.11397518507153352
terms_abstract_tfidf__involves,-0.05078045139683015
terms_abstract_tfidf__involving,-0.022385660974081113
terms_abstract_tfidf__ipl,-0.11865786551412351
terms_abstract_tfidf__ips,-0.10624722947730703
terms_abstract_tfidf__ipsilateral,-0.048834482523741375
terms_abstract_tfidf__iq,0.04412323893917404
terms_abstract_tfidf__irrelevant,-0.06465253246055261
terms_abstract_tfidf__irrespective,-0.03266615445297474
terms_abstract_tfidf__isolate,-0.018093818486778167
terms_abstract_tfidf__isolated,0.007048830156132986
terms_abstract_tfidf__issue,0.04535079060534255
terms_abstract_tfidf__issues,0.005839392049562608
terms_abstract_tfidf__item,0.02021814145731508
terms_abstract_tfidf__items,0.08473066770590065
terms_abstract_tfidf__iv,-0.0096594247785993
terms_abstract_tfidf__joint,0.010622625754560022
terms_abstract_tfidf__judge,-0.006503444878520576
terms_abstract_tfidf__judged,0.023931670639665226
terms_abstract_tfidf__judgment,-0.02742160239668167
terms_abstract_tfidf__judgment task,-0.060506562068975776
terms_abstract_tfidf__judgments,0.0657513670635948
terms_abstract_tfidf__junction,0.007028232418455542
terms_abstract_tfidf__junction tpj,0.005427614643536624
terms_abstract_tfidf__just,-0.001833230079568871
terms_abstract_tfidf__key,0.08988382450477744
terms_abstract_tfidf__key role,0.08023216688862365
terms_abstract_tfidf__kinds,0.0027939142468826257
terms_abstract_tfidf__know,0.09282200771422984
terms_abstract_tfidf__knowledge,0.006640491528627395
terms_abstract_tfidf__known,0.04432746118963302
terms_abstract_tfidf__known involved,-0.03905001373306495
terms_abstract_tfidf__labeling,0.03972906259613477
terms_abstract_tfidf__laboratory,0.10335331052017369
terms_abstract_tfidf__lack,-0.07853342239340852
terms_abstract_tfidf__lacking,-0.010888945118089998
terms_abstract_tfidf__language,-0.14023651491301553
terms_abstract_tfidf__language comprehension,-0.053630579802182235
terms_abstract_tfidf__language network,-0.08937699771517396
terms_abstract_tfidf__languages,-0.11509675422845365
terms_abstract_tfidf__large,0.0433164509631739
terms_abstract_tfidf__large sample,0.019537486561463403
terms_abstract_tfidf__large scale,0.04026398146674242
terms_abstract_tfidf__largely,0.015375422666027828
terms_abstract_tfidf__largely unknown,0.10952533518965986
terms_abstract_tfidf__larger,0.012446115510552495
terms_abstract_tfidf__late,0.05916791099531189
terms_abstract_tfidf__latencies,-0.055966878866627
terms_abstract_tfidf__latency,-0.0024421149552084163
terms_abstract_tfidf__later,0.10651641369609963
terms_abstract_tfidf__lateral,-0.06345388420628369
terms_abstract_tfidf__lateral frontal,-0.15515385845929444
terms_abstract_tfidf__lateral medial,-0.01710870193644289
terms_abstract_tfidf__lateral occipital,0.06564981152589913
terms_abstract_tfidf__lateral orbitofrontal,-0.017720370138774706
terms_abstract_tfidf__lateral parietal,0.12909743330201737
terms_abstract_tfidf__lateral prefrontal,-0.17343000470282166
terms_abstract_tfidf__lateral temporal,0.08766767647183293
terms_abstract_tfidf__laterality,-0.04406093839107099
terms_abstract_tfidf__lateralization,-0.06338167904909864
terms_abstract_tfidf__lateralized,-0.1596643799197581
terms_abstract_tfidf__lead,0.03286665514792576
terms_abstract_tfidf__leading,-0.011134877068176025
terms_abstract_tfidf__leads,0.038409146781561154
terms_abstract_tfidf__learn,0.029936557227420328
terms_abstract_tfidf__learned,0.03820959776610504
terms_abstract_tfidf__learning,0.02983411117643537
terms_abstract_tfidf__learning task,0.03960692706066517
terms_abstract_tfidf__led,-0.10090499232510694
terms_abstract_tfidf__length,-0.07875934654094338
terms_abstract_tfidf__lesion,-0.06167405272601738
terms_abstract_tfidf__lesions,0.012950095279695753
terms_abstract_tfidf__lesser,-0.037710882742027795
terms_abstract_tfidf__letter,-0.06269020488251466
terms_abstract_tfidf__letters,-0.03482656349469761
terms_abstract_tfidf__level,0.02920061273101679
terms_abstract_tfidf__level bold,0.07333079848840802
terms_abstract_tfidf__level signal,0.016721263030966882
terms_abstract_tfidf__levels,0.03793463513933901
terms_abstract_tfidf__lexical,-0.1046406160044163
terms_abstract_tfidf__lexical decision,-0.0546373416849332
terms_abstract_tfidf__life,0.1418830590933501
terms_abstract_tfidf__light,0.08119477477730629
terms_abstract_tfidf__like,0.039637410387845934
terms_abstract_tfidf__likelihood,-0.09491722592678516
terms_abstract_tfidf__likely,-0.00852500652112461
terms_abstract_tfidf__limb,-0.02085051718812105
terms_abstract_tfidf__limbic,0.08991256302985658
terms_abstract_tfidf__limitations,0.06388134691274243
terms_abstract_tfidf__limited,0.01245897150570849
terms_abstract_tfidf__line,-0.06531309469012081
terms_abstract_tfidf__linear,0.11852239268308153
terms_abstract_tfidf__linear model,0.03301574070013474
terms_abstract_tfidf__linearly,0.013782380206956612
terms_abstract_tfidf__lingual,0.13363864914888807
terms_abstract_tfidf__lingual gyrus,0.1362112447803015
terms_abstract_tfidf__linguistic,-0.12594008759817013
terms_abstract_tfidf__link,0.1032057093916227
terms_abstract_tfidf__linked,0.055681046457894595
terms_abstract_tfidf__linking,0.0019945789455364186
terms_abstract_tfidf__links,-0.03385932008302279
terms_abstract_tfidf__list,-0.0030945447386349326
terms_abstract_tfidf__listened,-0.04883315545358503
terms_abstract_tfidf__listening,-0.0642220784277019
terms_abstract_tfidf__literature,0.06336811191346871
terms_abstract_tfidf__little,0.046222180448118814
terms_abstract_tfidf__little known,0.02993109106947504
terms_abstract_tfidf__load,-0.11350831905848861
terms_abstract_tfidf__lobe,0.11721193504536853
terms_abstract_tfidf__lobe mtl,0.148098734625097
terms_abstract_tfidf__lobes,0.042650304285790516
terms_abstract_tfidf__lobule,-0.09416958059182531
terms_abstract_tfidf__lobule ipl,-0.14947708023548534
terms_abstract_tfidf__lobules,-0.016145220729299567
terms_abstract_tfidf__local,0.11176258283427236
terms_abstract_tfidf__localization,-0.026729169348380575
terms_abstract_tfidf__localize,-0.01693383814756727
terms_abstract_tfidf__localized,-0.013374339399276248
terms_abstract_tfidf__located,-0.02870574825483693
terms_abstract_tfidf__location,0.025783328209692022
terms_abstract_tfidf__locations,0.0463417316399592
terms_abstract_tfidf__locus,0.016615485832682027
terms_abstract_tfidf__long,0.037506353768079384
terms_abstract_tfidf__long term,0.018385169166429485
terms_abstract_tfidf__longer,-0.06888998099936265
terms_abstract_tfidf__longitudinal,0.030207607277487083
terms_abstract_tfidf__loop,-0.07982382454579055
terms_abstract_tfidf__loss,0.04452064297337552
terms_abstract_tfidf__losses,-0.030082044040912855
terms_abstract_tfidf__low,0.0800394434414473
terms_abstract_tfidf__low frequency,0.12609266009835246
terms_abstract_tfidf__low high,-0.008901002612182591
terms_abstract_tfidf__low level,0.06643625079964116
terms_abstract_tfidf__lower,-0.010962611090834786
terms_abstract_tfidf__m1,-0.0372702736581606
terms_abstract_tfidf__machine,0.02022486648743238
terms_abstract_tfidf__magnetic,-0.10282110285110996
terms_abstract_tfidf__magnetic resonance,-0.10161364313680694
terms_abstract_tfidf__magnetic stimulation,-0.08121368508176402
terms_abstract_tfidf__magnetoencephalography,0.02693230835999098
terms_abstract_tfidf__magnitude,-0.040824835387390866
terms_abstract_tfidf__main,-0.06500697634410556
terms_abstract_tfidf__main effect,-0.07460276612434782
terms_abstract_tfidf__mainly,0.019610284872854548
terms_abstract_tfidf__maintain,-0.11355536525732143
terms_abstract_tfidf__maintained,-0.02974419596311428
terms_abstract_tfidf__maintaining,-0.07263786099033707
terms_abstract_tfidf__maintenance,-0.12454713817411767
terms_abstract_tfidf__major,0.08406655776227434
terms_abstract_tfidf__major depression,0.049636299785585196
terms_abstract_tfidf__major depressive,0.07710334617565297
terms_abstract_tfidf__majority,0.025313103991036475
terms_abstract_tfidf__make,-0.03808619469710961
terms_abstract_tfidf__making,0.00030968508940241876
terms_abstract_tfidf__male,0.06033597503733799
terms_abstract_tfidf__male female,0.09415178069293194
terms_abstract_tfidf__males,0.06363870848923403
terms_abstract_tfidf__manifest,0.01587904725352331
terms_abstract_tfidf__manipulated,-0.11172738840985763
terms_abstract_tfidf__manipulating,-0.06738681402918317
terms_abstract_tfidf__manipulation,-0.06332778062720143
terms_abstract_tfidf__manipulations,-0.10282793140504179
terms_abstract_tfidf__manner,-0.04648371398980313
terms_abstract_tfidf__manual,-0.046306748148253564
terms_abstract_tfidf__map,0.04085049972001198
terms_abstract_tfidf__mapp,0.07327279554544323
terms_abstract_tfidf__mapped,0.06392098434760446
terms_abstract_tfidf__mapping,-0.06520265322426176
terms_abstract_tfidf__maps,0.05055439762386531
terms_abstract_tfidf__marked,-0.002511694659640386
terms_abstract_tfidf__marker,0.1268633897523117
terms_abstract_tfidf__markers,-0.0033810758164365567
terms_abstract_tfidf__masked,0.002032265508290215
terms_abstract_tfidf__mass,0.007899184779300229
terms_abstract_tfidf__match,-0.009866053900339586
terms_abstract_tfidf__matching,-0.06748380353952839
terms_abstract_tfidf__matching task,-0.006961840739970526
terms_abstract_tfidf__material,-0.033428673044924535
terms_abstract_tfidf__materials,-0.0005670384860728026
terms_abstract_tfidf__matrix,-0.12568903501933124
terms_abstract_tfidf__matter,0.048422531179976004
terms_abstract_tfidf__matter density,0.06161048936712472
terms_abstract_tfidf__matter gm,0.022240508002156635
terms_abstract_tfidf__matter volume,0.013791424110774619
terms_abstract_tfidf__matter volumes,0.039496165044758426
terms_abstract_tfidf__maturation,0.043204247336150005
terms_abstract_tfidf__maximal,-0.00531900113367722
terms_abstract_tfidf__maximum,-0.0004322429560024698
terms_abstract_tfidf__mci,0.14069989515338102
terms_abstract_tfidf__mdd,0.07488923600599988
terms_abstract_tfidf__mean,0.09658100410997436
terms_abstract_tfidf__mean age,0.07094992307475644
terms_abstract_tfidf__meaning,-0.06577449001302375
terms_abstract_tfidf__meaningful,0.013262995251700643
terms_abstract_tfidf__means,-0.0015898775071043123
terms_abstract_tfidf__measure,-0.017998269397912665
terms_abstract_tfidf__measurement,0.07888215191832885
terms_abstract_tfidf__measurements,0.053361489482390986
terms_abstract_tfidf__measures,0.04539840084754149
terms_abstract_tfidf__measuring,-0.012869059881231396
terms_abstract_tfidf__mechanism,0.05699148827067814
terms_abstract_tfidf__mechanisms,-0.0675784139866517
terms_abstract_tfidf__mechanisms involved,-0.004964055799979634
terms_abstract_tfidf__mechanisms underlying,0.07400445912627351
terms_abstract_tfidf__medial,0.20918491198621508
terms_abstract_tfidf__medial frontal,-0.04395163668657205
terms_abstract_tfidf__medial lateral,0.045387075180543544
terms_abstract_tfidf__medial orbitofrontal,0.07238167243952495
terms_abstract_tfidf__medial pfc,0.07107941372247668
terms_abstract_tfidf__medial prefrontal,0.18682983411200565
terms_abstract_tfidf__medial superior,0.019001739740720953
terms_abstract_tfidf__medial temporal,0.16962076944657434
terms_abstract_tfidf__median,0.0171077318868065
terms_abstract_tfidf__mediate,-0.01898239727224296
terms_abstract_tfidf__mediated,-0.031856164404327945
terms_abstract_tfidf__mediates,-0.0542334304812221
terms_abstract_tfidf__mediating,-0.04101019586785962
terms_abstract_tfidf__medication,-0.006232936684956189
terms_abstract_tfidf__meg,0.037528743110471115
terms_abstract_tfidf__memories,0.20372883645746367
terms_abstract_tfidf__memory,0.04168282040016757
terms_abstract_tfidf__memory encoding,0.06858215785297124
terms_abstract_tfidf__memory load,-0.13701408177937244
terms_abstract_tfidf__memory performance,0.08226849341724904
terms_abstract_tfidf__memory processes,-0.016575403342194792
terms_abstract_tfidf__memory retrieval,0.12545407561420815
terms_abstract_tfidf__memory task,-0.0350767651209203
terms_abstract_tfidf__memory tasks,-0.10127154167509544
terms_abstract_tfidf__memory test,0.11996708847961639
terms_abstract_tfidf__memory wm,-0.14308290637101004
terms_abstract_tfidf__men,0.02127590685609736
terms_abstract_tfidf__men women,0.05712458899050409
terms_abstract_tfidf__mental,0.08062377388839338
terms_abstract_tfidf__mental imagery,0.005251214032553612
terms_abstract_tfidf__mental state,0.08198052711522476
terms_abstract_tfidf__mental states,0.10263058400979863
terms_abstract_tfidf__mentalizing,0.11435517495837719
terms_abstract_tfidf__mesial,0.06746914268970748
terms_abstract_tfidf__mesolimbic,-0.007254945983215717
terms_abstract_tfidf__met,0.11799638122730775
terms_abstract_tfidf__metabolic,0.11455737789647266
terms_abstract_tfidf__metabolism,0.08010366251111775
terms_abstract_tfidf__method,0.12920090056634037
terms_abstract_tfidf__methodological,-0.05683102205525485
terms_abstract_tfidf__methodology,0.021332093327841695
terms_abstract_tfidf__methodology principal,0.0075263106527084156
terms_abstract_tfidf__methods,0.1096112293234247
terms_abstract_tfidf__methods functional,0.0037661856733578435
terms_abstract_tfidf__mfg,-0.0855946429417187
terms_abstract_tfidf__mg,-0.004773923758470713
terms_abstract_tfidf__mid,-0.09395102792293725
terms_abstract_tfidf__midbrain,0.0069676660844618325
terms_abstract_tfidf__middle,-0.06959321071776922
terms_abstract_tfidf__middle cingulate,0.006934828877911988
terms_abstract_tfidf__middle frontal,-0.16503990496825763
terms_abstract_tfidf__middle inferior,-0.1301545796882795
terms_abstract_tfidf__middle occipital,0.12715936259231564
terms_abstract_tfidf__middle superior,-0.043034916046570136
terms_abstract_tfidf__middle temporal,0.018330334589648764
terms_abstract_tfidf__midline,0.21337895711692437
terms_abstract_tfidf__mild,0.10751460363675358
terms_abstract_tfidf__mild cognitive,0.14409465088022674
terms_abstract_tfidf__min,0.058764598565907496
terms_abstract_tfidf__mind,0.12019964239741954
terms_abstract_tfidf__mind tom,0.0812667436127882
terms_abstract_tfidf__minimal,0.003963279217415692
terms_abstract_tfidf__mirror,-0.045205788165326534
terms_abstract_tfidf__mirror neuron,-0.05884238038573198
terms_abstract_tfidf__mixed,0.028875715883286655
terms_abstract_tfidf__mm,0.056975100925132464
terms_abstract_tfidf__mnemonic,0.044079072765091494
terms_abstract_tfidf__modal,-0.05050688196633923
terms_abstract_tfidf__modalities,-0.05227590914781769
terms_abstract_tfidf__modality,-0.14224277999448642
terms_abstract_tfidf__mode,0.2655382066241994
terms_abstract_tfidf__mode network,0.2776059043454924
terms_abstract_tfidf__model,-0.0833304344030215
terms_abstract_tfidf__modeling,-0.11168009947270825
terms_abstract_tfidf__models,0.03139787098348953
terms_abstract_tfidf__moderate,-0.007474507874403222
terms_abstract_tfidf__modified,-0.06775703116471878
terms_abstract_tfidf__modulate,0.02215518068584788
terms_abstract_tfidf__modulated,0.03174545455200569
terms_abstract_tfidf__modulates,-0.01324981757275876
terms_abstract_tfidf__modulating,0.02142327127594624
terms_abstract_tfidf__modulation,0.04734283444615467
terms_abstract_tfidf__modulations,7.292117398191934e-05
terms_abstract_tfidf__modulatory,0.016283689743988725
terms_abstract_tfidf__monetary,-0.0011359781429364495
terms_abstract_tfidf__monetary incentive,-0.017347854235420394
terms_abstract_tfidf__monetary reward,-0.014227104844730165
terms_abstract_tfidf__money,0.07960371161818271
terms_abstract_tfidf__monitor,-0.11932672646293892
terms_abstract_tfidf__monitored,0.019651489502722417
terms_abstract_tfidf__monitoring,-0.12181949596312704
terms_abstract_tfidf__monkey,-0.10061264916506897
terms_abstract_tfidf__monkeys,-0.024676701766712047
terms_abstract_tfidf__months,0.035822136860336785
terms_abstract_tfidf__mood,0.11217687406683198
terms_abstract_tfidf__moral,0.08204054142366674
terms_abstract_tfidf__morphological,0.012271113483935607
terms_abstract_tfidf__morphology,-0.008026678737145144
terms_abstract_tfidf__morphometry,0.03858616171113416
terms_abstract_tfidf__morphometry vbm,0.03870275892888329
terms_abstract_tfidf__motion,0.06084777095139927
terms_abstract_tfidf__motivation,-0.029827435970210002
terms_abstract_tfidf__motivational,-0.023243693712069306
terms_abstract_tfidf__motor,-0.1308268097050333
terms_abstract_tfidf__motor control,-0.08578666757666545
terms_abstract_tfidf__motor cortex,-0.06717818018545185
terms_abstract_tfidf__motor function,-0.025636649972029524
terms_abstract_tfidf__motor imagery,-0.10102550695021566
terms_abstract_tfidf__motor network,-0.03947872501941907
terms_abstract_tfidf__motor performance,-0.05951690904003846
terms_abstract_tfidf__motor pre,-0.15464317094637095
terms_abstract_tfidf__motor premotor,-0.055105523410214234
terms_abstract_tfidf__motor response,-0.09605397846290024
terms_abstract_tfidf__motor responses,-0.11282064993777799
terms_abstract_tfidf__motor sma,-0.1485472187129658
terms_abstract_tfidf__motor task,-0.067563014252194
terms_abstract_tfidf__movement,-0.07440272810456723
terms_abstract_tfidf__movements,-0.08086862911333824
terms_abstract_tfidf__moving,-0.008478484402710484
terms_abstract_tfidf__mpfc,0.16090587767510792
terms_abstract_tfidf__mr,-0.0029323600548839843
terms_abstract_tfidf__ms,-0.005661934519219393
terms_abstract_tfidf__mt,0.05664443976997848
terms_abstract_tfidf__mtg,0.0015388569542469624
terms_abstract_tfidf__mtl,0.14638163795527143
terms_abstract_tfidf__multi,0.030829179251873493
terms_abstract_tfidf__multimodal,0.10756795927410706
terms_abstract_tfidf__multiple,0.07665956258694849
terms_abstract_tfidf__multiple comparisons,0.0006323711074128741
terms_abstract_tfidf__multiple sclerosis,-0.07885460577700582
terms_abstract_tfidf__multisensory,-0.010564602045937609
terms_abstract_tfidf__multivariate,0.05417697101327289
terms_abstract_tfidf__multivariate pattern,0.03098174927759717
terms_abstract_tfidf__muscle,-0.05344064533280039
terms_abstract_tfidf__music,-0.05756473618716614
terms_abstract_tfidf__musical,-0.04586790037111799
terms_abstract_tfidf__musicians,-0.10228499492555909
terms_abstract_tfidf__naive,-0.004605178204115462
terms_abstract_tfidf__names,0.07587890141016986
terms_abstract_tfidf__naming,-0.052886629204726886
terms_abstract_tfidf__native,-0.08778406193826592
terms_abstract_tfidf__natural,0.009733333854158078
terms_abstract_tfidf__naturalistic,0.08621275727292789
terms_abstract_tfidf__nature,0.024974549458125748
terms_abstract_tfidf__navigation,0.12754261077325724
terms_abstract_tfidf__near,-0.05952477068919613
terms_abstract_tfidf__necessary,0.014160833335171544
terms_abstract_tfidf__need,-0.018585546381456174
terms_abstract_tfidf__needed,0.04914924675842164
terms_abstract_tfidf__needs,-0.012188719566897835
terms_abstract_tfidf__negative,0.11252170863090188
terms_abstract_tfidf__negative affect,0.0074491969439208355
terms_abstract_tfidf__negative correlation,0.09101587482189225
terms_abstract_tfidf__negative correlations,0.04258567501127245
terms_abstract_tfidf__negative emotional,0.08993589019581538
terms_abstract_tfidf__negative emotions,-0.01685945542284598
terms_abstract_tfidf__negative feedback,-0.022761977597565194
terms_abstract_tfidf__negative neutral,0.07367148210301173
terms_abstract_tfidf__negative positive,0.06706494157145702
terms_abstract_tfidf__negatively,0.12896018271679094
terms_abstract_tfidf__negatively correlated,0.10768557589744807
terms_abstract_tfidf__negativity,0.060398206914528366
terms_abstract_tfidf__neocortical,0.10080705031604692
terms_abstract_tfidf__nerve,-0.02174473377712967
terms_abstract_tfidf__nervous,0.014602915222285377
terms_abstract_tfidf__network,0.020011527135134682
terms_abstract_tfidf__network connectivity,0.11313494719728434
terms_abstract_tfidf__network dmn,0.28951664373954694
terms_abstract_tfidf__network involved,-0.08710907199342686
terms_abstract_tfidf__networks,0.05462750844266784
terms_abstract_tfidf__networks involved,-0.042242141522105536
terms_abstract_tfidf__neuro,0.03798416622124413
terms_abstract_tfidf__neuroanatomical,-0.01720232864462752
terms_abstract_tfidf__neuroanatomy,-0.04582002315948501
terms_abstract_tfidf__neurobiological,0.004973215326042815
terms_abstract_tfidf__neurobiology,0.060206824969587264
terms_abstract_tfidf__neurocognitive,0.04997604938047838
terms_abstract_tfidf__neurodegenerative,-0.04361675169104011
terms_abstract_tfidf__neurodevelopmental,0.06579891948474333
terms_abstract_tfidf__neurofunctional,0.023747058142359737
terms_abstract_tfidf__neurological,0.07064078806957366
terms_abstract_tfidf__neuron,-0.05143226769999519
terms_abstract_tfidf__neuronal,-0.05019887656643935
terms_abstract_tfidf__neurons,-0.06639596833013445
terms_abstract_tfidf__neurophysiological,-0.028896598940478267
terms_abstract_tfidf__neuropsychiatric,0.07210664261213215
terms_abstract_tfidf__neuropsychological,-0.008846627924023279
terms_abstract_tfidf__neuroscience,0.07905731091037572
terms_abstract_tfidf__neutral,0.07288162986162082
terms_abstract_tfidf__neutral faces,0.07934817738639223
terms_abstract_tfidf__neutral pictures,0.052049493237634394
terms_abstract_tfidf__neutral stimuli,0.03877041353641115
terms_abstract_tfidf__new,0.07340864222786489
terms_abstract_tfidf__new insights,-0.0288354434743587
terms_abstract_tfidf__newly,0.05330965730851162
terms_abstract_tfidf__nineteen,0.02240443761790683
terms_abstract_tfidf__nociceptive,-0.10860461967968334
terms_abstract_tfidf__node,0.12787639926446828
terms_abstract_tfidf__nodes,0.049355819315291476
terms_abstract_tfidf__nogo,-0.10090672909908169
terms_abstract_tfidf__noise,0.08361844561748807
terms_abstract_tfidf__non,0.026269648563356188
terms_abstract_tfidf__normal,0.04706497503139197
terms_abstract_tfidf__normal controls,0.04359483757079347
terms_abstract_tfidf__normalized,0.10374618561066153
terms_abstract_tfidf__normally,0.017059111174073986
terms_abstract_tfidf__notably,0.06873350382654712
terms_abstract_tfidf__noted,0.03953388957913138
terms_abstract_tfidf__notion,-0.08736803341179644
terms_abstract_tfidf__nouns,-0.011297780807505275
terms_abstract_tfidf__novel,0.01682386371100366
terms_abstract_tfidf__novelty,0.016506164120455344
terms_abstract_tfidf__noxious,-0.11460272895010445
terms_abstract_tfidf__nuclei,-0.005945032830308207
terms_abstract_tfidf__nucleus,-0.02143732826592671
terms_abstract_tfidf__nucleus accumbens,-0.002060096132687334
terms_abstract_tfidf__number,-0.06839439997521736
terms_abstract_tfidf__numbers,-0.11680006066390328
terms_abstract_tfidf__numerical,-0.10626101859508369
terms_abstract_tfidf__numerous,0.008535655890556668
terms_abstract_tfidf__object,0.021280241334744446
terms_abstract_tfidf__object recognition,0.050064495273801246
terms_abstract_tfidf__objective,-0.018768413756123394
terms_abstract_tfidf__objectives,0.07988873190634586
terms_abstract_tfidf__objects,0.04306443397319141
terms_abstract_tfidf__observation,-0.05899998197894348
terms_abstract_tfidf__observations,-0.020081379803284404
terms_abstract_tfidf__observer,-0.002930255652220003
terms_abstract_tfidf__observers,0.040374360963574024
terms_abstract_tfidf__observing,-0.041363166047707456
terms_abstract_tfidf__obsessive,-0.028360349116688617
terms_abstract_tfidf__obsessive compulsive,-0.031845307337544974
terms_abstract_tfidf__obtain,0.06664260911034885
terms_abstract_tfidf__obtained,0.09825418738415585
terms_abstract_tfidf__occipital,0.11578458918107258
terms_abstract_tfidf__occipital cortex,0.0877036211822411
terms_abstract_tfidf__occipital gyrus,0.10087714323510591
terms_abstract_tfidf__occipital lobe,0.1263594719381695
terms_abstract_tfidf__occipital parietal,0.06940151862068758
terms_abstract_tfidf__occipital temporal,0.09542195893115414
terms_abstract_tfidf__occipito,-0.0009804615795466032
terms_abstract_tfidf__occipito temporal,-0.0027403291330297353
terms_abstract_tfidf__occipitotemporal,0.0055278563518628525
terms_abstract_tfidf__occipitotemporal cortex,0.022666417398867173
terms_abstract_tfidf__occur,0.05724537558449377
terms_abstract_tfidf__occurred,0.014639242030935268
terms_abstract_tfidf__occurrence,-0.04083091739990572
terms_abstract_tfidf__occurring,-0.015780371521624745
terms_abstract_tfidf__occurs,-0.05056704596939702
terms_abstract_tfidf__ocd,-0.05286969132408605
terms_abstract_tfidf__oddball,-0.0709177002712495
terms_abstract_tfidf__ofc,0.027708300346200584
terms_abstract_tfidf__offer,0.03616482988896763
terms_abstract_tfidf__offers,0.02790286680116346
terms_abstract_tfidf__old,0.1569682882656005
terms_abstract_tfidf__older,0.053707555373463646
terms_abstract_tfidf__older adults,0.026651135244979515
terms_abstract_tfidf__olfactory,-0.04292198394943997
terms_abstract_tfidf__ones,-0.024227324537251783
terms_abstract_tfidf__ongoing,-0.018208381998071906
terms_abstract_tfidf__online,0.01812023494366138
terms_abstract_tfidf__onset,0.04039041204983426
terms_abstract_tfidf__open,0.08765986794913729
terms_abstract_tfidf__operation,-0.0774666405034905
terms_abstract_tfidf__operations,-0.0889931998956168
terms_abstract_tfidf__opercular,-0.11895796402312421
terms_abstract_tfidf__opercularis,-0.1574321231502246
terms_abstract_tfidf__operculum,-0.17766489633423377
terms_abstract_tfidf__opportunity,0.039760127496948953
terms_abstract_tfidf__opposed,0.027461632831672387
terms_abstract_tfidf__opposite,0.12042824377569088
terms_abstract_tfidf__optimal,-0.046930571866571826
terms_abstract_tfidf__optimized,0.021346149344179884
terms_abstract_tfidf__options,0.043836611265026006
terms_abstract_tfidf__oral,-0.069915430673857
terms_abstract_tfidf__orbital,0.019714477231798273
terms_abstract_tfidf__orbitofrontal,0.004022702425859953
terms_abstract_tfidf__orbitofrontal cortex,-0.0017035583064784277
terms_abstract_tfidf__order,-0.1184152167551473
terms_abstract_tfidf__organization,-0.05510665798310675
terms_abstract_tfidf__organized,0.001552193547884377
terms_abstract_tfidf__orientation,0.05898496678256144
terms_abstract_tfidf__oriented,0.03879280681951803
terms_abstract_tfidf__orienting,-0.06189273964065073
terms_abstract_tfidf__origin,0.07449864271859293
terms_abstract_tfidf__original,0.021014377030676514
terms_abstract_tfidf__orthographic,-0.0785762933599458
terms_abstract_tfidf__oscillations,0.13580028164703314
terms_abstract_tfidf__outcome,0.04454413712662929
terms_abstract_tfidf__outcomes,0.06358242127436214
terms_abstract_tfidf__output,-0.09504647031654283
terms_abstract_tfidf__outside,-0.025812803586595694
terms_abstract_tfidf__outside scanner,-0.053168321773984284
terms_abstract_tfidf__overall,0.13071287743615478
terms_abstract_tfidf__overcome,-0.002646276526207916
terms_abstract_tfidf__overlap,-0.008743190461707715
terms_abstract_tfidf__overlapped,-0.08762598480629656
terms_abstract_tfidf__overlapping,-0.08559722387837179
terms_abstract_tfidf__overt,-0.09854355394096762
terms_abstract_tfidf__oxygen,0.07591045816454385
terms_abstract_tfidf__oxygen level,0.06466411168922159
terms_abstract_tfidf__oxygenation,0.03359933233996363
terms_abstract_tfidf__oxygenation level,0.0371479603174557
terms_abstract_tfidf__paced,-0.08488962416609062
terms_abstract_tfidf__pain,-0.08982889872323298
terms_abstract_tfidf__painful,-0.1589790923492964
terms_abstract_tfidf__pair,-0.034613715556173284
terms_abstract_tfidf__paired,0.07279619238412609
terms_abstract_tfidf__pairs,0.01097811392075485
terms_abstract_tfidf__pallidus,-0.07160932816905206
terms_abstract_tfidf__paper,0.09198017763680769
terms_abstract_tfidf__paradigm,-0.03120606671014284
terms_abstract_tfidf__paradigms,-0.027643583921581647
terms_abstract_tfidf__parahippocampal,0.22361624534118163
terms_abstract_tfidf__parahippocampal cortex,0.14635339178167095
terms_abstract_tfidf__parahippocampal gyrus,0.2159154851835354
terms_abstract_tfidf__parahippocampus,0.15013395234843893
terms_abstract_tfidf__paralimbic,0.0217840667479273
terms_abstract_tfidf__parallel,-0.05426754706651598
terms_abstract_tfidf__parameter,0.008796854369667864
terms_abstract_tfidf__parameters,0.04647290187309586
terms_abstract_tfidf__parametric,-0.07707155194722766
terms_abstract_tfidf__parametric mapping,-0.0686986950489644
terms_abstract_tfidf__parametrically,-0.03523188186870154
terms_abstract_tfidf__parietal,-0.11443400746328868
terms_abstract_tfidf__parietal cortex,-0.11590078836789999
terms_abstract_tfidf__parietal cortices,-0.0874667057425048
terms_abstract_tfidf__parietal frontal,-0.06859259353729161
terms_abstract_tfidf__parietal junction,0.035773964836324806
terms_abstract_tfidf__parietal lobe,-0.040567635469946156
terms_abstract_tfidf__parietal lobes,-0.04379165246058197
terms_abstract_tfidf__parietal lobule,-0.11057848143911356
terms_abstract_tfidf__parietal lobules,-0.0737421321390815
terms_abstract_tfidf__parietal network,-0.11889596663082869
terms_abstract_tfidf__parietal occipital,0.11571633064459941
terms_abstract_tfidf__parietal temporal,-0.031860672578220554
terms_abstract_tfidf__parieto,-0.015346258346388626
terms_abstract_tfidf__parieto occipital,0.05906635796543569
terms_abstract_tfidf__parkinson,-0.04155901895285959
terms_abstract_tfidf__parkinson disease,-0.040668108467616995
terms_abstract_tfidf__pars,-0.17754064969410174
terms_abstract_tfidf__pars opercularis,-0.15753586459240546
terms_abstract_tfidf__partial,0.1325441719143661
terms_abstract_tfidf__partially,-0.07421967919244013
terms_abstract_tfidf__participant,0.09610243854849775
terms_abstract_tfidf__participate,-0.02522318904320973
terms_abstract_tfidf__participated,-0.046711411483460724
terms_abstract_tfidf__particular,-0.01184202121174579
terms_abstract_tfidf__particularly,0.007006144813644469
terms_abstract_tfidf__partly,-0.02139840523673759
terms_abstract_tfidf__partner,0.026617449824520044
terms_abstract_tfidf__parts,-0.04714951571219506
terms_abstract_tfidf__passive,-0.00824707257088912
terms_abstract_tfidf__passive viewing,-0.0009077770380548639
terms_abstract_tfidf__passively,0.00033869904144686306
terms_abstract_tfidf__past,0.17173247219099808
terms_abstract_tfidf__pathological,0.10988408678589513
terms_abstract_tfidf__pathology,0.08493715849808334
terms_abstract_tfidf__pathophysiological,0.0063934066199901095
terms_abstract_tfidf__pathophysiology,0.06306627584690987
terms_abstract_tfidf__pathway,-0.0047338124465498834
terms_abstract_tfidf__pathways,0.005155465780037313
terms_abstract_tfidf__patient,0.024236603275186723
terms_abstract_tfidf__patient group,-0.07069700951130495
terms_abstract_tfidf__patient groups,0.023385063218883513
terms_abstract_tfidf__pattern,-0.04328600567814921
terms_abstract_tfidf__patterns,0.09009142798673599
terms_abstract_tfidf__pcc,0.27560823741999063
terms_abstract_tfidf__pd,-0.02575995302329879
terms_abstract_tfidf__peak,0.016513621798465057
terms_abstract_tfidf__people,0.0980569765913402
terms_abstract_tfidf__perceive,-0.015177633348633923
terms_abstract_tfidf__perceived,-0.023956779305768224
terms_abstract_tfidf__perceiving,0.03799626724001881
terms_abstract_tfidf__percept,-0.04538635602437112
terms_abstract_tfidf__perception,-0.017968220347172402
terms_abstract_tfidf__perceptual,0.004683981397268801
terms_abstract_tfidf__perform,-0.11363669405830525
terms_abstract_tfidf__performance,-0.1062032023593215
terms_abstract_tfidf__performance task,-0.044243023467458
terms_abstract_tfidf__performances,0.03187294549304271
terms_abstract_tfidf__performing,-0.11035825353785542
terms_abstract_tfidf__perfusion,0.046118339327343
terms_abstract_tfidf__periaqueductal,0.04520311661024106
terms_abstract_tfidf__period,-0.008085541305381676
terms_abstract_tfidf__periodicals,0.07144420232768431
terms_abstract_tfidf__periods,0.05784492646941081
terms_abstract_tfidf__peripheral,0.01137364186556403
terms_abstract_tfidf__persistent,0.047265449768346464
terms_abstract_tfidf__person,0.10744326339950533
terms_abstract_tfidf__personal,0.1648957678628181
terms_abstract_tfidf__personality,0.0648205348785559
terms_abstract_tfidf__personality traits,0.08727557486053202
terms_abstract_tfidf__persons,-0.013154107528753662
terms_abstract_tfidf__perspective,0.0036982751931052015
terms_abstract_tfidf__pet,0.0013855337904336623
terms_abstract_tfidf__pfc,-0.09323783415773594
terms_abstract_tfidf__pharmacological,-0.02083014260054392
terms_abstract_tfidf__phase,-0.026668008273552844
terms_abstract_tfidf__phases,-0.021058608644835032
terms_abstract_tfidf__phenomena,0.0553351445306646
terms_abstract_tfidf__phenomenon,-0.04130506591421609
terms_abstract_tfidf__phenotype,0.07800393943339115
terms_abstract_tfidf__phonological,-0.14064297254871347
terms_abstract_tfidf__photographs,0.13750004664700644
terms_abstract_tfidf__physical,0.0006835967464953744
terms_abstract_tfidf__physiological,0.029763726618333163
terms_abstract_tfidf__picture,0.020293913299623514
terms_abstract_tfidf__pictures,0.07431915540939908
terms_abstract_tfidf__pitch,-0.09981179875472881
terms_abstract_tfidf__place,0.08957124852718974
terms_abstract_tfidf__placebo,0.0008761117701493459
terms_abstract_tfidf__placebo controlled,-0.00473186354530084
terms_abstract_tfidf__planning,-0.14094304118007991
terms_abstract_tfidf__planum,-0.052878201404150234
terms_abstract_tfidf__planum temporale,-0.059009668575241606
terms_abstract_tfidf__plasticity,-0.011145044067613245
terms_abstract_tfidf__play,0.04508850710151903
terms_abstract_tfidf__play important,0.024198184048692704
terms_abstract_tfidf__play role,-0.0020826855973484788
terms_abstract_tfidf__played,-0.0806478608332964
terms_abstract_tfidf__playing,-0.03581678563708861
terms_abstract_tfidf__plays,0.024074194468700003
terms_abstract_tfidf__plays important,0.04611103290763249
terms_abstract_tfidf__plays role,-0.01402562941598642
terms_abstract_tfidf__pleasant,0.020514192297643227
terms_abstract_tfidf__point,0.04077952176201223
terms_abstract_tfidf__pointing,-0.05001526904557728
terms_abstract_tfidf__points,0.11453367958291993
terms_abstract_tfidf__pole,0.02433331781836749
terms_abstract_tfidf__polymorphism,0.0387353176023043
terms_abstract_tfidf__poor,-0.04046456606258881
terms_abstract_tfidf__poorer,0.025220317539442233
terms_abstract_tfidf__poorly,0.010990499092760168
terms_abstract_tfidf__poorly understood,0.017664244523911198
terms_abstract_tfidf__population,0.12133442658167688
terms_abstract_tfidf__populations,0.1485700848883365
terms_abstract_tfidf__portion,-0.027734791073782607
terms_abstract_tfidf__portions,-0.029887654826353027
terms_abstract_tfidf__position,0.015657755929528422
terms_abstract_tfidf__positive,0.16362514648396054
terms_abstract_tfidf__positive correlation,0.08428146994474553
terms_abstract_tfidf__positive correlations,0.09616069855839073
terms_abstract_tfidf__positive negative,0.1294602365097471
terms_abstract_tfidf__positively,0.10518237011535103
terms_abstract_tfidf__positively correlated,0.08128411414904199
terms_abstract_tfidf__positron,0.0004510191169696711
terms_abstract_tfidf__positron emission,-0.00019456827094986074
terms_abstract_tfidf__possibility,0.08180011867819681
terms_abstract_tfidf__possible,0.018168693028662267
terms_abstract_tfidf__possibly,-0.07502789383547089
terms_abstract_tfidf__post,0.12157358366994765
terms_abstract_tfidf__post hoc,0.06494167725327428
terms_abstract_tfidf__postcentral,0.004460379633800587
terms_abstract_tfidf__postcentral gyrus,0.02640664650240633
terms_abstract_tfidf__posterior,0.14217993054761424
terms_abstract_tfidf__posterior anterior,0.09134585390618137
terms_abstract_tfidf__posterior cingulate,0.25951590432909577
terms_abstract_tfidf__posterior inferior,-0.09607862872605115
terms_abstract_tfidf__posterior insula,-0.07581067708340883
terms_abstract_tfidf__posterior middle,-0.026899494123704893
terms_abstract_tfidf__posterior parietal,-0.08189556629471934
terms_abstract_tfidf__posterior superior,-0.08078038878314979
terms_abstract_tfidf__posterior temporal,-0.09642984897202893
terms_abstract_tfidf__posttraumatic,0.11350037338637395
terms_abstract_tfidf__potential,0.10962764067330304
terms_abstract_tfidf__potentially,0.030275967969139526
terms_abstract_tfidf__potentials,0.012721918737633096
terms_abstract_tfidf__power,0.14903630148559793
terms_abstract_tfidf__powerful,0.044377405705636405
terms_abstract_tfidf__ppc,-0.07482701239932256
terms_abstract_tfidf__ppi,-0.05968280564628855
terms_abstract_tfidf__practice,-0.01926734043811556
terms_abstract_tfidf__pre,-0.12626642117009534
terms_abstract_tfidf__pre post,0.05837444450179211
terms_abstract_tfidf__pre sma,-0.19372816926354552
terms_abstract_tfidf__pre supplementary,-0.1958016968803317
terms_abstract_tfidf__preceded,-0.0022567436426690762
terms_abstract_tfidf__preceding,-0.04948306945171128
terms_abstract_tfidf__precentral,-0.11156853447618245
terms_abstract_tfidf__precentral gyrus,-0.0762462929034881
terms_abstract_tfidf__precise,-0.03230448343856198
terms_abstract_tfidf__precuneus,0.21260575526375533
terms_abstract_tfidf__precuneus posterior,0.19544182954368128
terms_abstract_tfidf__predict,0.04934587890368582
terms_abstract_tfidf__predicted,0.03920623791255947
terms_abstract_tfidf__predicting,0.07182572791202742
terms_abstract_tfidf__prediction,-0.042207196747083627
terms_abstract_tfidf__prediction error,-0.09315088515635336
terms_abstract_tfidf__predictions,-0.06572944859169559
terms_abstract_tfidf__predictive,-0.009589216968834585
terms_abstract_tfidf__predictors,0.05727565052266976
terms_abstract_tfidf__predicts,0.02251507694464009
terms_abstract_tfidf__predominantly,-0.1374830356493947
terms_abstract_tfidf__preference,0.125232931590535
terms_abstract_tfidf__preferences,0.08776864326142744
terms_abstract_tfidf__preferential,-0.05343733609357705
terms_abstract_tfidf__preferentially,0.050939431145294055
terms_abstract_tfidf__prefrontal,-0.033600619785473504
terms_abstract_tfidf__prefrontal cortex,-0.006961955207902098
terms_abstract_tfidf__prefrontal cortical,-0.03308464225643818
terms_abstract_tfidf__prefrontal cortices,-0.09460841026126952
terms_abstract_tfidf__prefrontal parietal,-0.15700306027270286
terms_abstract_tfidf__preliminary,0.12327066724891356
terms_abstract_tfidf__premotor,-0.1530067512175024
terms_abstract_tfidf__premotor cortex,-0.13836901372636162
terms_abstract_tfidf__preparation,-0.1288590452484697
terms_abstract_tfidf__preparatory,-0.08271751495747862
terms_abstract_tfidf__presence,0.08164143815632738
terms_abstract_tfidf__presentation,0.005859142335996808
terms_abstract_tfidf__presentations,0.061718424921104964
terms_abstract_tfidf__presented,0.009621252667566025
terms_abstract_tfidf__presenting,0.0481168315796663
terms_abstract_tfidf__preserved,0.07873672035684931
terms_abstract_tfidf__press,-0.03195141590197379
terms_abstract_tfidf__pressure,-0.1055692220216796
terms_abstract_tfidf__presumably,-0.03756634307142405
terms_abstract_tfidf__previous,-0.061608063188018876
terms_abstract_tfidf__previous functional,-0.03864185280080719
terms_abstract_tfidf__previous reports,-0.022800155514828033
terms_abstract_tfidf__previous research,0.013806084961931557
terms_abstract_tfidf__previous shown,0.061170862084530715
terms_abstract_tfidf__previous work,0.039992813758977015
terms_abstract_tfidf__primarily,0.01599067937429277
terms_abstract_tfidf__primary,-0.05137089244517259
terms_abstract_tfidf__primary auditory,0.016001475567124095
terms_abstract_tfidf__primary motor,-0.0719856881707618
terms_abstract_tfidf__primary secondary,-0.11440067096287485
terms_abstract_tfidf__primary sensorimotor,-0.009720898020940557
terms_abstract_tfidf__primary somatosensory,-0.08344007714554641
terms_abstract_tfidf__primary visual,0.13734586425405715
terms_abstract_tfidf__primates,-0.10184267244461587
terms_abstract_tfidf__prime,0.025825677725387478
terms_abstract_tfidf__priming,0.03736326968539267
terms_abstract_tfidf__principal,0.03961034073765745
terms_abstract_tfidf__principle,-0.049561991612041216
terms_abstract_tfidf__prior,0.07344657685441587
terms_abstract_tfidf__priori,0.03581106999894502
terms_abstract_tfidf__probabilistic,0.002953181443385884
terms_abstract_tfidf__probability,-0.0410127987726721
terms_abstract_tfidf__probably,-0.007116513792171618
terms_abstract_tfidf__probe,-0.0759920610927365
terms_abstract_tfidf__problem,-0.022064598461340217
terms_abstract_tfidf__problems,-0.009371098966462649
terms_abstract_tfidf__procedure,-0.0276239906834242
terms_abstract_tfidf__procedures,-0.05341900011472153
terms_abstract_tfidf__process,-0.048433238235562
terms_abstract_tfidf__processed,0.03722307329262054
terms_abstract_tfidf__processes,-0.07561072307306774
terms_abstract_tfidf__processes involved,-0.057373152317010054
terms_abstract_tfidf__processes underlying,0.011002053384986329
terms_abstract_tfidf__produce,-0.05414209851183009
terms_abstract_tfidf__produced,-0.07856550719926371
terms_abstract_tfidf__producing,-0.056604244803942015
terms_abstract_tfidf__production,-0.08794193189825358
terms_abstract_tfidf__profile,-0.02324985386823987
terms_abstract_tfidf__profiles,-0.02587153231366529
terms_abstract_tfidf__progression,0.07871523637185099
terms_abstract_tfidf__progressive,-0.038146958192928265
terms_abstract_tfidf__prolonged,-0.03109154344153347
terms_abstract_tfidf__prominent,-0.04919518391460028
terms_abstract_tfidf__promising,0.03684820138369616
terms_abstract_tfidf__pronounced,-0.0037688982055048294
terms_abstract_tfidf__proper,-0.028009510539988913
terms_abstract_tfidf__properties,0.07772555627420688
terms_abstract_tfidf__proportion,-0.029379192013975854
terms_abstract_tfidf__propose,-0.048938649766908954
terms_abstract_tfidf__proposed,-0.019041754792154638
terms_abstract_tfidf__prospective,0.03066391812124696
terms_abstract_tfidf__protocol,0.04799339060358449
terms_abstract_tfidf__provide,0.05395959584873037
terms_abstract_tfidf__provide evidence,0.04243681061628118
terms_abstract_tfidf__provide new,-0.03234294788921178
terms_abstract_tfidf__provide novel,0.017641263148594436
terms_abstract_tfidf__provided,0.025940620883394456
terms_abstract_tfidf__provides,0.019539189680842697
terms_abstract_tfidf__provides evidence,0.018488226200377485
terms_abstract_tfidf__providing,0.019034706975470304
terms_abstract_tfidf__pseudowords,-0.0946545027004311
terms_abstract_tfidf__psts,-0.015821852521483642
terms_abstract_tfidf__psychiatric,0.09004576806151873
terms_abstract_tfidf__psychiatric disorders,0.06206058118328988
terms_abstract_tfidf__psychological,0.03697802236671676
terms_abstract_tfidf__psychopathology,0.020250788640445327
terms_abstract_tfidf__psychophysical,0.0037770984988513613
terms_abstract_tfidf__psychophysiological,-0.032629434215122426
terms_abstract_tfidf__psychophysiological interaction,-0.04055953355688836
terms_abstract_tfidf__psychosis,0.08862313711046868
terms_abstract_tfidf__psychotic,0.09493802091510038
terms_abstract_tfidf__ptsd,0.09894001881396522
terms_abstract_tfidf__published,-0.02525520786538751
terms_abstract_tfidf__punishment,-0.029811103029984104
terms_abstract_tfidf__pure,-0.07264147413373132
terms_abstract_tfidf__purpose,0.030067469551105036
terms_abstract_tfidf__putamen,-0.116310121203619
terms_abstract_tfidf__putative,0.0007604210234038091
terms_abstract_tfidf__quality,0.062458724889237566
terms_abstract_tfidf__quantified,0.00573175345777666
terms_abstract_tfidf__quantify,0.0774506754991681
terms_abstract_tfidf__quantitative,-0.03774691011053636
terms_abstract_tfidf__question,-0.059920390347169
terms_abstract_tfidf__questionnaire,-0.01605270807436246
terms_abstract_tfidf__questions,0.0441817911792174
terms_abstract_tfidf__random,-0.01029993101874956
terms_abstract_tfidf__random effects,-0.07168258465670803
terms_abstract_tfidf__randomized,0.02284861009844314
terms_abstract_tfidf__randomly,-0.01141365824051441
terms_abstract_tfidf__range,0.010874157763466258
terms_abstract_tfidf__ranging,0.011142489671805495
terms_abstract_tfidf__rapid,-0.015662194498602282
terms_abstract_tfidf__rapidly,-0.04045784381020915
terms_abstract_tfidf__rare,-0.015232129701412463
terms_abstract_tfidf__rarely,0.07016326521536563
terms_abstract_tfidf__rate,0.010986636489997181
terms_abstract_tfidf__rated,0.06638317258857804
terms_abstract_tfidf__rates,0.014612285184849881
terms_abstract_tfidf__rating,0.09225148624943012
terms_abstract_tfidf__ratings,0.011534029753253466
terms_abstract_tfidf__ratio,0.06572456147125463
terms_abstract_tfidf__rationale,0.03478453721845186
terms_abstract_tfidf__reach,-0.028182567562409874
terms_abstract_tfidf__reaching,-0.020012032669319082
terms_abstract_tfidf__reaction,-0.091522258961758
terms_abstract_tfidf__reaction time,-0.0664562056340891
terms_abstract_tfidf__reaction times,-0.10728159345114645
terms_abstract_tfidf__reactions,0.014142450401159875
terms_abstract_tfidf__reactivity,0.06320267079269849
terms_abstract_tfidf__read,-0.04617752437591109
terms_abstract_tfidf__readers,-0.09629910777588602
terms_abstract_tfidf__reading,-0.09137164696494507
terms_abstract_tfidf__real,0.05672630413014103
terms_abstract_tfidf__real time,0.03442875809943212
terms_abstract_tfidf__real world,0.11201003461645896
terms_abstract_tfidf__reality,0.040784914419903305
terms_abstract_tfidf__reappraisal,-0.06471572200089874
terms_abstract_tfidf__reasoning,-0.012774215895876856
terms_abstract_tfidf__recall,0.12660172335294162
terms_abstract_tfidf__receive,-0.002546858047121684
terms_abstract_tfidf__received,0.0043309750701635355
terms_abstract_tfidf__receiving,-0.12381968725126605
terms_abstract_tfidf__recently,0.07501410172877813
terms_abstract_tfidf__receptor,-0.014033054350445922
terms_abstract_tfidf__recognition,0.0750920751155878
terms_abstract_tfidf__recognition memory,0.0788757792001072
terms_abstract_tfidf__recognition task,0.05434834906242786
terms_abstract_tfidf__recognize,0.0029867816453209043
terms_abstract_tfidf__recognized,0.04122107759460966
terms_abstract_tfidf__recognizing,-0.004512866264170674
terms_abstract_tfidf__recollection,0.16882298197725049
terms_abstract_tfidf__recorded,0.03921152772055363
terms_abstract_tfidf__recording,0.021131737083356746
terms_abstract_tfidf__recordings,0.06192393847608828
terms_abstract_tfidf__recovery,0.01940333206143275
terms_abstract_tfidf__recruit,-0.09036480903608114
terms_abstract_tfidf__recruited,-0.1550941373757924
terms_abstract_tfidf__recruitment,-0.0867301744687675
terms_abstract_tfidf__recruits,-0.024531795998073657
terms_abstract_tfidf__reduce,-0.006171275810703171
terms_abstract_tfidf__reduces,-0.00787854605548601
terms_abstract_tfidf__reducing,0.051540839648175574
terms_abstract_tfidf__reduction,0.050376558857139236
terms_abstract_tfidf__reductions,0.013011467019318998
terms_abstract_tfidf__reference,0.09928218689250408
terms_abstract_tfidf__referential,0.21648164069788076
terms_abstract_tfidf__referred,0.007630839706510241
terms_abstract_tfidf__refers,0.03126883889516108
terms_abstract_tfidf__reflect,0.029714249696504727
terms_abstract_tfidf__reflected,0.0351376651393188
terms_abstract_tfidf__reflecting,0.04317178573964648
terms_abstract_tfidf__reflects,0.012156957858819668
terms_abstract_tfidf__regard,-0.03247018077243617
terms_abstract_tfidf__regarding,-0.013592934452530691
terms_abstract_tfidf__regardless,-0.019149056880784013
terms_abstract_tfidf__regional,0.09424755850019605
terms_abstract_tfidf__regional cerebral,0.03254811833228878
terms_abstract_tfidf__regional gray,0.017028473146426304
terms_abstract_tfidf__regional homogeneity,0.15372305086374036
terms_abstract_tfidf__regular,-0.09396473044208589
terms_abstract_tfidf__regulate,0.0046056414664716
terms_abstract_tfidf__regulating,-0.007687732377125044
terms_abstract_tfidf__regulation,0.01939079966187332
terms_abstract_tfidf__regulatory,-0.05586166842622476
terms_abstract_tfidf__rehabilitation,-0.00803522882255723
terms_abstract_tfidf__rehearsal,-0.12351561753692807
terms_abstract_tfidf__reho,0.14738198878076506
terms_abstract_tfidf__reinforcement,0.050321855922850704
terms_abstract_tfidf__reinforcement learning,0.04805883897245382
terms_abstract_tfidf__relate,0.03586159566637561
terms_abstract_tfidf__relates,-0.04104353881939855
terms_abstract_tfidf__relation,0.001199482888051337
terms_abstract_tfidf__relational,-0.020209731154582165
terms_abstract_tfidf__relations,0.03127673794930124
terms_abstract_tfidf__relationship,0.08038368659291296
terms_abstract_tfidf__relationships,0.05757411065412882
terms_abstract_tfidf__relatively,0.045592276468469604
terms_abstract_tfidf__relevance,0.09084227151855266
terms_abstract_tfidf__relevant,0.019593831895291968
terms_abstract_tfidf__relevant information,-0.02773689537093544
terms_abstract_tfidf__reliability,0.031068868500878807
terms_abstract_tfidf__reliable,0.05256592143166295
terms_abstract_tfidf__reliably,0.02461710860378488
terms_abstract_tfidf__reliance,-0.04255773043475707
terms_abstract_tfidf__relied,-0.026712281769566304
terms_abstract_tfidf__relies,-0.07235680782695102
terms_abstract_tfidf__rely,-0.012033077393357431
terms_abstract_tfidf__remain,0.049392987839111
terms_abstract_tfidf__remain unclear,-0.01238707777650603
terms_abstract_tfidf__remained,-0.04173165679345357
terms_abstract_tfidf__remaining,-0.04539051001569714
terms_abstract_tfidf__remarkably,0.013837024870817515
terms_abstract_tfidf__remember,0.03145965172023745
terms_abstract_tfidf__remembered,0.17340973590253364
terms_abstract_tfidf__remembering,0.19016156515201485
terms_abstract_tfidf__remote,0.04844910727951909
terms_abstract_tfidf__reorganization,-0.03132860133622067
terms_abstract_tfidf__repeat,0.022085614861462807
terms_abstract_tfidf__repeated,0.0010140734073954974
terms_abstract_tfidf__repeatedly,-0.01659309035083762
terms_abstract_tfidf__repetition,0.01107294747689462
terms_abstract_tfidf__repetition suppression,0.04776912201703762
terms_abstract_tfidf__repetitive,-0.09164741312266013
terms_abstract_tfidf__replicate,-0.0212481806035235
terms_abstract_tfidf__replicated,-0.05667415623623951
terms_abstract_tfidf__report,0.03178259474824834
terms_abstract_tfidf__reported,0.09260587446361523
terms_abstract_tfidf__reports,0.003276608592385313
terms_abstract_tfidf__represent,0.04306784858300679
terms_abstract_tfidf__representation,-0.014914163941747702
terms_abstract_tfidf__representational,0.05527350710667629
terms_abstract_tfidf__representations,-0.06470365269655566
terms_abstract_tfidf__represented,0.0246282944125975
terms_abstract_tfidf__representing,0.0727293402367069
terms_abstract_tfidf__represents,0.056555630691140085
terms_abstract_tfidf__require,-0.020037766196298535
terms_abstract_tfidf__required,-0.16349863274279067
terms_abstract_tfidf__requirements,-0.07446419813266372
terms_abstract_tfidf__requires,-0.08545302882043923
terms_abstract_tfidf__requiring,-0.033387612947733646
terms_abstract_tfidf__research,0.10525957962621404
terms_abstract_tfidf__research suggests,0.07254558838948957
terms_abstract_tfidf__researchers,0.03383717045974925
terms_abstract_tfidf__residual,0.11908528399180394
terms_abstract_tfidf__resolution,0.042756701415891205
terms_abstract_tfidf__resolve,-0.0668431931730483
terms_abstract_tfidf__resonance,-0.10120516342112235
terms_abstract_tfidf__resonance experiment,-0.050790544053820295
terms_abstract_tfidf__resonance healthy,-0.08003912469896886
terms_abstract_tfidf__resonance images,0.007639143165306697
terms_abstract_tfidf__resonance measure,-0.0422084332528015
terms_abstract_tfidf__resonance performing,-0.0796464499609218
terms_abstract_tfidf__resonance rs,0.12894194180439572
terms_abstract_tfidf__resonance scans,0.029551502867669475
terms_abstract_tfidf__resources,-0.11340923797275289
terms_abstract_tfidf__respect,-0.00033186830207707427
terms_abstract_tfidf__respective,0.005123749934132047
terms_abstract_tfidf__respectively,0.05383488383125033
terms_abstract_tfidf__respond,-0.06709376591859241
terms_abstract_tfidf__responded,-0.0106376427295432
terms_abstract_tfidf__responding,-0.025928984462498066
terms_abstract_tfidf__responds,-0.02197922611918046
terms_abstract_tfidf__response,-0.0867106217414994
terms_abstract_tfidf__response inhibition,-0.18781815817198863
terms_abstract_tfidf__response selection,-0.1936430828863228
terms_abstract_tfidf__response time,-0.05422632006069914
terms_abstract_tfidf__response times,-0.13028855630970818
terms_abstract_tfidf__responses,-0.005735218767100416
terms_abstract_tfidf__responsible,-0.07977883080489673
terms_abstract_tfidf__responsive,0.0758720532789174
terms_abstract_tfidf__responsiveness,0.030221135116541276
terms_abstract_tfidf__rest,0.1856665399232727
terms_abstract_tfidf__resting,0.23630636402613533
terms_abstract_tfidf__resting state,0.23137986710093206
terms_abstract_tfidf__restricted,0.10140767220361663
terms_abstract_tfidf__result,-0.061142816920347176
terms_abstract_tfidf__resulted,-0.08046945610098086
terms_abstract_tfidf__resulting,0.08215234872867704
terms_abstract_tfidf__retention,0.00651678991700627
terms_abstract_tfidf__retrieval,0.09690888789611077
terms_abstract_tfidf__retrieved,0.1371449158702951
terms_abstract_tfidf__retrosplenial,0.2591042710381103
terms_abstract_tfidf__retrosplenial cortex,0.23124770180931495
terms_abstract_tfidf__reveal,0.006127060762365099
terms_abstract_tfidf__revealing,0.050535230848715904
terms_abstract_tfidf__reveals,-0.04500040401117106
terms_abstract_tfidf__reversal,-0.005809339935279654
terms_abstract_tfidf__reverse,0.03074446513944195
terms_abstract_tfidf__reversed,0.08710506767848523
terms_abstract_tfidf__reward,0.029486106232297037
terms_abstract_tfidf__reward anticipation,0.018063910948696697
terms_abstract_tfidf__rewarding,0.02363077715349844
terms_abstract_tfidf__rewards,0.007224121540304784
terms_abstract_tfidf__rhythm,-0.049346044753224204
terms_abstract_tfidf__rich,0.10108270845788228
terms_abstract_tfidf__rise,-0.0023736709794972646
terms_abstract_tfidf__risk,0.0632353610052759
terms_abstract_tfidf__risk taking,-0.012455786655442965
terms_abstract_tfidf__risky,0.008725594505119224
terms_abstract_tfidf__robust,0.12323256193773602
terms_abstract_tfidf__roi,0.07099363200378876
terms_abstract_tfidf__rois,0.007232899308196341
terms_abstract_tfidf__role,-0.00773508495522258
terms_abstract_tfidf__roles,0.006251082905548372
terms_abstract_tfidf__rostral,-0.015293577560901299
terms_abstract_tfidf__rostral anterior,0.08634138713652811
terms_abstract_tfidf__rotation,-0.00786639654024378
terms_abstract_tfidf__rs,0.16134051304025515
terms_abstract_tfidf__rsfc,0.10109596165380214
terms_abstract_tfidf__rt,-0.09473401218500728
terms_abstract_tfidf__rule,-0.11627097618597458
terms_abstract_tfidf__rules,-0.13334925715763957
terms_abstract_tfidf__run,-0.041656966410612416
terms_abstract_tfidf__runs,0.042013329082703825
terms_abstract_tfidf__s1,-0.09831284940921317
terms_abstract_tfidf__saccade,-0.06525148936684166
terms_abstract_tfidf__saccades,-0.04437069455675884
terms_abstract_tfidf__sad,0.11898348631973155
terms_abstract_tfidf__salience,0.08761000618599844
terms_abstract_tfidf__salience network,0.055718076249022516
terms_abstract_tfidf__salient,-0.011061730109714812
terms_abstract_tfidf__sample,0.10444552482782334
terms_abstract_tfidf__samples,-0.035807496934000815
terms_abstract_tfidf__sampling,-0.0299228023548922
terms_abstract_tfidf__scale,0.1003420984077111
terms_abstract_tfidf__scales,0.06133253696596429
terms_abstract_tfidf__scalp,0.011314858099691816
terms_abstract_tfidf__scan,0.14414160650391658
terms_abstract_tfidf__scanned,-0.06862529186170839
terms_abstract_tfidf__scanned using,0.063996539565941
terms_abstract_tfidf__scanner,0.04858594834238458
terms_abstract_tfidf__scanning,0.07321732650789138
terms_abstract_tfidf__scans,0.08261507992641742
terms_abstract_tfidf__scene,0.15327038187962716
terms_abstract_tfidf__scenes,0.15836472537801266
terms_abstract_tfidf__schizophrenia,0.08949594722629854
terms_abstract_tfidf__schizophrenic,0.07402265404243752
terms_abstract_tfidf__sclerosis,-0.0592146435924381
terms_abstract_tfidf__score,0.10061006293195635
terms_abstract_tfidf__scores,0.10272553627229203
terms_abstract_tfidf__sd,-0.03492056061545418
terms_abstract_tfidf__se,-0.062329176406273015
terms_abstract_tfidf__search,0.03298596208349349
terms_abstract_tfidf__second,-0.13125291918974916
terms_abstract_tfidf__secondary,-0.08107336066710694
terms_abstract_tfidf__secondary somatosensory,-0.1093625466090917
terms_abstract_tfidf__sectional,0.1396807424667731
terms_abstract_tfidf__seed,0.16155429506977798
terms_abstract_tfidf__seeds,0.059519612142377595
terms_abstract_tfidf__seeking,0.02548807627810589
terms_abstract_tfidf__seen,-0.021899977658001148
terms_abstract_tfidf__segregated,-0.06951174266097562
terms_abstract_tfidf__segregation,0.007012801853988908
terms_abstract_tfidf__select,-0.004511474046816799
terms_abstract_tfidf__selected,-0.021980783362185254
terms_abstract_tfidf__selection,-0.17551284165903283
terms_abstract_tfidf__selective,0.01592317072265318
terms_abstract_tfidf__selective attention,-0.06733330323972636
terms_abstract_tfidf__selectively,-0.04394022918670626
terms_abstract_tfidf__selectivity,0.06094170391154785
terms_abstract_tfidf__self,0.17018943217716034
terms_abstract_tfidf__self referential,0.2115906218177187
terms_abstract_tfidf__self report,0.0022085984454662463
terms_abstract_tfidf__self reported,0.08104519233288891
terms_abstract_tfidf__semantic,-0.0003439022439672166
terms_abstract_tfidf__semantic memory,0.08326718810663557
terms_abstract_tfidf__semantically,-0.01904297070908282
terms_abstract_tfidf__semantics,-0.10808000803953421
terms_abstract_tfidf__sensation,-0.11228062137140288
terms_abstract_tfidf__sensations,-0.09800641276253766
terms_abstract_tfidf__sense,0.015335510661463716
terms_abstract_tfidf__sensitive,0.0349979115151961
terms_abstract_tfidf__sensitivity,0.04399904681360729
terms_abstract_tfidf__sensorimotor,-0.03467114012432074
terms_abstract_tfidf__sensorimotor cortex,-0.0032578089508461506
terms_abstract_tfidf__sensorimotor network,0.0009434053794452187
terms_abstract_tfidf__sensory,-0.03675092813203771
terms_abstract_tfidf__sensory information,-0.009297547671713325
terms_abstract_tfidf__sensory motor,-0.0004829418985324007
terms_abstract_tfidf__sentence,-0.08728350447639054
terms_abstract_tfidf__sentence comprehension,-0.08820737386326258
terms_abstract_tfidf__sentences,-0.10096609620059677
terms_abstract_tfidf__separable,-0.13049949683701845
terms_abstract_tfidf__separate,-0.030586360700830914
terms_abstract_tfidf__separated,-0.030574110841030164
terms_abstract_tfidf__separately,0.00395702245698908
terms_abstract_tfidf__separation,0.06416213723187454
terms_abstract_tfidf__sequence,-0.11081427832469387
terms_abstract_tfidf__sequences,-0.15437758367589421
terms_abstract_tfidf__sequential,-0.09620248491784887
terms_abstract_tfidf__serial,-0.10263082030554947
terms_abstract_tfidf__series,0.06050208232882899
terms_abstract_tfidf__serotonin,0.025891249371569534
terms_abstract_tfidf__serve,0.012250141778995612
terms_abstract_tfidf__served,-0.0025994581427004927
terms_abstract_tfidf__serves,0.006944609079947262
terms_abstract_tfidf__session,0.07141349959685944
terms_abstract_tfidf__sessions,0.02271843591214227
terms_abstract_tfidf__set,-0.06533486448464361
terms_abstract_tfidf__sets,-0.029502521155671303
terms_abstract_tfidf__setting,-0.08156594663410616
terms_abstract_tfidf__settings,0.07063338233835884
terms_abstract_tfidf__seven,-0.04163649287382667
terms_abstract_tfidf__seventeen,0.009704568051693159
terms_abstract_tfidf__severe,0.07533493391491855
terms_abstract_tfidf__severity,0.0809412508304316
terms_abstract_tfidf__sex,0.09107344593391446
terms_abstract_tfidf__sexual,0.044523137232163466
terms_abstract_tfidf__sham,0.027800385972207596
terms_abstract_tfidf__shape,-0.012827665146265927
terms_abstract_tfidf__shaped,0.04580479297280273
terms_abstract_tfidf__shapes,0.0008262329876594712
terms_abstract_tfidf__share,-0.0850780841353974
terms_abstract_tfidf__shared,-0.11469413769465353
terms_abstract_tfidf__shed,0.05877165741344596
terms_abstract_tfidf__shed light,0.057700248458169734
terms_abstract_tfidf__shift,-0.047452192950511576
terms_abstract_tfidf__shifted,-0.10703652261935274
terms_abstract_tfidf__shifting,-0.13854726662081482
terms_abstract_tfidf__shifts,-0.08420726558581919
terms_abstract_tfidf__short,-0.09461278329728032
terms_abstract_tfidf__short term,-0.13640078565265495
terms_abstract_tfidf__shorter,0.008146505917053007
terms_abstract_tfidf__showing,0.003021159588191898
terms_abstract_tfidf__shown,0.045811596350996873
terms_abstract_tfidf__shows,0.05112317916289034
terms_abstract_tfidf__si,-0.08776127078344755
terms_abstract_tfidf__sided,-0.1319193181618866
terms_abstract_tfidf__sighted,0.07584560353972855
terms_abstract_tfidf__sign,-0.07614549304900543
terms_abstract_tfidf__signal,0.021314762905950583
terms_abstract_tfidf__signal change,0.042802598874522625
terms_abstract_tfidf__signal task,-0.1392580797038354
terms_abstract_tfidf__signaling,-0.061253164205712314
terms_abstract_tfidf__signals,0.05489821644922384
terms_abstract_tfidf__signature,0.0488403865178457
terms_abstract_tfidf__significance,0.11287719239546606
terms_abstract_tfidf__significance statement,0.07638390829148325
terms_abstract_tfidf__signs,-0.05217739023149213
terms_abstract_tfidf__sii,-0.09624098085480806
terms_abstract_tfidf__silent,-0.0591341682746083
terms_abstract_tfidf__similarities,0.02974476834563095
terms_abstract_tfidf__similarity,0.05590012983077471
terms_abstract_tfidf__similarly,-0.02697697072783361
terms_abstract_tfidf__simple,-0.06493479955788348
terms_abstract_tfidf__simply,-0.15282705401778565
terms_abstract_tfidf__simulated,0.08518695891792802
terms_abstract_tfidf__simulation,0.018422048274141754
terms_abstract_tfidf__simultaneous,-0.04367419256228395
terms_abstract_tfidf__simultaneous eeg,0.03798585812105735
terms_abstract_tfidf__simultaneously,-0.04853555284440372
terms_abstract_tfidf__single,-0.03689343458636463
terms_abstract_tfidf__single subject,0.04606323982321742
terms_abstract_tfidf__single trial,0.0001189107885151246
terms_abstract_tfidf__site,-0.07573232236489212
terms_abstract_tfidf__sites,-0.022883920755445528
terms_abstract_tfidf__situation,-0.024761483569886954
terms_abstract_tfidf__situations,-0.07694649493543271
terms_abstract_tfidf__sixteen,-0.046116197070031485
terms_abstract_tfidf__size,0.06727569356719365
terms_abstract_tfidf__sizes,-0.03931205209469878
terms_abstract_tfidf__skill,-0.04177562380142102
terms_abstract_tfidf__skills,-0.01638885181296534
terms_abstract_tfidf__skin,-0.07087217343956087
terms_abstract_tfidf__skin conductance,0.01201285933701599
terms_abstract_tfidf__sleep,0.09473081497910169
terms_abstract_tfidf__slow,0.025091292615753494
terms_abstract_tfidf__slower,-0.08563535406786135
terms_abstract_tfidf__sma,-0.17903417788195647
terms_abstract_tfidf__small,0.08107760105190105
terms_abstract_tfidf__smaller,0.040287838188593564
terms_abstract_tfidf__smokers,0.11206515402666564
terms_abstract_tfidf__smoking,0.11122822162924499
terms_abstract_tfidf__sn,0.09585950686755466
terms_abstract_tfidf__social,0.10268215164613369
terms_abstract_tfidf__social cognition,0.12110988242251625
terms_abstract_tfidf__social cognitive,0.06352240520275625
terms_abstract_tfidf__social interaction,0.0843662724414801
terms_abstract_tfidf__social interactions,0.05807437830966248
terms_abstract_tfidf__socially,0.05811429436300457
terms_abstract_tfidf__software,0.06240181180040358
terms_abstract_tfidf__solving,-0.041846901138033424
terms_abstract_tfidf__somatosensory,-0.06745587819894032
terms_abstract_tfidf__somatosensory cortex,-0.07082424077876656
terms_abstract_tfidf__somatosensory cortices,-0.09040350893402094
terms_abstract_tfidf__sought,0.041451623394987966
terms_abstract_tfidf__sound,-0.03276659613080796
terms_abstract_tfidf__sounds,-0.027123410825328993
terms_abstract_tfidf__source,0.055945742888617735
terms_abstract_tfidf__sources,0.05714383077139763
terms_abstract_tfidf__space,0.06733659036142382
terms_abstract_tfidf__span,-0.036233406424330865
terms_abstract_tfidf__sparse,0.05718471361065109
terms_abstract_tfidf__spatial,0.042731198057411726
terms_abstract_tfidf__spatial attention,-0.04933515103817503
terms_abstract_tfidf__spatial information,0.020704494834263405
terms_abstract_tfidf__spatial temporal,-0.01169801494075538
terms_abstract_tfidf__spatially,0.06124486682072907
terms_abstract_tfidf__spatiotemporal,0.05270442415192195
terms_abstract_tfidf__speaker,-0.04060952507112332
terms_abstract_tfidf__speakers,-0.08910200424463041
terms_abstract_tfidf__speaking,-0.09145999901624932
terms_abstract_tfidf__special,0.09312439195507788
terms_abstract_tfidf__specialization,-0.057292547895980525
terms_abstract_tfidf__specialized,-0.05267833681972605
terms_abstract_tfidf__species,-0.0006504097946372347
terms_abstract_tfidf__specifically,-0.03992279023252093
terms_abstract_tfidf__specificity,0.07468105567351976
terms_abstract_tfidf__specified,-0.05415399965979975
terms_abstract_tfidf__spectral,0.0350337010020453
terms_abstract_tfidf__spectrum,0.13237026241016303
terms_abstract_tfidf__spectrum disorder,0.11280700265197664
terms_abstract_tfidf__spectrum disorders,0.07425169516840897
terms_abstract_tfidf__speech,-0.09030616098478883
terms_abstract_tfidf__speech perception,-0.055756006886151566
terms_abstract_tfidf__speech production,-0.07777811152552302
terms_abstract_tfidf__speed,-0.015642447140688732
terms_abstract_tfidf__spin,0.02913027607660389
terms_abstract_tfidf__spin labeling,0.018367300185859626
terms_abstract_tfidf__spinal,-0.03355732269212867
terms_abstract_tfidf__spl,-0.03786416367808864
terms_abstract_tfidf__spoken,-0.0674173687083073
terms_abstract_tfidf__spontaneous,0.19480719919287762
terms_abstract_tfidf__stable,0.07829131872114749
terms_abstract_tfidf__stage,-0.06054847845568777
terms_abstract_tfidf__stages,-0.030163761833620177
terms_abstract_tfidf__standard,0.08265564839772949
terms_abstract_tfidf__standardized,0.0798479794600399
terms_abstract_tfidf__state,0.217552777599801
terms_abstract_tfidf__state connectivity,0.11853007539323016
terms_abstract_tfidf__state functional,0.20243567662434497
terms_abstract_tfidf__state networks,0.12793035995996743
terms_abstract_tfidf__statement,0.08946973753901245
terms_abstract_tfidf__states,0.12417399790890438
terms_abstract_tfidf__static,-0.016442015399755008
terms_abstract_tfidf__statistics,0.09747036836943972
terms_abstract_tfidf__status,0.10681644196266456
terms_abstract_tfidf__step,0.057866790518328555
terms_abstract_tfidf__stg,-0.032999863961188924
terms_abstract_tfidf__stimulated,-0.0957806883889066
terms_abstract_tfidf__stimulation,-0.08421368331659183
terms_abstract_tfidf__stimulation tms,-0.023482138171777352
terms_abstract_tfidf__stimuli,-0.011917925018844993
terms_abstract_tfidf__stimuli presented,-0.01986604350025427
terms_abstract_tfidf__stimulus,-0.10796321327053578
terms_abstract_tfidf__stimulus driven,-0.06446338445011421
terms_abstract_tfidf__stimulus response,-0.13459931650007362
terms_abstract_tfidf__stop,-0.15462973515834486
terms_abstract_tfidf__stop signal,-0.16095281494714675
terms_abstract_tfidf__storage,-0.1334841394050609
terms_abstract_tfidf__stored,-0.03225553569878155
terms_abstract_tfidf__strategic,-0.021879615932481607
terms_abstract_tfidf__strategies,-0.09868113696548193
terms_abstract_tfidf__strategy,-0.06063974117331593
terms_abstract_tfidf__stream,-0.025549341933708343
terms_abstract_tfidf__streams,-0.0406063124051868
terms_abstract_tfidf__strength,0.07433070065715952
terms_abstract_tfidf__stress,0.09173570267381476
terms_abstract_tfidf__stress disorder,0.10361433019634027
terms_abstract_tfidf__striatal,-0.07783163204072627
terms_abstract_tfidf__striatum,-0.027237481856303782
terms_abstract_tfidf__striking,0.05663595568280827
terms_abstract_tfidf__stroke,-0.026180757956569663
terms_abstract_tfidf__strong,-0.05901153909233102
terms_abstract_tfidf__strongest,0.004821527887202211
terms_abstract_tfidf__strongly,-0.06057419213288607
terms_abstract_tfidf__stroop,-0.15699608674699067
terms_abstract_tfidf__stroop task,-0.15357129374795114
terms_abstract_tfidf__structural,0.0657704093647685
terms_abstract_tfidf__structural functional,0.11864956139606346
terms_abstract_tfidf__structural magnetic,0.018479001226401226
terms_abstract_tfidf__structure,-0.0009476494376138891
terms_abstract_tfidf__structure function,0.06619946728683276
terms_abstract_tfidf__structures,0.068451242811087
terms_abstract_tfidf__structures involved,-0.03925472206576212
terms_abstract_tfidf__sts,-0.0038207805752124317
terms_abstract_tfidf__students,0.027357434700617703
terms_abstract_tfidf__studied,0.004272883497219163
terms_abstract_tfidf__studying,0.13637254444280084
terms_abstract_tfidf__sub,-0.04307092029762721
terms_abstract_tfidf__subcortical,-0.050558474632159456
terms_abstract_tfidf__subcortical structures,-0.008637329307429643
terms_abstract_tfidf__subgenual,0.07471290224188615
terms_abstract_tfidf__subject,-0.006330280088565611
terms_abstract_tfidf__subjective,0.1081844766807288
terms_abstract_tfidf__subregions,0.007995273562551022
terms_abstract_tfidf__subsequent,0.04542009745671251
terms_abstract_tfidf__subsequent memory,0.07712638080086402
terms_abstract_tfidf__subsequently,-0.005849404640042553
terms_abstract_tfidf__subserve,-0.0014914980271176985
terms_abstract_tfidf__subserved,-0.02312269317598926
terms_abstract_tfidf__subserving,-0.06344852124871043
terms_abstract_tfidf__subset,-0.026635682914067985
terms_abstract_tfidf__substance,-0.021976034977958102
terms_abstract_tfidf__substantia,0.048153818042791445
terms_abstract_tfidf__substantial,0.03601888084966952
terms_abstract_tfidf__substantially,-0.025840335465405425
terms_abstract_tfidf__substrate,-0.061905872830395454
terms_abstract_tfidf__substrates,-0.07229650787711865
terms_abstract_tfidf__subtle,0.03672853369804933
terms_abstract_tfidf__subtraction,-0.13987835897972878
terms_abstract_tfidf__success,-0.027094674902505122
terms_abstract_tfidf__successful,0.017745185055719433
terms_abstract_tfidf__successfully,0.051386113969459926
terms_abstract_tfidf__successive,-0.11030167633895573
terms_abstract_tfidf__suffering,-0.05212281606076192
terms_abstract_tfidf__sufficient,0.04378446505388076
terms_abstract_tfidf__suggest,0.04023881095073053
terms_abstract_tfidf__suggest functional,-0.014620267283309193
terms_abstract_tfidf__suggested,-0.03110446644185599
terms_abstract_tfidf__suggesting,0.00550854106799971
terms_abstract_tfidf__suggests,0.07690398971447246
terms_abstract_tfidf__sulci,0.0027851922234034196
terms_abstract_tfidf__sulcus,-0.09774617431772872
terms_abstract_tfidf__sulcus ips,-0.12152351406416316
terms_abstract_tfidf__sulcus sts,-0.026962875606888193
terms_abstract_tfidf__sum,0.06018724451226738
terms_abstract_tfidf__summary,0.011529260934426366
terms_abstract_tfidf__superior,-0.08312843406001241
terms_abstract_tfidf__superior frontal,-0.012921431771532915
terms_abstract_tfidf__superior inferior,-0.10514586555383304
terms_abstract_tfidf__superior middle,-0.05068317292217269
terms_abstract_tfidf__superior parietal,-0.07692063149272148
terms_abstract_tfidf__superior temporal,-0.04487432925848808
terms_abstract_tfidf__supplementary,-0.16047375103869618
terms_abstract_tfidf__supplementary motor,-0.16226605860096496
terms_abstract_tfidf__supported,-0.004306912144125376
terms_abstract_tfidf__supporting,0.009207195649324982
terms_abstract_tfidf__supports,-0.01900938066265512
terms_abstract_tfidf__suppressed,0.019860873748611455
terms_abstract_tfidf__suppression,0.02069033568307951
terms_abstract_tfidf__supramarginal,-0.10442565043354492
terms_abstract_tfidf__supramarginal gyrus,-0.09563023078987426
terms_abstract_tfidf__surface,-0.017961200376408696
terms_abstract_tfidf__surprisingly,0.045535306974709554
terms_abstract_tfidf__surrounding,0.06087494986147155
terms_abstract_tfidf__susceptibility,0.030443753806299077
terms_abstract_tfidf__sustained,-0.03765779523693639
terms_abstract_tfidf__sustained attention,-0.0796045451046946
terms_abstract_tfidf__switch,-0.10367544875020314
terms_abstract_tfidf__switching,-0.14558183352508353
terms_abstract_tfidf__symbolic,-0.07676663489557753
terms_abstract_tfidf__symptom,0.01851704412891742
terms_abstract_tfidf__symptom severity,0.08396342239133751
terms_abstract_tfidf__symptoms,0.09819334247142383
terms_abstract_tfidf__synchronization,-0.007890424096617872
terms_abstract_tfidf__syndrome,0.05769905348938234
terms_abstract_tfidf__syntactic,-0.13369730143264247
terms_abstract_tfidf__systematic,0.03214799009916468
terms_abstract_tfidf__systematically,-0.0796336786648818
terms_abstract_tfidf__systems,-0.06127224803890989
terms_abstract_tfidf__systems involved,-0.018432657711423224
terms_abstract_tfidf__t1,0.02972174729227307
terms_abstract_tfidf__t1 weighted,0.027230879180174323
terms_abstract_tfidf__tactile,-0.10179175041743999
terms_abstract_tfidf__taken,0.007347622534435842
terms_abstract_tfidf__taken suggest,-0.03209500251093641
terms_abstract_tfidf__taking,-0.0013035794638108563
terms_abstract_tfidf__tapping,-0.09459660520488841
terms_abstract_tfidf__target,-0.0787366474475004
terms_abstract_tfidf__target detection,-0.07129401323402439
terms_abstract_tfidf__targeted,0.07068057316925408
terms_abstract_tfidf__targets,-0.022227446480068202
terms_abstract_tfidf__task,-0.13625024069748773
terms_abstract_tfidf__task conditions,-0.09246680688451889
terms_abstract_tfidf__task demands,-0.13309992417597724
terms_abstract_tfidf__task difficulty,-0.07179686572629164
terms_abstract_tfidf__task functional,0.02096253983574767
terms_abstract_tfidf__task induced,0.1462169414399788
terms_abstract_tfidf__task involving,-0.02528527725784427
terms_abstract_tfidf__task irrelevant,-0.09880426534760771
terms_abstract_tfidf__task performance,-0.08428209539986609
terms_abstract_tfidf__task positive,0.09218383580223118
terms_abstract_tfidf__task relevant,-0.12080734073563172
terms_abstract_tfidf__task required,-0.10200757602923291
terms_abstract_tfidf__task task,-0.13311425142975816
terms_abstract_tfidf__task using,-0.06504640022224104
terms_abstract_tfidf__tasks,-0.17586427187539166
terms_abstract_tfidf__taste,-0.01767669296812005
terms_abstract_tfidf__td,-0.010209929931300023
terms_abstract_tfidf__technique,0.06892982565925461
terms_abstract_tfidf__techniques,0.026602088173348273
terms_abstract_tfidf__tegmental,0.007967083700483471
terms_abstract_tfidf__temporal,0.04012253741212499
terms_abstract_tfidf__temporal cortex,0.005812371641147496
terms_abstract_tfidf__temporal cortices,-0.022104562115181015
terms_abstract_tfidf__temporal frontal,-0.015234716249544374
terms_abstract_tfidf__temporal gyri,-0.006938392392310261
terms_abstract_tfidf__temporal gyrus,-0.01985831638876577
terms_abstract_tfidf__temporal inferior,-0.09170585710939512
terms_abstract_tfidf__temporal lobe,0.1202734709752067
terms_abstract_tfidf__temporal lobes,0.09140076729831262
terms_abstract_tfidf__temporal occipital,0.06355934359784272
terms_abstract_tfidf__temporal parietal,0.015115267611960165
terms_abstract_tfidf__temporal pole,-0.0039815000439855685
terms_abstract_tfidf__temporal sulcus,-0.022729321069384346
terms_abstract_tfidf__temporale,-0.059009668575241606
terms_abstract_tfidf__temporally,-0.03410966060088113
terms_abstract_tfidf__temporo,0.03137122620122776
terms_abstract_tfidf__temporo parietal,0.04464810762421062
terms_abstract_tfidf__temporoparietal,0.06964932998121112
terms_abstract_tfidf__temporoparietal junction,0.06791296388936584
terms_abstract_tfidf__tend,0.012512521901434493
terms_abstract_tfidf__tendency,0.007181025821004606
terms_abstract_tfidf__tensor,0.0743950809465751
terms_abstract_tfidf__tensor dti,0.07860470540596011
terms_abstract_tfidf__term,-0.06138247349819531
terms_abstract_tfidf__term memory,-0.06477951611461115
terms_abstract_tfidf__terms,-0.009892156624995997
terms_abstract_tfidf__tesla,0.054982383591930604
terms_abstract_tfidf__test,0.05817122294296327
terms_abstract_tfidf__tested,-0.028298097980923732
terms_abstract_tfidf__testing,0.05352643075222527
terms_abstract_tfidf__tests,-0.004747883623169234
terms_abstract_tfidf__thalamic,0.09760878267932238
terms_abstract_tfidf__thalamus,-0.031644931568885135
terms_abstract_tfidf__theoretical,0.00840386616442803
terms_abstract_tfidf__theories,-0.061865711784311495
terms_abstract_tfidf__theory,0.10814574916750774
terms_abstract_tfidf__theory mind,0.12129371011352352
terms_abstract_tfidf__therapeutic,0.04862703975561443
terms_abstract_tfidf__therapy,0.02699731480171685
terms_abstract_tfidf__thickness,0.0893149312176764
terms_abstract_tfidf__thinking,0.12876097125055813
terms_abstract_tfidf__thirteen,0.005717032454033017
terms_abstract_tfidf__thirty,0.053316483729941105
terms_abstract_tfidf__thought,0.03808449320144016
terms_abstract_tfidf__thoughts,0.0997591544894244
terms_abstract_tfidf__threat,0.03127134040370511
terms_abstract_tfidf__threatening,0.02922722611478156
terms_abstract_tfidf__threshold,-0.009515987340410368
terms_abstract_tfidf__time,0.060252955306714685
terms_abstract_tfidf__time course,0.033648641673576424
terms_abstract_tfidf__time courses,-0.01693701252040025
terms_abstract_tfidf__time points,0.07852827833759125
terms_abstract_tfidf__time series,0.08920699533895561
terms_abstract_tfidf__time task,-0.08386310318020122
terms_abstract_tfidf__times,-0.10006934407304825
terms_abstract_tfidf__timing,-0.10575908961406456
terms_abstract_tfidf__tissue,0.08311547359552239
terms_abstract_tfidf__tms,-0.06315441323883521
terms_abstract_tfidf__tom,0.08759478709576998
terms_abstract_tfidf__tomography,0.017652514397872774
terms_abstract_tfidf__tomography pet,-0.03642534192345463
terms_abstract_tfidf__tone,-0.036330170044543794
terms_abstract_tfidf__tones,-0.057203420735225344
terms_abstract_tfidf__took,0.020976219202571384
terms_abstract_tfidf__tool,0.005270472902755234
terms_abstract_tfidf__tools,-0.025229619020340873
terms_abstract_tfidf__total,0.03147327309447731
terms_abstract_tfidf__touch,-0.08374944999932071
terms_abstract_tfidf__tpj,0.049814952003471184
terms_abstract_tfidf__track,0.03403236675234366
terms_abstract_tfidf__tracking,-0.05097956960990845
terms_abstract_tfidf__tract,0.0106042086937708
terms_abstract_tfidf__tractography,0.013773444463216884
terms_abstract_tfidf__tracts,0.018652716011894003
terms_abstract_tfidf__traditional,0.02822038465613645
terms_abstract_tfidf__traditionally,-0.04607357319888944
terms_abstract_tfidf__trained,-0.008960901097688817
terms_abstract_tfidf__training,-0.04504412228778006
terms_abstract_tfidf__trait,0.09310237032297951
terms_abstract_tfidf__traits,0.07101480413924534
terms_abstract_tfidf__trajectories,-0.062190620002334614
terms_abstract_tfidf__transcranial,-0.07463916211359081
terms_abstract_tfidf__transcranial magnetic,-0.07916487050639386
terms_abstract_tfidf__transfer,0.03355880287518054
terms_abstract_tfidf__transformation,-0.05580758826640149
terms_abstract_tfidf__transient,-0.01013004031799173
terms_abstract_tfidf__transition,0.02479827429437764
terms_abstract_tfidf__trauma,0.10308935794622495
terms_abstract_tfidf__traumatic,0.028192678532619912
terms_abstract_tfidf__treated,0.0320715380470759
terms_abstract_tfidf__treatment,0.07446727007740749
terms_abstract_tfidf__treatments,0.04358561334908586
terms_abstract_tfidf__trend,-0.026083892984997744
terms_abstract_tfidf__trial,-0.08653584796649472
terms_abstract_tfidf__trial trial,0.021198021750804097
terms_abstract_tfidf__trials,-0.13507926375662613
terms_abstract_tfidf__trigger,-0.013715983424146977
terms_abstract_tfidf__triggered,-0.09858289889028787
terms_abstract_tfidf__true,0.069844851788115
terms_abstract_tfidf__turn,-0.06214478781270914
terms_abstract_tfidf__twice,-0.02150021658942226
terms_abstract_tfidf__type,0.0041502890321890844
terms_abstract_tfidf__types,-0.05668471685503149
terms_abstract_tfidf__typical,0.03146963141409482
terms_abstract_tfidf__typically,0.03216081280984693
terms_abstract_tfidf__typically developing,0.021106241156446215
terms_abstract_tfidf__unaffected,0.010695415158835828
terms_abstract_tfidf__uncertain,-0.06428411059930754
terms_abstract_tfidf__uncertainty,-0.04670322021880363
terms_abstract_tfidf__unclear,-0.008468939499562924
terms_abstract_tfidf__undergoing,-0.006552652972786732
terms_abstract_tfidf__undergoing functional,0.026430467938986027
terms_abstract_tfidf__underlie,0.04403516093896247
terms_abstract_tfidf__underlies,-0.06211722129729773
terms_abstract_tfidf__underlying,0.06431803028820568
terms_abstract_tfidf__underlying mechanisms,-0.004337180799411646
terms_abstract_tfidf__underpinning,-0.006812777845870471
terms_abstract_tfidf__underpinnings,0.022277146021233405
terms_abstract_tfidf__understand,0.07340569278364359
terms_abstract_tfidf__understanding,0.0741516396679308
terms_abstract_tfidf__understood,0.04741770175788694
terms_abstract_tfidf__unexpected,-0.08070446948254358
terms_abstract_tfidf__unfamiliar,0.05654363801928214
terms_abstract_tfidf__unilateral,0.08106007394373921
terms_abstract_tfidf__unimodal,0.014317137333648255
terms_abstract_tfidf__unique,0.03774678314338045
terms_abstract_tfidf__uniquely,-0.03889348965240595
terms_abstract_tfidf__univariate,0.017182222387648667
terms_abstract_tfidf__unknown,0.11631436069340767
terms_abstract_tfidf__unlike,-0.034611199156238934
terms_abstract_tfidf__unmedicated,0.03462602212401775
terms_abstract_tfidf__unpleasant,-0.00403676329162748
terms_abstract_tfidf__unrelated,-0.0010572365784287212
terms_abstract_tfidf__upcoming,-0.08183290451076065
terms_abstract_tfidf__updating,-0.07498687725545063
terms_abstract_tfidf__upper,-0.028843761968002247
terms_abstract_tfidf__use,-0.025723390536387853
terms_abstract_tfidf__use functional,-0.05266148199831615
terms_abstract_tfidf__useful,0.12728380808856757
terms_abstract_tfidf__users,0.014064520369229712
terms_abstract_tfidf__uses,0.014200222761395088
terms_abstract_tfidf__using,0.09550362242997977
terms_abstract_tfidf__using event,-0.060795810902513736
terms_abstract_tfidf__using functional,-0.09920711835657423
terms_abstract_tfidf__using resting,0.12805508366133708
terms_abstract_tfidf__using voxel,0.019158868716116752
terms_abstract_tfidf__usually,-0.0010389195723766668
terms_abstract_tfidf__utility,0.06587922295369482
terms_abstract_tfidf__utilized,-0.023842281021588977
terms_abstract_tfidf__v1,0.09580729060277807
terms_abstract_tfidf__v5,0.029079036315592104
terms_abstract_tfidf__valence,0.11911343886102227
terms_abstract_tfidf__valid,-0.06106066373627435
terms_abstract_tfidf__validated,0.11670467479256301
terms_abstract_tfidf__validity,0.03128770185218232
terms_abstract_tfidf__valuable,0.02050116306452078
terms_abstract_tfidf__value,0.09191455442624039
terms_abstract_tfidf__values,0.11922182781185135
terms_abstract_tfidf__variability,0.015117685232299208
terms_abstract_tfidf__variable,0.08341387802031537
terms_abstract_tfidf__variables,0.08588907152918773
terms_abstract_tfidf__variance,-0.0027954180272175303
terms_abstract_tfidf__variant,-0.06106280543099754
terms_abstract_tfidf__variation,0.03721685451626942
terms_abstract_tfidf__variations,0.03946397883825787
terms_abstract_tfidf__varied,-0.031888739617431494
terms_abstract_tfidf__varies,-0.03236069950134942
terms_abstract_tfidf__variety,-0.020978003251190612
terms_abstract_tfidf__various,0.05567533541856482
terms_abstract_tfidf__vary,-0.013802428236637097
terms_abstract_tfidf__varying,-0.03220321319558905
terms_abstract_tfidf__vbm,0.02703356792950101
terms_abstract_tfidf__vector,0.06664697338815939
terms_abstract_tfidf__ventral,-0.0023620546346884465
terms_abstract_tfidf__ventral anterior,0.0027823868502445505
terms_abstract_tfidf__ventral dorsal,-0.051798891505909765
terms_abstract_tfidf__ventral medial,0.18988605074440643
terms_abstract_tfidf__ventral premotor,-0.12573460323844507
terms_abstract_tfidf__ventral striatum,0.02175908912658483
terms_abstract_tfidf__ventral tegmental,0.011513812318905317
terms_abstract_tfidf__ventral visual,0.06814821054458696
terms_abstract_tfidf__ventrolateral,-0.19449782103236612
terms_abstract_tfidf__ventrolateral prefrontal,-0.14695045040669386
terms_abstract_tfidf__ventromedial,0.15821123131971782
terms_abstract_tfidf__ventromedial prefrontal,0.15596223599547898
terms_abstract_tfidf__verb,-0.08453739636394551
terms_abstract_tfidf__verbal,-0.10514671166870905
terms_abstract_tfidf__verbal fluency,-0.03692177764774667
terms_abstract_tfidf__verbal working,-0.13197222456189997
terms_abstract_tfidf__verbs,-0.0778870325170913
terms_abstract_tfidf__vermis,0.003290455605665812
terms_abstract_tfidf__version,-0.11172902795196417
terms_abstract_tfidf__versus,0.06483106955532265
terms_abstract_tfidf__vi,0.005969324978921079
terms_abstract_tfidf__video,-0.05951467186640005
terms_abstract_tfidf__video clips,-0.04827539177645286
terms_abstract_tfidf__videos,0.021453768579687605
terms_abstract_tfidf__view,0.059003869494130716
terms_abstract_tfidf__viewed,0.07920032722506512
terms_abstract_tfidf__viewing,0.077246497057652
terms_abstract_tfidf__violations,-0.04835434198698645
terms_abstract_tfidf__virtual,0.07227377811621621
terms_abstract_tfidf__vision,0.04364502842597107
terms_abstract_tfidf__visual,0.044156709077609324
terms_abstract_tfidf__visual attention,0.03389729327737243
terms_abstract_tfidf__visual auditory,0.020437415617478152
terms_abstract_tfidf__visual cortex,0.10345117526247459
terms_abstract_tfidf__visual cortices,0.0655219900311635
terms_abstract_tfidf__visual field,0.042352326789642895
terms_abstract_tfidf__visual information,-0.013631969962760544
terms_abstract_tfidf__visual motion,0.01375115782625801
terms_abstract_tfidf__visual perception,0.06966817308659919
terms_abstract_tfidf__visual stimuli,0.026430302550992824
terms_abstract_tfidf__visual stimulus,-0.008930113982815341
terms_abstract_tfidf__visual stream,0.08878974803520523
terms_abstract_tfidf__visual word,-0.04021746461277786
terms_abstract_tfidf__visually,-0.06266171780945097
terms_abstract_tfidf__visually presented,-0.06846060317195549
terms_abstract_tfidf__visuo,-0.013533503513953783
terms_abstract_tfidf__visuo spatial,-0.03436787185051571
terms_abstract_tfidf__visuomotor,-0.03386139242039506
terms_abstract_tfidf__visuospatial,0.0026630762386424863
terms_abstract_tfidf__vivo,0.054290375409007885
terms_abstract_tfidf__vlpfc,-0.11167109881808181
terms_abstract_tfidf__vmpfc,0.16957560116962067
terms_abstract_tfidf__vocal,-0.03763045846398118
terms_abstract_tfidf__voice,-0.018223866681155533
terms_abstract_tfidf__volume,0.05422560393954726
terms_abstract_tfidf__volumes,0.03998452926355098
terms_abstract_tfidf__volumetric,0.14165514512302532
terms_abstract_tfidf__voluntary,-0.08135201929191577
terms_abstract_tfidf__volunteers,-0.09583183006407667
terms_abstract_tfidf__voxel,0.07724119155144658
terms_abstract_tfidf__voxel morphometry,0.03300311192441886
terms_abstract_tfidf__voxel wise,0.06524775940660664
terms_abstract_tfidf__voxels,0.0823303746879079
terms_abstract_tfidf__voxelwise,0.093255219883756
terms_abstract_tfidf__vs,0.034779240098863566
terms_abstract_tfidf__vulnerability,0.09423863408953917
terms_abstract_tfidf__watched,-0.027695563307946675
terms_abstract_tfidf__watching,0.016449508819447775
terms_abstract_tfidf__way,0.02409366787092881
terms_abstract_tfidf__ways,0.03791064050910633
terms_abstract_tfidf__weak,-0.004295760972050164
terms_abstract_tfidf__weaker,0.0579326215892135
terms_abstract_tfidf__week,0.0778497354312742
terms_abstract_tfidf__weeks,-0.00030142641920466917
terms_abstract_tfidf__weight,0.05848770846678254
terms_abstract_tfidf__weighted,0.032692714753726856
terms_abstract_tfidf__whilst,0.014446967082700319
terms_abstract_tfidf__white,0.07122437481850107
terms_abstract_tfidf__white matter,0.06180298478219196
terms_abstract_tfidf__wide,0.06182945811104359
terms_abstract_tfidf__widely,-0.0029375183981188747
terms_abstract_tfidf__widespread,-0.050203393605532366
terms_abstract_tfidf__wiley,0.0792750400219603
terms_abstract_tfidf__wiley periodicals,0.07144420232768431
terms_abstract_tfidf__window,-0.03319607137595922
terms_abstract_tfidf__wise,0.06966214425708568
terms_abstract_tfidf__wm,-0.10820425741468553
terms_abstract_tfidf__wm task,-0.06415103313306297
terms_abstract_tfidf__women,0.050697859715186415
terms_abstract_tfidf__word,-0.07417772183662262
terms_abstract_tfidf__word form,-0.042566312580165105
terms_abstract_tfidf__word pairs,0.058174709558219115
terms_abstract_tfidf__word recognition,-0.03838245079686041
terms_abstract_tfidf__words,-0.04452388800205637
terms_abstract_tfidf__work,0.0004439451182231141
terms_abstract_tfidf__working,-0.18401962065871028
terms_abstract_tfidf__working memory,-0.18560239013385754
terms_abstract_tfidf__world,0.15931922756594447
terms_abstract_tfidf__worse,0.07966097285027617
terms_abstract_tfidf__written,-0.06511840264450465
terms_abstract_tfidf__year,0.0662470473604277
terms_abstract_tfidf__year old,0.06995183097552986
terms_abstract_tfidf__years,0.08143856965198269
terms_abstract_tfidf__years old,0.1509491671105267
terms_abstract_tfidf__yield,-0.027101183812726255
terms_abstract_tfidf__yielded,0.02980825397367824
terms_abstract_tfidf__young,0.06578888766623238
terms_abstract_tfidf__young adults,0.017449451126048916
terms_abstract_tfidf__young healthy,-0.04794262547794353
terms_abstract_tfidf__young older,-0.004417036543473379
terms_abstract_tfidf__younger,0.04015284894844888
terms_abstract_tfidf__younger adults,0.04696144483800284
terms_abstract_tfidf__youth,0.0377850742416652
terms_abstract_tfidf__zone,-0.07426497449442508
