feature,r
terms_abstract_tfidf__001,-0.03577988540549937
terms_abstract_tfidf__01,-0.077473386248006
terms_abstract_tfidf__05,-0.09340971601480201
terms_abstract_tfidf__10,-0.05843204686113461
terms_abstract_tfidf__100,-0.003633986193481817
terms_abstract_tfidf__11,-0.07435842502170438
terms_abstract_tfidf__12,-0.04476593124321055
terms_abstract_tfidf__12 healthy,-0.03691029824945324
terms_abstract_tfidf__13,-0.04701377824594954
terms_abstract_tfidf__14,0.0151310739749097
terms_abstract_tfidf__14 healthy,0.005717191530442228
terms_abstract_tfidf__15,-0.058402701712684635
terms_abstract_tfidf__15 healthy,-0.03326471895540187
terms_abstract_tfidf__16,-0.042700664701972375
terms_abstract_tfidf__16 healthy,0.018430256811369866
terms_abstract_tfidf__17,0.012809624399512106
terms_abstract_tfidf__18,-0.05660811298614533
terms_abstract_tfidf__18 healthy,-0.08930660577462282
terms_abstract_tfidf__19,0.07046387306186822
terms_abstract_tfidf__20,0.03324850510133813
terms_abstract_tfidf__20 healthy,0.062415762088678994
terms_abstract_tfidf__200,-0.003937674005997554
terms_abstract_tfidf__2014,0.02140956775187115
terms_abstract_tfidf__21,-0.11381152291312727
terms_abstract_tfidf__22,-0.10211583151684493
terms_abstract_tfidf__23,-0.005598886871413415
terms_abstract_tfidf__24,-0.04320397077663558
terms_abstract_tfidf__25,-0.07999578428909672
terms_abstract_tfidf__26,-0.099909226993573
terms_abstract_tfidf__27,-0.01957064234128387
terms_abstract_tfidf__28,-0.1420513152507307
terms_abstract_tfidf__29,-0.0326186476835854
terms_abstract_tfidf__30,-0.03165373206635366
terms_abstract_tfidf__31,-0.0027622268415224936
terms_abstract_tfidf__32,-0.02218119906750447
terms_abstract_tfidf__33,-0.04038135422831723
terms_abstract_tfidf__34,-0.042284189819752495
terms_abstract_tfidf__35,-0.01984917004305481
terms_abstract_tfidf__36,-0.06390441284155977
terms_abstract_tfidf__37,0.0566201529448794
terms_abstract_tfidf__38,-0.058807594601708535
terms_abstract_tfidf__39,-0.01643443894155291
terms_abstract_tfidf__3d,0.2394481677533076
terms_abstract_tfidf__3t,-0.07069340064419821
terms_abstract_tfidf__40,0.06723106728799984
terms_abstract_tfidf__41,-0.08691368201672549
terms_abstract_tfidf__42,-0.03301518811279157
terms_abstract_tfidf__43,-0.1322017308068396
terms_abstract_tfidf__44,-0.024667346411450387
terms_abstract_tfidf__45,-0.028893195864950268
terms_abstract_tfidf__46,0.04645584204561975
terms_abstract_tfidf__47,-0.1130279672947986
terms_abstract_tfidf__48,-0.05155891450561059
terms_abstract_tfidf__49,-0.03831384492643036
terms_abstract_tfidf__50,-0.05939267513168713
terms_abstract_tfidf__60,0.0011138809431436767
terms_abstract_tfidf__70,0.05053322454786345
terms_abstract_tfidf__75,0.07063541007422225
terms_abstract_tfidf__80,0.031000325823984373
terms_abstract_tfidf__90,0.07117003910826951
terms_abstract_tfidf__aberrant,-0.09446022269478675
terms_abstract_tfidf__abilities,0.08593024602364858
terms_abstract_tfidf__ability,-0.00036889790703767883
terms_abstract_tfidf__able,0.04956804743200646
terms_abstract_tfidf__abnormal,-0.06699415311857156
terms_abstract_tfidf__abnormalities,-0.07197255749977473
terms_abstract_tfidf__abnormality,-0.06948395039490761
terms_abstract_tfidf__absence,0.017866479101385876
terms_abstract_tfidf__absent,0.031205295870648436
terms_abstract_tfidf__abstract,0.058897962042986335
terms_abstract_tfidf__abuse,-0.06171288635480941
terms_abstract_tfidf__acc,-0.07547707613073264
terms_abstract_tfidf__access,0.037540576568820344
terms_abstract_tfidf__accompanied,-0.09070500784302901
terms_abstract_tfidf__accordance,0.056625591033928474
terms_abstract_tfidf__according,0.03718440856783511
terms_abstract_tfidf__accordingly,-0.03623349000255197
terms_abstract_tfidf__account,-0.01788891526436051
terms_abstract_tfidf__accounted,0.07627910881122142
terms_abstract_tfidf__accounts,-0.06037571621226289
terms_abstract_tfidf__accumbens,-0.0989869336015422
terms_abstract_tfidf__accuracy,0.02475311343166245
terms_abstract_tfidf__accurate,0.020000571902461572
terms_abstract_tfidf__accurately,-0.0257864089649169
terms_abstract_tfidf__achieve,0.03355101768079286
terms_abstract_tfidf__achieved,0.03907825616752173
terms_abstract_tfidf__acoustic,-0.2013781798992498
terms_abstract_tfidf__acquired,-0.04228351735030208
terms_abstract_tfidf__acquisition,-0.10894477068490999
terms_abstract_tfidf__act,-0.011760067143337475
terms_abstract_tfidf__action,0.08880437144456378
terms_abstract_tfidf__action observation,0.1440826729920073
terms_abstract_tfidf__actions,0.08276888026917821
terms_abstract_tfidf__activate,0.11880600796126649
terms_abstract_tfidf__activates,0.02939195805966974
terms_abstract_tfidf__activations,0.14127953971913035
terms_abstract_tfidf__active,0.04215930245340533
terms_abstract_tfidf__actively,0.05248155536679834
terms_abstract_tfidf__activities,0.03205867526160671
terms_abstract_tfidf__acts,0.020253660835345758
terms_abstract_tfidf__actual,0.07212722545717458
terms_abstract_tfidf__actually,0.06373855994752219
terms_abstract_tfidf__acute,-0.06046514798115894
terms_abstract_tfidf__ad,-0.0681447625613118
terms_abstract_tfidf__adaptation,0.14104460250156048
terms_abstract_tfidf__adapted,-0.012147618673712245
terms_abstract_tfidf__adaptive,-0.08124695727427594
terms_abstract_tfidf__add,0.0657137989140976
terms_abstract_tfidf__addiction,-0.04143423237829117
terms_abstract_tfidf__addition,0.05792598430711774
terms_abstract_tfidf__additional,0.10614774437884629
terms_abstract_tfidf__additionally,-0.04329887862689841
terms_abstract_tfidf__addressed,-0.013352904364152148
terms_abstract_tfidf__adhd,-0.051814059778139604
terms_abstract_tfidf__adjacent,0.015855529185121203
terms_abstract_tfidf__administered,-0.012455173391854077
terms_abstract_tfidf__administration,-0.049135303084586635
terms_abstract_tfidf__adolescence,0.03378504011633998
terms_abstract_tfidf__adolescent,-0.09771642899171064
terms_abstract_tfidf__adolescents,-0.025513600446874014
terms_abstract_tfidf__adopted,-0.03513528026133898
terms_abstract_tfidf__adult,-0.05875241325459728
terms_abstract_tfidf__adulthood,-0.024158430291285928
terms_abstract_tfidf__adults,0.014048728394445565
terms_abstract_tfidf__advance,0.10117052702826483
terms_abstract_tfidf__advanced,0.012304354688821994
terms_abstract_tfidf__advances,-0.10617354948278701
terms_abstract_tfidf__advantage,-0.011480098107551543
terms_abstract_tfidf__affect,-0.06635780326268743
terms_abstract_tfidf__affected,-0.05772219679441009
terms_abstract_tfidf__affecting,-0.08844366218846281
terms_abstract_tfidf__affective,-0.2063322209047387
terms_abstract_tfidf__affects,0.024504978751096328
terms_abstract_tfidf__age,-0.02420541308544556
terms_abstract_tfidf__age controls,-0.03441064390841092
terms_abstract_tfidf__age gender,-0.036932804853637494
terms_abstract_tfidf__age groups,0.0461761858932637
terms_abstract_tfidf__age healthy,-0.0573594781592311
terms_abstract_tfidf__age sex,-0.03423126737625919
terms_abstract_tfidf__aged,-0.034521559594920405
terms_abstract_tfidf__agent,0.006454161462654011
terms_abstract_tfidf__ages,0.029288354566019578
terms_abstract_tfidf__aging,0.08477207683467808
terms_abstract_tfidf__agreement,0.015306902468762358
terms_abstract_tfidf__aim,-0.009777334143805624
terms_abstract_tfidf__aimed,0.0020301106266551613
terms_abstract_tfidf__aims,-0.07140158703494837
terms_abstract_tfidf__al,0.016080629465848224
terms_abstract_tfidf__alcohol,-0.08194473957040994
terms_abstract_tfidf__alff,-0.01002572608306626
terms_abstract_tfidf__algorithm,-0.0721410003672541
terms_abstract_tfidf__allele,-0.052633209465399365
terms_abstract_tfidf__allocation,0.12259168319890168
terms_abstract_tfidf__allow,0.0173087407799824
terms_abstract_tfidf__allowed,0.04773248898918628
terms_abstract_tfidf__allowing,0.03826819433516248
terms_abstract_tfidf__allows,0.025280482274016833
terms_abstract_tfidf__alpha,-0.018728156486870862
terms_abstract_tfidf__alter,-0.06518357102009906
terms_abstract_tfidf__alteration,-0.02677284221672373
terms_abstract_tfidf__alterations,-0.0869063485541949
terms_abstract_tfidf__altered,-0.10537005737825571
terms_abstract_tfidf__alternating,-0.028094500202680426
terms_abstract_tfidf__alternative,0.012106364086994888
terms_abstract_tfidf__alters,0.015325553124010523
terms_abstract_tfidf__alzheimer,-0.0823578994828405
terms_abstract_tfidf__alzheimer disease,-0.07817888866122713
terms_abstract_tfidf__ambiguous,-0.014520181113713346
terms_abstract_tfidf__amnestic,-0.015576490301193964
terms_abstract_tfidf__amplitude,-0.026249776417761123
terms_abstract_tfidf__amplitude low,-0.027151764046410183
terms_abstract_tfidf__amplitudes,0.0656485218668077
terms_abstract_tfidf__amygdala,-0.13138596400037172
terms_abstract_tfidf__amygdala anterior,-0.11439859032340662
terms_abstract_tfidf__amygdala hippocampus,-0.16148349970910517
terms_abstract_tfidf__amygdala insula,-0.12005673977268322
terms_abstract_tfidf__amygdala response,-0.0922621083043692
terms_abstract_tfidf__amygdala responses,-0.10685839867095456
terms_abstract_tfidf__analysed,-0.05899021769099372
terms_abstract_tfidf__analyses,-0.12441344718099796
terms_abstract_tfidf__analyze,0.066930675456623
terms_abstract_tfidf__analyzed,-0.04109143698142632
terms_abstract_tfidf__analyzed using,-0.020059810627646286
terms_abstract_tfidf__analyzing,0.13278870448822866
terms_abstract_tfidf__anatomical,-0.06771925841139174
terms_abstract_tfidf__anatomically,-0.04225089316217899
terms_abstract_tfidf__anatomy,-0.09073502707802483
terms_abstract_tfidf__anger,-0.08221391267792567
terms_abstract_tfidf__angry,-0.07258567144508014
terms_abstract_tfidf__angular,0.05639011573801551
terms_abstract_tfidf__angular gyrus,0.049380597360591375
terms_abstract_tfidf__animal,-0.030210927615651854
terms_abstract_tfidf__animals,0.05196304105283855
terms_abstract_tfidf__anisotropy,0.02207041180872261
terms_abstract_tfidf__anisotropy fa,0.023210557797324158
terms_abstract_tfidf__anterior,-0.15996885532865923
terms_abstract_tfidf__anterior cingulate,-0.1058859440840413
terms_abstract_tfidf__anterior hippocampus,-0.012251445863665274
terms_abstract_tfidf__anterior insula,-0.13696563601716835
terms_abstract_tfidf__anterior insular,-0.09863341282364875
terms_abstract_tfidf__anterior intraparietal,0.08432399461855618
terms_abstract_tfidf__anterior medial,-0.03496298896578563
terms_abstract_tfidf__anterior posterior,-0.05068441343980888
terms_abstract_tfidf__anterior prefrontal,0.06250572416533419
terms_abstract_tfidf__anterior superior,-0.15962156273769737
terms_abstract_tfidf__anterior temporal,-0.21350303068282203
terms_abstract_tfidf__anti,-0.07479589944691563
terms_abstract_tfidf__anticipation,-0.007324385872540667
terms_abstract_tfidf__anticipatory,-0.00042970494533517173
terms_abstract_tfidf__anxiety,-0.09112629479405338
terms_abstract_tfidf__anxiety disorders,-0.06435054232390663
terms_abstract_tfidf__apart,-0.12900442619068125
terms_abstract_tfidf__aphasia,-0.14961607697792464
terms_abstract_tfidf__apparent,0.03335480335698137
terms_abstract_tfidf__appear,0.006953966720463665
terms_abstract_tfidf__appeared,0.05621006699277722
terms_abstract_tfidf__appears,0.0890592158244587
terms_abstract_tfidf__application,-0.10405345514064862
terms_abstract_tfidf__applied,-0.19107607117508416
terms_abstract_tfidf__apply,0.1237552173934287
terms_abstract_tfidf__applying,0.08700083498236066
terms_abstract_tfidf__appraisal,-0.03619685005603148
terms_abstract_tfidf__approach,-0.06883228382571141
terms_abstract_tfidf__approaches,-0.07792888235458044
terms_abstract_tfidf__appropriate,0.022256243743286788
terms_abstract_tfidf__approximately,0.009788986341146205
terms_abstract_tfidf__architecture,-0.03900980604544371
terms_abstract_tfidf__argue,0.018882847124919278
terms_abstract_tfidf__arise,-0.0003087541898707409
terms_abstract_tfidf__arithmetic,0.11009824668573509
terms_abstract_tfidf__arm,-0.08503797188672266
terms_abstract_tfidf__arousal,-0.09759964279372539
terms_abstract_tfidf__arterial,-0.06802976381756351
terms_abstract_tfidf__arterial spin,-0.08386028009515833
terms_abstract_tfidf__articulatory,-0.029235577717409544
terms_abstract_tfidf__asd,0.0007783773419454712
terms_abstract_tfidf__asked,0.06912002350867173
terms_abstract_tfidf__aspect,0.017472734256947578
terms_abstract_tfidf__aspects,-0.11990208713264866
terms_abstract_tfidf__assess,0.043057807159114184
terms_abstract_tfidf__assessed,-0.15213580027654136
terms_abstract_tfidf__assessed using,-0.07838601478466103
terms_abstract_tfidf__assessing,0.008933241611439149
terms_abstract_tfidf__assessment,-0.0834291315724434
terms_abstract_tfidf__assessments,-0.039788931738970724
terms_abstract_tfidf__assigned,-0.0449077607136977
terms_abstract_tfidf__association,-0.11223777866315297
terms_abstract_tfidf__associations,-0.012350421920155988
terms_abstract_tfidf__associative,0.012662495764082822
terms_abstract_tfidf__assume,-0.02906871175709371
terms_abstract_tfidf__assumed,-0.010088496631343846
terms_abstract_tfidf__assumption,0.01580067438892198
terms_abstract_tfidf__asymmetry,0.021384383490381666
terms_abstract_tfidf__atrophy,-0.13961495545786917
terms_abstract_tfidf__attempt,-0.010478014032487439
terms_abstract_tfidf__attempted,-0.06808728663579168
terms_abstract_tfidf__attend,0.11047067810206651
terms_abstract_tfidf__attended,0.2244025000329437
terms_abstract_tfidf__attending,0.06877894664842078
terms_abstract_tfidf__attention,0.24480931572866957
terms_abstract_tfidf__attention deficit,-0.05720235329449567
terms_abstract_tfidf__attention network,0.14816194752998746
terms_abstract_tfidf__attention task,0.1727229225474515
terms_abstract_tfidf__attentional,0.22168818258662654
terms_abstract_tfidf__attentional control,0.09607613343031599
terms_abstract_tfidf__attenuated,0.01968693772873488
terms_abstract_tfidf__attenuation,0.08101526016612126
terms_abstract_tfidf__attributed,-0.0034745803773105735
terms_abstract_tfidf__attributes,-0.012219814139889346
terms_abstract_tfidf__attribution,-0.08707382320863537
terms_abstract_tfidf__atypical,-0.0033467824653652506
terms_abstract_tfidf__audiovisual,0.02059274446761164
terms_abstract_tfidf__auditory,-0.13398081029875603
terms_abstract_tfidf__auditory cortex,-0.14944903379402785
terms_abstract_tfidf__auditory stimuli,-0.07261511327174472
terms_abstract_tfidf__auditory visual,-0.0013050042235712854
terms_abstract_tfidf__autism,-0.008063184202335932
terms_abstract_tfidf__autism spectrum,-0.011750857140414463
terms_abstract_tfidf__autobiographical,-0.05665782993338102
terms_abstract_tfidf__autobiographical memory,0.007086704629703899
terms_abstract_tfidf__automated,-0.03140909172845534
terms_abstract_tfidf__automatic,0.08997356713044896
terms_abstract_tfidf__automatically,0.05276930079706977
terms_abstract_tfidf__autonomic,-0.10265529869742053
terms_abstract_tfidf__available,-0.13920248355179585
terms_abstract_tfidf__average,-0.08540698935641511
terms_abstract_tfidf__aversive,-0.10921560570282383
terms_abstract_tfidf__avoid,-0.09859702338407202
terms_abstract_tfidf__avoidance,-0.03165782779001127
terms_abstract_tfidf__awareness,-0.08218973413030334
terms_abstract_tfidf__away,0.04795279180646939
terms_abstract_tfidf__axis,0.004206488737096161
terms_abstract_tfidf__ba,0.038779414961467584
terms_abstract_tfidf__ba 44,0.05593278314253379
terms_abstract_tfidf__background,-0.06945752678103298
terms_abstract_tfidf__balance,-0.10847098225187883
terms_abstract_tfidf__band,-0.029669121276286597
terms_abstract_tfidf__bands,-0.02060337042833346
terms_abstract_tfidf__basal,-0.07796891019942209
terms_abstract_tfidf__basal ganglia,-0.06291657908125677
terms_abstract_tfidf__baseline,-0.0705302231754007
terms_abstract_tfidf__bases,-0.10515952604469654
terms_abstract_tfidf__basic,-0.07868767645499726
terms_abstract_tfidf__basis,-0.04915436605816942
terms_abstract_tfidf__bayesian,-0.036900911601277585
terms_abstract_tfidf__beginning,-0.08922281151435951
terms_abstract_tfidf__behavior,-0.045361136685390116
terms_abstract_tfidf__behavioral,0.040934557777611506
terms_abstract_tfidf__behavioral evidence,-0.012804729186273584
terms_abstract_tfidf__behavioral level,0.10500119269336393
terms_abstract_tfidf__behavioral measures,-0.029972959221420445
terms_abstract_tfidf__behavioral performance,0.14575772845527812
terms_abstract_tfidf__behavioral responses,-0.026080850799480082
terms_abstract_tfidf__behaviorally,0.04092008367015821
terms_abstract_tfidf__behaviors,-0.07997707460897625
terms_abstract_tfidf__behaviour,-0.10963909959833006
terms_abstract_tfidf__behavioural,-0.0032147574276564623
terms_abstract_tfidf__belief,-0.1428633512538348
terms_abstract_tfidf__beliefs,-0.08530774667789899
terms_abstract_tfidf__believed,-0.07171897912491808
terms_abstract_tfidf__beneficial,-0.04883292200562264
terms_abstract_tfidf__benefit,0.026909483504618425
terms_abstract_tfidf__benefits,0.004278647566838871
terms_abstract_tfidf__best,-0.13246241391319946
terms_abstract_tfidf__beta,-0.04327792994987236
terms_abstract_tfidf__better,0.03604847994886481
terms_abstract_tfidf__better understanding,-0.09799213096280614
terms_abstract_tfidf__bias,0.050587401525352134
terms_abstract_tfidf__biased,0.019221919226962442
terms_abstract_tfidf__biases,0.09319885857892364
terms_abstract_tfidf__bilaterally,0.06003073072223374
terms_abstract_tfidf__bilinguals,0.017279065372143913
terms_abstract_tfidf__binding,-0.012480783806134248
terms_abstract_tfidf__biological,0.06357385067134427
terms_abstract_tfidf__biomarker,-0.08649908126024614
terms_abstract_tfidf__biomarkers,-0.09288464342267774
terms_abstract_tfidf__bipolar,-0.12351495618315876
terms_abstract_tfidf__bipolar disorder,-0.11676709152213748
terms_abstract_tfidf__blind,0.1512439736545464
terms_abstract_tfidf__block,0.05930764625872461
terms_abstract_tfidf__block design,-0.003947453214453364
terms_abstract_tfidf__blocked,0.1260329273412738
terms_abstract_tfidf__blocks,-0.015428019762550337
terms_abstract_tfidf__blood,-0.11958089790404436
terms_abstract_tfidf__blood flow,-0.0968653279946834
terms_abstract_tfidf__blood oxygen,-0.08532935131373777
terms_abstract_tfidf__blood oxygenation,-0.0483225153361483
terms_abstract_tfidf__bodily,-0.057011072464859376
terms_abstract_tfidf__body,0.09177662214726469
terms_abstract_tfidf__bold,-0.06210162239147486
terms_abstract_tfidf__bold response,-0.05415227338642864
terms_abstract_tfidf__bold responses,-0.01801371394015567
terms_abstract_tfidf__bold signal,-0.04945156820066972
terms_abstract_tfidf__bold signals,-0.016587013858588923
terms_abstract_tfidf__brains,-0.06976617489392052
terms_abstract_tfidf__brainstem,-0.05010946241434025
terms_abstract_tfidf__brief,-0.10686229502038458
terms_abstract_tfidf__broad,0.02442408263950491
terms_abstract_tfidf__broader,0.001623890500885877
terms_abstract_tfidf__broca,-0.1463323275216462
terms_abstract_tfidf__brodmann,-0.059057881081818135
terms_abstract_tfidf__brodmann ba,-0.05049604941907819
terms_abstract_tfidf__button,0.07429140775082858
terms_abstract_tfidf__calculated,-0.10361381547510044
terms_abstract_tfidf__calculation,0.1717713452076091
terms_abstract_tfidf__called,0.08302175215727903
terms_abstract_tfidf__callosum,0.03239788379610751
terms_abstract_tfidf__candidate,-0.0989591349525356
terms_abstract_tfidf__canonical,0.07726217801048199
terms_abstract_tfidf__capacity,0.0825722948540708
terms_abstract_tfidf__capture,0.05086871619620605
terms_abstract_tfidf__carried,0.08355607840314375
terms_abstract_tfidf__carriers,-0.04117618759289427
terms_abstract_tfidf__case,-0.011499597586957391
terms_abstract_tfidf__cases,-0.054538556519216914
terms_abstract_tfidf__categorical,0.10509076689392002
terms_abstract_tfidf__categories,0.12705907519674456
terms_abstract_tfidf__categorization,0.11322028177619868
terms_abstract_tfidf__category,0.19030605506507073
terms_abstract_tfidf__caudal,-0.03141560905581005
terms_abstract_tfidf__caudate,-0.061061522677215485
terms_abstract_tfidf__caudate nucleus,0.009177132140313352
terms_abstract_tfidf__causal,0.031245645714716493
terms_abstract_tfidf__causal modeling,0.019604301125470087
terms_abstract_tfidf__causality,-0.11012950744446305
terms_abstract_tfidf__cause,-0.001065075579700761
terms_abstract_tfidf__caused,0.01544829103046313
terms_abstract_tfidf__causes,0.021112368211863772
terms_abstract_tfidf__center,-0.08396048222562129
terms_abstract_tfidf__centered,-0.008095149021493204
terms_abstract_tfidf__central,-0.03405601625187544
terms_abstract_tfidf__central role,-0.024816094665035416
terms_abstract_tfidf__cerebellar,0.09280127575485751
terms_abstract_tfidf__cerebellum,0.011205877048354785
terms_abstract_tfidf__cerebral,-0.0552759680320021
terms_abstract_tfidf__cerebral blood,-0.09547864227846259
terms_abstract_tfidf__cerebral cortex,-0.050788224321409725
terms_abstract_tfidf__certain,-0.05949671561009642
terms_abstract_tfidf__challenge,-0.046244962981160806
terms_abstract_tfidf__challenges,0.017578951076234844
terms_abstract_tfidf__challenging,0.026290038430695342
terms_abstract_tfidf__change,0.012926688253851787
terms_abstract_tfidf__changed,0.13848637206104958
terms_abstract_tfidf__changing,0.002503151872308139
terms_abstract_tfidf__character,0.05799083517825076
terms_abstract_tfidf__characteristic,0.06827872718071165
terms_abstract_tfidf__characteristics,-0.041899730789536724
terms_abstract_tfidf__characterization,-0.06817496764130827
terms_abstract_tfidf__characterize,0.04565638930446272
terms_abstract_tfidf__characterized,-0.10924171884919551
terms_abstract_tfidf__characterizing,-0.0020443628427841702
terms_abstract_tfidf__characters,0.1735399170200864
terms_abstract_tfidf__childhood,-0.020217962979767422
terms_abstract_tfidf__children,0.02547897798833199
terms_abstract_tfidf__children adolescents,0.008535569543093428
terms_abstract_tfidf__chinese,0.09657236392938896
terms_abstract_tfidf__choice,-0.0002630388295562704
terms_abstract_tfidf__choices,-0.04176103699921467
terms_abstract_tfidf__choose,0.00010846791418289932
terms_abstract_tfidf__chosen,0.003500229751979093
terms_abstract_tfidf__chronic,-0.13719108407929675
terms_abstract_tfidf__chronic pain,-0.08151328650573532
terms_abstract_tfidf__cingulate,-0.10105996795681473
terms_abstract_tfidf__cingulate cortex,-0.0971409854279827
terms_abstract_tfidf__cingulate cortices,-0.07759454444177494
terms_abstract_tfidf__cingulate gyrus,0.02059804236739849
terms_abstract_tfidf__circuit,-0.09416326314009335
terms_abstract_tfidf__circuitry,-0.10979749163076576
terms_abstract_tfidf__circuits,-0.12062636495878636
terms_abstract_tfidf__clarify,-0.037265368288224486
terms_abstract_tfidf__class,-0.003692837641337042
terms_abstract_tfidf__classic,-0.05097539341515307
terms_abstract_tfidf__classical,-0.09385432111702838
terms_abstract_tfidf__classification,-0.004280434221975566
terms_abstract_tfidf__classified,0.018045779603377925
terms_abstract_tfidf__clear,-0.00032620407341634394
terms_abstract_tfidf__clearly,-0.02090967866191117
terms_abstract_tfidf__clinical,-0.1615880210421527
terms_abstract_tfidf__clinically,-0.12006479296556463
terms_abstract_tfidf__clips,0.052569350942034826
terms_abstract_tfidf__close,0.03396935505034466
terms_abstract_tfidf__closed,0.08491925133584421
terms_abstract_tfidf__closely,-0.02585110337321986
terms_abstract_tfidf__cluster,0.0034887377263440366
terms_abstract_tfidf__clustering,-0.09976509805131388
terms_abstract_tfidf__clusters,-0.05188966990338435
terms_abstract_tfidf__code,0.052869130647585506
terms_abstract_tfidf__coding,0.09668706367180667
terms_abstract_tfidf__cognition,-0.042691704440071476
terms_abstract_tfidf__cognitive,-0.009262399726985922
terms_abstract_tfidf__cognitive control,0.03601004607975665
terms_abstract_tfidf__cognitive deficits,0.074413831048013
terms_abstract_tfidf__cognitive emotional,-0.04423917345501319
terms_abstract_tfidf__cognitive function,-0.0032592618147094395
terms_abstract_tfidf__cognitive functions,-0.02893256681303099
terms_abstract_tfidf__cognitive impairment,-0.0541512809698743
terms_abstract_tfidf__cognitive neuroscience,-0.019993563484644865
terms_abstract_tfidf__cognitive performance,0.0017717274408889491
terms_abstract_tfidf__cognitive processes,-0.020371294632175917
terms_abstract_tfidf__cognitive task,0.09760611321135632
terms_abstract_tfidf__cognitive tasks,0.1262539315866961
terms_abstract_tfidf__cognitively,-0.028121530929373393
terms_abstract_tfidf__coherence,-0.03267418063945188
terms_abstract_tfidf__coherent,0.06640838891535143
terms_abstract_tfidf__cohort,-0.12031522143973145
terms_abstract_tfidf__collected,-0.040646528002213515
terms_abstract_tfidf__collectively,0.028559217655768306
terms_abstract_tfidf__color,0.3038732377357938
terms_abstract_tfidf__combination,-0.11756614723091954
terms_abstract_tfidf__combinations,0.02401512778784737
terms_abstract_tfidf__combined,-0.018772844977778206
terms_abstract_tfidf__combining,0.07862156587946358
terms_abstract_tfidf__common,0.05919340602224752
terms_abstract_tfidf__commonly,-0.030653310287033407
terms_abstract_tfidf__communication,-0.1774894519988505
terms_abstract_tfidf__community,-0.05765469100688252
terms_abstract_tfidf__comparable,0.023756169120280432
terms_abstract_tfidf__compare,0.0625648340552881
terms_abstract_tfidf__comparing,-0.0995127544194017
terms_abstract_tfidf__comparisons,0.027520720850582766
terms_abstract_tfidf__compatible,-0.018966681589914578
terms_abstract_tfidf__compensate,-0.00917984574350736
terms_abstract_tfidf__compensation,-0.01667830769984193
terms_abstract_tfidf__compensatory,0.026013129845272896
terms_abstract_tfidf__competing,0.04817667302498003
terms_abstract_tfidf__competition,0.08466322894096484
terms_abstract_tfidf__complementary,-0.0456238209860508
terms_abstract_tfidf__complete,0.006134863982562142
terms_abstract_tfidf__completed,-0.06502525480188065
terms_abstract_tfidf__completely,0.055575034935379575
terms_abstract_tfidf__complex,0.08685017958799415
terms_abstract_tfidf__complexity,-0.052816878636414474
terms_abstract_tfidf__component,-0.00033208933952332757
terms_abstract_tfidf__component ica,-0.07340569613400923
terms_abstract_tfidf__components,0.08335578457598698
terms_abstract_tfidf__composed,0.06461206543599952
terms_abstract_tfidf__comprehension,-0.17240732769221245
terms_abstract_tfidf__comprehensive,-0.13349466015732905
terms_abstract_tfidf__comprised,0.05529274798967945
terms_abstract_tfidf__compromised,-0.03424903307280828
terms_abstract_tfidf__compulsive,-0.06366291069302746
terms_abstract_tfidf__compulsive disorder,-0.06533388084295214
terms_abstract_tfidf__computation,0.028963297272835697
terms_abstract_tfidf__computational,-0.0026741167886104394
terms_abstract_tfidf__computed,-0.025236944168861235
terms_abstract_tfidf__concentration,-0.05356044692107254
terms_abstract_tfidf__concept,-0.019972798455925943
terms_abstract_tfidf__concepts,-0.024019872654604663
terms_abstract_tfidf__conceptual,-0.005826771308422022
terms_abstract_tfidf__concerning,-0.018291691490803823
terms_abstract_tfidf__conclude,0.08755684640976141
terms_abstract_tfidf__conclusion,-0.1090748575029576
terms_abstract_tfidf__concomitant,-0.03256022764356738
terms_abstract_tfidf__concrete,-0.011394190494371905
terms_abstract_tfidf__concurrent,0.04562847549533682
terms_abstract_tfidf__concurrently,0.15971825021989713
terms_abstract_tfidf__condition,0.0197574773108205
terms_abstract_tfidf__conditioned,-0.07580608318613699
terms_abstract_tfidf__conditioning,-0.0925819990033008
terms_abstract_tfidf__conditions,0.06360532653791288
terms_abstract_tfidf__conductance,-0.10760744067330111
terms_abstract_tfidf__conducted,-0.1371323364602334
terms_abstract_tfidf__confidence,0.0021740975050109678
terms_abstract_tfidf__confirm,0.009904709541606495
terms_abstract_tfidf__confirmed,0.07546943718153122
terms_abstract_tfidf__conflict,0.09057703028937596
terms_abstract_tfidf__conflicting,0.029384708926065466
terms_abstract_tfidf__confounding,0.009404886697487406
terms_abstract_tfidf__congruency,0.09166506463027506
terms_abstract_tfidf__congruent,0.07553061408453171
terms_abstract_tfidf__congruent incongruent,0.019531492602973693
terms_abstract_tfidf__conjunction,0.12940022659402878
terms_abstract_tfidf__connected,-0.09806977811483132
terms_abstract_tfidf__connection,0.012745222171700009
terms_abstract_tfidf__connections,-0.07972537595903242
terms_abstract_tfidf__connectivity,-0.09127251119990851
terms_abstract_tfidf__connectivity amygdala,-0.07440225692114091
terms_abstract_tfidf__connectivity analyses,0.02026781882979385
terms_abstract_tfidf__connectivity anterior,-0.059154787341255816
terms_abstract_tfidf__connectivity fc,-0.017957633053105753
terms_abstract_tfidf__connectivity networks,-0.02641658296933901
terms_abstract_tfidf__connectivity patterns,-0.042592678788435964
terms_abstract_tfidf__connectivity posterior,-0.05594875886838364
terms_abstract_tfidf__connectivity rsfc,-0.06700604459888078
terms_abstract_tfidf__connectivity using,0.040300030535816836
terms_abstract_tfidf__conscious,0.03265981735394961
terms_abstract_tfidf__consciousness,0.12471655237626472
terms_abstract_tfidf__consecutive,0.014258281564806212
terms_abstract_tfidf__consequence,-0.041919648007970066
terms_abstract_tfidf__consequences,-0.04769970167560461
terms_abstract_tfidf__consequently,-0.04693653167941397
terms_abstract_tfidf__consider,0.05091032750912319
terms_abstract_tfidf__considerable,0.0024928427631978048
terms_abstract_tfidf__considered,0.013760761507002502
terms_abstract_tfidf__considering,0.022728617904113773
terms_abstract_tfidf__consisted,-0.028080953011120825
terms_abstract_tfidf__consistency,-0.020325624374889707
terms_abstract_tfidf__consistently,-0.040599735742575964
terms_abstract_tfidf__consisting,-0.02791462860539845
terms_abstract_tfidf__consists,-0.017524343156528434
terms_abstract_tfidf__consolidation,-0.0478177879564658
terms_abstract_tfidf__constant,0.11536259262258089
terms_abstract_tfidf__constitute,-0.026245380815161538
terms_abstract_tfidf__constrained,0.0526635058828901
terms_abstract_tfidf__constraints,-0.04380695445388246
terms_abstract_tfidf__construct,0.0020898155275716817
terms_abstract_tfidf__constructed,0.04461151686138287
terms_abstract_tfidf__construction,-0.055332171012870655
terms_abstract_tfidf__consumption,-0.06491890626914193
terms_abstract_tfidf__contain,0.030709225351264316
terms_abstract_tfidf__contained,-0.04909153125334674
terms_abstract_tfidf__containing,-0.047014026631346066
terms_abstract_tfidf__contains,0.09289150805557854
terms_abstract_tfidf__content,-0.049419067599134864
terms_abstract_tfidf__contents,-0.003564992704179366
terms_abstract_tfidf__context,-0.14455379752814504
terms_abstract_tfidf__contexts,0.03251408547768791
terms_abstract_tfidf__contextual,0.007473685562125029
terms_abstract_tfidf__contingent,-0.0068074304573798984
terms_abstract_tfidf__continuous,-0.09623112576913015
terms_abstract_tfidf__continuously,-0.00809916584678897
terms_abstract_tfidf__contralateral,-0.043161191435194264
terms_abstract_tfidf__contrary,-0.022805515503778784
terms_abstract_tfidf__contrast,0.06367319892744006
terms_abstract_tfidf__contrasted,0.06658517719181443
terms_abstract_tfidf__contrasting,0.1207894642991958
terms_abstract_tfidf__contrasts,-0.05468856103059038
terms_abstract_tfidf__contribute,-0.03824893577899991
terms_abstract_tfidf__contributed,-0.03032801027696796
terms_abstract_tfidf__contributes,0.020872765852245144
terms_abstract_tfidf__contributing,-0.06622913044997088
terms_abstract_tfidf__contribution,0.015945634438985713
terms_abstract_tfidf__contributions,0.0519850571824287
terms_abstract_tfidf__control,-9.127154154295665e-05
terms_abstract_tfidf__control condition,-0.007076593853137227
terms_abstract_tfidf__control conditions,0.019380778086115925
terms_abstract_tfidf__control group,-0.07639241034000582
terms_abstract_tfidf__control groups,-0.05990530143231529
terms_abstract_tfidf__control network,-0.020618691179958494
terms_abstract_tfidf__control processes,0.0757740270047482
terms_abstract_tfidf__control task,0.03960842294374145
terms_abstract_tfidf__controlled,-0.07630825089420384
terms_abstract_tfidf__controlling,-0.0346040324669128
terms_abstract_tfidf__controls,-0.11123357621668375
terms_abstract_tfidf__controls hc,-0.05446554840085036
terms_abstract_tfidf__controls hcs,-0.09654837846254152
terms_abstract_tfidf__controls using,-0.04772311595443528
terms_abstract_tfidf__controversial,0.06510708574908818
terms_abstract_tfidf__conventional,-0.025060461098750188
terms_abstract_tfidf__convergence,-0.02006774745968803
terms_abstract_tfidf__converging,-0.013145077731478567
terms_abstract_tfidf__conversely,0.071913447735531
terms_abstract_tfidf__conveyed,-0.03703792150032586
terms_abstract_tfidf__coordinates,0.08229324295697978
terms_abstract_tfidf__coordination,0.006454702885383241
terms_abstract_tfidf__core,-0.05568945768685793
terms_abstract_tfidf__corpus,0.038138429779342446
terms_abstract_tfidf__corpus callosum,0.03239788379610751
terms_abstract_tfidf__correct,0.053908178134771494
terms_abstract_tfidf__corrected,-0.11724514277023065
terms_abstract_tfidf__correction,-0.07008115673796415
terms_abstract_tfidf__correctly,0.06213833879254174
terms_abstract_tfidf__correlate,-0.003791507817388649
terms_abstract_tfidf__correlated,-0.10126864836011182
terms_abstract_tfidf__correlated negatively,-0.007348289425573839
terms_abstract_tfidf__correlated positively,-0.016028752539292448
terms_abstract_tfidf__correlates,-0.028967039111207217
terms_abstract_tfidf__correlating,-0.01695526187546877
terms_abstract_tfidf__correlation,-0.07285662721973825
terms_abstract_tfidf__correlation analyses,-0.04581458514680652
terms_abstract_tfidf__correlations,-0.10274631081568704
terms_abstract_tfidf__correspond,0.04338509876934015
terms_abstract_tfidf__corresponded,0.05616423270055096
terms_abstract_tfidf__correspondence,-0.06509735354559987
terms_abstract_tfidf__corresponding,0.019243022657809552
terms_abstract_tfidf__cortex acc,-0.05547398544268118
terms_abstract_tfidf__cortex amygdala,-0.11223252889352364
terms_abstract_tfidf__cortex anterior,-0.09220315678505814
terms_abstract_tfidf__cortex ba,0.036558817680244875
terms_abstract_tfidf__cortex bilaterally,0.04128016615043972
terms_abstract_tfidf__cortex cerebellum,0.014235818268152123
terms_abstract_tfidf__cortex dacc,-0.03761271256934379
terms_abstract_tfidf__cortex dlpfc,-0.013016726853403354
terms_abstract_tfidf__cortex dmpfc,-0.10225762616220842
terms_abstract_tfidf__cortex dorsal,0.027281155667986015
terms_abstract_tfidf__cortex dorsolateral,0.03222793087250279
terms_abstract_tfidf__cortex frontal,-0.023115665715179777
terms_abstract_tfidf__cortex hippocampus,-0.06926100829031072
terms_abstract_tfidf__cortex inferior,-0.09005138899011551
terms_abstract_tfidf__cortex insula,-0.1357336995486042
terms_abstract_tfidf__cortex involved,0.058324973998977236
terms_abstract_tfidf__cortex lateral,0.019743526097841378
terms_abstract_tfidf__cortex m1,-0.07655205720239856
terms_abstract_tfidf__cortex medial,0.008010341435679028
terms_abstract_tfidf__cortex middle,-0.013901941762099706
terms_abstract_tfidf__cortex mpfc,-0.1229763341942797
terms_abstract_tfidf__cortex ofc,-0.11055242199632821
terms_abstract_tfidf__cortex parietal,0.03829125568599463
terms_abstract_tfidf__cortex pcc,0.004753726242908369
terms_abstract_tfidf__cortex pfc,-0.049136564163511504
terms_abstract_tfidf__cortex posterior,-0.031533643879331705
terms_abstract_tfidf__cortex ppc,0.15585060800174885
terms_abstract_tfidf__cortex precuneus,0.09137822253317333
terms_abstract_tfidf__cortex suggest,-0.02905772788850063
terms_abstract_tfidf__cortex superior,-0.09168400950422162
terms_abstract_tfidf__cortex supplementary,-0.02754940333744739
terms_abstract_tfidf__cortex thalamus,-0.04989407021123002
terms_abstract_tfidf__cortex ventral,-0.02767983878972769
terms_abstract_tfidf__cortex vlpfc,-0.06209028388291519
terms_abstract_tfidf__cortex vmpfc,-0.03854195601957486
terms_abstract_tfidf__cortical,0.0012113448045348594
terms_abstract_tfidf__cortical involved,0.1240819002681014
terms_abstract_tfidf__cortical network,-0.017956261675728735
terms_abstract_tfidf__cortical networks,0.12088917148029615
terms_abstract_tfidf__cortical subcortical,-0.11362027472453248
terms_abstract_tfidf__cortical thickness,-0.047427177814123755
terms_abstract_tfidf__cortices,-0.038159633261606575
terms_abstract_tfidf__cortico,-0.06138222843935066
terms_abstract_tfidf__cost,0.07676714303358166
terms_abstract_tfidf__costs,0.1317749594295937
terms_abstract_tfidf__coupled,-0.08550625359793616
terms_abstract_tfidf__coupling,-0.07507207017664365
terms_abstract_tfidf__course,-0.0035870285475676227
terms_abstract_tfidf__courses,-0.054498239591765515
terms_abstract_tfidf__covariance,-0.0656416150986926
terms_abstract_tfidf__covaried,-0.0711866553765576
terms_abstract_tfidf__covert,0.09167489044998535
terms_abstract_tfidf__craving,-0.02483201994353253
terms_abstract_tfidf__created,0.08140455762375141
terms_abstract_tfidf__criteria,-0.0005370897035479441
terms_abstract_tfidf__critical,0.022065056239375432
terms_abstract_tfidf__critical role,0.0984065003307349
terms_abstract_tfidf__critically,0.05716819050382929
terms_abstract_tfidf__cross,0.08414097892368515
terms_abstract_tfidf__cross modal,0.11186857541502018
terms_abstract_tfidf__cross sectional,-0.043916615078271076
terms_abstract_tfidf__crossover,-0.07264574899971829
terms_abstract_tfidf__crucial,0.021883530139985848
terms_abstract_tfidf__crucial role,0.006780859629988766
terms_abstract_tfidf__crucially,-0.03070953280055561
terms_abstract_tfidf__crus,0.10105081870847148
terms_abstract_tfidf__cue,0.15996907405070304
terms_abstract_tfidf__cued,0.12044579948640997
terms_abstract_tfidf__cues,0.1074774139282113
terms_abstract_tfidf__cuneus,0.23258945044569054
terms_abstract_tfidf__current,0.004528386752115474
terms_abstract_tfidf__current functional,0.10185717569420633
terms_abstract_tfidf__currently,-0.07019449474287356
terms_abstract_tfidf__dacc,-0.03804671364917463
terms_abstract_tfidf__daily,-0.02797996630083164
terms_abstract_tfidf__daily life,-0.021107367569871697
terms_abstract_tfidf__damage,0.043162043569753415
terms_abstract_tfidf__dataset,-0.012126163067181783
terms_abstract_tfidf__datasets,-0.023975723981630902
terms_abstract_tfidf__date,-0.05328432951635346
terms_abstract_tfidf__day,-0.08457830769612595
terms_abstract_tfidf__days,-0.06175825935921651
terms_abstract_tfidf__deactivated,-0.0003250034685004924
terms_abstract_tfidf__deactivation,0.06930923979129108
terms_abstract_tfidf__deactivations,0.02885121957140394
terms_abstract_tfidf__debate,0.03388670355802742
terms_abstract_tfidf__debated,0.08715974747722056
terms_abstract_tfidf__decision,-0.0057271931619489345
terms_abstract_tfidf__decision making,-0.006148687314179775
terms_abstract_tfidf__decision task,-0.016028630476624423
terms_abstract_tfidf__decisions,0.006738754226021555
terms_abstract_tfidf__decline,0.0020790705268226733
terms_abstract_tfidf__declines,0.0016120917687831293
terms_abstract_tfidf__decoding,-0.030200035077448197
terms_abstract_tfidf__decreases,-0.05369919539793945
terms_abstract_tfidf__decreasing,0.05107967472831274
terms_abstract_tfidf__deep,-0.016031065534793196
terms_abstract_tfidf__default,-0.021873817761231408
terms_abstract_tfidf__default mode,-0.019257992775042768
terms_abstract_tfidf__default network,-0.023201964116810733
terms_abstract_tfidf__deficient,0.010432678413872343
terms_abstract_tfidf__deficit,-0.029189884243377897
terms_abstract_tfidf__deficit hyperactivity,-0.06570531193717986
terms_abstract_tfidf__deficits,-0.03428317371957674
terms_abstract_tfidf__define,0.00029291833125029925
terms_abstract_tfidf__defined,0.00497016988853621
terms_abstract_tfidf__degree,-0.011633804735411316
terms_abstract_tfidf__degrees,0.02200566827872028
terms_abstract_tfidf__delay,0.08630857199250416
terms_abstract_tfidf__delayed,0.06748707596529642
terms_abstract_tfidf__delivered,-0.0964848083458388
terms_abstract_tfidf__demand,0.05569704055956072
terms_abstract_tfidf__demanding,0.12370823460538165
terms_abstract_tfidf__demands,0.09311400360017062
terms_abstract_tfidf__dementia,-0.18986454702587344
terms_abstract_tfidf__demonstrate,-0.08386735073947166
terms_abstract_tfidf__demonstrated,-0.004666253255707472
terms_abstract_tfidf__demonstrates,0.006147008780196844
terms_abstract_tfidf__demonstrating,0.08483757708867425
terms_abstract_tfidf__density,-0.05147274551857205
terms_abstract_tfidf__depend,0.09929067189367902
terms_abstract_tfidf__depended,0.022060547886373193
terms_abstract_tfidf__dependence,-0.010880783410809542
terms_abstract_tfidf__depending,-0.018223319782241548
terms_abstract_tfidf__depends,-0.032260910935781206
terms_abstract_tfidf__depicting,0.035137684559135
terms_abstract_tfidf__depressed,-0.10237664042834846
terms_abstract_tfidf__depression,-0.1119731309781165
terms_abstract_tfidf__depressive,-0.1125405003888939
terms_abstract_tfidf__depressive disorder,-0.11837899771017459
terms_abstract_tfidf__deprivation,0.08741243565816005
terms_abstract_tfidf__depth,0.19952804930043166
terms_abstract_tfidf__derived,0.04464607542361387
terms_abstract_tfidf__described,-0.10861571208572383
terms_abstract_tfidf__describing,-0.1005123523629088
terms_abstract_tfidf__design,0.02823143579385522
terms_abstract_tfidf__designed,-0.024512245899722153
terms_abstract_tfidf__designs,0.05240678938422494
terms_abstract_tfidf__despite,0.08946580744484975
terms_abstract_tfidf__detailed,0.0663654915674563
terms_abstract_tfidf__details,-0.05007238249727261
terms_abstract_tfidf__detect,-0.07515372830396128
terms_abstract_tfidf__detected,-0.03852994464154345
terms_abstract_tfidf__detecting,0.03879827632257528
terms_abstract_tfidf__detection,0.04889052211894966
terms_abstract_tfidf__detection task,0.13377386758384627
terms_abstract_tfidf__determine,-0.053693624973705105
terms_abstract_tfidf__determined,-0.01950802705334189
terms_abstract_tfidf__determining,0.03186371113726043
terms_abstract_tfidf__develop,-0.06607950640683292
terms_abstract_tfidf__developed,0.09918719981863489
terms_abstract_tfidf__developing,-0.021481878017579177
terms_abstract_tfidf__development,-0.001100526266110939
terms_abstract_tfidf__developmental,0.029174865895428795
terms_abstract_tfidf__diagnosed,-0.09456716410017509
terms_abstract_tfidf__diagnosis,-0.06973829222323555
terms_abstract_tfidf__diagnostic,-0.07407484094830356
terms_abstract_tfidf__did,0.09891475787243702
terms_abstract_tfidf__did differ,0.08095170733317768
terms_abstract_tfidf__differ,-0.007497461851103291
terms_abstract_tfidf__differed,-0.013143565874960557
terms_abstract_tfidf__difference,0.04497086969344916
terms_abstract_tfidf__differential,0.0027770182114110514
terms_abstract_tfidf__differentially,0.12552035168244619
terms_abstract_tfidf__differentiate,-0.006330983564449015
terms_abstract_tfidf__differentiated,-0.09305768739054038
terms_abstract_tfidf__differentiation,0.050317463887034654
terms_abstract_tfidf__differently,0.035591494860557654
terms_abstract_tfidf__differing,0.04957058296173425
terms_abstract_tfidf__differs,0.08104993826963694
terms_abstract_tfidf__difficult,0.07934309050244719
terms_abstract_tfidf__difficulties,-0.06697168800550847
terms_abstract_tfidf__difficulty,0.09269439715690377
terms_abstract_tfidf__diffusion,-0.013547043007319922
terms_abstract_tfidf__diffusion tensor,-0.008115002061921924
terms_abstract_tfidf__digit,0.11665637642356093
terms_abstract_tfidf__dimension,0.12895415566479476
terms_abstract_tfidf__dimensional,0.18680579025203906
terms_abstract_tfidf__dimensions,0.0545549408762314
terms_abstract_tfidf__diminished,0.01738058727187419
terms_abstract_tfidf__direct,0.02976867737523183
terms_abstract_tfidf__direct evidence,-0.038279879288260134
terms_abstract_tfidf__directed,0.08445810889207266
terms_abstract_tfidf__direction,0.16164900506138552
terms_abstract_tfidf__directions,0.054748943583380914
terms_abstract_tfidf__directly,0.003871097497312705
terms_abstract_tfidf__disability,-0.01398604766657674
terms_abstract_tfidf__discrete,0.03912634021374552
terms_abstract_tfidf__discriminate,0.10866142532325279
terms_abstract_tfidf__discriminated,0.01367802081077572
terms_abstract_tfidf__discrimination,0.09788204038997639
terms_abstract_tfidf__discrimination task,0.13201287239952939
terms_abstract_tfidf__discriminative,-0.10316430561204758
terms_abstract_tfidf__discuss,0.0089480950075441
terms_abstract_tfidf__discussed,-0.003512633315806739
terms_abstract_tfidf__discussion,-0.09208306569729087
terms_abstract_tfidf__disease,-0.119155147545898
terms_abstract_tfidf__disease ad,-0.049660818633526595
terms_abstract_tfidf__disease pd,-0.06155834855740858
terms_abstract_tfidf__diseases,-0.10220421215689629
terms_abstract_tfidf__disentangle,0.040447049320474306
terms_abstract_tfidf__disgust,-0.04889718657247029
terms_abstract_tfidf__disorder,-0.14396590243329366
terms_abstract_tfidf__disorder adhd,-0.04428098451587789
terms_abstract_tfidf__disorder mdd,-0.11238958445041143
terms_abstract_tfidf__disorder ocd,-0.0530955534160124
terms_abstract_tfidf__disorder ptsd,-0.03925684004646867
terms_abstract_tfidf__disorders,-0.1083332391983493
terms_abstract_tfidf__display,0.09044612625040216
terms_abstract_tfidf__displayed,0.03088513175557989
terms_abstract_tfidf__displays,0.13002518000304628
terms_abstract_tfidf__disrupted,-0.02025338392523233
terms_abstract_tfidf__disruption,-0.025694143944494152
terms_abstract_tfidf__dissociable,-0.01767016369317639
terms_abstract_tfidf__dissociate,-0.030143473283600952
terms_abstract_tfidf__dissociated,0.05755281239212283
terms_abstract_tfidf__dissociation,0.030125937475265815
terms_abstract_tfidf__distance,0.12718574010057668
terms_abstract_tfidf__distinction,0.03972065862430008
terms_abstract_tfidf__distinguish,0.10458978856091194
terms_abstract_tfidf__distinguished,0.02550817054447324
terms_abstract_tfidf__distraction,0.019578503724521083
terms_abstract_tfidf__distractor,0.1617148617716931
terms_abstract_tfidf__distractors,0.16031657056328247
terms_abstract_tfidf__distress,-0.04382422046612034
terms_abstract_tfidf__distributed,0.09825020486756601
terms_abstract_tfidf__distributed network,0.08314723605701438
terms_abstract_tfidf__distribution,-0.020373726792843563
terms_abstract_tfidf__disturbances,-0.06382784769594738
terms_abstract_tfidf__disturbed,-0.057459940080937244
terms_abstract_tfidf__divergent,-0.08758413536447042
terms_abstract_tfidf__diverse,-0.026660628158584818
terms_abstract_tfidf__divided,0.09894071684100092
terms_abstract_tfidf__dlpfc,-0.030652828395201216
terms_abstract_tfidf__dmn,-0.024586166415854004
terms_abstract_tfidf__dmpfc,-0.1312586307148187
terms_abstract_tfidf__documented,-0.021540568685179604
terms_abstract_tfidf__does,0.07936995251307773
terms_abstract_tfidf__domain,0.050289270927203124
terms_abstract_tfidf__domain general,-0.08199951853345284
terms_abstract_tfidf__domains,-0.04194115036352381
terms_abstract_tfidf__dominance,-0.04833842691577091
terms_abstract_tfidf__dominant,-0.07268578162047858
terms_abstract_tfidf__dopamine,-0.04308581579002274
terms_abstract_tfidf__dopaminergic,-0.07637734501974884
terms_abstract_tfidf__dorsal,0.07352634785134571
terms_abstract_tfidf__dorsal anterior,-0.05610676604807849
terms_abstract_tfidf__dorsal attention,0.06961080068337806
terms_abstract_tfidf__dorsal medial,-0.13320931920894072
terms_abstract_tfidf__dorsal premotor,-0.009865447482766429
terms_abstract_tfidf__dorsal striatum,-0.059435828311858285
terms_abstract_tfidf__dorsal ventral,0.08253590478464802
terms_abstract_tfidf__dorsolateral,0.012228960196749482
terms_abstract_tfidf__dorsolateral pfc,-0.05860637008464052
terms_abstract_tfidf__dorsolateral prefrontal,0.023295164540778332
terms_abstract_tfidf__dorsomedial,-0.17634023166395446
terms_abstract_tfidf__dorsomedial prefrontal,-0.1598696257502754
terms_abstract_tfidf__dose,-0.026329881581812698
terms_abstract_tfidf__dot,0.24154549255877386
terms_abstract_tfidf__double,0.0011541865838677991
terms_abstract_tfidf__double blind,-0.03321425714469428
terms_abstract_tfidf__drive,-0.04565459839716859
terms_abstract_tfidf__driven,0.1288474664702205
terms_abstract_tfidf__driving,0.03354802789704788
terms_abstract_tfidf__drug,-0.06188727898870735
terms_abstract_tfidf__drugs,0.0025650897666612315
terms_abstract_tfidf__dti,0.020595476830905374
terms_abstract_tfidf__dual,0.0375418325166682
terms_abstract_tfidf__duration,-0.03688729906895875
terms_abstract_tfidf__dynamic,0.028835144699131583
terms_abstract_tfidf__dynamic causal,0.030153659876053347
terms_abstract_tfidf__dynamically,0.00846788999276567
terms_abstract_tfidf__dynamics,0.10346420999620891
terms_abstract_tfidf__dysfunction,-0.07509892071137711
terms_abstract_tfidf__dysfunctional,-0.10678342364695478
terms_abstract_tfidf__dysfunctions,0.030198418668478288
terms_abstract_tfidf__dyslexia,0.015990235707114494
terms_abstract_tfidf__dysregulation,-0.09636297080325684
terms_abstract_tfidf__earlier,0.03485275362226275
terms_abstract_tfidf__early,0.1805819625251258
terms_abstract_tfidf__early stage,0.043787943946362824
terms_abstract_tfidf__early stages,0.0863714913273602
terms_abstract_tfidf__early visual,0.30380151877370015
terms_abstract_tfidf__easy,0.09053385426729295
terms_abstract_tfidf__eating,-0.03223904858335064
terms_abstract_tfidf__echo,-0.0231944459681977
terms_abstract_tfidf__economic,-0.04833873869994951
terms_abstract_tfidf__education,0.0019512804627121905
terms_abstract_tfidf__eeg,-0.057178510910797835
terms_abstract_tfidf__effect,0.027042657337050326
terms_abstract_tfidf__effective,-0.018930974411675617
terms_abstract_tfidf__effective connectivity,0.09042132909364756
terms_abstract_tfidf__effectively,0.06760773064226996
terms_abstract_tfidf__effects,0.049375468153095875
terms_abstract_tfidf__efficacy,-0.06483084351834661
terms_abstract_tfidf__efficiency,0.09435581981003803
terms_abstract_tfidf__efficient,0.1691436323169606
terms_abstract_tfidf__effort,-0.005271665972622905
terms_abstract_tfidf__effortful,-0.040864461352328844
terms_abstract_tfidf__eighteen,-0.0235460281637553
terms_abstract_tfidf__elderly,0.0958530968749795
terms_abstract_tfidf__electrical,-0.12218056849673212
terms_abstract_tfidf__electroencephalography,-0.07624216763343242
terms_abstract_tfidf__electroencephalography eeg,-0.07379142685439208
terms_abstract_tfidf__electrophysiological,0.022891130489665568
terms_abstract_tfidf__elements,0.12274701556619677
terms_abstract_tfidf__elevated,-0.03269691052545362
terms_abstract_tfidf__elicit,-0.0765726400365207
terms_abstract_tfidf__elicited,0.07240988289104255
terms_abstract_tfidf__elicits,0.059656757480679785
terms_abstract_tfidf__elucidate,-0.03973150546217757
terms_abstract_tfidf__elucidated,-0.03539309891432948
terms_abstract_tfidf__elusive,-0.02446766051871287
terms_abstract_tfidf__embedded,0.04944386225274384
terms_abstract_tfidf__emerge,-0.09097841652340692
terms_abstract_tfidf__emerged,-0.02849959455959662
terms_abstract_tfidf__emergence,-0.07857103679602534
terms_abstract_tfidf__emerging,-0.01982825152996327
terms_abstract_tfidf__emission,-0.06447832155817157
terms_abstract_tfidf__emission tomography,-0.07678721780002416
terms_abstract_tfidf__emotion,-0.1687328513385072
terms_abstract_tfidf__emotion regulation,-0.16777995118171307
terms_abstract_tfidf__emotional,-0.15814879377986008
terms_abstract_tfidf__emotional faces,-0.011812571573030489
terms_abstract_tfidf__emotional information,-0.04295236043278473
terms_abstract_tfidf__emotional responses,-0.08587017568437331
terms_abstract_tfidf__emotional stimuli,-0.0491737088354939
terms_abstract_tfidf__emotional valence,-0.10335018199654536
terms_abstract_tfidf__emotionally,-0.06725290287386633
terms_abstract_tfidf__emotions,-0.1685737956445733
terms_abstract_tfidf__empathic,-0.15261686175803144
terms_abstract_tfidf__empathy,-0.14619924700193895
terms_abstract_tfidf__emphasize,-0.01714730947042631
terms_abstract_tfidf__empirical,0.030060401800651133
terms_abstract_tfidf__employed,0.07634514702601167
terms_abstract_tfidf__employing,-0.01760267949988873
terms_abstract_tfidf__enable,0.07207499630492742
terms_abstract_tfidf__enabled,0.00655282270973955
terms_abstract_tfidf__enables,0.07301304773671259
terms_abstract_tfidf__encode,0.08941047671609081
terms_abstract_tfidf__encoded,0.16809488686937776
terms_abstract_tfidf__encoding,0.1322219810987167
terms_abstract_tfidf__encoding retrieval,0.07522613380554695
terms_abstract_tfidf__encompassing,-0.09617785846968369
terms_abstract_tfidf__end,-0.008702506510282393
terms_abstract_tfidf__endogenous,0.0217355181011345
terms_abstract_tfidf__engage,-0.025761267622601936
terms_abstract_tfidf__engaged,0.07234746944842076
terms_abstract_tfidf__engagement,0.07198075273509086
terms_abstract_tfidf__engages,0.08203257809678426
terms_abstract_tfidf__engaging,-0.025888561772411996
terms_abstract_tfidf__english,-0.015271645985385628
terms_abstract_tfidf__enhance,-0.004106144059816208
terms_abstract_tfidf__enhancement,0.14745459302540773
terms_abstract_tfidf__enhances,-0.04543706514954919
terms_abstract_tfidf__enhancing,-0.0424663520155148
terms_abstract_tfidf__entire,-0.002324332345211479
terms_abstract_tfidf__environment,0.15066718670509927
terms_abstract_tfidf__environmental,-0.021674765942641658
terms_abstract_tfidf__environments,0.11952907136866887
terms_abstract_tfidf__epilepsy,-0.1459652371802015
terms_abstract_tfidf__episode,-0.001105518318170781
terms_abstract_tfidf__episodes,-0.012721849592238777
terms_abstract_tfidf__episodic,0.045632275300017844
terms_abstract_tfidf__episodic memory,0.050761747282666844
terms_abstract_tfidf__equal,-0.04260299868056566
terms_abstract_tfidf__equally,-0.05542467730573063
terms_abstract_tfidf__equivalent,0.07519174888607764
terms_abstract_tfidf__erp,0.14275871282739283
terms_abstract_tfidf__error,-0.013260916529062215
terms_abstract_tfidf__errors,-0.012440228584881138
terms_abstract_tfidf__especially,-0.009281982136159257
terms_abstract_tfidf__essential,-0.05706248586105224
terms_abstract_tfidf__establish,0.08660309746402439
terms_abstract_tfidf__established,-0.002737471166973883
terms_abstract_tfidf__estimate,0.01475924189823944
terms_abstract_tfidf__estimated,-0.05445745863823917
terms_abstract_tfidf__estimates,-0.03264003420234225
terms_abstract_tfidf__estimation,0.01964166144004081
terms_abstract_tfidf__et,0.020819870084982307
terms_abstract_tfidf__et al,0.02182489576770322
terms_abstract_tfidf__evaluate,-0.1354057656451246
terms_abstract_tfidf__evaluated,-0.05814507795887846
terms_abstract_tfidf__evaluating,-0.047368677087542464
terms_abstract_tfidf__evaluation,-0.14476333953596107
terms_abstract_tfidf__evaluations,-0.04106353884228789
terms_abstract_tfidf__event,0.11619227201379322
terms_abstract_tfidf__event design,0.08424942103343716
terms_abstract_tfidf__event functional,0.0740232347845072
terms_abstract_tfidf__event potential,0.07803198749704314
terms_abstract_tfidf__event potentials,0.1254936854892761
terms_abstract_tfidf__events,0.009419305585146528
terms_abstract_tfidf__everyday,0.06862261632015262
terms_abstract_tfidf__everyday life,0.08272144359042981
terms_abstract_tfidf__evidence,0.006628245495985484
terms_abstract_tfidf__evidence suggests,-0.05530949240243439
terms_abstract_tfidf__evidenced,-0.01253509767301603
terms_abstract_tfidf__evident,0.001282148245976232
terms_abstract_tfidf__evoke,-0.02007200180413191
terms_abstract_tfidf__evoked,-0.07229159266992334
terms_abstract_tfidf__evolution,-0.07706897671763678
terms_abstract_tfidf__exact,0.14864214731037878
terms_abstract_tfidf__examination,-0.021104731565258297
terms_abstract_tfidf__examining,-0.06354757771155141
terms_abstract_tfidf__example,0.0996882845659482
terms_abstract_tfidf__excessive,-0.10918942055060275
terms_abstract_tfidf__exclusively,-0.013640338939932276
terms_abstract_tfidf__executed,0.027875434741566316
terms_abstract_tfidf__execution,0.05072078294059846
terms_abstract_tfidf__executive,0.03686569633710128
terms_abstract_tfidf__executive control,0.07200545717799024
terms_abstract_tfidf__executive function,0.041299392724568014
terms_abstract_tfidf__executive functions,-0.025722710222196292
terms_abstract_tfidf__exert,-0.021573346160506324
terms_abstract_tfidf__exhibit,-0.03322417090508442
terms_abstract_tfidf__exhibited,0.01183509662888056
terms_abstract_tfidf__exhibited greater,-0.04877044733085935
terms_abstract_tfidf__exhibiting,0.02695977082906199
terms_abstract_tfidf__exist,-0.009834293647855168
terms_abstract_tfidf__existence,0.06472097956487953
terms_abstract_tfidf__existing,-0.1121067322445311
terms_abstract_tfidf__exists,-0.007566392578039817
terms_abstract_tfidf__expectancy,-0.04064347806254099
terms_abstract_tfidf__expectation,-0.04831145289190658
terms_abstract_tfidf__expectations,-0.031073669662310826
terms_abstract_tfidf__expected,0.0047981473882992435
terms_abstract_tfidf__experience,-0.001662479713938875
terms_abstract_tfidf__experienced,-0.15817560084842403
terms_abstract_tfidf__experiences,-0.031188047175484596
terms_abstract_tfidf__experiencing,-0.09304423188906868
terms_abstract_tfidf__experiment,0.12241802362269669
terms_abstract_tfidf__experimental,0.017000880521561224
terms_abstract_tfidf__experimental conditions,0.07873911408689435
terms_abstract_tfidf__experimentally,-0.1262810261151043
terms_abstract_tfidf__experiments,0.1646973158759428
terms_abstract_tfidf__expertise,0.11078642316737462
terms_abstract_tfidf__explain,-0.025413015286016756
terms_abstract_tfidf__explained,0.0017884437069849682
terms_abstract_tfidf__explanation,0.08434191111516502
terms_abstract_tfidf__explicit,0.004174494475654577
terms_abstract_tfidf__explicitly,-0.06183915780561813
terms_abstract_tfidf__exploration,0.055363516746060215
terms_abstract_tfidf__exploratory,-0.040197468810193704
terms_abstract_tfidf__explore,-0.08200985584977372
terms_abstract_tfidf__explored,-0.03263975702488552
terms_abstract_tfidf__exploring,-0.08280035645219973
terms_abstract_tfidf__exposed,-0.07933337049103055
terms_abstract_tfidf__exposure,0.018418479172872246
terms_abstract_tfidf__expressed,-0.12527472815553362
terms_abstract_tfidf__expression,-0.01273767520454674
terms_abstract_tfidf__expressions,-0.06849876900512626
terms_abstract_tfidf__extend,-0.011669976463385108
terms_abstract_tfidf__extended,-0.017886967496691265
terms_abstract_tfidf__extending,-0.06534255745325238
terms_abstract_tfidf__extends,-0.047119925938097454
terms_abstract_tfidf__extension,-0.05647300289783593
terms_abstract_tfidf__extensive,0.0133467116876532
terms_abstract_tfidf__extensively,-0.03960801938119943
terms_abstract_tfidf__extent,0.025700652341751395
terms_abstract_tfidf__external,-0.060154099770617364
terms_abstract_tfidf__externally,-0.03179846120093048
terms_abstract_tfidf__extinction,-0.07567352266296276
terms_abstract_tfidf__extra,0.04996283097558718
terms_abstract_tfidf__extract,-0.12337935835409315
terms_abstract_tfidf__extracted,-0.051284876902327664
terms_abstract_tfidf__extrastriate,0.33100506882173164
terms_abstract_tfidf__eye,0.19476347376454023
terms_abstract_tfidf__eye field,0.10887092225055815
terms_abstract_tfidf__eye fields,0.15510571405235193
terms_abstract_tfidf__eye movement,0.1084939268669175
terms_abstract_tfidf__eye movements,0.1748835822257665
terms_abstract_tfidf__eyes,0.18461630079035765
terms_abstract_tfidf__fa,0.0092506093056053
terms_abstract_tfidf__face,0.12335260369937012
terms_abstract_tfidf__face ffa,0.19227828690287369
terms_abstract_tfidf__face recognition,0.10592764472968708
terms_abstract_tfidf__faces,0.11138441382471828
terms_abstract_tfidf__facial,-0.03268818771777836
terms_abstract_tfidf__facial expression,0.021150379722177433
terms_abstract_tfidf__facial expressions,-0.046507779818933274
terms_abstract_tfidf__facilitate,0.004666647803025747
terms_abstract_tfidf__facilitated,0.04857877120121084
terms_abstract_tfidf__facilitates,-0.049647036427241
terms_abstract_tfidf__facilitation,0.040401779576098945
terms_abstract_tfidf__fact,0.042135187781196036
terms_abstract_tfidf__factor,-0.05304451375157892
terms_abstract_tfidf__factorial,-0.021545389657583083
terms_abstract_tfidf__factorial design,0.007158232968163831
terms_abstract_tfidf__factors,-0.013604406551589062
terms_abstract_tfidf__failed,0.0872993261931642
terms_abstract_tfidf__failure,0.056760564536650175
terms_abstract_tfidf__false,-0.11428227083152565
terms_abstract_tfidf__familiar,0.1422758885051341
terms_abstract_tfidf__familiarity,0.05853394726722253
terms_abstract_tfidf__family,-0.06033885337028758
terms_abstract_tfidf__far,0.0053966084160002046
terms_abstract_tfidf__fasciculus,0.01715845722062417
terms_abstract_tfidf__fashion,0.04461969901044441
terms_abstract_tfidf__fast,0.021183618650272018
terms_abstract_tfidf__faster,0.16448285248001362
terms_abstract_tfidf__fc,-0.01781504778441122
terms_abstract_tfidf__fear,-0.09513435399011935
terms_abstract_tfidf__fearful,-0.03212891594943347
terms_abstract_tfidf__fearful faces,-0.02290094890941594
terms_abstract_tfidf__feature,0.15292404813155663
terms_abstract_tfidf__features,0.09702425261400731
terms_abstract_tfidf__feedback,-0.06925321364355466
terms_abstract_tfidf__feeling,-0.11154793801501646
terms_abstract_tfidf__feelings,-0.17120257974395467
terms_abstract_tfidf__female,-0.09106850936709754
terms_abstract_tfidf__females,-0.05553249085053752
terms_abstract_tfidf__fewer,-0.01994837612955065
terms_abstract_tfidf__ffa,0.19150154982670703
terms_abstract_tfidf__fiber,0.032667064726988215
terms_abstract_tfidf__field,0.22670816813471006
terms_abstract_tfidf__fields,0.1711117545590554
terms_abstract_tfidf__final,-0.06654808049708034
terms_abstract_tfidf__finally,0.028328921503908453
terms_abstract_tfidf__fine,-0.0373447016436967
terms_abstract_tfidf__finger,-0.025042750543937006
terms_abstract_tfidf__finger movements,0.0035512350761609693
terms_abstract_tfidf__finger tapping,-0.012095697163861335
terms_abstract_tfidf__fixation,0.23099695346364046
terms_abstract_tfidf__fixed,0.019622874179747722
terms_abstract_tfidf__flexibility,0.04194314701915526
terms_abstract_tfidf__flexible,0.10367029655390828
terms_abstract_tfidf__flexibly,0.03536693741093758
terms_abstract_tfidf__flow,0.009924742129904665
terms_abstract_tfidf__fluctuation,-0.027696216972266017
terms_abstract_tfidf__fluctuations,-0.054137319280863586
terms_abstract_tfidf__fluency,0.04827071709595585
terms_abstract_tfidf__focal,-0.05236318844116374
terms_abstract_tfidf__foci,0.004542964871487948
terms_abstract_tfidf__focus,-0.00976459101244744
terms_abstract_tfidf__focused,-0.07051922767308799
terms_abstract_tfidf__focusing,-0.02991529005714335
terms_abstract_tfidf__follow,-0.12858718821479045
terms_abstract_tfidf__followed,-0.03875590508677911
terms_abstract_tfidf__following,0.04949302136561712
terms_abstract_tfidf__food,-0.02426063689793483
terms_abstract_tfidf__foot,-0.102762047034717
terms_abstract_tfidf__force,-0.03269141594878175
terms_abstract_tfidf__form,0.10528839504270053
terms_abstract_tfidf__formation,0.0272989935720639
terms_abstract_tfidf__formed,0.06181452131757716
terms_abstract_tfidf__forms,0.028436976397730265
terms_abstract_tfidf__forward,0.03801443862044096
terms_abstract_tfidf__fourteen,0.00440572137151005
terms_abstract_tfidf__fractional,0.02377063755053698
terms_abstract_tfidf__fractional anisotropy,0.023923493461832084
terms_abstract_tfidf__framework,-0.01964001567701548
terms_abstract_tfidf__free,-0.11718832434319905
terms_abstract_tfidf__frequencies,-0.04283975031246017
terms_abstract_tfidf__frequency,-0.08684857869861784
terms_abstract_tfidf__frequency fluctuations,0.0008037984987717072
terms_abstract_tfidf__frequent,-0.16391167222895908
terms_abstract_tfidf__frequently,-0.08018396159866564
terms_abstract_tfidf__frontal,0.005604528051804767
terms_abstract_tfidf__frontal cortex,-0.009409406422587375
terms_abstract_tfidf__frontal cortices,0.045703587388448805
terms_abstract_tfidf__frontal eye,0.13425376891740715
terms_abstract_tfidf__frontal gyri,-0.04029148894031119
terms_abstract_tfidf__frontal gyrus,-0.08944012586897783
terms_abstract_tfidf__frontal lobe,-0.02164485526538831
terms_abstract_tfidf__frontal lobes,0.0807013225399191
terms_abstract_tfidf__frontal operculum,-0.09325599314363672
terms_abstract_tfidf__frontal parietal,0.14005635902011254
terms_abstract_tfidf__frontal temporal,-0.16046735039681684
terms_abstract_tfidf__fronto,0.09407691319975713
terms_abstract_tfidf__fronto parietal,0.16075910555488152
terms_abstract_tfidf__fronto striatal,0.03618533428995679
terms_abstract_tfidf__fronto temporal,-0.21532696395516135
terms_abstract_tfidf__frontoparietal,0.14641848657872963
terms_abstract_tfidf__frontoparietal network,0.14829047001279158
terms_abstract_tfidf__frontopolar,-0.08723017373904775
terms_abstract_tfidf__frontotemporal,-0.2766238856516037
terms_abstract_tfidf__fully,0.0753113241745613
terms_abstract_tfidf__function,-0.08904419839453992
terms_abstract_tfidf__functional abnormalities,-0.07616684713776038
terms_abstract_tfidf__functional connections,0.05373629189921753
terms_abstract_tfidf__functional connectivity,-0.09473723232017134
terms_abstract_tfidf__functional coupling,-0.013816282168441307
terms_abstract_tfidf__functional magnetic,0.020974576786480733
terms_abstract_tfidf__functional network,-0.0025787922578277213
terms_abstract_tfidf__functional networks,-0.06665028240350206
terms_abstract_tfidf__functional neuroanatomy,-0.012104813731118515
terms_abstract_tfidf__functional organization,-0.03460328096778842
terms_abstract_tfidf__functional role,-0.0410380303210057
terms_abstract_tfidf__functional structural,-0.07994103582353523
terms_abstract_tfidf__functionally,0.010853932176436298
terms_abstract_tfidf__functionally connected,-0.01218378859056182
terms_abstract_tfidf__functioning,-0.08289272727016311
terms_abstract_tfidf__functions,-0.059053548156638914
terms_abstract_tfidf__fundamental,0.07796214770676052
terms_abstract_tfidf__furthermore,-0.000813246590643453
terms_abstract_tfidf__fusiform,0.22661300853049815
terms_abstract_tfidf__fusiform face,0.175503602225872
terms_abstract_tfidf__fusiform gyri,0.20784450601295826
terms_abstract_tfidf__fusiform gyrus,0.21001747727586637
terms_abstract_tfidf__future,-0.028194996736036166
terms_abstract_tfidf__gain,-0.010177166048131738
terms_abstract_tfidf__gains,-0.0970029985574903
terms_abstract_tfidf__gambling,-0.04206837032249298
terms_abstract_tfidf__game,-0.03041496606869247
terms_abstract_tfidf__gamma,-0.007392578526077461
terms_abstract_tfidf__ganglia,-0.06367039039995392
terms_abstract_tfidf__gap,-0.017125601974097487
terms_abstract_tfidf__gaze,0.13567471015747407
terms_abstract_tfidf__gender,-0.0688447593511404
terms_abstract_tfidf__gene,-0.04561702815585228
terms_abstract_tfidf__general,0.02314859811927483
terms_abstract_tfidf__general linear,0.03625753487565773
terms_abstract_tfidf__generalized,0.10643445407663807
terms_abstract_tfidf__generally,0.12383686404525807
terms_abstract_tfidf__generate,0.11904888242964871
terms_abstract_tfidf__generated,0.053103820576665114
terms_abstract_tfidf__generating,0.02220291612373039
terms_abstract_tfidf__generation,0.021588219669356354
terms_abstract_tfidf__genes,-0.04385354612718806
terms_abstract_tfidf__genetic,0.0005474889021174032
terms_abstract_tfidf__genetic risk,0.019432842195425765
terms_abstract_tfidf__genotype,-0.044576903566113595
terms_abstract_tfidf__german,-0.046955947321663694
terms_abstract_tfidf__gestures,0.058568933292639375
terms_abstract_tfidf__given,0.022449705206561404
terms_abstract_tfidf__global,0.06264270921200601
terms_abstract_tfidf__globus,-0.041669262289104454
terms_abstract_tfidf__globus pallidus,-0.04172099280246671
terms_abstract_tfidf__gm,-0.11731174939847
terms_abstract_tfidf__gm volume,-0.09600311512878595
terms_abstract_tfidf__goal,0.09165703245620017
terms_abstract_tfidf__goal directed,0.06122597998362744
terms_abstract_tfidf__goals,0.0722591065057133
terms_abstract_tfidf__good,-0.016036286180578466
terms_abstract_tfidf__gradient,0.0848604335070502
terms_abstract_tfidf__granger,-0.07110885481800533
terms_abstract_tfidf__graph,-0.01797492305852518
terms_abstract_tfidf__grasping,0.1374688539759537
terms_abstract_tfidf__gray,-0.1446301900462232
terms_abstract_tfidf__gray matter,-0.14936988378434046
terms_abstract_tfidf__great,0.006829449719663916
terms_abstract_tfidf__greater,-0.012698720173995162
terms_abstract_tfidf__greater extent,-0.010976937644808478
terms_abstract_tfidf__greatest,-0.06345509657744228
terms_abstract_tfidf__grey,-0.1322873515285308
terms_abstract_tfidf__grey matter,-0.13682745891675893
terms_abstract_tfidf__group,-0.10437964380237416
terms_abstract_tfidf__group comparisons,-0.016180840431793
terms_abstract_tfidf__group healthy,0.00558083215284537
terms_abstract_tfidf__group level,-0.07379899247264624
terms_abstract_tfidf__groups,-0.014640852855197135
terms_abstract_tfidf__growing,-0.019742642397551944
terms_abstract_tfidf__guide,-0.04579397490427867
terms_abstract_tfidf__guided,0.1078262721353772
terms_abstract_tfidf__gyri,-0.018837001903492814
terms_abstract_tfidf__gyrus,0.00948609204196595
terms_abstract_tfidf__gyrus anterior,-0.037765132571806165
terms_abstract_tfidf__gyrus ba,0.060071110215499435
terms_abstract_tfidf__gyrus cerebellum,0.08098062319308698
terms_abstract_tfidf__gyrus ifg,-0.08252582330477684
terms_abstract_tfidf__gyrus inferior,0.0608132137930912
terms_abstract_tfidf__gyrus insula,-0.05108627260462354
terms_abstract_tfidf__gyrus medial,-0.005270105252893809
terms_abstract_tfidf__gyrus mfg,-0.07133006957262382
terms_abstract_tfidf__gyrus middle,-0.014598830961139732
terms_abstract_tfidf__gyrus posterior,0.02871053495133776
terms_abstract_tfidf__gyrus precuneus,0.07916232459025915
terms_abstract_tfidf__gyrus stg,-0.16627842574687277
terms_abstract_tfidf__gyrus superior,-0.0019800526071213505
terms_abstract_tfidf__half,0.022494500137145067
terms_abstract_tfidf__hand,0.023285053692185243
terms_abstract_tfidf__hand movements,-0.023900561782020983
terms_abstract_tfidf__handed,-0.01903474212634692
terms_abstract_tfidf__handedness,0.009495501841014194
terms_abstract_tfidf__hands,0.06376356681370172
terms_abstract_tfidf__happy,-0.08826886906232191
terms_abstract_tfidf__happy faces,-0.0658613599782206
terms_abstract_tfidf__having,0.01463894006952546
terms_abstract_tfidf__hc,-0.08902480059385116
terms_abstract_tfidf__hcs,-0.07533014033070685
terms_abstract_tfidf__head,-0.04512729628370194
terms_abstract_tfidf__health,-0.08522392088140639
terms_abstract_tfidf__healthy,-0.15418775260461806
terms_abstract_tfidf__healthy adults,-0.11424369701810155
terms_abstract_tfidf__healthy control,-0.06943007183063091
terms_abstract_tfidf__healthy controls,-0.10529141472947728
terms_abstract_tfidf__healthy handed,-0.03931996068942322
terms_abstract_tfidf__healthy human,-0.05366577040056037
terms_abstract_tfidf__healthy individuals,-0.08786582162290163
terms_abstract_tfidf__healthy male,-0.08292780057345761
terms_abstract_tfidf__healthy volunteers,-0.04778336689075076
terms_abstract_tfidf__healthy young,0.04564581617190888
terms_abstract_tfidf__heard,-0.2226445403208933
terms_abstract_tfidf__hearing,-0.08412757134743
terms_abstract_tfidf__heart,-0.07470834460245158
terms_abstract_tfidf__heart rate,-0.05478469904241642
terms_abstract_tfidf__heightened,-0.030602798225348244
terms_abstract_tfidf__held,0.03130231512774911
terms_abstract_tfidf__help,0.001012990672479935
terms_abstract_tfidf__hemisphere,0.01637469598655426
terms_abstract_tfidf__hemispheres,0.02787908943307501
terms_abstract_tfidf__hemispheric,0.0174784072709696
terms_abstract_tfidf__hemodynamic,-0.09983726322810203
terms_abstract_tfidf__hemodynamic response,-0.02702596559613829
terms_abstract_tfidf__hemodynamic responses,-0.08405709314702871
terms_abstract_tfidf__heschl,-0.1567472376608207
terms_abstract_tfidf__heschl gyrus,-0.15035666997047376
terms_abstract_tfidf__heterogeneity,-0.010013648598636854
terms_abstract_tfidf__heterogeneous,-0.03419552156376433
terms_abstract_tfidf__hierarchical,-0.09428559900432067
terms_abstract_tfidf__hierarchy,0.07190214156787712
terms_abstract_tfidf__high,-0.0014340553904809174
terms_abstract_tfidf__high frequency,-0.005747627094934658
terms_abstract_tfidf__high functioning,0.046818177363560205
terms_abstract_tfidf__high level,0.09865224374385703
terms_abstract_tfidf__high low,-0.011003802711688418
terms_abstract_tfidf__high resolution,-0.041148151652611445
terms_abstract_tfidf__high risk,-0.04563422953609954
terms_abstract_tfidf__higher,-0.014940894626046662
terms_abstract_tfidf__higher level,-0.04123678158794866
terms_abstract_tfidf__higher levels,-0.009454163553601591
terms_abstract_tfidf__higher order,-0.08504618140423492
terms_abstract_tfidf__highest,-0.015383294393035925
terms_abstract_tfidf__highlight,-0.05812441642190252
terms_abstract_tfidf__highlighted,0.06646142951649843
terms_abstract_tfidf__highlights,-0.04308410203912367
terms_abstract_tfidf__highly,-0.06419453024608918
terms_abstract_tfidf__hippocampal,0.04489660172796701
terms_abstract_tfidf__hippocampus,-0.04159804232452621
terms_abstract_tfidf__history,-0.05457428050720672
terms_abstract_tfidf__hoc,-0.002545397466772565
terms_abstract_tfidf__homogeneity,-0.017816672441721488
terms_abstract_tfidf__homogeneity reho,-0.03299099028403163
terms_abstract_tfidf__hub,-0.04398231777217045
terms_abstract_tfidf__hubs,0.028344230375663682
terms_abstract_tfidf__hum,0.0473635771357612
terms_abstract_tfidf__hum mapp,0.04957882404936597
terms_abstract_tfidf__human,0.024360376850191604
terms_abstract_tfidf__humans,0.07672843168817597
terms_abstract_tfidf__hyperactivation,-0.024923200442280736
terms_abstract_tfidf__hyperactivity,-0.0881802344991473
terms_abstract_tfidf__hyperactivity disorder,-0.04959819464335793
terms_abstract_tfidf__hypoactivation,-0.08872654098602101
terms_abstract_tfidf__hypothalamus,-0.0586047249417187
terms_abstract_tfidf__hypotheses,0.06093581070331062
terms_abstract_tfidf__hypothesize,-0.05689201150083611
terms_abstract_tfidf__hypothesized,-0.08358720898044796
terms_abstract_tfidf__hz,-0.14208943619218067
terms_abstract_tfidf__ica,-0.07209922848916026
terms_abstract_tfidf__idea,0.08867228597497542
terms_abstract_tfidf__identical,0.01296261606314612
terms_abstract_tfidf__identification,0.0954386193919289
terms_abstract_tfidf__identified,0.05110617398172655
terms_abstract_tfidf__identify,0.006760309566024726
terms_abstract_tfidf__identifying,-0.04064688229382286
terms_abstract_tfidf__identity,0.10775343160629815
terms_abstract_tfidf__ifg,-0.07024614810544375
terms_abstract_tfidf__ii,0.02162483760584283
terms_abstract_tfidf__iii,-0.02187410934760854
terms_abstract_tfidf__illness,-0.09325946416031974
terms_abstract_tfidf__illusion,0.08868496997412893
terms_abstract_tfidf__illustrate,-0.005863524099450161
terms_abstract_tfidf__image,0.11268700868365673
terms_abstract_tfidf__imagery,0.08915561305988216
terms_abstract_tfidf__images,0.19663741631612586
terms_abstract_tfidf__images acquired,-0.006478976272663283
terms_abstract_tfidf__imagine,-0.05490587256405283
terms_abstract_tfidf__imagined,0.04183062123804288
terms_abstract_tfidf__imitation,0.08916184009430385
terms_abstract_tfidf__immediate,-0.025851728990290902
terms_abstract_tfidf__immediately,0.024849354379301598
terms_abstract_tfidf__impact,-0.1288414993920956
terms_abstract_tfidf__impacts,-0.017233331526421158
terms_abstract_tfidf__impaired,-0.07801033250370266
terms_abstract_tfidf__impairment,-0.05040239730929627
terms_abstract_tfidf__impairments,-0.08082237213894784
terms_abstract_tfidf__implementation,0.11076270960633816
terms_abstract_tfidf__implemented,-0.0330805806329111
terms_abstract_tfidf__implicate,-0.044124045179628146
terms_abstract_tfidf__implicated,-0.077531234871284
terms_abstract_tfidf__implications,-0.02886194046258855
terms_abstract_tfidf__implications understanding,-0.005829003779349909
terms_abstract_tfidf__implicit,0.06501341858484011
terms_abstract_tfidf__imply,-0.012111005236735294
terms_abstract_tfidf__importance,-0.052826335963823814
terms_abstract_tfidf__important,-0.16022935131598767
terms_abstract_tfidf__important role,0.0052604421837947925
terms_abstract_tfidf__importantly,0.02677515905408308
terms_abstract_tfidf__improve,-0.028108023349203703
terms_abstract_tfidf__improved,0.01920566693798346
terms_abstract_tfidf__improvement,-0.055267761071049394
terms_abstract_tfidf__improvements,-0.04543441773698016
terms_abstract_tfidf__improves,0.06873203832709067
terms_abstract_tfidf__impulsive,0.01926829149862303
terms_abstract_tfidf__impulsivity,-0.03005462461398021
terms_abstract_tfidf__incentive,-0.044524418081513216
terms_abstract_tfidf__incentive delay,-0.028060146533281902
terms_abstract_tfidf__incidental,-0.05617492788829538
terms_abstract_tfidf__include,-0.046227685244104776
terms_abstract_tfidf__included,-0.023650667337196413
terms_abstract_tfidf__includes,-0.03721717661256501
terms_abstract_tfidf__incongruent,0.02788971108712509
terms_abstract_tfidf__inconsistent,-0.06802362997813595
terms_abstract_tfidf__incorrect,-0.043821225166851184
terms_abstract_tfidf__increases,0.014098519512659375
terms_abstract_tfidf__increasing,0.07245555718486085
terms_abstract_tfidf__increasingly,-0.03046192988568504
terms_abstract_tfidf__independent,0.0169132676090372
terms_abstract_tfidf__independent component,-0.06529964271204441
terms_abstract_tfidf__independently,0.015899992491977957
terms_abstract_tfidf__index,-0.07539735413117343
terms_abstract_tfidf__index finger,-0.06380507073702579
terms_abstract_tfidf__indexed,-0.0017819415581428772
terms_abstract_tfidf__indicate,0.009181735529979295
terms_abstract_tfidf__indicated,0.1169669303015782
terms_abstract_tfidf__indicates,-0.027004707811844695
terms_abstract_tfidf__indicating,-0.017857720570447985
terms_abstract_tfidf__indices,-0.14044150921063084
terms_abstract_tfidf__indirect,-0.11643707452077534
terms_abstract_tfidf__individual,-0.012100809627409143
terms_abstract_tfidf__individual variability,-0.07950649561669706
terms_abstract_tfidf__individually,-0.010739121380885943
terms_abstract_tfidf__individuals,-0.10190265703572626
terms_abstract_tfidf__induce,-0.012217742269247435
terms_abstract_tfidf__induced,-0.10084238812366576
terms_abstract_tfidf__induces,-0.01661367441061317
terms_abstract_tfidf__inducing,-0.002644997887241066
terms_abstract_tfidf__induction,-0.07871684898801262
terms_abstract_tfidf__infer,-0.08374206847201454
terms_abstract_tfidf__inference,-0.11060367071368808
terms_abstract_tfidf__inferences,-0.08806124550240313
terms_abstract_tfidf__inferior,0.009435831087963432
terms_abstract_tfidf__inferior frontal,-0.05229748180734039
terms_abstract_tfidf__inferior middle,-0.015663635757490205
terms_abstract_tfidf__inferior occipital,0.23185389503798073
terms_abstract_tfidf__inferior parietal,0.04454159840204977
terms_abstract_tfidf__inferior prefrontal,0.0377543497516674
terms_abstract_tfidf__inferior superior,0.07163896919207517
terms_abstract_tfidf__inferior temporal,0.09696777546468471
terms_abstract_tfidf__influence,0.034527522942258686
terms_abstract_tfidf__influenced,-0.014050928904009406
terms_abstract_tfidf__influences,0.07554945440751208
terms_abstract_tfidf__inform,-0.07635480043046614
terms_abstract_tfidf__information,0.15139704244559213
terms_abstract_tfidf__inhibit,0.04102877027159766
terms_abstract_tfidf__inhibition,-0.05636709483842552
terms_abstract_tfidf__inhibitory,-0.09638896545848193
terms_abstract_tfidf__inhibitory control,-0.051924210808890245
terms_abstract_tfidf__initial,-0.03844741514886364
terms_abstract_tfidf__initially,0.0038801600861136554
terms_abstract_tfidf__initiation,0.03389916894069694
terms_abstract_tfidf__injury,-0.08396688145168729
terms_abstract_tfidf__input,0.014385200898807246
terms_abstract_tfidf__inputs,0.10285478892816159
terms_abstract_tfidf__insight,0.0008178832951181735
terms_abstract_tfidf__insights,-0.02063123544042797
terms_abstract_tfidf__instead,0.009442066987421031
terms_abstract_tfidf__instructed,-0.017474965685590507
terms_abstract_tfidf__instruction,0.10166298401407008
terms_abstract_tfidf__instructions,0.07619402136004354
terms_abstract_tfidf__insula,-0.20573431933172015
terms_abstract_tfidf__insula anterior,-0.11283253193698702
terms_abstract_tfidf__insula inferior,-0.07448067861330882
terms_abstract_tfidf__insular,-0.1797936443367334
terms_abstract_tfidf__insular cortex,-0.16032815296760994
terms_abstract_tfidf__intact,0.08641312605089199
terms_abstract_tfidf__integrate,0.12182930443849849
terms_abstract_tfidf__integrated,-0.03163721244762189
terms_abstract_tfidf__integrating,-0.0022852321332562163
terms_abstract_tfidf__integration,-0.09061836123778105
terms_abstract_tfidf__integrative,0.005122285686326645
terms_abstract_tfidf__integrity,-0.08819974796292801
terms_abstract_tfidf__intelligence,-0.013855670434100725
terms_abstract_tfidf__intense,-0.07535752169780613
terms_abstract_tfidf__intensity,-0.15015192077682116
terms_abstract_tfidf__intention,-0.031197695346711393
terms_abstract_tfidf__intentional,-0.07476791808798684
terms_abstract_tfidf__intentions,-0.08360923143160894
terms_abstract_tfidf__inter,-0.0429016522961652
terms_abstract_tfidf__inter individual,0.02137991475657973
terms_abstract_tfidf__interact,0.1067505958783155
terms_abstract_tfidf__interacting,-0.007063487489339607
terms_abstract_tfidf__interaction,-0.06982846288412585
terms_abstract_tfidf__interactions,-0.01632648638479842
terms_abstract_tfidf__interactive,-0.02209867191188479
terms_abstract_tfidf__interacts,-0.06683318998870884
terms_abstract_tfidf__interestingly,0.0925610430000441
terms_abstract_tfidf__interference,0.1537819185195794
terms_abstract_tfidf__interhemispheric,-0.03531643623000047
terms_abstract_tfidf__intermediate,0.046727032028080144
terms_abstract_tfidf__internal,0.016379720584887816
terms_abstract_tfidf__internally,-0.04733643131549703
terms_abstract_tfidf__interoceptive,-0.057844788887878223
terms_abstract_tfidf__interpersonal,-0.08504476915295464
terms_abstract_tfidf__interplay,0.030883470576559064
terms_abstract_tfidf__interpret,-0.020863756961268513
terms_abstract_tfidf__interpretation,-0.02758149773870691
terms_abstract_tfidf__interpreted,0.018690496489755282
terms_abstract_tfidf__interval,0.09530686953224869
terms_abstract_tfidf__intervals,-0.0027007397030425592
terms_abstract_tfidf__intervention,-0.07991401931845732
terms_abstract_tfidf__interventions,-0.06474620913712856
terms_abstract_tfidf__intra,0.06287671095044302
terms_abstract_tfidf__intraparietal,0.21349400815929323
terms_abstract_tfidf__intraparietal sulcus,0.210925046582004
terms_abstract_tfidf__intrinsic,-0.09941406283505486
terms_abstract_tfidf__intrinsic functional,-0.05218899261516357
terms_abstract_tfidf__introduced,0.03621986526426903
terms_abstract_tfidf__introduction,-0.07540875806652171
terms_abstract_tfidf__invariant,0.14226033525982867
terms_abstract_tfidf__invasive,-0.023381215662175964
terms_abstract_tfidf__inventory,-0.07658806566244186
terms_abstract_tfidf__inverse,-0.007576762362881812
terms_abstract_tfidf__inversely,-0.11173742503222985
terms_abstract_tfidf__investigates,0.04464130802653722
terms_abstract_tfidf__investigating,0.025909660169440813
terms_abstract_tfidf__investigation,-0.06105493925162371
terms_abstract_tfidf__investigations,0.04419750261485813
terms_abstract_tfidf__involve,0.010090171869716107
terms_abstract_tfidf__involved,0.07240548663747376
terms_abstract_tfidf__involved cognitive,-0.04391034677539426
terms_abstract_tfidf__involvement,0.06891330301689841
terms_abstract_tfidf__involves,0.008313095630552207
terms_abstract_tfidf__involving,-0.013134479308788838
terms_abstract_tfidf__ipl,0.057514788098332444
terms_abstract_tfidf__ips,0.228567051407011
terms_abstract_tfidf__ipsilateral,-0.07385117167406262
terms_abstract_tfidf__iq,-0.020252309589525758
terms_abstract_tfidf__irrelevant,0.23025086721238155
terms_abstract_tfidf__irrespective,0.03284464545830177
terms_abstract_tfidf__isolate,0.029483833797428693
terms_abstract_tfidf__isolated,0.04696284137928672
terms_abstract_tfidf__issue,0.07223436412493747
terms_abstract_tfidf__issues,-0.06482796751524456
terms_abstract_tfidf__item,0.11772176791261794
terms_abstract_tfidf__items,0.1345504329719481
terms_abstract_tfidf__iv,0.0048644487500117605
terms_abstract_tfidf__joint,-0.04113857175002498
terms_abstract_tfidf__judge,0.0026550682015416133
terms_abstract_tfidf__judged,0.07706274655633817
terms_abstract_tfidf__judgment,0.04891233264480108
terms_abstract_tfidf__judgment task,0.047311573492808144
terms_abstract_tfidf__judgments,0.035108516887495146
terms_abstract_tfidf__junction,-0.022961113271887316
terms_abstract_tfidf__junction tpj,-0.0012254709053853992
terms_abstract_tfidf__just,0.121862877823939
terms_abstract_tfidf__key,-0.08836102280099653
terms_abstract_tfidf__key role,-0.05721216495229909
terms_abstract_tfidf__kinds,0.13509948039287556
terms_abstract_tfidf__know,-0.05260224519788739
terms_abstract_tfidf__knowledge,-0.07659096297681665
terms_abstract_tfidf__known,0.024157479354974507
terms_abstract_tfidf__known involved,-0.010096518681169151
terms_abstract_tfidf__labeling,-0.07151177041321813
terms_abstract_tfidf__laboratory,-0.013076715971232363
terms_abstract_tfidf__lack,0.029395503611439753
terms_abstract_tfidf__lacking,-0.031352638662193684
terms_abstract_tfidf__language,-0.12312938775609947
terms_abstract_tfidf__language comprehension,-0.20045384407012026
terms_abstract_tfidf__language network,-0.0940609356432051
terms_abstract_tfidf__languages,0.004864324914081077
terms_abstract_tfidf__large,0.018278120446294906
terms_abstract_tfidf__large sample,-0.021124460287987593
terms_abstract_tfidf__large scale,-0.033877725075628126
terms_abstract_tfidf__largely,0.07613250182488007
terms_abstract_tfidf__largely unknown,0.14557163648495042
terms_abstract_tfidf__larger,0.06430962620778127
terms_abstract_tfidf__late,0.1411360169397631
terms_abstract_tfidf__latencies,0.02228118981070248
terms_abstract_tfidf__latency,0.11129926481004236
terms_abstract_tfidf__later,0.051534273820637404
terms_abstract_tfidf__lateral,0.1770279290089372
terms_abstract_tfidf__lateral frontal,0.060738132651688474
terms_abstract_tfidf__lateral medial,0.027291999754136324
terms_abstract_tfidf__lateral occipital,0.34374849543545455
terms_abstract_tfidf__lateral orbitofrontal,-0.12844847924080763
terms_abstract_tfidf__lateral parietal,-0.0052989166316529624
terms_abstract_tfidf__lateral prefrontal,0.02956286151296146
terms_abstract_tfidf__lateral temporal,-0.11450494517085885
terms_abstract_tfidf__laterality,-0.003989140590112551
terms_abstract_tfidf__lateralization,-0.013600008059801246
terms_abstract_tfidf__lateralized,-0.01855477602780566
terms_abstract_tfidf__lead,-0.008283535499848796
terms_abstract_tfidf__leading,-0.009301433619235681
terms_abstract_tfidf__leads,0.05516905952718853
terms_abstract_tfidf__learn,0.03091601401160428
terms_abstract_tfidf__learned,-0.0024748743481275703
terms_abstract_tfidf__learning,0.05075895476730598
terms_abstract_tfidf__learning task,0.019836801103659762
terms_abstract_tfidf__led,-0.03989955136213179
terms_abstract_tfidf__length,-0.021677025002430766
terms_abstract_tfidf__lesion,-0.019701201618966963
terms_abstract_tfidf__lesions,0.024241640266450783
terms_abstract_tfidf__lesser,0.0298212804330479
terms_abstract_tfidf__letter,0.1911339749148923
terms_abstract_tfidf__letters,0.21335040162796953
terms_abstract_tfidf__level,-0.0683692272534635
terms_abstract_tfidf__level bold,-0.05399334947559738
terms_abstract_tfidf__level signal,-0.056209191649608296
terms_abstract_tfidf__levels,-0.012681467566320171
terms_abstract_tfidf__lexical,-0.043702268303587935
terms_abstract_tfidf__lexical decision,-0.03477350092688619
terms_abstract_tfidf__life,0.0010351968961192
terms_abstract_tfidf__light,0.06406154292364392
terms_abstract_tfidf__like,0.08128693524813616
terms_abstract_tfidf__likelihood,0.0029674577828169594
terms_abstract_tfidf__likely,0.04803683830229442
terms_abstract_tfidf__limb,-0.03950630207159288
terms_abstract_tfidf__limbic,-0.15146538415431543
terms_abstract_tfidf__limitations,-0.04237675542598385
terms_abstract_tfidf__limited,0.07248146768850369
terms_abstract_tfidf__line,0.1065786546773167
terms_abstract_tfidf__linear,0.05357751109841881
terms_abstract_tfidf__linear model,0.03452805457641658
terms_abstract_tfidf__linearly,0.06717938519506766
terms_abstract_tfidf__lingual,0.25232517469349014
terms_abstract_tfidf__lingual gyrus,0.21222913908071492
terms_abstract_tfidf__linguistic,-0.13710494421577482
terms_abstract_tfidf__link,-0.008448919073375425
terms_abstract_tfidf__linked,-0.055059646698080875
terms_abstract_tfidf__linking,-0.01587599660271474
terms_abstract_tfidf__links,0.03167015709567112
terms_abstract_tfidf__list,0.061389151978615095
terms_abstract_tfidf__listened,-0.20567115624235147
terms_abstract_tfidf__listening,-0.25518180197499224
terms_abstract_tfidf__literature,0.0375560536937513
terms_abstract_tfidf__little,-0.0044207070936079585
terms_abstract_tfidf__little known,0.01617812276281219
terms_abstract_tfidf__load,0.12976970558666734
terms_abstract_tfidf__lobe,-0.04163360911418889
terms_abstract_tfidf__lobe mtl,0.010356070239033318
terms_abstract_tfidf__lobes,-0.00695361604648012
terms_abstract_tfidf__lobule,0.10853853583979647
terms_abstract_tfidf__lobule ipl,0.055380109116138033
terms_abstract_tfidf__lobules,0.16154861897706832
terms_abstract_tfidf__local,0.005605721847768013
terms_abstract_tfidf__localization,0.006183517207059228
terms_abstract_tfidf__localize,-0.0515143889574637
terms_abstract_tfidf__localized,-0.013759820000333288
terms_abstract_tfidf__located,0.08103358579238867
terms_abstract_tfidf__location,0.2039757837684146
terms_abstract_tfidf__locations,0.2323131463320333
terms_abstract_tfidf__locus,-0.00017830398091069774
terms_abstract_tfidf__long,0.0246280147094147
terms_abstract_tfidf__long term,0.025810336289294706
terms_abstract_tfidf__longer,0.0436727260635771
terms_abstract_tfidf__longitudinal,-0.04594772313449932
terms_abstract_tfidf__loop,-0.021085843540659385
terms_abstract_tfidf__loss,-0.16550272252556888
terms_abstract_tfidf__losses,-0.08487340156222739
terms_abstract_tfidf__low,-0.0020369329671721024
terms_abstract_tfidf__low frequency,-0.05025847670650371
terms_abstract_tfidf__low high,0.09339971699571835
terms_abstract_tfidf__low level,0.08895077494212428
terms_abstract_tfidf__lower,-0.017870789560093574
terms_abstract_tfidf__m1,-0.08476591478785589
terms_abstract_tfidf__machine,-0.030842396595109494
terms_abstract_tfidf__magnetic,-0.021000838183901208
terms_abstract_tfidf__magnetic resonance,-0.017129730583524013
terms_abstract_tfidf__magnetic stimulation,-0.059221552922443084
terms_abstract_tfidf__magnetoencephalography,-0.08636536938685012
terms_abstract_tfidf__magnitude,-0.019832712876761527
terms_abstract_tfidf__main,-0.025944206128669923
terms_abstract_tfidf__main effect,-0.05521596710015572
terms_abstract_tfidf__mainly,-0.04606383190527175
terms_abstract_tfidf__maintain,0.023647241389680277
terms_abstract_tfidf__maintained,0.14832007433039476
terms_abstract_tfidf__maintaining,0.11257498796383032
terms_abstract_tfidf__maintenance,0.10734215361290271
terms_abstract_tfidf__major,-0.11748371187552373
terms_abstract_tfidf__major depression,-0.032877921014355306
terms_abstract_tfidf__major depressive,-0.12096786204391088
terms_abstract_tfidf__majority,-0.021347483379804827
terms_abstract_tfidf__make,0.04498413661323004
terms_abstract_tfidf__making,-0.02266731681165429
terms_abstract_tfidf__male,-0.10575621223431331
terms_abstract_tfidf__male female,-0.035859445807805236
terms_abstract_tfidf__males,-0.04559632517472702
terms_abstract_tfidf__manifest,-0.017937555270142017
terms_abstract_tfidf__manipulated,0.060729026430138694
terms_abstract_tfidf__manipulating,-0.01684026458755116
terms_abstract_tfidf__manipulation,0.17929644942642695
terms_abstract_tfidf__manipulations,0.013627503950885987
terms_abstract_tfidf__manner,0.055138817978469847
terms_abstract_tfidf__manual,0.0019808864205319056
terms_abstract_tfidf__map,-0.024428379174957448
terms_abstract_tfidf__mapp,0.04763633303603637
terms_abstract_tfidf__mapped,0.07001648529814501
terms_abstract_tfidf__mapping,-0.055927712231454214
terms_abstract_tfidf__maps,-0.11887273807585363
terms_abstract_tfidf__marked,0.04510750166613007
terms_abstract_tfidf__marker,-0.0020553765481301886
terms_abstract_tfidf__markers,-0.04410975605065247
terms_abstract_tfidf__masked,-0.05270075016755576
terms_abstract_tfidf__mass,-0.0056150467846469675
terms_abstract_tfidf__match,0.10284587642477783
terms_abstract_tfidf__matching,0.15974734309592178
terms_abstract_tfidf__matching task,0.13237335918958756
terms_abstract_tfidf__material,0.03232014429215283
terms_abstract_tfidf__materials,0.03290079356160028
terms_abstract_tfidf__matrix,-0.12005685152481661
terms_abstract_tfidf__matter,-0.11976364479066717
terms_abstract_tfidf__matter density,-0.04160985457624302
terms_abstract_tfidf__matter gm,-0.10592504870895825
terms_abstract_tfidf__matter volume,-0.1276565830403871
terms_abstract_tfidf__matter volumes,-0.12001556722814966
terms_abstract_tfidf__maturation,0.058896846338415944
terms_abstract_tfidf__maximal,-0.030555457199454135
terms_abstract_tfidf__maximum,0.005009361945386843
terms_abstract_tfidf__mci,-0.02050129202208801
terms_abstract_tfidf__mdd,-0.11119377264186471
terms_abstract_tfidf__mean,-0.013380537784299727
terms_abstract_tfidf__mean age,0.001494741408017002
terms_abstract_tfidf__meaning,-0.09956996057626843
terms_abstract_tfidf__meaningful,-0.00456004798000702
terms_abstract_tfidf__means,-0.035756143658921845
terms_abstract_tfidf__measure,-0.04149093064294177
terms_abstract_tfidf__measurement,-0.022402447652661757
terms_abstract_tfidf__measurements,-0.01130471378347376
terms_abstract_tfidf__measures,-0.10335289485802633
terms_abstract_tfidf__measuring,-0.15264778837531326
terms_abstract_tfidf__mechanism,0.006438604601086189
terms_abstract_tfidf__mechanisms,0.051465786615051225
terms_abstract_tfidf__mechanisms involved,0.04095187226728887
terms_abstract_tfidf__mechanisms underlying,0.01963297802694967
terms_abstract_tfidf__medial,-0.07629194477654962
terms_abstract_tfidf__medial frontal,-0.008672986197570344
terms_abstract_tfidf__medial lateral,-0.06793561236101665
terms_abstract_tfidf__medial orbitofrontal,-0.09985782639741768
terms_abstract_tfidf__medial pfc,-0.08624029829246328
terms_abstract_tfidf__medial prefrontal,-0.14310978786599263
terms_abstract_tfidf__medial superior,0.05259451253145699
terms_abstract_tfidf__medial temporal,0.027634758353656436
terms_abstract_tfidf__median,-0.08149296162761521
terms_abstract_tfidf__mediate,-0.04537929132973526
terms_abstract_tfidf__mediated,0.003474418545509336
terms_abstract_tfidf__mediates,-0.04707649538600398
terms_abstract_tfidf__mediating,-0.04142184034005904
terms_abstract_tfidf__medication,-0.13985979308133625
terms_abstract_tfidf__meg,-0.07998446253903956
terms_abstract_tfidf__memories,-0.03013832913941178
terms_abstract_tfidf__memory,0.12112036829792297
terms_abstract_tfidf__memory encoding,0.05919912621424289
terms_abstract_tfidf__memory load,0.08174714522336417
terms_abstract_tfidf__memory performance,0.013527450440357828
terms_abstract_tfidf__memory processes,0.03043397621389529
terms_abstract_tfidf__memory retrieval,-0.012621461536875338
terms_abstract_tfidf__memory task,0.03297752952548962
terms_abstract_tfidf__memory tasks,0.02337488168510474
terms_abstract_tfidf__memory test,0.0575220221590612
terms_abstract_tfidf__memory wm,0.145533432900863
terms_abstract_tfidf__men,-0.0602315491956686
terms_abstract_tfidf__men women,-0.03144873180553034
terms_abstract_tfidf__mental,0.01974543079868232
terms_abstract_tfidf__mental imagery,0.18835810748480397
terms_abstract_tfidf__mental state,-0.13776372316717428
terms_abstract_tfidf__mental states,-0.15363184189742385
terms_abstract_tfidf__mentalizing,-0.06478144589756997
terms_abstract_tfidf__mesial,-0.05755575587260061
terms_abstract_tfidf__mesolimbic,-0.040339582305031235
terms_abstract_tfidf__met,-0.037378900208739844
terms_abstract_tfidf__metabolic,0.018297059553628987
terms_abstract_tfidf__metabolism,-0.03760561278607369
terms_abstract_tfidf__method,-0.03948754802217982
terms_abstract_tfidf__methodological,-0.035501806306102675
terms_abstract_tfidf__methodology,0.06221277511131298
terms_abstract_tfidf__methodology principal,0.0245245873000227
terms_abstract_tfidf__methods,-0.1027948817885391
terms_abstract_tfidf__methods functional,0.054515629398236655
terms_abstract_tfidf__mfg,-0.10157614959037621
terms_abstract_tfidf__mg,-0.01047370381944471
terms_abstract_tfidf__mid,-0.11385142450080851
terms_abstract_tfidf__midbrain,-0.04106239840944485
terms_abstract_tfidf__middle,-0.0272234646425034
terms_abstract_tfidf__middle cingulate,-0.07221958234452348
terms_abstract_tfidf__middle frontal,0.010099297531003602
terms_abstract_tfidf__middle inferior,-0.023215348360155746
terms_abstract_tfidf__middle occipital,0.25806004126820303
terms_abstract_tfidf__middle superior,-0.06711543619181207
terms_abstract_tfidf__middle temporal,-0.07945284504233692
terms_abstract_tfidf__midline,-0.04771680708964536
terms_abstract_tfidf__mild,-0.07288335455699471
terms_abstract_tfidf__mild cognitive,-0.04134528688651868
terms_abstract_tfidf__min,-0.0843835617907303
terms_abstract_tfidf__mind,-0.15181007458064122
terms_abstract_tfidf__mind tom,-0.11718107085543886
terms_abstract_tfidf__minimal,0.09820471103964863
terms_abstract_tfidf__mirror,0.038091879635040495
terms_abstract_tfidf__mirror neuron,0.030030263254222315
terms_abstract_tfidf__mixed,-0.01769220952227135
terms_abstract_tfidf__mm,-0.006691411553444456
terms_abstract_tfidf__mnemonic,0.06229228056555217
terms_abstract_tfidf__modal,0.10721503993406206
terms_abstract_tfidf__modalities,0.10499021773230383
terms_abstract_tfidf__modality,0.01752501429881185
terms_abstract_tfidf__mode,-0.004402628737854063
terms_abstract_tfidf__mode network,-0.025087671572462354
terms_abstract_tfidf__model,-0.05022299442332333
terms_abstract_tfidf__modeling,0.04955443309435442
terms_abstract_tfidf__models,-0.025303899491649115
terms_abstract_tfidf__moderate,-0.129618897247279
terms_abstract_tfidf__modified,0.01030302930365427
terms_abstract_tfidf__modulate,0.014772276459301297
terms_abstract_tfidf__modulated,0.03585367446590215
terms_abstract_tfidf__modulates,-0.022379769077736006
terms_abstract_tfidf__modulating,-0.06020560770430243
terms_abstract_tfidf__modulation,-0.06635232026074972
terms_abstract_tfidf__modulations,-0.04584433072873554
terms_abstract_tfidf__modulatory,-0.00475689055572204
terms_abstract_tfidf__monetary,-0.02980646795746964
terms_abstract_tfidf__monetary incentive,-0.005984769996904617
terms_abstract_tfidf__monetary reward,-0.009120439910673874
terms_abstract_tfidf__money,-0.006565108284305873
terms_abstract_tfidf__monitor,-0.044422259696287415
terms_abstract_tfidf__monitored,0.01642596003285529
terms_abstract_tfidf__monitoring,-0.015193558359281231
terms_abstract_tfidf__monkey,0.08793559550408844
terms_abstract_tfidf__monkeys,0.16794242406602378
terms_abstract_tfidf__months,-0.09047160735180847
terms_abstract_tfidf__mood,-0.08802594686837963
terms_abstract_tfidf__moral,-0.14457654722908483
terms_abstract_tfidf__morphological,-0.0999123814673223
terms_abstract_tfidf__morphology,-0.18009346620557715
terms_abstract_tfidf__morphometry,-0.1741212649453301
terms_abstract_tfidf__morphometry vbm,-0.11278890014923156
terms_abstract_tfidf__motion,0.25702299387592087
terms_abstract_tfidf__motivation,-0.05980793446514363
terms_abstract_tfidf__motivational,-0.07674751987320577
terms_abstract_tfidf__motor,-0.003424354506947987
terms_abstract_tfidf__motor control,-0.037652245052120274
terms_abstract_tfidf__motor cortex,-0.08440252828837923
terms_abstract_tfidf__motor function,-0.049393576396752396
terms_abstract_tfidf__motor imagery,0.011416413010312392
terms_abstract_tfidf__motor network,-0.05044930822265879
terms_abstract_tfidf__motor performance,-0.03451118750742681
terms_abstract_tfidf__motor pre,0.045057439954851314
terms_abstract_tfidf__motor premotor,-0.05477782498903465
terms_abstract_tfidf__motor response,0.021732265146982403
terms_abstract_tfidf__motor responses,-0.008165526241442164
terms_abstract_tfidf__motor sma,-0.12431422437790102
terms_abstract_tfidf__motor task,-0.03236869214467458
terms_abstract_tfidf__movement,-0.018487563676831725
terms_abstract_tfidf__movements,0.05601140061370479
terms_abstract_tfidf__moving,0.1842539810940842
terms_abstract_tfidf__mpfc,-0.11673245889350395
terms_abstract_tfidf__mr,0.04613654204344129
terms_abstract_tfidf__ms,0.04380321513431242
terms_abstract_tfidf__mt,0.27604159188878297
terms_abstract_tfidf__mtg,-0.1513943804252521
terms_abstract_tfidf__mtl,0.0055341791901235395
terms_abstract_tfidf__multi,0.04108955919596076
terms_abstract_tfidf__multimodal,0.03612319002374269
terms_abstract_tfidf__multiple,0.09608576433059371
terms_abstract_tfidf__multiple comparisons,-0.0835011128070293
terms_abstract_tfidf__multiple sclerosis,0.003227524186318619
terms_abstract_tfidf__multisensory,0.10090325163030339
terms_abstract_tfidf__multivariate,-0.0054958713365075955
terms_abstract_tfidf__multivariate pattern,0.03552530690016425
terms_abstract_tfidf__muscle,-0.09540862761240534
terms_abstract_tfidf__music,-0.2120116416393307
terms_abstract_tfidf__musical,-0.1947592002193594
terms_abstract_tfidf__musicians,-0.13583937758658277
terms_abstract_tfidf__naive,-0.06062379087632012
terms_abstract_tfidf__names,0.05153383946398041
terms_abstract_tfidf__naming,0.07541727100043959
terms_abstract_tfidf__native,0.03412829471835699
terms_abstract_tfidf__natural,0.013952347739689851
terms_abstract_tfidf__naturalistic,-0.014560578792426957
terms_abstract_tfidf__nature,0.09621183670911859
terms_abstract_tfidf__navigation,0.2398523143010922
terms_abstract_tfidf__near,0.09984991621874025
terms_abstract_tfidf__necessary,0.07518067932991392
terms_abstract_tfidf__need,0.042550629666231
terms_abstract_tfidf__needed,0.045634693185587515
terms_abstract_tfidf__needs,0.03220205563078929
terms_abstract_tfidf__negative,-0.1284950126440106
terms_abstract_tfidf__negative affect,-0.13264627257947503
terms_abstract_tfidf__negative correlation,-0.030891991229240634
terms_abstract_tfidf__negative correlations,-0.07809745934804692
terms_abstract_tfidf__negative emotional,-0.08888169318751413
terms_abstract_tfidf__negative emotions,-0.06096494762836181
terms_abstract_tfidf__negative feedback,-0.035580910731449804
terms_abstract_tfidf__negative neutral,-0.031416627529136966
terms_abstract_tfidf__negative positive,-0.10606546811134691
terms_abstract_tfidf__negatively,-0.05664767647246598
terms_abstract_tfidf__negatively correlated,-0.0335976014243643
terms_abstract_tfidf__negativity,-0.010420562508411597
terms_abstract_tfidf__neocortical,-0.0465314250090777
terms_abstract_tfidf__nerve,-0.1449145875035141
terms_abstract_tfidf__nervous,-0.054679778336858734
terms_abstract_tfidf__network,0.033308666105158695
terms_abstract_tfidf__network connectivity,-0.007170925993233575
terms_abstract_tfidf__network dmn,-0.03546363681638275
terms_abstract_tfidf__network involved,0.0433285043626039
terms_abstract_tfidf__networks,-0.04173438433572462
terms_abstract_tfidf__networks involved,0.002867288936161826
terms_abstract_tfidf__neuro,0.06501108098640437
terms_abstract_tfidf__neuroanatomical,-0.12309895801123112
terms_abstract_tfidf__neuroanatomy,-0.009456487489806157
terms_abstract_tfidf__neurobiological,-0.1410452260386267
terms_abstract_tfidf__neurobiology,-0.029499337871199564
terms_abstract_tfidf__neurocognitive,-0.004393706398143712
terms_abstract_tfidf__neurodegenerative,-0.15991461157742765
terms_abstract_tfidf__neurodevelopmental,0.03881661028926897
terms_abstract_tfidf__neurofunctional,0.0347873537749951
terms_abstract_tfidf__neurological,-0.04585191724155959
terms_abstract_tfidf__neuron,0.037559633859304116
terms_abstract_tfidf__neuronal,0.0522094897938012
terms_abstract_tfidf__neurons,0.056977445436555106
terms_abstract_tfidf__neurophysiological,-0.0400913613101071
terms_abstract_tfidf__neuropsychiatric,-0.14023094536262537
terms_abstract_tfidf__neuropsychological,0.030957621400772756
terms_abstract_tfidf__neuroscience,-0.03846414331849336
terms_abstract_tfidf__neutral,-0.06952138952425568
terms_abstract_tfidf__neutral faces,-0.017336683921013774
terms_abstract_tfidf__neutral pictures,-0.04909806535255517
terms_abstract_tfidf__neutral stimuli,-0.09016995544249552
terms_abstract_tfidf__new,0.057869830343131486
terms_abstract_tfidf__new insights,0.02789760441415183
terms_abstract_tfidf__newly,0.022035502190207546
terms_abstract_tfidf__nineteen,-0.02548425450616432
terms_abstract_tfidf__nociceptive,-0.12318046853076764
terms_abstract_tfidf__node,-0.05566157315542557
terms_abstract_tfidf__nodes,-0.04979010036747244
terms_abstract_tfidf__nogo,0.0011061290256408258
terms_abstract_tfidf__noise,-0.0523497681117526
terms_abstract_tfidf__non,-0.05684969819121371
terms_abstract_tfidf__normal,-0.06437352964683164
terms_abstract_tfidf__normal controls,-0.005363338357180876
terms_abstract_tfidf__normalized,-0.005892974673104057
terms_abstract_tfidf__normally,0.11713080565342988
terms_abstract_tfidf__notably,-0.11351270980191298
terms_abstract_tfidf__noted,-0.011358974600553474
terms_abstract_tfidf__notion,0.026483499814717065
terms_abstract_tfidf__nouns,-0.011919998579726787
terms_abstract_tfidf__novel,0.02716389482050324
terms_abstract_tfidf__novelty,0.051843856532339055
terms_abstract_tfidf__noxious,-0.1492978275540589
terms_abstract_tfidf__nuclei,-0.0080220636987538
terms_abstract_tfidf__nucleus,-0.03412724842459512
terms_abstract_tfidf__nucleus accumbens,-0.09343698098406368
terms_abstract_tfidf__number,0.12482121696301389
terms_abstract_tfidf__numbers,0.16917792852876984
terms_abstract_tfidf__numerical,0.19924971196341543
terms_abstract_tfidf__numerous,-1.0180984399031383e-05
terms_abstract_tfidf__object,0.29051023927585123
terms_abstract_tfidf__object recognition,0.24139373679113008
terms_abstract_tfidf__objective,-0.10944727907624395
terms_abstract_tfidf__objectives,-0.0548448072475714
terms_abstract_tfidf__objects,0.28436103840296384
terms_abstract_tfidf__observation,0.10704669083821351
terms_abstract_tfidf__observations,0.0304578550309743
terms_abstract_tfidf__observer,0.17267069355027564
terms_abstract_tfidf__observers,0.16408924562476357
terms_abstract_tfidf__observing,0.040986124210645125
terms_abstract_tfidf__obsessive,-0.0702569162935298
terms_abstract_tfidf__obsessive compulsive,-0.07001626840649457
terms_abstract_tfidf__obtain,-0.03652596774295595
terms_abstract_tfidf__obtained,-0.03851469615959805
terms_abstract_tfidf__occipital,0.37599944963815946
terms_abstract_tfidf__occipital cortex,0.33675627085904214
terms_abstract_tfidf__occipital gyrus,0.2977225137422249
terms_abstract_tfidf__occipital lobe,0.12097250754341027
terms_abstract_tfidf__occipital parietal,0.25181100618333424
terms_abstract_tfidf__occipital temporal,0.23104976512894881
terms_abstract_tfidf__occipito,0.3146937324200166
terms_abstract_tfidf__occipito temporal,0.3101931565852872
terms_abstract_tfidf__occipitotemporal,0.28455250474778443
terms_abstract_tfidf__occipitotemporal cortex,0.2615845551436205
terms_abstract_tfidf__occur,0.007670881606526876
terms_abstract_tfidf__occurred,0.048010647253849924
terms_abstract_tfidf__occurrence,-0.07897379635691537
terms_abstract_tfidf__occurring,-0.00467205391257701
terms_abstract_tfidf__occurs,-0.0319586679531153
terms_abstract_tfidf__ocd,-0.06420889723662258
terms_abstract_tfidf__oddball,-0.02812073418254235
terms_abstract_tfidf__ofc,-0.10025726882431521
terms_abstract_tfidf__offer,-0.03121612055826636
terms_abstract_tfidf__offers,-0.01419246246093083
terms_abstract_tfidf__old,0.12329287357533687
terms_abstract_tfidf__older,-0.0035085876815272674
terms_abstract_tfidf__older adults,0.004183039872359734
terms_abstract_tfidf__olfactory,-0.1265221127908022
terms_abstract_tfidf__ones,0.10985810479633838
terms_abstract_tfidf__ongoing,-0.03816506473555669
terms_abstract_tfidf__online,0.01801972831861573
terms_abstract_tfidf__onset,-0.0629350411463878
terms_abstract_tfidf__open,0.11269403908831442
terms_abstract_tfidf__operation,0.08845336834098194
terms_abstract_tfidf__operations,0.13038495515061235
terms_abstract_tfidf__opercular,-0.11319876682003861
terms_abstract_tfidf__opercularis,-0.11639176523683643
terms_abstract_tfidf__operculum,-0.15216411918667028
terms_abstract_tfidf__opportunity,-0.030204154483626084
terms_abstract_tfidf__opposed,0.09622659181065525
terms_abstract_tfidf__opposite,0.09635971601375096
terms_abstract_tfidf__optimal,-0.033964310034071805
terms_abstract_tfidf__optimized,-0.05733308381625768
terms_abstract_tfidf__options,-0.03986091564985832
terms_abstract_tfidf__oral,-0.10326845049266602
terms_abstract_tfidf__orbital,-0.12852894987544752
terms_abstract_tfidf__orbitofrontal,-0.15627613211675548
terms_abstract_tfidf__orbitofrontal cortex,-0.14695446923194397
terms_abstract_tfidf__order,-0.05949487330579079
terms_abstract_tfidf__organization,-0.07747548759933726
terms_abstract_tfidf__organized,-0.040067474359079695
terms_abstract_tfidf__orientation,0.23854159180528547
terms_abstract_tfidf__oriented,0.09786325039588475
terms_abstract_tfidf__orienting,0.1672864449288108
terms_abstract_tfidf__origin,0.08008365496819285
terms_abstract_tfidf__original,0.11204560289532656
terms_abstract_tfidf__orthographic,0.1280373252797517
terms_abstract_tfidf__oscillations,0.039705127010190744
terms_abstract_tfidf__outcome,-0.11713417038374219
terms_abstract_tfidf__outcomes,-0.05990254731202026
terms_abstract_tfidf__output,-0.07362444593413196
terms_abstract_tfidf__outside,0.08085397288195581
terms_abstract_tfidf__outside scanner,0.16231313066525616
terms_abstract_tfidf__overall,0.044478253739289986
terms_abstract_tfidf__overcome,0.06654172370134137
terms_abstract_tfidf__overlap,0.14549794663314503
terms_abstract_tfidf__overlapped,0.10871126625103841
terms_abstract_tfidf__overlapping,0.10121230116892176
terms_abstract_tfidf__overt,-0.017691961474601673
terms_abstract_tfidf__oxygen,-0.07921441998170357
terms_abstract_tfidf__oxygen level,-0.0846109132468729
terms_abstract_tfidf__oxygenation,-0.0539595244574205
terms_abstract_tfidf__oxygenation level,-0.03846169571605028
terms_abstract_tfidf__paced,-0.022870893359184206
terms_abstract_tfidf__pain,-0.14769476556811567
terms_abstract_tfidf__painful,-0.1277080199877817
terms_abstract_tfidf__pair,-0.004438183745487469
terms_abstract_tfidf__paired,-0.05352325644822114
terms_abstract_tfidf__pairs,0.06378458373072099
terms_abstract_tfidf__pallidus,-0.04172099280246671
terms_abstract_tfidf__paper,0.022546838924501038
terms_abstract_tfidf__paradigm,0.0775326482486184
terms_abstract_tfidf__paradigms,-0.006720116226412052
terms_abstract_tfidf__parahippocampal,0.08726212077087395
terms_abstract_tfidf__parahippocampal cortex,0.08546017152858167
terms_abstract_tfidf__parahippocampal gyrus,0.058068428545738404
terms_abstract_tfidf__parahippocampus,-0.060580823532825574
terms_abstract_tfidf__paralimbic,-0.16435415640999215
terms_abstract_tfidf__parallel,0.03427671751788074
terms_abstract_tfidf__parameter,0.05462011530904376
terms_abstract_tfidf__parameters,-0.10241536169761369
terms_abstract_tfidf__parametric,0.0015079606763107652
terms_abstract_tfidf__parametric mapping,-0.06790689915867991
terms_abstract_tfidf__parametrically,0.06157537914354248
terms_abstract_tfidf__parietal,0.17890896177576135
terms_abstract_tfidf__parietal cortex,0.14215660063471086
terms_abstract_tfidf__parietal cortices,0.1002522385756038
terms_abstract_tfidf__parietal frontal,0.18683931253346675
terms_abstract_tfidf__parietal junction,-0.05660216872493961
terms_abstract_tfidf__parietal lobe,0.09926559501003471
terms_abstract_tfidf__parietal lobes,0.10635424557155777
terms_abstract_tfidf__parietal lobule,0.10151936149733268
terms_abstract_tfidf__parietal lobules,0.15365161400553556
terms_abstract_tfidf__parietal network,0.16474899459414177
terms_abstract_tfidf__parietal occipital,0.13522061859347295
terms_abstract_tfidf__parietal temporal,0.0033196554633219333
terms_abstract_tfidf__parieto,0.16906484160998192
terms_abstract_tfidf__parieto occipital,0.2206068396776687
terms_abstract_tfidf__parkinson,-0.05331404746435988
terms_abstract_tfidf__parkinson disease,-0.05581899702305367
terms_abstract_tfidf__pars,-0.15277531643421316
terms_abstract_tfidf__pars opercularis,-0.11628150872179584
terms_abstract_tfidf__partial,-0.007696011791470315
terms_abstract_tfidf__partially,-0.045863250199813535
terms_abstract_tfidf__participant,-0.0374002026496095
terms_abstract_tfidf__participate,0.016102867175749165
terms_abstract_tfidf__participated,-0.008795315025480968
terms_abstract_tfidf__particular,-0.026744440423799108
terms_abstract_tfidf__particularly,0.0642897414517313
terms_abstract_tfidf__partly,0.06151764060696388
terms_abstract_tfidf__partner,0.01904968781982172
terms_abstract_tfidf__parts,0.1187983539893397
terms_abstract_tfidf__passive,-0.10357070635472239
terms_abstract_tfidf__passive viewing,0.09965033651409078
terms_abstract_tfidf__passively,0.05989183734688822
terms_abstract_tfidf__past,-0.03924059816583239
terms_abstract_tfidf__pathological,-0.09245817639698181
terms_abstract_tfidf__pathology,-0.05010387985123704
terms_abstract_tfidf__pathophysiological,-0.13403575415591906
terms_abstract_tfidf__pathophysiology,-0.10298355299007042
terms_abstract_tfidf__pathway,0.12861909790913653
terms_abstract_tfidf__pathways,0.054199988638056286
terms_abstract_tfidf__patient,-0.11993196464748714
terms_abstract_tfidf__patient group,-0.1224239114499483
terms_abstract_tfidf__patient groups,-0.1740875728388642
terms_abstract_tfidf__pattern,0.14389028839681683
terms_abstract_tfidf__patterns,0.07318233813294552
terms_abstract_tfidf__pcc,0.011553072886100984
terms_abstract_tfidf__pd,-0.04605268692751858
terms_abstract_tfidf__peak,-0.02392507216629734
terms_abstract_tfidf__people,-0.026249683688513974
terms_abstract_tfidf__perceive,0.030319697105547938
terms_abstract_tfidf__perceived,0.006938442454913987
terms_abstract_tfidf__perceiving,0.08360759950670425
terms_abstract_tfidf__percept,0.09129742514435435
terms_abstract_tfidf__perception,0.09321663976337352
terms_abstract_tfidf__perceptual,0.2655759558287857
terms_abstract_tfidf__perform,0.11670393580220595
terms_abstract_tfidf__performance,0.12029279152671347
terms_abstract_tfidf__performance task,0.01594474975530781
terms_abstract_tfidf__performances,0.06469267247706492
terms_abstract_tfidf__performing,0.06460917575392143
terms_abstract_tfidf__perfusion,-0.07142012096102783
terms_abstract_tfidf__periaqueductal,-0.07570560398559342
terms_abstract_tfidf__period,-0.035659902695609765
terms_abstract_tfidf__periodicals,0.03923966167903104
terms_abstract_tfidf__periods,-0.0310809653755755
terms_abstract_tfidf__peripheral,0.01803243129775431
terms_abstract_tfidf__persistent,-0.08241433883529048
terms_abstract_tfidf__person,-0.025238407248168813
terms_abstract_tfidf__personal,-0.06585974823069889
terms_abstract_tfidf__personality,-0.1700821980856926
terms_abstract_tfidf__personality traits,-0.13176105314325656
terms_abstract_tfidf__persons,-0.07685789650230355
terms_abstract_tfidf__perspective,-0.0005303815947072455
terms_abstract_tfidf__pet,-0.13872247699889415
terms_abstract_tfidf__pfc,-0.06679197773894763
terms_abstract_tfidf__pharmacological,-0.0624248220629369
terms_abstract_tfidf__phase,0.012315525729047707
terms_abstract_tfidf__phases,0.0051532991936462415
terms_abstract_tfidf__phenomena,-0.016646630518527952
terms_abstract_tfidf__phenomenon,-0.06429082470331993
terms_abstract_tfidf__phenotype,-0.012303808639280633
terms_abstract_tfidf__phonological,0.006611547421019653
terms_abstract_tfidf__photographs,0.1358561393324071
terms_abstract_tfidf__physical,-0.003270832858587217
terms_abstract_tfidf__physiological,-0.10347643780523685
terms_abstract_tfidf__picture,0.07681138212448022
terms_abstract_tfidf__pictures,0.038544144456861544
terms_abstract_tfidf__pitch,-0.1573004396471371
terms_abstract_tfidf__place,0.19803209941221708
terms_abstract_tfidf__placebo,-0.08887459453901494
terms_abstract_tfidf__placebo controlled,-0.0214705835217226
terms_abstract_tfidf__planning,0.052678357272839836
terms_abstract_tfidf__planum,-0.1317386539958802
terms_abstract_tfidf__planum temporale,-0.13976528786278233
terms_abstract_tfidf__plasticity,-0.046871884809986594
terms_abstract_tfidf__play,0.03205415811610679
terms_abstract_tfidf__play important,0.002492288464188293
terms_abstract_tfidf__play role,0.038647282182511816
terms_abstract_tfidf__played,-0.0807590672231626
terms_abstract_tfidf__playing,-0.07944625272600028
terms_abstract_tfidf__plays,0.025118089974894554
terms_abstract_tfidf__plays important,0.024314443155674523
terms_abstract_tfidf__plays role,0.05962420711947587
terms_abstract_tfidf__pleasant,-0.15027323956389219
terms_abstract_tfidf__point,0.08863706458433923
terms_abstract_tfidf__pointing,0.11624038156402779
terms_abstract_tfidf__points,0.06613404832779009
terms_abstract_tfidf__pole,-0.24195093721269056
terms_abstract_tfidf__polymorphism,-0.04659411169487821
terms_abstract_tfidf__poor,-0.007286752099587626
terms_abstract_tfidf__poorer,-0.07514388841492414
terms_abstract_tfidf__poorly,-0.0755098102905713
terms_abstract_tfidf__poorly understood,-0.042876058362179954
terms_abstract_tfidf__population,-0.09591831320317729
terms_abstract_tfidf__populations,0.08749077120508968
terms_abstract_tfidf__portion,-0.03362303932105425
terms_abstract_tfidf__portions,0.00049984523293087
terms_abstract_tfidf__position,0.12068401870240957
terms_abstract_tfidf__positive,-0.13883297193926136
terms_abstract_tfidf__positive correlation,-0.09360090352222787
terms_abstract_tfidf__positive correlations,-0.06414091600677968
terms_abstract_tfidf__positive negative,-0.147757574977563
terms_abstract_tfidf__positively,-0.07191955298180354
terms_abstract_tfidf__positively correlated,-0.0680305542694009
terms_abstract_tfidf__positron,-0.06351038888490405
terms_abstract_tfidf__positron emission,-0.0633018942181873
terms_abstract_tfidf__possibility,0.014882527142091932
terms_abstract_tfidf__possible,-0.010831860911105067
terms_abstract_tfidf__possibly,0.07889413063752754
terms_abstract_tfidf__post,-0.0999987085450329
terms_abstract_tfidf__post hoc,-0.005550995955998868
terms_abstract_tfidf__postcentral,-0.09923114690276857
terms_abstract_tfidf__postcentral gyrus,-0.08579445301929574
terms_abstract_tfidf__posterior,0.08776405294774202
terms_abstract_tfidf__posterior anterior,0.019958582235913506
terms_abstract_tfidf__posterior cingulate,-0.01140345888213855
terms_abstract_tfidf__posterior inferior,0.08119612835830439
terms_abstract_tfidf__posterior insula,-0.1659683917976974
terms_abstract_tfidf__posterior middle,-0.05663455445728149
terms_abstract_tfidf__posterior parietal,0.18140496981037751
terms_abstract_tfidf__posterior superior,-0.0897216147815307
terms_abstract_tfidf__posterior temporal,-0.13190326771536112
terms_abstract_tfidf__posttraumatic,-0.007137303350597925
terms_abstract_tfidf__potential,-0.06796481881520387
terms_abstract_tfidf__potentially,-0.023976217972112274
terms_abstract_tfidf__potentials,3.3921826035608766e-05
terms_abstract_tfidf__power,0.042638194422453896
terms_abstract_tfidf__powerful,-0.03052133658515914
terms_abstract_tfidf__ppc,0.15186066406375995
terms_abstract_tfidf__ppi,-0.06360630946555655
terms_abstract_tfidf__practice,0.014088509920926829
terms_abstract_tfidf__pre,0.012827928549016402
terms_abstract_tfidf__pre post,-0.02909715963246231
terms_abstract_tfidf__pre sma,0.05293636830169017
terms_abstract_tfidf__pre supplementary,0.027490167709679273
terms_abstract_tfidf__preceded,0.051452256081833556
terms_abstract_tfidf__preceding,0.011065897386352514
terms_abstract_tfidf__precentral,-0.06843015230265387
terms_abstract_tfidf__precentral gyrus,-0.039965872799669164
terms_abstract_tfidf__precise,-0.06356450834919737
terms_abstract_tfidf__precuneus,0.11463466430921032
terms_abstract_tfidf__precuneus posterior,0.10258206165000838
terms_abstract_tfidf__predict,-0.025363288275483734
terms_abstract_tfidf__predicted,-0.0794448860830246
terms_abstract_tfidf__predicting,0.05011681740486167
terms_abstract_tfidf__prediction,0.008716090788617993
terms_abstract_tfidf__prediction error,-0.010329320807834386
terms_abstract_tfidf__predictions,0.059894888395466465
terms_abstract_tfidf__predictive,-0.027511518614203295
terms_abstract_tfidf__predictors,-0.008831624749412596
terms_abstract_tfidf__predicts,0.049429808468220926
terms_abstract_tfidf__predominantly,-0.03158457030582649
terms_abstract_tfidf__preference,0.12313706509133887
terms_abstract_tfidf__preferences,0.001647848088834565
terms_abstract_tfidf__preferential,0.049504027632499475
terms_abstract_tfidf__preferentially,0.03930235265717892
terms_abstract_tfidf__prefrontal,-0.06932780610912342
terms_abstract_tfidf__prefrontal cortex,-0.09268555372318989
terms_abstract_tfidf__prefrontal cortical,-0.015973627151408012
terms_abstract_tfidf__prefrontal cortices,0.002104044208152862
terms_abstract_tfidf__prefrontal parietal,0.040910663676893735
terms_abstract_tfidf__preliminary,-0.014482235549541946
terms_abstract_tfidf__premotor,0.024402313517377944
terms_abstract_tfidf__premotor cortex,0.011052215564314101
terms_abstract_tfidf__preparation,0.06113280539812692
terms_abstract_tfidf__preparatory,0.12059496019767929
terms_abstract_tfidf__presence,0.0631332375459152
terms_abstract_tfidf__presentation,0.13022053961255703
terms_abstract_tfidf__presentations,0.12536337285699875
terms_abstract_tfidf__presented,0.1900374727786141
terms_abstract_tfidf__presenting,0.13788531240485788
terms_abstract_tfidf__preserved,0.044821099414641984
terms_abstract_tfidf__press,0.10598733898772981
terms_abstract_tfidf__pressure,-0.11933734513357383
terms_abstract_tfidf__presumably,0.04736325410464008
terms_abstract_tfidf__previous,0.08347893298521072
terms_abstract_tfidf__previous functional,0.050962828621889666
terms_abstract_tfidf__previous reports,0.008981031745325857
terms_abstract_tfidf__previous research,-0.0029414715911902974
terms_abstract_tfidf__previous shown,0.08556594226735124
terms_abstract_tfidf__previous work,0.044891279333631996
terms_abstract_tfidf__primarily,0.056094559800599596
terms_abstract_tfidf__primary,-0.12657463632611848
terms_abstract_tfidf__primary auditory,-0.16753172631996077
terms_abstract_tfidf__primary motor,-0.09948844260658825
terms_abstract_tfidf__primary secondary,-0.1363705805965997
terms_abstract_tfidf__primary sensorimotor,-0.04523844824591456
terms_abstract_tfidf__primary somatosensory,-0.13510871454564408
terms_abstract_tfidf__primary visual,0.2563045009899773
terms_abstract_tfidf__primates,-0.06807038509205686
terms_abstract_tfidf__prime,0.04669736818117739
terms_abstract_tfidf__priming,0.1019688445010871
terms_abstract_tfidf__principal,0.024498170820006385
terms_abstract_tfidf__principle,0.007422465472989384
terms_abstract_tfidf__prior,0.06541111194120022
terms_abstract_tfidf__priori,0.008103694769110615
terms_abstract_tfidf__probabilistic,-0.06617828140155703
terms_abstract_tfidf__probability,-0.10284883244438472
terms_abstract_tfidf__probably,0.05496818288981676
terms_abstract_tfidf__probe,0.09160952591435885
terms_abstract_tfidf__problem,-0.01905348340170737
terms_abstract_tfidf__problems,-0.0552104577739806
terms_abstract_tfidf__procedure,-0.13027630905200943
terms_abstract_tfidf__procedures,0.06433383926425951
terms_abstract_tfidf__process,0.07168297251449637
terms_abstract_tfidf__processed,0.051254881906682974
terms_abstract_tfidf__processes,0.06679729881874368
terms_abstract_tfidf__processes involved,0.0109691795497703
terms_abstract_tfidf__processes underlying,0.04423572557856295
terms_abstract_tfidf__produce,-0.08750706390153454
terms_abstract_tfidf__produced,0.001558243617007381
terms_abstract_tfidf__producing,-0.06863338091265021
terms_abstract_tfidf__production,-0.09501094412011196
terms_abstract_tfidf__profile,0.015820848109006237
terms_abstract_tfidf__profiles,-0.04448061573192073
terms_abstract_tfidf__progression,-0.0753758966734453
terms_abstract_tfidf__progressive,-0.14768165799919847
terms_abstract_tfidf__prolonged,-0.04274254195073555
terms_abstract_tfidf__prominent,0.004681362562253198
terms_abstract_tfidf__promising,-0.06340834960430601
terms_abstract_tfidf__pronounced,0.010705622291830287
terms_abstract_tfidf__proper,-0.011513391660643111
terms_abstract_tfidf__properties,0.034796862421221285
terms_abstract_tfidf__proportion,0.06300942911245902
terms_abstract_tfidf__propose,0.07392620382623973
terms_abstract_tfidf__proposed,0.05286183434273122
terms_abstract_tfidf__prospective,-0.03714027446569226
terms_abstract_tfidf__protocol,-0.002710414628899898
terms_abstract_tfidf__provide,0.008290625692377306
terms_abstract_tfidf__provide evidence,0.02661390264850832
terms_abstract_tfidf__provide new,-0.02349258088161456
terms_abstract_tfidf__provide novel,0.012570924204805151
terms_abstract_tfidf__provided,0.0782193283418142
terms_abstract_tfidf__provides,-0.07452452414584798
terms_abstract_tfidf__provides evidence,-0.05080100398228327
terms_abstract_tfidf__providing,-0.05597542973853629
terms_abstract_tfidf__pseudowords,-0.014559506967645608
terms_abstract_tfidf__psts,-0.07675178433997105
terms_abstract_tfidf__psychiatric,-0.07302151125557581
terms_abstract_tfidf__psychiatric disorders,-0.07391581002121528
terms_abstract_tfidf__psychological,-0.14130753785142874
terms_abstract_tfidf__psychopathology,-0.11151199283089575
terms_abstract_tfidf__psychophysical,0.045381638300163896
terms_abstract_tfidf__psychophysiological,-0.04424170918579522
terms_abstract_tfidf__psychophysiological interaction,-0.030601408202303775
terms_abstract_tfidf__psychosis,-0.0626087694577069
terms_abstract_tfidf__psychotic,-0.05630755607766541
terms_abstract_tfidf__ptsd,-0.04680748875410301
terms_abstract_tfidf__published,-0.026461654762404686
terms_abstract_tfidf__punishment,-0.10713857040389999
terms_abstract_tfidf__pure,-0.009804087347689784
terms_abstract_tfidf__purpose,0.03540533509264512
terms_abstract_tfidf__putamen,-0.11445896822696998
terms_abstract_tfidf__putative,0.12188932584425992
terms_abstract_tfidf__quality,-0.1367099041879464
terms_abstract_tfidf__quantified,-0.06966527481598055
terms_abstract_tfidf__quantify,-0.06298370289484256
terms_abstract_tfidf__quantitative,-0.017278747192556468
terms_abstract_tfidf__question,-0.005916522309131965
terms_abstract_tfidf__questionnaire,-0.10614751798500877
terms_abstract_tfidf__questions,-0.06205328250295988
terms_abstract_tfidf__random,0.12673097240232736
terms_abstract_tfidf__random effects,0.06498114924578827
terms_abstract_tfidf__randomized,-0.13817204457583615
terms_abstract_tfidf__randomly,-0.0032620823533372214
terms_abstract_tfidf__range,0.0425437510209174
terms_abstract_tfidf__ranging,-0.07289942944682627
terms_abstract_tfidf__rapid,0.0935367129391987
terms_abstract_tfidf__rapidly,0.023250112017686782
terms_abstract_tfidf__rare,-0.021169210393152435
terms_abstract_tfidf__rarely,0.06331139191662745
terms_abstract_tfidf__rate,-0.04413013477506368
terms_abstract_tfidf__rated,-0.10620327810016247
terms_abstract_tfidf__rates,-0.0710360796801053
terms_abstract_tfidf__rating,-0.13347469387731875
terms_abstract_tfidf__ratings,-0.15468996518915135
terms_abstract_tfidf__ratio,0.018353557697145296
terms_abstract_tfidf__rationale,-0.04057456823198803
terms_abstract_tfidf__reach,0.06235534650218039
terms_abstract_tfidf__reaching,0.047775044654174995
terms_abstract_tfidf__reaction,0.12003221966617734
terms_abstract_tfidf__reaction time,0.14518026651248703
terms_abstract_tfidf__reaction times,0.061390728943297154
terms_abstract_tfidf__reactions,-0.06719199703521699
terms_abstract_tfidf__reactivity,-0.0888447043647391
terms_abstract_tfidf__read,-0.024545284068099537
terms_abstract_tfidf__readers,0.06070996773256639
terms_abstract_tfidf__reading,0.07202039406343645
terms_abstract_tfidf__real,0.06610784712669449
terms_abstract_tfidf__real time,-0.067024666810914
terms_abstract_tfidf__real world,0.07715556362983897
terms_abstract_tfidf__reality,0.07957660390060962
terms_abstract_tfidf__reappraisal,-0.1290977121016693
terms_abstract_tfidf__reasoning,0.02746085819186995
terms_abstract_tfidf__recall,-0.05797820383752173
terms_abstract_tfidf__receive,-0.1700179170303573
terms_abstract_tfidf__received,0.010503884281715108
terms_abstract_tfidf__receiving,-0.12311805216371899
terms_abstract_tfidf__recently,-0.027793915468764453
terms_abstract_tfidf__receptor,-0.10741998013146374
terms_abstract_tfidf__recognition,0.1234656705208134
terms_abstract_tfidf__recognition memory,0.045773479925529444
terms_abstract_tfidf__recognition task,0.032404821314479
terms_abstract_tfidf__recognize,0.09438726305829591
terms_abstract_tfidf__recognized,-0.0030430413642139934
terms_abstract_tfidf__recognizing,-0.03015295311002871
terms_abstract_tfidf__recollection,-0.007241960524365615
terms_abstract_tfidf__recorded,0.0062418681578143625
terms_abstract_tfidf__recording,-0.013406946032704141
terms_abstract_tfidf__recordings,0.08506071623009495
terms_abstract_tfidf__recovery,-0.0890551960858316
terms_abstract_tfidf__recruit,-0.04745566253464634
terms_abstract_tfidf__recruited,-0.0009737853928155016
terms_abstract_tfidf__recruitment,0.02545448733560128
terms_abstract_tfidf__recruits,-0.007590764512589613
terms_abstract_tfidf__reduce,-0.09098868181408672
terms_abstract_tfidf__reduces,0.04609247809417039
terms_abstract_tfidf__reducing,-0.04769641746753996
terms_abstract_tfidf__reduction,-0.05811139514269264
terms_abstract_tfidf__reductions,-0.024191950385765406
terms_abstract_tfidf__reference,0.045855592355636215
terms_abstract_tfidf__referential,-0.06436163640300942
terms_abstract_tfidf__referred,-0.05749117200835017
terms_abstract_tfidf__refers,-0.031504150969581084
terms_abstract_tfidf__reflect,0.0362523798502474
terms_abstract_tfidf__reflected,-0.02505922825928647
terms_abstract_tfidf__reflecting,0.07954771977217284
terms_abstract_tfidf__reflects,-0.032541706225781786
terms_abstract_tfidf__regard,0.005412483285502127
terms_abstract_tfidf__regarding,-0.10898922853030112
terms_abstract_tfidf__regardless,0.06996540160970201
terms_abstract_tfidf__regional,-0.0855604826672315
terms_abstract_tfidf__regional cerebral,-0.056620484861028234
terms_abstract_tfidf__regional gray,-0.10482650979911065
terms_abstract_tfidf__regional homogeneity,-0.030880884192847846
terms_abstract_tfidf__regular,-0.08700291901069403
terms_abstract_tfidf__regulate,-0.17364750905134432
terms_abstract_tfidf__regulating,-0.08562029237017235
terms_abstract_tfidf__regulation,-0.1904768345959909
terms_abstract_tfidf__regulatory,-0.10299513075439676
terms_abstract_tfidf__rehabilitation,-0.043406019462510076
terms_abstract_tfidf__rehearsal,0.033938288014880226
terms_abstract_tfidf__reho,-0.03389123759648044
terms_abstract_tfidf__reinforcement,-0.010756433746181399
terms_abstract_tfidf__reinforcement learning,0.04153776465974594
terms_abstract_tfidf__relate,-0.03771617764156778
terms_abstract_tfidf__relates,-0.0894508403099528
terms_abstract_tfidf__relation,0.02839527416542438
terms_abstract_tfidf__relational,0.11367319350392728
terms_abstract_tfidf__relations,0.1446497605134975
terms_abstract_tfidf__relationship,-0.06885723530029751
terms_abstract_tfidf__relationships,-0.16022574045086144
terms_abstract_tfidf__relatively,0.019041910694127497
terms_abstract_tfidf__relevance,0.08447986844232684
terms_abstract_tfidf__relevant,0.06439238458088993
terms_abstract_tfidf__relevant information,0.18544766923377115
terms_abstract_tfidf__reliability,-0.04799378997913638
terms_abstract_tfidf__reliable,-0.08486769013395884
terms_abstract_tfidf__reliably,-0.09707237376158899
terms_abstract_tfidf__reliance,0.062374495914733825
terms_abstract_tfidf__relied,0.06247846528710607
terms_abstract_tfidf__relies,0.01044694715224597
terms_abstract_tfidf__rely,0.13960841615452352
terms_abstract_tfidf__remain,-0.02289478771265625
terms_abstract_tfidf__remain unclear,-0.06011719168550361
terms_abstract_tfidf__remained,0.087491593298477
terms_abstract_tfidf__remaining,-0.11183762990131801
terms_abstract_tfidf__remarkably,-0.019749648457568162
terms_abstract_tfidf__remember,0.06863588514476572
terms_abstract_tfidf__remembered,0.12404489773510963
terms_abstract_tfidf__remembering,0.045262254373596336
terms_abstract_tfidf__remote,-0.06113765154562356
terms_abstract_tfidf__reorganization,-0.059665083110479925
terms_abstract_tfidf__repeat,0.08295212700320143
terms_abstract_tfidf__repeated,0.16629092122995545
terms_abstract_tfidf__repeatedly,-0.03370391520029125
terms_abstract_tfidf__repetition,0.09144103964476026
terms_abstract_tfidf__repetition suppression,0.12624049994526912
terms_abstract_tfidf__repetitive,-0.07970347470534757
terms_abstract_tfidf__replicate,0.10407029623038988
terms_abstract_tfidf__replicated,0.017136818962710416
terms_abstract_tfidf__report,0.04170591391005045
terms_abstract_tfidf__reported,-0.09578586996899795
terms_abstract_tfidf__reports,-0.07175162153557967
terms_abstract_tfidf__represent,-0.029645805215769882
terms_abstract_tfidf__representation,0.07855848535481533
terms_abstract_tfidf__representational,0.12868479593996338
terms_abstract_tfidf__representations,0.13274850065769858
terms_abstract_tfidf__represented,0.062187894128456385
terms_abstract_tfidf__representing,-0.014800696120063263
terms_abstract_tfidf__represents,0.02816195256698713
terms_abstract_tfidf__require,-0.0020291554139810343
terms_abstract_tfidf__required,0.13620197403129275
terms_abstract_tfidf__requirements,0.17919655300628812
terms_abstract_tfidf__requires,0.06609702410081643
terms_abstract_tfidf__requiring,0.17408478539882113
terms_abstract_tfidf__research,-0.11644260190374711
terms_abstract_tfidf__research suggests,-0.046838917452578115
terms_abstract_tfidf__researchers,0.02816444449750385
terms_abstract_tfidf__residual,0.17902469109411864
terms_abstract_tfidf__resolution,-0.05153865536320354
terms_abstract_tfidf__resolve,0.0639435973109509
terms_abstract_tfidf__resonance,-0.011228511036151889
terms_abstract_tfidf__resonance experiment,-0.0032679064948067235
terms_abstract_tfidf__resonance healthy,0.019832148963609787
terms_abstract_tfidf__resonance images,-0.03618509655535462
terms_abstract_tfidf__resonance measure,0.02252516178185462
terms_abstract_tfidf__resonance performing,0.017597263126860423
terms_abstract_tfidf__resonance rs,-0.01602409566217536
terms_abstract_tfidf__resonance scans,-0.11848020642431449
terms_abstract_tfidf__resources,0.14215885597577393
terms_abstract_tfidf__respect,0.0715541719111216
terms_abstract_tfidf__respective,0.05763031557354553
terms_abstract_tfidf__respectively,0.0533800641030871
terms_abstract_tfidf__respond,0.043984838167995435
terms_abstract_tfidf__responded,0.055548157405477736
terms_abstract_tfidf__responding,0.017303732792622022
terms_abstract_tfidf__responds,-0.007500790613744553
terms_abstract_tfidf__response,0.0017413009729727964
terms_abstract_tfidf__response inhibition,-0.02658470657308016
terms_abstract_tfidf__response selection,0.038268751637588264
terms_abstract_tfidf__response time,0.10219561491834335
terms_abstract_tfidf__response times,0.09314881669384698
terms_abstract_tfidf__responses,-0.05507560260008812
terms_abstract_tfidf__responsible,-0.0012421357924360273
terms_abstract_tfidf__responsive,0.1236546658117758
terms_abstract_tfidf__responsiveness,-0.05078437271017425
terms_abstract_tfidf__rest,-0.020616483872651595
terms_abstract_tfidf__resting,-0.0925202105292554
terms_abstract_tfidf__resting state,-0.09053901273353591
terms_abstract_tfidf__restricted,0.0307655486219723
terms_abstract_tfidf__result,0.02848742539036429
terms_abstract_tfidf__resulted,0.03581377020322674
terms_abstract_tfidf__resulting,0.04183227197089528
terms_abstract_tfidf__retention,0.07296700467048589
terms_abstract_tfidf__retrieval,0.05134791939339262
terms_abstract_tfidf__retrieved,-0.004510524849295893
terms_abstract_tfidf__retrosplenial,0.13915552124103991
terms_abstract_tfidf__retrosplenial cortex,0.08761686995619589
terms_abstract_tfidf__reveal,0.08293834664650042
terms_abstract_tfidf__revealing,-0.05935225289852359
terms_abstract_tfidf__reveals,-0.02166325134798817
terms_abstract_tfidf__reversal,0.01562548175990996
terms_abstract_tfidf__reverse,0.08018256669428513
terms_abstract_tfidf__reversed,0.06068067237533189
terms_abstract_tfidf__reward,-0.06637703654582444
terms_abstract_tfidf__reward anticipation,-0.009538443130227392
terms_abstract_tfidf__rewarding,-0.0882209511644953
terms_abstract_tfidf__rewards,-0.041622405568426606
terms_abstract_tfidf__rhythm,-0.10452563342421088
terms_abstract_tfidf__rich,-0.06274201833102336
terms_abstract_tfidf__rise,0.03987999080451412
terms_abstract_tfidf__risk,-0.08315089677836232
terms_abstract_tfidf__risk taking,-0.0319053480390336
terms_abstract_tfidf__risky,-0.02755546479812379
terms_abstract_tfidf__robust,0.026899808653244223
terms_abstract_tfidf__roi,-0.025445686571345626
terms_abstract_tfidf__rois,-0.032199242795315344
terms_abstract_tfidf__role,0.04677479679822558
terms_abstract_tfidf__roles,-0.043366846216287655
terms_abstract_tfidf__rostral,-0.10371296052415746
terms_abstract_tfidf__rostral anterior,-0.06550494669625491
terms_abstract_tfidf__rotation,0.23482047339206918
terms_abstract_tfidf__rs,-0.03370303020275428
terms_abstract_tfidf__rsfc,-0.07369732857245033
terms_abstract_tfidf__rt,0.09276922860133197
terms_abstract_tfidf__rule,0.09508317739924906
terms_abstract_tfidf__rules,0.06425212831558305
terms_abstract_tfidf__run,-0.012846246232576474
terms_abstract_tfidf__runs,0.10384103626001269
terms_abstract_tfidf__s1,-0.13833493018167148
terms_abstract_tfidf__saccade,0.13966716171531074
terms_abstract_tfidf__saccades,0.13362576743666457
terms_abstract_tfidf__sad,-0.10625102382691161
terms_abstract_tfidf__salience,-0.03389720825606793
terms_abstract_tfidf__salience network,-0.04643987139970894
terms_abstract_tfidf__salient,0.014068902930528555
terms_abstract_tfidf__sample,0.009398192996773625
terms_abstract_tfidf__samples,-0.06375941642817373
terms_abstract_tfidf__sampling,-0.12823481286829694
terms_abstract_tfidf__scale,-0.11996445111518443
terms_abstract_tfidf__scales,-0.043910382242499775
terms_abstract_tfidf__scalp,0.030461374626991587
terms_abstract_tfidf__scan,-0.07159343343401589
terms_abstract_tfidf__scanned,-0.020564917739635813
terms_abstract_tfidf__scanned using,0.052178089309093095
terms_abstract_tfidf__scanner,0.059703717600861544
terms_abstract_tfidf__scanning,-0.0667709177660464
terms_abstract_tfidf__scans,-0.09033939433130436
terms_abstract_tfidf__scene,0.16878882422993918
terms_abstract_tfidf__scenes,0.1639731192812548
terms_abstract_tfidf__schizophrenia,-0.062133960470597036
terms_abstract_tfidf__schizophrenic,-0.010390817091677405
terms_abstract_tfidf__sclerosis,-0.03199250736928398
terms_abstract_tfidf__score,-0.029636731595604128
terms_abstract_tfidf__scores,-0.10806714561843976
terms_abstract_tfidf__sd,-0.12965889941760755
terms_abstract_tfidf__se,0.046107834084880596
terms_abstract_tfidf__search,0.08907811787552959
terms_abstract_tfidf__second,-0.06532349107655487
terms_abstract_tfidf__secondary,-0.143623656929369
terms_abstract_tfidf__secondary somatosensory,-0.13182631277786297
terms_abstract_tfidf__sectional,-0.043916615078271076
terms_abstract_tfidf__seed,-0.11465049166731309
terms_abstract_tfidf__seeds,-0.06169281347120148
terms_abstract_tfidf__seeking,-0.002334893899251048
terms_abstract_tfidf__seen,0.026670598459493332
terms_abstract_tfidf__segregated,0.06087107265158355
terms_abstract_tfidf__segregation,0.003218345924322982
terms_abstract_tfidf__select,0.12733186969530227
terms_abstract_tfidf__selected,0.038922770111771546
terms_abstract_tfidf__selection,0.07791571176535494
terms_abstract_tfidf__selective,0.21789884427606515
terms_abstract_tfidf__selective attention,0.1596504914170214
terms_abstract_tfidf__selectively,0.06269073869599834
terms_abstract_tfidf__selectivity,0.2156061673154195
terms_abstract_tfidf__self,-0.12506451755738493
terms_abstract_tfidf__self referential,-0.07213448478821989
terms_abstract_tfidf__self report,-0.06408995314022074
terms_abstract_tfidf__self reported,-0.10954538323238446
terms_abstract_tfidf__semantic,-0.06119641274906284
terms_abstract_tfidf__semantic memory,-0.06657706075982296
terms_abstract_tfidf__semantically,-0.06954573305654989
terms_abstract_tfidf__semantics,-0.05491180111148348
terms_abstract_tfidf__sensation,-0.11572911215675626
terms_abstract_tfidf__sensations,-0.15274808345739097
terms_abstract_tfidf__sense,-0.014973945343187155
terms_abstract_tfidf__sensitive,0.15456641330602736
terms_abstract_tfidf__sensitivity,-0.07699639551278198
terms_abstract_tfidf__sensorimotor,-0.07433094305323984
terms_abstract_tfidf__sensorimotor cortex,-0.06133431477517914
terms_abstract_tfidf__sensorimotor network,-0.025001541851048723
terms_abstract_tfidf__sensory,-0.009690714407680736
terms_abstract_tfidf__sensory information,0.04961143130689348
terms_abstract_tfidf__sensory motor,-0.004205852450167915
terms_abstract_tfidf__sentence,-0.14964932100040546
terms_abstract_tfidf__sentence comprehension,-0.07848037793263536
terms_abstract_tfidf__sentences,-0.18727973415336968
terms_abstract_tfidf__separable,-0.04422260518925143
terms_abstract_tfidf__separate,0.13786793000841094
terms_abstract_tfidf__separated,0.08006010058428022
terms_abstract_tfidf__separately,0.010627868997028835
terms_abstract_tfidf__separation,-0.07290185382142483
terms_abstract_tfidf__sequence,-0.026415966576823522
terms_abstract_tfidf__sequences,-0.007039812954143075
terms_abstract_tfidf__sequential,0.009596970966749456
terms_abstract_tfidf__serial,0.007448599832187526
terms_abstract_tfidf__series,0.004992041674623705
terms_abstract_tfidf__serotonin,-0.08568253632223596
terms_abstract_tfidf__serve,0.0018900647550006398
terms_abstract_tfidf__served,-0.04797331795108546
terms_abstract_tfidf__serves,0.015430759719210901
terms_abstract_tfidf__session,0.007372260875894162
terms_abstract_tfidf__sessions,0.02043675173121895
terms_abstract_tfidf__set,0.09535983644794356
terms_abstract_tfidf__sets,0.10260662530490186
terms_abstract_tfidf__setting,-0.024026215270249604
terms_abstract_tfidf__settings,0.1378017476107623
terms_abstract_tfidf__seven,0.04515214816587193
terms_abstract_tfidf__seventeen,-0.03941601513228946
terms_abstract_tfidf__severe,-0.006087984382092264
terms_abstract_tfidf__severity,-0.10865795205368166
terms_abstract_tfidf__sex,-0.09724622718719651
terms_abstract_tfidf__sexual,-0.05769380878671808
terms_abstract_tfidf__sham,-0.10402756707897642
terms_abstract_tfidf__shape,0.2955652865388974
terms_abstract_tfidf__shaped,0.009546080755402775
terms_abstract_tfidf__shapes,0.21102545430817668
terms_abstract_tfidf__share,0.06963148433845459
terms_abstract_tfidf__shared,0.05397555724157768
terms_abstract_tfidf__shed,0.006406948485043285
terms_abstract_tfidf__shed light,0.02622915040470293
terms_abstract_tfidf__shift,0.08871342906851408
terms_abstract_tfidf__shifted,-0.06498722462474048
terms_abstract_tfidf__shifting,0.10822103405165176
terms_abstract_tfidf__shifts,0.12198601074544164
terms_abstract_tfidf__short,-0.0652487120160002
terms_abstract_tfidf__short term,0.013412410747053623
terms_abstract_tfidf__shorter,0.008575074442533264
terms_abstract_tfidf__showing,-0.0022456872967833003
terms_abstract_tfidf__shown,0.011022177735644392
terms_abstract_tfidf__shows,-0.03411860501603706
terms_abstract_tfidf__si,-0.12614030491486303
terms_abstract_tfidf__sided,-0.01683219585003689
terms_abstract_tfidf__sighted,0.2346746472987529
terms_abstract_tfidf__sign,0.060108368752613155
terms_abstract_tfidf__signal,-0.07879677769012321
terms_abstract_tfidf__signal change,-0.053345189336209534
terms_abstract_tfidf__signal task,-0.06134243075674804
terms_abstract_tfidf__signaling,-0.03528839608244196
terms_abstract_tfidf__signals,0.03264527505348364
terms_abstract_tfidf__signature,-0.07038891258256881
terms_abstract_tfidf__significance,-0.05879066710074608
terms_abstract_tfidf__significance statement,0.023982001549281637
terms_abstract_tfidf__signs,-0.001319286669106879
terms_abstract_tfidf__sii,-0.15137245214639447
terms_abstract_tfidf__silent,-0.08517515919989489
terms_abstract_tfidf__similarities,-0.05948899782906964
terms_abstract_tfidf__similarity,0.14193640917301825
terms_abstract_tfidf__similarly,0.030806147949013193
terms_abstract_tfidf__simple,0.08270628431709018
terms_abstract_tfidf__simply,0.034150403070146024
terms_abstract_tfidf__simulated,0.011232092697278366
terms_abstract_tfidf__simulation,-0.023543624513332997
terms_abstract_tfidf__simultaneous,-0.05825616569673576
terms_abstract_tfidf__simultaneous eeg,-0.036366795447911916
terms_abstract_tfidf__simultaneously,0.021029245854883433
terms_abstract_tfidf__single,0.10641136627665644
terms_abstract_tfidf__single subject,-0.0441159645654165
terms_abstract_tfidf__single trial,0.015002422492958389
terms_abstract_tfidf__site,-0.07450744773498322
terms_abstract_tfidf__sites,0.07379579171598662
terms_abstract_tfidf__situation,-0.06644145523791868
terms_abstract_tfidf__situations,-0.06720603555838574
terms_abstract_tfidf__sixteen,-0.0011630328363324662
terms_abstract_tfidf__size,0.20829894986139597
terms_abstract_tfidf__sizes,-0.0032911960164390404
terms_abstract_tfidf__skill,0.017646594688429173
terms_abstract_tfidf__skills,-0.03581379047453023
terms_abstract_tfidf__skin,-0.17893191359044056
terms_abstract_tfidf__skin conductance,-0.1052607936241644
terms_abstract_tfidf__sleep,-0.035027176146271724
terms_abstract_tfidf__slow,-0.14498392199528218
terms_abstract_tfidf__slower,0.028442411172547095
terms_abstract_tfidf__sma,-0.05132013400013122
terms_abstract_tfidf__small,0.027305478228635573
terms_abstract_tfidf__smaller,0.006400436345976015
terms_abstract_tfidf__smokers,0.008439393872303093
terms_abstract_tfidf__smoking,-0.03555375419665031
terms_abstract_tfidf__sn,-0.06679344925038025
terms_abstract_tfidf__social,-0.14029754164497246
terms_abstract_tfidf__social cognition,-0.09888486574721098
terms_abstract_tfidf__social cognitive,-0.13164386237602732
terms_abstract_tfidf__social interaction,-0.08485287527928877
terms_abstract_tfidf__social interactions,-0.09729589786011823
terms_abstract_tfidf__socially,-0.07551911628932635
terms_abstract_tfidf__software,-0.010618811576819263
terms_abstract_tfidf__solving,0.027558257272156245
terms_abstract_tfidf__somatosensory,-0.12282281383648294
terms_abstract_tfidf__somatosensory cortex,-0.14989180064703045
terms_abstract_tfidf__somatosensory cortices,-0.13106408341045042
terms_abstract_tfidf__sought,-0.0482268147907418
terms_abstract_tfidf__sound,-0.06151176139203053
terms_abstract_tfidf__sounds,-0.18930772126935813
terms_abstract_tfidf__source,-0.045431343428655235
terms_abstract_tfidf__sources,0.07503668107044285
terms_abstract_tfidf__space,0.18148222479961487
terms_abstract_tfidf__span,0.034075285239591704
terms_abstract_tfidf__sparse,-0.08402797629040439
terms_abstract_tfidf__spatial,0.28932975992829413
terms_abstract_tfidf__spatial attention,0.23862191527734958
terms_abstract_tfidf__spatial information,0.20742046988296145
terms_abstract_tfidf__spatial temporal,0.0369691569478412
terms_abstract_tfidf__spatially,0.06890667963469582
terms_abstract_tfidf__spatiotemporal,-0.006086562832889721
terms_abstract_tfidf__speaker,-0.18314208445795194
terms_abstract_tfidf__speakers,-0.0648224981677551
terms_abstract_tfidf__speaking,-0.09687174369612997
terms_abstract_tfidf__special,0.07303050895949065
terms_abstract_tfidf__specialization,0.10591022246157243
terms_abstract_tfidf__specialized,0.17320598727294248
terms_abstract_tfidf__species,-0.015736561872640064
terms_abstract_tfidf__specifically,0.02861496562702039
terms_abstract_tfidf__specificity,0.08547911491710235
terms_abstract_tfidf__specified,0.0918165707358192
terms_abstract_tfidf__spectral,-0.14901707560154587
terms_abstract_tfidf__spectrum,-0.061962090614638976
terms_abstract_tfidf__spectrum disorder,-0.03192533539378775
terms_abstract_tfidf__spectrum disorders,-0.03000213607983242
terms_abstract_tfidf__speech,-0.19761392120854027
terms_abstract_tfidf__speech perception,-0.15756704759385393
terms_abstract_tfidf__speech production,-0.13476136147245887
terms_abstract_tfidf__speed,0.07271883906296278
terms_abstract_tfidf__spin,-0.08850471876690513
terms_abstract_tfidf__spin labeling,-0.06339501813060842
terms_abstract_tfidf__spinal,-0.08669256764446845
terms_abstract_tfidf__spl,0.11435371965850213
terms_abstract_tfidf__spoken,-0.12946055389128636
terms_abstract_tfidf__spontaneous,-0.0674932985958693
terms_abstract_tfidf__stable,0.018337789243706406
terms_abstract_tfidf__stage,0.04914602474921247
terms_abstract_tfidf__stages,0.05931428233958227
terms_abstract_tfidf__standard,-0.0349536289425571
terms_abstract_tfidf__standardized,-0.09326593105125197
terms_abstract_tfidf__state,-0.13763849350644214
terms_abstract_tfidf__state connectivity,-0.06427213714282048
terms_abstract_tfidf__state functional,-0.08910371167634457
terms_abstract_tfidf__state networks,-0.09017891832015866
terms_abstract_tfidf__statement,0.014316310310093025
terms_abstract_tfidf__states,-0.17927795153261086
terms_abstract_tfidf__static,0.11414055186530661
terms_abstract_tfidf__statistics,0.01137062578551325
terms_abstract_tfidf__status,-0.03685089880148417
terms_abstract_tfidf__step,0.10791796192680309
terms_abstract_tfidf__stg,-0.17435674614990584
terms_abstract_tfidf__stimulated,-0.10478386169449001
terms_abstract_tfidf__stimulation,-0.09956383047585209
terms_abstract_tfidf__stimulation tms,-0.07189590719000985
terms_abstract_tfidf__stimuli,0.11071343745222398
terms_abstract_tfidf__stimuli presented,0.07689678628532154
terms_abstract_tfidf__stimulus,0.17388372729371296
terms_abstract_tfidf__stimulus driven,0.14825766767724619
terms_abstract_tfidf__stimulus response,0.12742594331775545
terms_abstract_tfidf__stop,-0.06834662256353716
terms_abstract_tfidf__stop signal,-0.0635203934590804
terms_abstract_tfidf__storage,0.11292900106257459
terms_abstract_tfidf__stored,-0.04719809337959405
terms_abstract_tfidf__strategic,0.06136740296303627
terms_abstract_tfidf__strategies,0.02973217318800271
terms_abstract_tfidf__strategy,-0.025042474985357086
terms_abstract_tfidf__stream,0.15786904349772432
terms_abstract_tfidf__streams,0.09272430202102415
terms_abstract_tfidf__strength,-0.04799422984191808
terms_abstract_tfidf__stress,-0.14302406441170007
terms_abstract_tfidf__stress disorder,-0.05083616973526126
terms_abstract_tfidf__striatal,-0.0424129879412624
terms_abstract_tfidf__striatum,-0.08332018380442854
terms_abstract_tfidf__striking,-0.00897157559898486
terms_abstract_tfidf__stroke,-0.09987973249406987
terms_abstract_tfidf__strong,-0.026915971086785173
terms_abstract_tfidf__strongest,0.013595161894840311
terms_abstract_tfidf__strongly,0.018598697289635632
terms_abstract_tfidf__stroop,0.11195750252745956
terms_abstract_tfidf__stroop task,0.09500361229494345
terms_abstract_tfidf__structural,-0.11231153539865447
terms_abstract_tfidf__structural functional,0.007026182446480146
terms_abstract_tfidf__structural magnetic,-0.10111948949698314
terms_abstract_tfidf__structure,-0.07104087595061066
terms_abstract_tfidf__structure function,-0.11065163441872508
terms_abstract_tfidf__structures,-0.12502676701104537
terms_abstract_tfidf__structures involved,-0.005618317124437425
terms_abstract_tfidf__sts,-0.08128613437350575
terms_abstract_tfidf__students,-0.0013357757520938162
terms_abstract_tfidf__studied,-0.03689524855589395
terms_abstract_tfidf__studying,-0.01160039660919814
terms_abstract_tfidf__sub,-0.010867030521178869
terms_abstract_tfidf__subcortical,-0.11987758241448525
terms_abstract_tfidf__subcortical structures,-0.08335425971060906
terms_abstract_tfidf__subgenual,-0.08849296754996933
terms_abstract_tfidf__subject,-0.12530412843748556
terms_abstract_tfidf__subjective,-0.07161715575161144
terms_abstract_tfidf__subregions,-0.07162323340009845
terms_abstract_tfidf__subsequent,0.013967073057866515
terms_abstract_tfidf__subsequent memory,0.011871313558569855
terms_abstract_tfidf__subsequently,-0.04732887423811157
terms_abstract_tfidf__subserve,-0.05206435844184327
terms_abstract_tfidf__subserved,0.025841832382162665
terms_abstract_tfidf__subserving,0.07824052517168793
terms_abstract_tfidf__subset,0.03124933735333879
terms_abstract_tfidf__substance,-0.05035042452951193
terms_abstract_tfidf__substantia,-0.021985563029598986
terms_abstract_tfidf__substantial,-0.04063488533136772
terms_abstract_tfidf__substantially,-0.03087875843504677
terms_abstract_tfidf__substrate,0.07314540182336125
terms_abstract_tfidf__substrates,-0.02731726326563141
terms_abstract_tfidf__subtle,-0.029400081351751175
terms_abstract_tfidf__subtraction,0.11817022327442614
terms_abstract_tfidf__success,-0.060480666275848374
terms_abstract_tfidf__successful,-0.07069475920730238
terms_abstract_tfidf__successfully,0.08179700165972571
terms_abstract_tfidf__successive,-0.039892813371731395
terms_abstract_tfidf__suffering,-0.010194783898170618
terms_abstract_tfidf__sufficient,0.026149905385162407
terms_abstract_tfidf__suggest,0.04760673803043181
terms_abstract_tfidf__suggest functional,-0.05507754635926631
terms_abstract_tfidf__suggested,-0.05142014770784742
terms_abstract_tfidf__suggesting,0.02185391598799623
terms_abstract_tfidf__suggests,-0.010923358012010081
terms_abstract_tfidf__sulci,0.10083599051508654
terms_abstract_tfidf__sulcus,0.11272755036648495
terms_abstract_tfidf__sulcus ips,0.22436319154093184
terms_abstract_tfidf__sulcus sts,-0.06714776356227065
terms_abstract_tfidf__sum,-0.010411043543394947
terms_abstract_tfidf__summary,0.01399279153043449
terms_abstract_tfidf__superior,-0.05459490085028776
terms_abstract_tfidf__superior frontal,-0.05635201722632119
terms_abstract_tfidf__superior inferior,0.09971644908790643
terms_abstract_tfidf__superior middle,-0.07157886495521917
terms_abstract_tfidf__superior parietal,0.17473532744646617
terms_abstract_tfidf__superior temporal,-0.1488344678338085
terms_abstract_tfidf__supplementary,-0.033015210507634445
terms_abstract_tfidf__supplementary motor,-0.05829392246574093
terms_abstract_tfidf__supported,0.07058630747379907
terms_abstract_tfidf__supporting,-0.00795794208110876
terms_abstract_tfidf__supports,-0.05388821098994448
terms_abstract_tfidf__suppressed,0.015401134526324512
terms_abstract_tfidf__suppression,0.07317791499355596
terms_abstract_tfidf__supramarginal,-0.030255161896311913
terms_abstract_tfidf__supramarginal gyrus,-0.028651901602794544
terms_abstract_tfidf__surface,0.013808477988544333
terms_abstract_tfidf__surprisingly,0.11343967559540943
terms_abstract_tfidf__surrounding,0.02271031710174488
terms_abstract_tfidf__susceptibility,-0.08062506753469716
terms_abstract_tfidf__sustained,0.13158169575142106
terms_abstract_tfidf__sustained attention,-0.012269611501802178
terms_abstract_tfidf__switch,0.13096390345640266
terms_abstract_tfidf__switching,0.13122543636061557
terms_abstract_tfidf__symbolic,0.2004398026953707
terms_abstract_tfidf__symptom,-0.14658802401046966
terms_abstract_tfidf__symptom severity,-0.08759436113450236
terms_abstract_tfidf__symptoms,-0.09578693475539908
terms_abstract_tfidf__synchronization,-0.04422170238669686
terms_abstract_tfidf__syndrome,-0.08098072792586974
terms_abstract_tfidf__syntactic,-0.17803755525833556
terms_abstract_tfidf__systematic,-0.03113274660506954
terms_abstract_tfidf__systematically,-0.005216033827889405
terms_abstract_tfidf__systems,-0.09350913606976091
terms_abstract_tfidf__systems involved,-0.06637203244208113
terms_abstract_tfidf__t1,-0.0975324058276937
terms_abstract_tfidf__t1 weighted,-0.09324832114626536
terms_abstract_tfidf__tactile,-0.025976682954403214
terms_abstract_tfidf__taken,-0.043341918248763635
terms_abstract_tfidf__taken suggest,0.011753448287780138
terms_abstract_tfidf__taking,-0.08959451524070769
terms_abstract_tfidf__tapping,-0.038048560195089
terms_abstract_tfidf__target,0.1521707666817047
terms_abstract_tfidf__target detection,0.004771532584431562
terms_abstract_tfidf__targeted,-0.06611796440603897
terms_abstract_tfidf__targets,0.16421475835203017
terms_abstract_tfidf__task,0.16555351241236213
terms_abstract_tfidf__task conditions,0.11146595856573353
terms_abstract_tfidf__task demands,0.024554719590057426
terms_abstract_tfidf__task difficulty,0.15082128017664626
terms_abstract_tfidf__task functional,-0.07792091166404899
terms_abstract_tfidf__task induced,-0.028099187864636103
terms_abstract_tfidf__task involving,0.05336618473528336
terms_abstract_tfidf__task irrelevant,0.18061612686646303
terms_abstract_tfidf__task performance,0.14608120304621752
terms_abstract_tfidf__task positive,-0.027356331129263157
terms_abstract_tfidf__task relevant,0.18368466902103575
terms_abstract_tfidf__task required,0.052130403137726315
terms_abstract_tfidf__task task,0.024607125065206643
terms_abstract_tfidf__task using,0.03272014562199907
terms_abstract_tfidf__tasks,0.15036192357284148
terms_abstract_tfidf__taste,-0.07474553758134972
terms_abstract_tfidf__td,0.000484103152615312
terms_abstract_tfidf__technique,-0.07079870271717355
terms_abstract_tfidf__techniques,-0.06878661728112959
terms_abstract_tfidf__tegmental,-0.06978383841040611
terms_abstract_tfidf__temporal,-0.09990821761557406
terms_abstract_tfidf__temporal cortex,0.011212887529202022
terms_abstract_tfidf__temporal cortices,-0.11295105850287021
terms_abstract_tfidf__temporal frontal,-0.07998908207330259
terms_abstract_tfidf__temporal gyri,-0.1421020564930981
terms_abstract_tfidf__temporal gyrus,-0.17022359850412147
terms_abstract_tfidf__temporal inferior,-0.06647252664760789
terms_abstract_tfidf__temporal lobe,-0.12848166975488712
terms_abstract_tfidf__temporal lobes,-0.1352749788442795
terms_abstract_tfidf__temporal occipital,0.16954011225670626
terms_abstract_tfidf__temporal parietal,-0.04745491312204664
terms_abstract_tfidf__temporal pole,-0.26203770093839585
terms_abstract_tfidf__temporal sulcus,-0.10286812959666743
terms_abstract_tfidf__temporale,-0.13976528786278233
terms_abstract_tfidf__temporally,-0.07856947636185745
terms_abstract_tfidf__temporo,-0.016914911030406352
terms_abstract_tfidf__temporo parietal,-0.04265048335242987
terms_abstract_tfidf__temporoparietal,-0.029446586906073505
terms_abstract_tfidf__temporoparietal junction,-0.05431600792191974
terms_abstract_tfidf__tend,0.010330148750074073
terms_abstract_tfidf__tendency,-0.019829112103984945
terms_abstract_tfidf__tensor,-0.023792295634797206
terms_abstract_tfidf__tensor dti,0.01780602340835479
terms_abstract_tfidf__term,0.047391829345229494
terms_abstract_tfidf__term memory,0.13108667598327856
terms_abstract_tfidf__terms,-0.02853419229192682
terms_abstract_tfidf__tesla,-0.005567246964110414
terms_abstract_tfidf__test,0.1012669824772054
terms_abstract_tfidf__tested,0.044777848738763046
terms_abstract_tfidf__testing,-0.009100010582838738
terms_abstract_tfidf__tests,-0.13810402733845262
terms_abstract_tfidf__thalamic,0.008931805334774631
terms_abstract_tfidf__thalamus,-0.09603364520835125
terms_abstract_tfidf__theoretical,0.015270000048998339
terms_abstract_tfidf__theories,0.024518414748650928
terms_abstract_tfidf__theory,-0.1131849296875545
terms_abstract_tfidf__theory mind,-0.14812953457706893
terms_abstract_tfidf__therapeutic,-0.1198519215641195
terms_abstract_tfidf__therapy,-0.0950083561112697
terms_abstract_tfidf__thickness,-0.03762045697555911
terms_abstract_tfidf__thinking,-0.04941323619390896
terms_abstract_tfidf__thirteen,0.024195647425787836
terms_abstract_tfidf__thirty,-0.09596632351157397
terms_abstract_tfidf__thought,-0.0007288503435559432
terms_abstract_tfidf__thoughts,-0.0820122459335865
terms_abstract_tfidf__threat,-0.055415442181702114
terms_abstract_tfidf__threatening,-0.043498737860527735
terms_abstract_tfidf__threshold,-0.07171359065461713
terms_abstract_tfidf__time,0.06379161632245592
terms_abstract_tfidf__time course,0.011940532567848789
terms_abstract_tfidf__time courses,-0.05180292735468837
terms_abstract_tfidf__time points,0.020426555579630162
terms_abstract_tfidf__time series,-0.04206753599565663
terms_abstract_tfidf__time task,-0.00013763926389840587
terms_abstract_tfidf__times,0.08131997773397981
terms_abstract_tfidf__timing,-0.02381292477964037
terms_abstract_tfidf__tissue,-0.08790651137355596
terms_abstract_tfidf__tms,-0.08891088174495321
terms_abstract_tfidf__tom,-0.11805483922884077
terms_abstract_tfidf__tomography,-0.07546804857675848
terms_abstract_tfidf__tomography pet,-0.07935760547993369
terms_abstract_tfidf__tone,-0.09274076279079173
terms_abstract_tfidf__tones,-0.11825485092446801
terms_abstract_tfidf__took,0.06726676587246043
terms_abstract_tfidf__tool,0.07819725806429144
terms_abstract_tfidf__tools,0.11143149031543478
terms_abstract_tfidf__total,-0.043980766930657875
terms_abstract_tfidf__touch,0.007560220739031036
terms_abstract_tfidf__tpj,-0.018720751630537154
terms_abstract_tfidf__track,-0.030025571835015016
terms_abstract_tfidf__tracking,0.07811442761248033
terms_abstract_tfidf__tract,-0.05271183591698081
terms_abstract_tfidf__tractography,-0.043778952929151516
terms_abstract_tfidf__tracts,-0.028930524375969775
terms_abstract_tfidf__traditional,-0.007726825721557196
terms_abstract_tfidf__traditionally,-0.038731462351539646
terms_abstract_tfidf__trained,0.12748832263316268
terms_abstract_tfidf__training,-0.023259280297584457
terms_abstract_tfidf__trait,-0.12198898772086768
terms_abstract_tfidf__traits,-0.14367748542214193
terms_abstract_tfidf__trajectories,0.028030214939717503
terms_abstract_tfidf__transcranial,-0.06768285426343076
terms_abstract_tfidf__transcranial magnetic,-0.0646819416590485
terms_abstract_tfidf__transfer,0.03505361741576153
terms_abstract_tfidf__transformation,0.07437135805540086
terms_abstract_tfidf__transient,0.12251722195344633
terms_abstract_tfidf__transition,0.062127696525615304
terms_abstract_tfidf__trauma,-0.06030580897839042
terms_abstract_tfidf__traumatic,-0.013573580134679492
terms_abstract_tfidf__treated,-0.05292753088727478
terms_abstract_tfidf__treatment,-0.16121628946833222
terms_abstract_tfidf__treatments,-0.054270015026451617
terms_abstract_tfidf__trend,-0.10104882607445148
terms_abstract_tfidf__trial,0.09773110588343818
terms_abstract_tfidf__trial trial,0.048082487776958185
terms_abstract_tfidf__trials,0.13286336723069656
terms_abstract_tfidf__trigger,0.03494483229973154
terms_abstract_tfidf__triggered,0.04347538161615176
terms_abstract_tfidf__true,0.034331937857849174
terms_abstract_tfidf__turn,-0.04227331472070778
terms_abstract_tfidf__twice,-0.037079313557168765
terms_abstract_tfidf__type,0.1321558981594953
terms_abstract_tfidf__types,0.08683919756205787
terms_abstract_tfidf__typical,0.07090364021015864
terms_abstract_tfidf__typically,-0.02091351400931667
terms_abstract_tfidf__typically developing,0.008090312201948164
terms_abstract_tfidf__unaffected,-0.07763814473158837
terms_abstract_tfidf__uncertain,-0.03296696054460805
terms_abstract_tfidf__uncertainty,0.00632456200988829
terms_abstract_tfidf__unclear,0.0021340161340510666
terms_abstract_tfidf__undergoing,-0.055488720131186955
terms_abstract_tfidf__undergoing functional,-0.012917401967092679
terms_abstract_tfidf__underlie,0.031965012400350545
terms_abstract_tfidf__underlies,-0.05937501113870805
terms_abstract_tfidf__underlying,-0.03567591871023232
terms_abstract_tfidf__underlying mechanisms,-0.03680762863561742
terms_abstract_tfidf__underpinning,0.07188179800261972
terms_abstract_tfidf__underpinnings,-0.04272429685024412
terms_abstract_tfidf__understand,-0.07750910881129698
terms_abstract_tfidf__understanding,-0.13415312275774346
terms_abstract_tfidf__understood,-0.04585405603010232
terms_abstract_tfidf__unexpected,0.02838227358338832
terms_abstract_tfidf__unfamiliar,0.1152442300529949
terms_abstract_tfidf__unilateral,-0.018134175506470562
terms_abstract_tfidf__unimodal,0.02215092406607329
terms_abstract_tfidf__unique,0.03777562562754053
terms_abstract_tfidf__uniquely,0.017345436256365733
terms_abstract_tfidf__univariate,-0.02758128246792751
terms_abstract_tfidf__unknown,0.05784257417820404
terms_abstract_tfidf__unlike,0.017782066679629744
terms_abstract_tfidf__unmedicated,-0.029670774723429216
terms_abstract_tfidf__unpleasant,-0.12880263369674252
terms_abstract_tfidf__unrelated,-0.0872405407348737
terms_abstract_tfidf__upcoming,0.11739969952525776
terms_abstract_tfidf__updating,0.142866954442438
terms_abstract_tfidf__upper,-0.007119812793255752
terms_abstract_tfidf__use,-0.0770992656024576
terms_abstract_tfidf__use functional,-0.056989436403409935
terms_abstract_tfidf__useful,-0.06282115181900853
terms_abstract_tfidf__users,-0.018059724149096065
terms_abstract_tfidf__uses,0.0022826042790437626
terms_abstract_tfidf__using,-0.019019998970447247
terms_abstract_tfidf__using event,0.05030269612137066
terms_abstract_tfidf__using functional,0.022955709174850448
terms_abstract_tfidf__using resting,-0.09746607624406349
terms_abstract_tfidf__using voxel,-0.12618247383644401
terms_abstract_tfidf__usually,0.018184741998981888
terms_abstract_tfidf__utility,-0.06611899444334252
terms_abstract_tfidf__utilized,-0.05911407408652597
terms_abstract_tfidf__v1,0.30188916362529716
terms_abstract_tfidf__v5,0.24424299559186435
terms_abstract_tfidf__valence,-0.11370166517628338
terms_abstract_tfidf__valid,0.04213163016459789
terms_abstract_tfidf__validated,-0.08636233395590279
terms_abstract_tfidf__validity,0.08150668825435664
terms_abstract_tfidf__valuable,-0.008807007070261517
terms_abstract_tfidf__value,-0.10777458953450601
terms_abstract_tfidf__values,-0.10643038777303625
terms_abstract_tfidf__variability,-0.18660255002846504
terms_abstract_tfidf__variable,0.049525796218560465
terms_abstract_tfidf__variables,-0.03708715153486843
terms_abstract_tfidf__variance,-0.07222755428552105
terms_abstract_tfidf__variant,-0.1284685916883556
terms_abstract_tfidf__variation,-0.059686894872544874
terms_abstract_tfidf__variations,-0.0644204166169133
terms_abstract_tfidf__varied,0.06363200927053403
terms_abstract_tfidf__varies,-0.024605106092192422
terms_abstract_tfidf__variety,0.03210377651096627
terms_abstract_tfidf__various,0.03993177968793667
terms_abstract_tfidf__vary,0.01582044347450858
terms_abstract_tfidf__varying,-0.02150023174999802
terms_abstract_tfidf__vbm,-0.12583669055993413
terms_abstract_tfidf__vector,0.021250205129613956
terms_abstract_tfidf__ventral,0.11101582371263305
terms_abstract_tfidf__ventral anterior,-0.12719359956540688
terms_abstract_tfidf__ventral dorsal,0.1444413395366925
terms_abstract_tfidf__ventral medial,-0.060527096577101015
terms_abstract_tfidf__ventral premotor,0.019002810645053242
terms_abstract_tfidf__ventral striatum,-0.08609684429845994
terms_abstract_tfidf__ventral tegmental,-0.07337069558406724
terms_abstract_tfidf__ventral visual,0.2849534744886124
terms_abstract_tfidf__ventrolateral,-0.05384000785531499
terms_abstract_tfidf__ventrolateral prefrontal,-0.01846443851236693
terms_abstract_tfidf__ventromedial,-0.1131958921483075
terms_abstract_tfidf__ventromedial prefrontal,-0.09010724992422235
terms_abstract_tfidf__verb,-0.04472562281431536
terms_abstract_tfidf__verbal,0.013730616769195618
terms_abstract_tfidf__verbal fluency,0.04970857334791078
terms_abstract_tfidf__verbal working,0.06322289343293817
terms_abstract_tfidf__verbs,-0.07512340394805248
terms_abstract_tfidf__vermis,0.06171519273089247
terms_abstract_tfidf__version,-0.02587503174269905
terms_abstract_tfidf__versus,0.06761210208780688
terms_abstract_tfidf__vi,0.09011381227610006
terms_abstract_tfidf__video,0.05995484763764202
terms_abstract_tfidf__video clips,0.05528735543004581
terms_abstract_tfidf__videos,0.09771421463916194
terms_abstract_tfidf__view,0.12205358320817233
terms_abstract_tfidf__viewed,0.14119165600661573
terms_abstract_tfidf__viewing,0.14681230905961246
terms_abstract_tfidf__violations,-0.09885101739646217
terms_abstract_tfidf__virtual,0.19417155110353565
terms_abstract_tfidf__vision,0.2523964343486598
terms_abstract_tfidf__visual,0.3375380272787647
terms_abstract_tfidf__visual attention,0.24506991121208788
terms_abstract_tfidf__visual auditory,0.07548549910438217
terms_abstract_tfidf__visual cortex,0.30660485531370407
terms_abstract_tfidf__visual cortices,0.24262937181366961
terms_abstract_tfidf__visual field,0.24702162263254016
terms_abstract_tfidf__visual information,0.18235187042518355
terms_abstract_tfidf__visual motion,0.2308537133840483
terms_abstract_tfidf__visual perception,0.2247389109870488
terms_abstract_tfidf__visual stimuli,0.2576582037047317
terms_abstract_tfidf__visual stimulus,0.14688591130837245
terms_abstract_tfidf__visual stream,0.25207800661930035
terms_abstract_tfidf__visual word,0.17718412720208004
terms_abstract_tfidf__visually,0.18283269871412133
terms_abstract_tfidf__visually presented,0.11647472933881482
terms_abstract_tfidf__visuo,0.24362613113286044
terms_abstract_tfidf__visuo spatial,0.17415240429095313
terms_abstract_tfidf__visuomotor,0.11736995258209242
terms_abstract_tfidf__visuospatial,0.19826398449244634
terms_abstract_tfidf__vivo,-0.11790752732681364
terms_abstract_tfidf__vlpfc,-0.11626359708460085
terms_abstract_tfidf__vmpfc,-0.041270409545639444
terms_abstract_tfidf__vocal,-0.19077154610512426
terms_abstract_tfidf__voice,-0.17227918090376776
terms_abstract_tfidf__volume,-0.11891676404199317
terms_abstract_tfidf__volumes,-0.14842837176737333
terms_abstract_tfidf__volumetric,0.04067967996738552
terms_abstract_tfidf__voluntary,-0.01965011064767519
terms_abstract_tfidf__volunteers,-0.06631412199519919
terms_abstract_tfidf__voxel,-0.14426259280926487
terms_abstract_tfidf__voxel morphometry,-0.17589388842506332
terms_abstract_tfidf__voxel wise,-0.08001577812915124
terms_abstract_tfidf__voxels,0.046966043933581614
terms_abstract_tfidf__voxelwise,0.05350029435885776
terms_abstract_tfidf__vs,0.022628018777841263
terms_abstract_tfidf__vulnerability,-0.09586425551650764
terms_abstract_tfidf__watched,0.09492695269360686
terms_abstract_tfidf__watching,0.03760758627964239
terms_abstract_tfidf__way,0.010491419437848822
terms_abstract_tfidf__ways,-0.04308718463397217
terms_abstract_tfidf__weak,0.01406175403922244
terms_abstract_tfidf__weaker,-0.07578343982191697
terms_abstract_tfidf__week,-0.07959600641796528
terms_abstract_tfidf__weeks,-0.03236395278982978
terms_abstract_tfidf__weight,-0.01546383530319722
terms_abstract_tfidf__weighted,-0.07611197257050843
terms_abstract_tfidf__whilst,0.09177758533815913
terms_abstract_tfidf__white,-0.022639678508570873
terms_abstract_tfidf__white matter,-0.029973867904446585
terms_abstract_tfidf__wide,0.13441378970809634
terms_abstract_tfidf__widely,-0.014420415241683608
terms_abstract_tfidf__widespread,-0.01684472379587373
terms_abstract_tfidf__wiley,0.040661632089402176
terms_abstract_tfidf__wiley periodicals,0.03923966167903104
terms_abstract_tfidf__window,-0.11300164877116659
terms_abstract_tfidf__wise,-0.08956509458875382
terms_abstract_tfidf__wm,0.1443311143715355
terms_abstract_tfidf__wm task,0.09571985928046647
terms_abstract_tfidf__women,-0.07166516315861952
terms_abstract_tfidf__word,0.043639769331595066
terms_abstract_tfidf__word form,0.14976290439709972
terms_abstract_tfidf__word pairs,-0.024588562592783563
terms_abstract_tfidf__word recognition,0.06664852663165304
terms_abstract_tfidf__words,-0.008528252756816497
terms_abstract_tfidf__work,-0.12176063714301538
terms_abstract_tfidf__working,0.13655488818244396
terms_abstract_tfidf__working memory,0.13566785944053372
terms_abstract_tfidf__world,0.0957531219951856
terms_abstract_tfidf__worse,0.03147424742550664
terms_abstract_tfidf__written,0.022702293587461647
terms_abstract_tfidf__year,-0.009641899248708922
terms_abstract_tfidf__year old,0.048715712859181644
terms_abstract_tfidf__years,-0.03626053063392017
terms_abstract_tfidf__years old,-0.03147336048708723
terms_abstract_tfidf__yield,-0.022505149356007104
terms_abstract_tfidf__yielded,0.07818807584388748
terms_abstract_tfidf__young,0.03481009358667732
terms_abstract_tfidf__young adults,-0.009759783619326242
terms_abstract_tfidf__young healthy,-0.03409500340046063
terms_abstract_tfidf__young older,-0.019395362835958416
terms_abstract_tfidf__younger,0.079861854674213
terms_abstract_tfidf__younger adults,0.07302907753702176
terms_abstract_tfidf__youth,-0.016551506421222214
terms_abstract_tfidf__zone,-0.06429382495938145
