feature,r
terms_abstract_tfidf__001,-0.10224947311768509
terms_abstract_tfidf__01,-0.056161924424212466
terms_abstract_tfidf__05,-0.046364520977645665
terms_abstract_tfidf__10,-0.15753465913274975
terms_abstract_tfidf__100,-0.08698507020503803
terms_abstract_tfidf__11,-0.0644056438390778
terms_abstract_tfidf__12,-0.0682999691300705
terms_abstract_tfidf__12 healthy,-0.030725257644541315
terms_abstract_tfidf__13,-0.09562437939396716
terms_abstract_tfidf__14,-0.02577197947715835
terms_abstract_tfidf__14 healthy,0.019328366851109995
terms_abstract_tfidf__15,-0.06067703817591667
terms_abstract_tfidf__15 healthy,-0.033323990721743496
terms_abstract_tfidf__16,-0.09635979830768211
terms_abstract_tfidf__16 healthy,-0.10848215947653808
terms_abstract_tfidf__17,-0.0679278001025509
terms_abstract_tfidf__18,-0.02767778762987268
terms_abstract_tfidf__18 healthy,-0.019111347999667943
terms_abstract_tfidf__19,-0.011495490541538646
terms_abstract_tfidf__20,-0.04626693413298522
terms_abstract_tfidf__20 healthy,-0.008814405919989696
terms_abstract_tfidf__200,0.01855470738278175
terms_abstract_tfidf__2014,-0.018881222024629423
terms_abstract_tfidf__21,-0.04807605220860469
terms_abstract_tfidf__22,-0.03213392841479687
terms_abstract_tfidf__23,-0.08199622246882987
terms_abstract_tfidf__24,-0.08611361171160532
terms_abstract_tfidf__25,-0.05981254788900562
terms_abstract_tfidf__26,-0.005095055663620909
terms_abstract_tfidf__27,-0.037085091306233435
terms_abstract_tfidf__28,-0.05196651657720054
terms_abstract_tfidf__29,-0.021238016685091243
terms_abstract_tfidf__30,-0.04706096967690333
terms_abstract_tfidf__31,-0.09261506828524065
terms_abstract_tfidf__32,-0.12307656292433676
terms_abstract_tfidf__33,-0.055945170847422315
terms_abstract_tfidf__34,-0.11066362246467075
terms_abstract_tfidf__35,-0.09285779332699029
terms_abstract_tfidf__36,-0.00046343665456049696
terms_abstract_tfidf__37,-0.0004994760914208119
terms_abstract_tfidf__38,-0.08709827563761581
terms_abstract_tfidf__39,-0.041565234620611693
terms_abstract_tfidf__3d,0.1369072697785293
terms_abstract_tfidf__3t,-0.07223399507236482
terms_abstract_tfidf__40,0.013398891291921287
terms_abstract_tfidf__41,-0.0280406696736983
terms_abstract_tfidf__42,-0.028595507382763247
terms_abstract_tfidf__43,-0.06771122691513698
terms_abstract_tfidf__44,-0.015524834135125641
terms_abstract_tfidf__45,0.038068684423974535
terms_abstract_tfidf__46,-0.12810807677836075
terms_abstract_tfidf__47,-0.03115921124217127
terms_abstract_tfidf__48,-0.05100897103027961
terms_abstract_tfidf__49,-0.06161897948195139
terms_abstract_tfidf__50,-0.11378449460742808
terms_abstract_tfidf__60,-0.0024503136295760015
terms_abstract_tfidf__70,-0.03593212186853883
terms_abstract_tfidf__75,-0.03570478823269587
terms_abstract_tfidf__80,0.014800113227194196
terms_abstract_tfidf__90,0.03094500466191738
terms_abstract_tfidf__aberrant,-0.15383680372473713
terms_abstract_tfidf__abilities,0.09102387955243384
terms_abstract_tfidf__ability,0.04771085960037808
terms_abstract_tfidf__able,-0.027150097436303193
terms_abstract_tfidf__abnormal,-0.06986321810593234
terms_abstract_tfidf__abnormalities,-0.07357905546209237
terms_abstract_tfidf__abnormality,-0.08846478178191645
terms_abstract_tfidf__absence,0.04035607468646387
terms_abstract_tfidf__absent,-0.023305984466402013
terms_abstract_tfidf__abstract,0.17481541508688417
terms_abstract_tfidf__abuse,-0.10006885931140864
terms_abstract_tfidf__acc,-0.2136433412126874
terms_abstract_tfidf__access,0.0760854239837256
terms_abstract_tfidf__accompanied,-0.05252415921071007
terms_abstract_tfidf__accordance,-0.006037178487088528
terms_abstract_tfidf__according,0.04215446426165999
terms_abstract_tfidf__accordingly,0.043733057868688155
terms_abstract_tfidf__account,0.010938404877848279
terms_abstract_tfidf__accounted,-0.038977652368126815
terms_abstract_tfidf__accounts,-0.005873801436704801
terms_abstract_tfidf__accumbens,-0.166799996038232
terms_abstract_tfidf__accuracy,-0.0703252983866099
terms_abstract_tfidf__accurate,0.06165819919523415
terms_abstract_tfidf__accurately,-0.007382694237606922
terms_abstract_tfidf__achieve,-0.006759866322106536
terms_abstract_tfidf__achieved,0.035181854550391016
terms_abstract_tfidf__acoustic,-0.007045326244402829
terms_abstract_tfidf__acquired,0.01552244719996768
terms_abstract_tfidf__acquisition,-0.001793872860828666
terms_abstract_tfidf__act,0.03592097114853609
terms_abstract_tfidf__action,0.13887949380876485
terms_abstract_tfidf__action observation,0.1913355154443714
terms_abstract_tfidf__actions,0.18723595823183056
terms_abstract_tfidf__activate,0.06676876441378171
terms_abstract_tfidf__activates,0.07173522443707378
terms_abstract_tfidf__activations,0.0009750225298998987
terms_abstract_tfidf__active,-0.007639470542596364
terms_abstract_tfidf__actively,0.02950336263356718
terms_abstract_tfidf__activities,0.023160999060048575
terms_abstract_tfidf__acts,0.027701959591979308
terms_abstract_tfidf__actual,-0.08683015022206605
terms_abstract_tfidf__actually,-0.024894257015764566
terms_abstract_tfidf__acute,-0.13069360187780837
terms_abstract_tfidf__ad,0.047726534651322455
terms_abstract_tfidf__adaptation,0.0872377603573608
terms_abstract_tfidf__adapted,-0.04572397507472451
terms_abstract_tfidf__adaptive,-0.15394451623106556
terms_abstract_tfidf__add,-0.013077668467019254
terms_abstract_tfidf__addiction,-0.12925101644337011
terms_abstract_tfidf__addition,-0.011938645452288421
terms_abstract_tfidf__additional,0.058400311428934835
terms_abstract_tfidf__additionally,0.008158283917586074
terms_abstract_tfidf__addressed,0.047852883642270055
terms_abstract_tfidf__adhd,-0.111761736746464
terms_abstract_tfidf__adjacent,0.03192831643509814
terms_abstract_tfidf__administered,-0.07417984108278565
terms_abstract_tfidf__administration,-0.1004016441809865
terms_abstract_tfidf__adolescence,-0.07511698762901037
terms_abstract_tfidf__adolescent,-0.12424644940166911
terms_abstract_tfidf__adolescents,-0.06886195659228289
terms_abstract_tfidf__adopted,0.014238219024269496
terms_abstract_tfidf__adult,0.01592870639718428
terms_abstract_tfidf__adulthood,-0.024125635869186854
terms_abstract_tfidf__adults,-0.06259343596793228
terms_abstract_tfidf__advance,0.024772827394657457
terms_abstract_tfidf__advanced,0.020579754760082773
terms_abstract_tfidf__advances,-0.043153370946911275
terms_abstract_tfidf__advantage,0.05923460941047274
terms_abstract_tfidf__affect,-0.038344505222077996
terms_abstract_tfidf__affected,0.04607186101446048
terms_abstract_tfidf__affecting,0.05746122455883808
terms_abstract_tfidf__affective,-0.07419214526319273
terms_abstract_tfidf__affects,-0.050976981775834346
terms_abstract_tfidf__age,-0.05844038619021256
terms_abstract_tfidf__age controls,0.07366429484091341
terms_abstract_tfidf__age gender,-0.06850047161300594
terms_abstract_tfidf__age groups,-0.002662950073692719
terms_abstract_tfidf__age healthy,0.026898575313562434
terms_abstract_tfidf__age sex,-0.03305658214727223
terms_abstract_tfidf__aged,-0.02805048625652366
terms_abstract_tfidf__agent,0.11321645288833695
terms_abstract_tfidf__ages,-0.03392669382064809
terms_abstract_tfidf__aging,-0.07858538711669506
terms_abstract_tfidf__agreement,-0.022764977878357996
terms_abstract_tfidf__aim,-0.08713253671012859
terms_abstract_tfidf__aimed,-0.08844107394143351
terms_abstract_tfidf__aims,-0.00872898937524509
terms_abstract_tfidf__al,0.01377060767576532
terms_abstract_tfidf__alcohol,-0.08475145686502872
terms_abstract_tfidf__alff,0.00254302567175513
terms_abstract_tfidf__algorithm,0.09146257798957881
terms_abstract_tfidf__allele,-0.08933629180646464
terms_abstract_tfidf__allocation,0.0008336842826652664
terms_abstract_tfidf__allow,0.032016016178395175
terms_abstract_tfidf__allowed,0.08166381601879424
terms_abstract_tfidf__allowing,-0.059016310577574116
terms_abstract_tfidf__allows,0.014985445607382892
terms_abstract_tfidf__alpha,0.03168273035949452
terms_abstract_tfidf__alter,-0.057585634246366424
terms_abstract_tfidf__alteration,-0.00406887167035935
terms_abstract_tfidf__alterations,-0.013236162235907139
terms_abstract_tfidf__altered,-0.13122104255139444
terms_abstract_tfidf__alternating,0.02459525278212339
terms_abstract_tfidf__alternative,-0.04728239817150119
terms_abstract_tfidf__alters,0.029184337669041722
terms_abstract_tfidf__alzheimer,0.05148151115001778
terms_abstract_tfidf__alzheimer disease,0.05477830981030885
terms_abstract_tfidf__ambiguous,0.035152644307541024
terms_abstract_tfidf__amnestic,-0.002662940595513458
terms_abstract_tfidf__amplitude,0.060212517775634584
terms_abstract_tfidf__amplitude low,0.030669741848190463
terms_abstract_tfidf__amplitudes,-0.005388726166917566
terms_abstract_tfidf__amygdala,-0.025273663701703898
terms_abstract_tfidf__amygdala anterior,-0.044510657205570736
terms_abstract_tfidf__amygdala hippocampus,-0.0024873093827836325
terms_abstract_tfidf__amygdala insula,-0.013761424895007637
terms_abstract_tfidf__amygdala response,-0.005475970342325679
terms_abstract_tfidf__amygdala responses,0.033083620075843
terms_abstract_tfidf__analysed,0.03336274541316414
terms_abstract_tfidf__analyses,-0.01732894169593009
terms_abstract_tfidf__analyze,0.05064564321643129
terms_abstract_tfidf__analyzed,-0.02962885816902941
terms_abstract_tfidf__analyzed using,-0.02105053988625109
terms_abstract_tfidf__analyzing,0.003552852815853232
terms_abstract_tfidf__anatomical,0.03448849030219506
terms_abstract_tfidf__anatomically,-0.01385985560171527
terms_abstract_tfidf__anatomy,0.05396483947265229
terms_abstract_tfidf__anger,0.04623500173599744
terms_abstract_tfidf__angry,0.06471054135341499
terms_abstract_tfidf__angular,0.07996535302350531
terms_abstract_tfidf__angular gyrus,0.07878555232159132
terms_abstract_tfidf__animal,-0.09502519384575486
terms_abstract_tfidf__animals,-0.04866729005555048
terms_abstract_tfidf__anisotropy,-0.02138236976172768
terms_abstract_tfidf__anisotropy fa,-0.01046021060492731
terms_abstract_tfidf__anterior,-0.20995976602120064
terms_abstract_tfidf__anterior cingulate,-0.25664855440864753
terms_abstract_tfidf__anterior hippocampus,0.04252937079856663
terms_abstract_tfidf__anterior insula,-0.2626054147165519
terms_abstract_tfidf__anterior insular,-0.16740777320328062
terms_abstract_tfidf__anterior intraparietal,0.12941871228030807
terms_abstract_tfidf__anterior medial,0.010190104887932818
terms_abstract_tfidf__anterior posterior,-0.04849773703049653
terms_abstract_tfidf__anterior prefrontal,-0.11424362417421198
terms_abstract_tfidf__anterior superior,0.12533625817556135
terms_abstract_tfidf__anterior temporal,0.20137934292922152
terms_abstract_tfidf__anti,-0.03405949021535993
terms_abstract_tfidf__anticipation,-0.24391800118624202
terms_abstract_tfidf__anticipatory,-0.1530899446367138
terms_abstract_tfidf__anxiety,-0.11038686686341903
terms_abstract_tfidf__anxiety disorders,-0.052280718204210846
terms_abstract_tfidf__apart,0.058182526335482515
terms_abstract_tfidf__aphasia,0.09720375050538559
terms_abstract_tfidf__apparent,0.04533677179653923
terms_abstract_tfidf__appear,0.06982435177736092
terms_abstract_tfidf__appeared,0.03914187134172334
terms_abstract_tfidf__appears,0.014987384181680125
terms_abstract_tfidf__application,-0.11704401313261087
terms_abstract_tfidf__applied,-0.08417684979388
terms_abstract_tfidf__apply,-0.05467327501739136
terms_abstract_tfidf__applying,0.015239045864446292
terms_abstract_tfidf__appraisal,-0.0481726699524296
terms_abstract_tfidf__approach,-0.06572349824095339
terms_abstract_tfidf__approaches,-0.07826457811314842
terms_abstract_tfidf__appropriate,0.0027572300763876174
terms_abstract_tfidf__approximately,0.03563917426729034
terms_abstract_tfidf__architecture,-0.022524528862223975
terms_abstract_tfidf__argue,0.12013427465188041
terms_abstract_tfidf__arise,-0.044082630590511096
terms_abstract_tfidf__arithmetic,0.03688573448443039
terms_abstract_tfidf__arm,0.1679209427467579
terms_abstract_tfidf__arousal,-0.03207115065233887
terms_abstract_tfidf__arterial,-0.08995533786403197
terms_abstract_tfidf__arterial spin,-0.09899008686892177
terms_abstract_tfidf__articulatory,-0.03052470322843876
terms_abstract_tfidf__asd,0.08323631225654998
terms_abstract_tfidf__asked,0.10250974122609935
terms_abstract_tfidf__aspect,0.010247245673199191
terms_abstract_tfidf__aspects,0.08606278285914876
terms_abstract_tfidf__assess,-0.06003384724118731
terms_abstract_tfidf__assessed,-0.05676659039456137
terms_abstract_tfidf__assessed using,-0.036012896876321594
terms_abstract_tfidf__assessing,0.009990296097698106
terms_abstract_tfidf__assessment,-0.06627031467742962
terms_abstract_tfidf__assessments,-0.018866609378261165
terms_abstract_tfidf__assigned,-0.012902379407989432
terms_abstract_tfidf__association,-0.07516215353318542
terms_abstract_tfidf__associations,-0.08171592306850099
terms_abstract_tfidf__associative,-0.007061528543945514
terms_abstract_tfidf__assume,0.04298993912882622
terms_abstract_tfidf__assumed,0.04855595412800984
terms_abstract_tfidf__assumption,0.03813023015720729
terms_abstract_tfidf__asymmetry,0.05714754956665202
terms_abstract_tfidf__atrophy,0.04715776709103283
terms_abstract_tfidf__attempt,-0.0751767218761548
terms_abstract_tfidf__attempted,0.024628933677648915
terms_abstract_tfidf__attend,0.09499830723478304
terms_abstract_tfidf__attended,0.1470028832839147
terms_abstract_tfidf__attending,0.06095131956013651
terms_abstract_tfidf__attention,0.015138034515507784
terms_abstract_tfidf__attention deficit,-0.09765635954286486
terms_abstract_tfidf__attention network,0.05564435266946598
terms_abstract_tfidf__attention task,-0.06492089289406174
terms_abstract_tfidf__attentional,-0.02504708489047667
terms_abstract_tfidf__attentional control,-0.011391318782536705
terms_abstract_tfidf__attenuated,-0.09963747931791808
terms_abstract_tfidf__attenuation,0.016740872208342614
terms_abstract_tfidf__attributed,-0.04289612085988381
terms_abstract_tfidf__attributes,0.0013951929059115153
terms_abstract_tfidf__attribution,0.0679566942506344
terms_abstract_tfidf__atypical,-0.0032910544243958304
terms_abstract_tfidf__audiovisual,0.06559434693960885
terms_abstract_tfidf__auditory,0.011906087781358493
terms_abstract_tfidf__auditory cortex,-0.011095973767859993
terms_abstract_tfidf__auditory stimuli,0.00509951512890475
terms_abstract_tfidf__auditory visual,0.03426767731022885
terms_abstract_tfidf__autism,0.10148772052596676
terms_abstract_tfidf__autism spectrum,0.1083382140381599
terms_abstract_tfidf__autobiographical,0.039472949591093966
terms_abstract_tfidf__autobiographical memory,0.020911836557555605
terms_abstract_tfidf__automated,-0.005152634611650153
terms_abstract_tfidf__automatic,0.051522123337901314
terms_abstract_tfidf__automatically,0.1306636888841718
terms_abstract_tfidf__autonomic,-0.1109334178167727
terms_abstract_tfidf__available,0.026212708644646716
terms_abstract_tfidf__average,-0.003713943296069949
terms_abstract_tfidf__aversive,-0.11680966725693334
terms_abstract_tfidf__avoid,-0.025822968568522446
terms_abstract_tfidf__avoidance,-0.12483437888518412
terms_abstract_tfidf__awareness,-0.07227805310565086
terms_abstract_tfidf__away,0.02270427806381197
terms_abstract_tfidf__axis,0.11216357535699419
terms_abstract_tfidf__ba,0.014556003104645627
terms_abstract_tfidf__ba 44,0.0432785996454798
terms_abstract_tfidf__background,-0.11560873254964683
terms_abstract_tfidf__balance,-0.04304815958784708
terms_abstract_tfidf__band,0.07326633385334441
terms_abstract_tfidf__bands,-0.010513039627341632
terms_abstract_tfidf__basal,-0.1902623798926949
terms_abstract_tfidf__basal ganglia,-0.19202355867110138
terms_abstract_tfidf__baseline,-0.11213938580141712
terms_abstract_tfidf__bases,-0.005574891810466656
terms_abstract_tfidf__basic,0.022323958609101913
terms_abstract_tfidf__basis,-0.02566472235998879
terms_abstract_tfidf__bayesian,0.008795949463254427
terms_abstract_tfidf__beginning,-0.020926259742415316
terms_abstract_tfidf__behavior,-0.2432014342886792
terms_abstract_tfidf__behavioral,-0.12658167313202123
terms_abstract_tfidf__behavioral evidence,0.025105093887248155
terms_abstract_tfidf__behavioral level,-0.026122790081467465
terms_abstract_tfidf__behavioral measures,-0.0780945518303792
terms_abstract_tfidf__behavioral performance,-0.004872304800914711
terms_abstract_tfidf__behavioral responses,-0.07695395606883919
terms_abstract_tfidf__behaviorally,-0.08048259751134905
terms_abstract_tfidf__behaviors,-0.1132159805933546
terms_abstract_tfidf__behaviour,-0.03540855022852208
terms_abstract_tfidf__behavioural,0.08071279358905745
terms_abstract_tfidf__belief,0.06925627580044236
terms_abstract_tfidf__beliefs,0.04289027860011965
terms_abstract_tfidf__believed,-0.07616285303419662
terms_abstract_tfidf__beneficial,-0.06218411893869639
terms_abstract_tfidf__benefit,0.026499340587467616
terms_abstract_tfidf__benefits,-0.027231025365974607
terms_abstract_tfidf__best,0.036711317734875765
terms_abstract_tfidf__beta,0.01551893581738737
terms_abstract_tfidf__better,-0.08308938999214566
terms_abstract_tfidf__better understanding,-0.06790028098482276
terms_abstract_tfidf__bias,-0.0166018151743412
terms_abstract_tfidf__biased,0.01908224629645169
terms_abstract_tfidf__biases,0.018842887982622524
terms_abstract_tfidf__bilaterally,0.030731325303579984
terms_abstract_tfidf__bilinguals,0.04233889813287575
terms_abstract_tfidf__binding,-0.0027444254548480234
terms_abstract_tfidf__biological,0.07516274206238853
terms_abstract_tfidf__biomarker,0.017291453371132404
terms_abstract_tfidf__biomarkers,-0.09431238669315788
terms_abstract_tfidf__bipolar,-0.08978842828416304
terms_abstract_tfidf__bipolar disorder,-0.09201415483015844
terms_abstract_tfidf__blind,0.019562630368135273
terms_abstract_tfidf__block,-0.08973322715340729
terms_abstract_tfidf__block design,-0.05434538856972955
terms_abstract_tfidf__blocked,-0.002656697098211173
terms_abstract_tfidf__blocks,-0.021756484714519606
terms_abstract_tfidf__blood,-0.10362121335460223
terms_abstract_tfidf__blood flow,-0.06335221121243283
terms_abstract_tfidf__blood oxygen,-0.07212275640464542
terms_abstract_tfidf__blood oxygenation,-0.06505634776242683
terms_abstract_tfidf__bodily,0.018788136780259743
terms_abstract_tfidf__body,0.1421642147032897
terms_abstract_tfidf__bold,-0.07313456617844173
terms_abstract_tfidf__bold response,-0.03568344460780114
terms_abstract_tfidf__bold responses,-0.1019087156885298
terms_abstract_tfidf__bold signal,-0.05984007082813613
terms_abstract_tfidf__bold signals,-0.04823498274953348
terms_abstract_tfidf__brains,0.08061180739350629
terms_abstract_tfidf__brainstem,-0.1229456258434347
terms_abstract_tfidf__brief,0.007266751409186391
terms_abstract_tfidf__broad,-0.0638053707582538
terms_abstract_tfidf__broader,0.02752076103691188
terms_abstract_tfidf__broca,0.035170620565464675
terms_abstract_tfidf__brodmann,-0.006360571260380587
terms_abstract_tfidf__brodmann ba,-0.011249358818251044
terms_abstract_tfidf__button,-0.05142569987847526
terms_abstract_tfidf__calculated,-0.05772767256511455
terms_abstract_tfidf__calculation,0.014756518569889148
terms_abstract_tfidf__called,0.04595580894060981
terms_abstract_tfidf__callosum,-0.015676422108520008
terms_abstract_tfidf__candidate,0.09002276249112333
terms_abstract_tfidf__canonical,-0.011450264504629609
terms_abstract_tfidf__capacity,0.0031004695090267238
terms_abstract_tfidf__capture,-0.00417816671169538
terms_abstract_tfidf__carried,-0.005487427853336812
terms_abstract_tfidf__carriers,-0.033131738936000306
terms_abstract_tfidf__case,0.11023095233909064
terms_abstract_tfidf__cases,0.06919305047921306
terms_abstract_tfidf__categorical,0.0632980488905732
terms_abstract_tfidf__categories,0.1457326296341761
terms_abstract_tfidf__categorization,0.008457277995203617
terms_abstract_tfidf__category,0.0827691558617929
terms_abstract_tfidf__caudal,-0.05042885980412038
terms_abstract_tfidf__caudate,-0.20932157469415968
terms_abstract_tfidf__caudate nucleus,-0.2079868745377318
terms_abstract_tfidf__causal,0.10429693386994493
terms_abstract_tfidf__causal modeling,0.04009136698894851
terms_abstract_tfidf__causality,0.016118678920129536
terms_abstract_tfidf__cause,-0.03898061293358599
terms_abstract_tfidf__caused,-0.0020845269408233075
terms_abstract_tfidf__causes,0.007898686722569357
terms_abstract_tfidf__center,-0.006130648497555054
terms_abstract_tfidf__centered,0.008412571482068207
terms_abstract_tfidf__central,-0.07403239375920749
terms_abstract_tfidf__central role,-0.04963684437773001
terms_abstract_tfidf__cerebellar,0.011614707134984014
terms_abstract_tfidf__cerebellum,-0.02336778462124337
terms_abstract_tfidf__cerebral,-0.008414552113732756
terms_abstract_tfidf__cerebral blood,-0.06508933150265758
terms_abstract_tfidf__cerebral cortex,0.0006526787032922572
terms_abstract_tfidf__certain,-0.08787924047531244
terms_abstract_tfidf__challenge,-0.06219163002992705
terms_abstract_tfidf__challenges,0.004002425567192657
terms_abstract_tfidf__challenging,0.02118932688787776
terms_abstract_tfidf__change,-0.06775404655057302
terms_abstract_tfidf__changed,-0.022985205679194216
terms_abstract_tfidf__changing,-0.09972769378016895
terms_abstract_tfidf__character,0.06505795830999504
terms_abstract_tfidf__characteristic,-0.03736141822743521
terms_abstract_tfidf__characteristics,0.00887591200092206
terms_abstract_tfidf__characterization,-0.0043131618484712995
terms_abstract_tfidf__characterize,-0.09178033939832943
terms_abstract_tfidf__characterized,-0.087102424808607
terms_abstract_tfidf__characterizing,-0.016954111749456584
terms_abstract_tfidf__characters,0.1080314941718791
terms_abstract_tfidf__childhood,0.01421744332480522
terms_abstract_tfidf__children,-0.02029298879527603
terms_abstract_tfidf__children adolescents,-0.03678289378528674
terms_abstract_tfidf__chinese,0.062445638963662835
terms_abstract_tfidf__choice,-0.20422717681174474
terms_abstract_tfidf__choices,-0.2171518916100154
terms_abstract_tfidf__choose,-0.14829837696270382
terms_abstract_tfidf__chosen,-0.027635283190513425
terms_abstract_tfidf__chronic,-0.09614341438437227
terms_abstract_tfidf__chronic pain,-0.15650587262858448
terms_abstract_tfidf__cingulate,-0.2320090392247123
terms_abstract_tfidf__cingulate cortex,-0.21742723106917053
terms_abstract_tfidf__cingulate cortices,-0.17785167955810052
terms_abstract_tfidf__cingulate gyrus,-0.15213317491185202
terms_abstract_tfidf__circuit,-0.0794320545979952
terms_abstract_tfidf__circuitry,-0.2223779113046817
terms_abstract_tfidf__circuits,-0.13657553563189864
terms_abstract_tfidf__clarify,0.04392972468036956
terms_abstract_tfidf__class,0.14412934293861362
terms_abstract_tfidf__classic,0.014139880272409555
terms_abstract_tfidf__classical,0.034286775575923634
terms_abstract_tfidf__classification,-0.036653543227761286
terms_abstract_tfidf__classified,0.02391559232904275
terms_abstract_tfidf__clear,0.008449680000426507
terms_abstract_tfidf__clearly,-0.06416599843291913
terms_abstract_tfidf__clinical,-0.05404749743619116
terms_abstract_tfidf__clinically,-0.0347702764861072
terms_abstract_tfidf__clips,0.15485750322470884
terms_abstract_tfidf__close,0.0848170348236016
terms_abstract_tfidf__closed,0.008833795585627557
terms_abstract_tfidf__closely,0.0739027577074908
terms_abstract_tfidf__cluster,0.04758019228235494
terms_abstract_tfidf__clustering,0.02210227497389195
terms_abstract_tfidf__clusters,0.035790790505729024
terms_abstract_tfidf__code,0.07751738081744794
terms_abstract_tfidf__coding,0.038372758135631874
terms_abstract_tfidf__cognition,0.07399121826136675
terms_abstract_tfidf__cognitive,-0.09027560792366104
terms_abstract_tfidf__cognitive control,-0.18685529007266768
terms_abstract_tfidf__cognitive deficits,-0.02675807720593243
terms_abstract_tfidf__cognitive emotional,-0.04523693611191638
terms_abstract_tfidf__cognitive function,-0.030540736028253492
terms_abstract_tfidf__cognitive functions,-0.003633894944496055
terms_abstract_tfidf__cognitive impairment,0.014801763068625563
terms_abstract_tfidf__cognitive neuroscience,0.07397126437899358
terms_abstract_tfidf__cognitive performance,-0.07271872387065353
terms_abstract_tfidf__cognitive processes,-0.08030731022978324
terms_abstract_tfidf__cognitive task,-0.0006492024543608514
terms_abstract_tfidf__cognitive tasks,-0.05495170412189055
terms_abstract_tfidf__cognitively,-0.08761874520145156
terms_abstract_tfidf__coherence,0.02982051752661222
terms_abstract_tfidf__coherent,0.07467447787135739
terms_abstract_tfidf__cohort,0.06282745323192655
terms_abstract_tfidf__collected,-0.12036329638141542
terms_abstract_tfidf__collectively,0.012393404769750573
terms_abstract_tfidf__color,0.05121242534429583
terms_abstract_tfidf__combination,0.010755696489791328
terms_abstract_tfidf__combinations,-0.019048143602971745
terms_abstract_tfidf__combined,0.01859396464816534
terms_abstract_tfidf__combining,0.05470704650029827
terms_abstract_tfidf__common,-0.02879727745537796
terms_abstract_tfidf__commonly,0.036405914811918356
terms_abstract_tfidf__communication,0.15626941011055648
terms_abstract_tfidf__community,-0.02324010974109511
terms_abstract_tfidf__comparable,0.0093131419336027
terms_abstract_tfidf__compare,-0.00401450595909745
terms_abstract_tfidf__comparing,0.007679208058721821
terms_abstract_tfidf__comparisons,-0.06513907821842146
terms_abstract_tfidf__compatible,0.07197451840169711
terms_abstract_tfidf__compensate,0.0026599520890482897
terms_abstract_tfidf__compensation,-0.052079025564838455
terms_abstract_tfidf__compensatory,-0.006351789294680588
terms_abstract_tfidf__competing,-0.07043566259635865
terms_abstract_tfidf__competition,-0.01961797721613629
terms_abstract_tfidf__complementary,0.05395258523857402
terms_abstract_tfidf__complete,0.06180677040679882
terms_abstract_tfidf__completed,-0.10505497307740526
terms_abstract_tfidf__completely,-0.060064572490741513
terms_abstract_tfidf__complex,0.14230906082925981
terms_abstract_tfidf__complexity,0.056699353815506594
terms_abstract_tfidf__component,-0.07118585238285266
terms_abstract_tfidf__component ica,-0.06846807477888202
terms_abstract_tfidf__components,-0.01787564459415252
terms_abstract_tfidf__composed,0.05477903731065393
terms_abstract_tfidf__comprehension,0.1533787381059651
terms_abstract_tfidf__comprehensive,-0.06794422372427504
terms_abstract_tfidf__comprised,-0.0019482066497614298
terms_abstract_tfidf__compromised,-0.016740162195989422
terms_abstract_tfidf__compulsive,-0.1409451268048777
terms_abstract_tfidf__compulsive disorder,-0.1237263257713685
terms_abstract_tfidf__computation,0.025423517333384577
terms_abstract_tfidf__computational,-0.0067619273134964025
terms_abstract_tfidf__computed,-0.06674806565437086
terms_abstract_tfidf__concentration,-0.13274485977896525
terms_abstract_tfidf__concept,0.06260059791181644
terms_abstract_tfidf__concepts,0.16000601364601316
terms_abstract_tfidf__conceptual,0.19255681384362627
terms_abstract_tfidf__concerning,0.030371685548282786
terms_abstract_tfidf__conclude,0.08569421795877016
terms_abstract_tfidf__conclusion,-0.05492928645099258
terms_abstract_tfidf__concomitant,0.03110210758025874
terms_abstract_tfidf__concrete,0.1417228443358156
terms_abstract_tfidf__concurrent,-0.01437199360629149
terms_abstract_tfidf__concurrently,0.005656311072693326
terms_abstract_tfidf__condition,-0.043183319330530594
terms_abstract_tfidf__conditioned,-0.12654761839822717
terms_abstract_tfidf__conditioning,-0.12841180599499724
terms_abstract_tfidf__conditions,-0.0355965836879961
terms_abstract_tfidf__conductance,-0.08238263465677688
terms_abstract_tfidf__conducted,-0.06085641980594625
terms_abstract_tfidf__confidence,0.014506737993239737
terms_abstract_tfidf__confirm,0.03187634082549303
terms_abstract_tfidf__confirmed,0.08115170627415326
terms_abstract_tfidf__conflict,-0.17748518167781038
terms_abstract_tfidf__conflicting,0.0007818911571976942
terms_abstract_tfidf__confounding,0.011924838667777693
terms_abstract_tfidf__congruency,0.011916661085260433
terms_abstract_tfidf__congruent,0.05758681209713219
terms_abstract_tfidf__congruent incongruent,0.035629156375247606
terms_abstract_tfidf__conjunction,0.02179882681294306
terms_abstract_tfidf__connected,-0.05415604943852216
terms_abstract_tfidf__connection,0.026161104791826564
terms_abstract_tfidf__connections,-0.018164087922195624
terms_abstract_tfidf__connectivity,-0.061582460900667886
terms_abstract_tfidf__connectivity amygdala,0.031797864829812936
terms_abstract_tfidf__connectivity analyses,-0.016901738241669663
terms_abstract_tfidf__connectivity anterior,-0.05487970969629141
terms_abstract_tfidf__connectivity fc,-0.011859335443765693
terms_abstract_tfidf__connectivity networks,-0.06809872487757548
terms_abstract_tfidf__connectivity patterns,0.010576513397328432
terms_abstract_tfidf__connectivity posterior,0.02478796994965129
terms_abstract_tfidf__connectivity rsfc,0.03830473965958249
terms_abstract_tfidf__connectivity using,-0.0709938010986722
terms_abstract_tfidf__conscious,-0.11251289437829193
terms_abstract_tfidf__consciousness,-0.020887215508509086
terms_abstract_tfidf__consecutive,0.042885981767663416
terms_abstract_tfidf__consequence,-0.06959956522993822
terms_abstract_tfidf__consequences,-0.07525264641380994
terms_abstract_tfidf__consequently,0.08896915609948361
terms_abstract_tfidf__consider,0.010992106606752077
terms_abstract_tfidf__considerable,0.05800465106828878
terms_abstract_tfidf__considered,0.06706995802107092
terms_abstract_tfidf__considering,-0.029869540173356596
terms_abstract_tfidf__consisted,0.038500460665976996
terms_abstract_tfidf__consistency,-0.01801728631083209
terms_abstract_tfidf__consistently,0.010142979141077415
terms_abstract_tfidf__consisting,-0.023695431071340655
terms_abstract_tfidf__consists,0.02491463928001392
terms_abstract_tfidf__consolidation,0.06578560968647205
terms_abstract_tfidf__constant,0.04974021577972097
terms_abstract_tfidf__constitute,-0.004080491830224606
terms_abstract_tfidf__constrained,0.03319099095515504
terms_abstract_tfidf__constraints,0.08877606373905855
terms_abstract_tfidf__construct,0.07578938169325966
terms_abstract_tfidf__constructed,-0.028155365999634963
terms_abstract_tfidf__construction,0.11229880804424909
terms_abstract_tfidf__consumption,-0.07255408341365015
terms_abstract_tfidf__contain,0.08813820851528657
terms_abstract_tfidf__contained,0.08898107425547155
terms_abstract_tfidf__containing,0.08584200442517523
terms_abstract_tfidf__contains,0.07905860703778682
terms_abstract_tfidf__content,0.14696516974405455
terms_abstract_tfidf__contents,0.0822181710927977
terms_abstract_tfidf__context,-0.02152529792815157
terms_abstract_tfidf__contexts,0.010694348394553377
terms_abstract_tfidf__contextual,-0.004706329309152053
terms_abstract_tfidf__contingent,-0.044702515701462796
terms_abstract_tfidf__continuous,-0.0031246624239373833
terms_abstract_tfidf__continuously,0.08122558679583983
terms_abstract_tfidf__contralateral,0.037577820646159645
terms_abstract_tfidf__contrary,0.03509896336687774
terms_abstract_tfidf__contrast,0.009837569335847134
terms_abstract_tfidf__contrasted,0.013385229906642045
terms_abstract_tfidf__contrasting,0.026358163392780676
terms_abstract_tfidf__contrasts,0.021703452738391995
terms_abstract_tfidf__contribute,-0.07741654185584881
terms_abstract_tfidf__contributed,-0.037922692236074695
terms_abstract_tfidf__contributes,0.01509525264877578
terms_abstract_tfidf__contributing,-0.05969130522393805
terms_abstract_tfidf__contribution,-0.07406290935883068
terms_abstract_tfidf__contributions,-0.01252012971163639
terms_abstract_tfidf__control,-0.1715043537743469
terms_abstract_tfidf__control condition,-0.04880906233358186
terms_abstract_tfidf__control conditions,0.04436220833103285
terms_abstract_tfidf__control group,-0.004950762455997665
terms_abstract_tfidf__control groups,-0.05698814769148466
terms_abstract_tfidf__control network,-0.07743664289246359
terms_abstract_tfidf__control processes,-0.15489773590306397
terms_abstract_tfidf__control task,0.007116308682161306
terms_abstract_tfidf__controlled,-0.15941767203227988
terms_abstract_tfidf__controlling,-0.012893189614237443
terms_abstract_tfidf__controls,-0.06816018271378714
terms_abstract_tfidf__controls hc,-0.026063726613157062
terms_abstract_tfidf__controls hcs,-0.005789867536169118
terms_abstract_tfidf__controls using,0.022779585942866908
terms_abstract_tfidf__controversial,0.08390754526075313
terms_abstract_tfidf__conventional,0.05243961525662358
terms_abstract_tfidf__convergence,0.03368755064473535
terms_abstract_tfidf__converging,0.09247741960940749
terms_abstract_tfidf__conversely,0.006212465274555207
terms_abstract_tfidf__conveyed,0.1516364973302062
terms_abstract_tfidf__coordinates,0.10625962013616753
terms_abstract_tfidf__coordination,0.026008151688504837
terms_abstract_tfidf__core,0.035108404969275364
terms_abstract_tfidf__corpus,-0.008651665307502828
terms_abstract_tfidf__corpus callosum,-0.015676422108520008
terms_abstract_tfidf__correct,-0.15484096641788792
terms_abstract_tfidf__corrected,-0.018222880799708713
terms_abstract_tfidf__correction,-0.027420735540858197
terms_abstract_tfidf__correctly,0.02586214623036249
terms_abstract_tfidf__correlate,-0.06288435698057313
terms_abstract_tfidf__correlated,-0.11978163643140954
terms_abstract_tfidf__correlated negatively,-0.04606855132301791
terms_abstract_tfidf__correlated positively,-0.04141770423498763
terms_abstract_tfidf__correlates,-0.06891348653334405
terms_abstract_tfidf__correlating,0.009417988145557431
terms_abstract_tfidf__correlation,-0.048980633187583306
terms_abstract_tfidf__correlation analyses,-0.0316157127887775
terms_abstract_tfidf__correlations,-0.0741911407093252
terms_abstract_tfidf__correspond,0.06279860668401507
terms_abstract_tfidf__corresponded,0.002042412953449938
terms_abstract_tfidf__correspondence,0.06066637684071814
terms_abstract_tfidf__corresponding,0.07063820474105512
terms_abstract_tfidf__cortex acc,-0.20297102284489169
terms_abstract_tfidf__cortex amygdala,-0.08964246514869147
terms_abstract_tfidf__cortex anterior,-0.13504667324677877
terms_abstract_tfidf__cortex ba,-0.05574250133401154
terms_abstract_tfidf__cortex bilaterally,0.0076590138390348166
terms_abstract_tfidf__cortex cerebellum,0.024605362040789197
terms_abstract_tfidf__cortex dacc,-0.15152511414112946
terms_abstract_tfidf__cortex dlpfc,-0.1714500883874253
terms_abstract_tfidf__cortex dmpfc,0.04009463556304262
terms_abstract_tfidf__cortex dorsal,-0.06284384641325287
terms_abstract_tfidf__cortex dorsolateral,-0.05826108729628022
terms_abstract_tfidf__cortex frontal,-0.08704230212372828
terms_abstract_tfidf__cortex hippocampus,0.010801892454686367
terms_abstract_tfidf__cortex inferior,-0.0355022426221226
terms_abstract_tfidf__cortex insula,-0.15409629005259987
terms_abstract_tfidf__cortex involved,-0.008293929349701405
terms_abstract_tfidf__cortex lateral,-0.02338673356133395
terms_abstract_tfidf__cortex m1,0.06291990321947333
terms_abstract_tfidf__cortex medial,-0.07122137953148157
terms_abstract_tfidf__cortex middle,-0.07514345054768154
terms_abstract_tfidf__cortex mpfc,0.023812471390430027
terms_abstract_tfidf__cortex ofc,-0.06819607528332107
terms_abstract_tfidf__cortex parietal,-0.019287451431531676
terms_abstract_tfidf__cortex pcc,-0.005791872061361039
terms_abstract_tfidf__cortex pfc,-0.1195448785065503
terms_abstract_tfidf__cortex posterior,0.06414052670478654
terms_abstract_tfidf__cortex ppc,0.08429760489597357
terms_abstract_tfidf__cortex precuneus,0.020269724803756658
terms_abstract_tfidf__cortex suggest,0.0557468545129528
terms_abstract_tfidf__cortex superior,0.08866782619551922
terms_abstract_tfidf__cortex supplementary,0.014358337249390979
terms_abstract_tfidf__cortex thalamus,-0.19138823920974393
terms_abstract_tfidf__cortex ventral,-0.08832408880492784
terms_abstract_tfidf__cortex vlpfc,-0.03984955379078194
terms_abstract_tfidf__cortex vmpfc,-0.05592155950213243
terms_abstract_tfidf__cortical,0.058146162327166566
terms_abstract_tfidf__cortical involved,0.1034854486790296
terms_abstract_tfidf__cortical network,0.013226512970330931
terms_abstract_tfidf__cortical networks,0.04550884815967135
terms_abstract_tfidf__cortical subcortical,-0.15728875732806552
terms_abstract_tfidf__cortical thickness,0.08827231188916299
terms_abstract_tfidf__cortices,-0.07110272623520032
terms_abstract_tfidf__cortico,-0.12949003970577594
terms_abstract_tfidf__cost,-0.01328337162221894
terms_abstract_tfidf__costs,0.0004581977336106541
terms_abstract_tfidf__coupled,-0.04645099266543498
terms_abstract_tfidf__coupling,-0.029190105606469955
terms_abstract_tfidf__course,-0.00888797275562407
terms_abstract_tfidf__courses,-0.07219709613627373
terms_abstract_tfidf__covariance,-0.05431561505535541
terms_abstract_tfidf__covaried,-0.04026192189107177
terms_abstract_tfidf__covert,0.04940587172210431
terms_abstract_tfidf__craving,-0.041597041518504824
terms_abstract_tfidf__created,0.05581282446350825
terms_abstract_tfidf__criteria,-0.059621643794338514
terms_abstract_tfidf__critical,-0.04807648579802694
terms_abstract_tfidf__critical role,-0.009052107613379257
terms_abstract_tfidf__critically,0.08039782194899328
terms_abstract_tfidf__cross,0.02996841746426199
terms_abstract_tfidf__cross modal,0.04475774951287447
terms_abstract_tfidf__cross sectional,0.024144730162424115
terms_abstract_tfidf__crossover,-0.11469441643410702
terms_abstract_tfidf__crucial,0.014651141547453695
terms_abstract_tfidf__crucial role,-0.033937361881886174
terms_abstract_tfidf__crucially,0.01705308440791939
terms_abstract_tfidf__crus,0.029904607388171002
terms_abstract_tfidf__cue,-0.09155176356738084
terms_abstract_tfidf__cued,-0.009956064936066837
terms_abstract_tfidf__cues,-0.011337767259757967
terms_abstract_tfidf__cuneus,-0.057638801510103095
terms_abstract_tfidf__current,-0.06339691769790305
terms_abstract_tfidf__current functional,-0.04390434386429618
terms_abstract_tfidf__currently,-0.005789007220763253
terms_abstract_tfidf__dacc,-0.17543419209539346
terms_abstract_tfidf__daily,0.02830175691331686
terms_abstract_tfidf__daily life,0.055628360014208914
terms_abstract_tfidf__damage,0.08150001782480132
terms_abstract_tfidf__dataset,-0.10020134191052069
terms_abstract_tfidf__datasets,-0.036017700896358744
terms_abstract_tfidf__date,0.06367881742084136
terms_abstract_tfidf__day,0.04702597039949173
terms_abstract_tfidf__days,0.022596507049702213
terms_abstract_tfidf__deactivated,-0.046898198133576416
terms_abstract_tfidf__deactivation,-0.09075833216324462
terms_abstract_tfidf__deactivations,-0.07529161625561426
terms_abstract_tfidf__debate,0.006250259493640895
terms_abstract_tfidf__debated,0.04530979795776304
terms_abstract_tfidf__decision,-0.177745849208319
terms_abstract_tfidf__decision making,-0.22554142733229118
terms_abstract_tfidf__decision task,0.04837172919085895
terms_abstract_tfidf__decisions,-0.11010087699015039
terms_abstract_tfidf__decline,-0.02231748192850579
terms_abstract_tfidf__declines,-0.0102523552002926
terms_abstract_tfidf__decoding,0.11952361082286928
terms_abstract_tfidf__decreases,-0.013443912543551038
terms_abstract_tfidf__decreasing,-0.019264514624946914
terms_abstract_tfidf__deep,0.08080894610648696
terms_abstract_tfidf__default,-0.027067333245232573
terms_abstract_tfidf__default mode,-0.040706248278839265
terms_abstract_tfidf__default network,0.020902063628266167
terms_abstract_tfidf__deficient,-0.06606372142268267
terms_abstract_tfidf__deficit,0.013956447721506452
terms_abstract_tfidf__deficit hyperactivity,-0.09183978253167596
terms_abstract_tfidf__deficits,0.05908655688312707
terms_abstract_tfidf__define,-0.053072187383988084
terms_abstract_tfidf__defined,0.04677802848734682
terms_abstract_tfidf__degree,0.058888542980627664
terms_abstract_tfidf__degrees,-0.05218829747737441
terms_abstract_tfidf__delay,-0.09755539695262515
terms_abstract_tfidf__delayed,-0.04195856111484546
terms_abstract_tfidf__delivered,-0.1307099702494155
terms_abstract_tfidf__demand,0.014982636872684378
terms_abstract_tfidf__demanding,-0.07169003173523064
terms_abstract_tfidf__demands,0.007667510834051953
terms_abstract_tfidf__dementia,0.08310269741943861
terms_abstract_tfidf__demonstrate,0.004108328001688181
terms_abstract_tfidf__demonstrated,-0.09378705198680556
terms_abstract_tfidf__demonstrates,0.012037790717940254
terms_abstract_tfidf__demonstrating,0.04521271135485341
terms_abstract_tfidf__density,0.026914369893586577
terms_abstract_tfidf__depend,0.00942825928091259
terms_abstract_tfidf__depended,0.06279697791652376
terms_abstract_tfidf__dependence,-0.05368971180651298
terms_abstract_tfidf__depending,0.07268937384476738
terms_abstract_tfidf__depends,0.06139929010649537
terms_abstract_tfidf__depicting,0.07332483730177469
terms_abstract_tfidf__depressed,-0.06649151391621971
terms_abstract_tfidf__depression,-0.059028037493249905
terms_abstract_tfidf__depressive,-0.03907870950539717
terms_abstract_tfidf__depressive disorder,-0.04332757007665184
terms_abstract_tfidf__deprivation,0.042338330238357806
terms_abstract_tfidf__depth,0.12041552623842512
terms_abstract_tfidf__derived,0.01956556625619472
terms_abstract_tfidf__described,-0.06561925761170906
terms_abstract_tfidf__describing,0.12914653411118981
terms_abstract_tfidf__design,-0.08291184549273434
terms_abstract_tfidf__designed,0.048052950363195304
terms_abstract_tfidf__designs,-0.03770338713861018
terms_abstract_tfidf__despite,0.009485479789803915
terms_abstract_tfidf__detailed,0.01926994844506463
terms_abstract_tfidf__details,0.05652445108199662
terms_abstract_tfidf__detect,-0.03251977497597926
terms_abstract_tfidf__detected,-0.05155446501856855
terms_abstract_tfidf__detecting,-0.03592089706380839
terms_abstract_tfidf__detection,-0.023997423326502995
terms_abstract_tfidf__detection task,0.05562936101792639
terms_abstract_tfidf__determine,-0.02041568059805506
terms_abstract_tfidf__determined,-0.05862033941525619
terms_abstract_tfidf__determining,-0.00980733472256642
terms_abstract_tfidf__develop,-0.019492153151088862
terms_abstract_tfidf__developed,-0.050410251519240876
terms_abstract_tfidf__developing,0.0288631803140158
terms_abstract_tfidf__development,-0.00034980259160824744
terms_abstract_tfidf__developmental,-0.0022504350737619925
terms_abstract_tfidf__diagnosed,0.02385535323697918
terms_abstract_tfidf__diagnosis,-0.03141216717146142
terms_abstract_tfidf__diagnostic,-0.06816312523174095
terms_abstract_tfidf__did,0.011163763005098285
terms_abstract_tfidf__did differ,-0.023618702800748154
terms_abstract_tfidf__differ,-0.03428648346459868
terms_abstract_tfidf__differed,-0.005614250958099482
terms_abstract_tfidf__difference,-0.008223902120324983
terms_abstract_tfidf__differential,-0.04835037277621027
terms_abstract_tfidf__differentially,-0.03214424083306894
terms_abstract_tfidf__differentiate,-0.067183998538276
terms_abstract_tfidf__differentiated,-0.028487344489839278
terms_abstract_tfidf__differentiation,0.03251482393308064
terms_abstract_tfidf__differently,0.051974798009272634
terms_abstract_tfidf__differing,-0.051124643841594965
terms_abstract_tfidf__differs,-0.04073363180342258
terms_abstract_tfidf__difficult,-0.0012293025033111205
terms_abstract_tfidf__difficulties,0.023705413430642846
terms_abstract_tfidf__difficulty,-0.01807101769056641
terms_abstract_tfidf__diffusion,-0.0037720633496742518
terms_abstract_tfidf__diffusion tensor,-0.00743044358647237
terms_abstract_tfidf__digit,0.06581516795267342
terms_abstract_tfidf__dimension,0.037302965089951644
terms_abstract_tfidf__dimensional,0.11483369738254416
terms_abstract_tfidf__dimensions,-0.03746281416929808
terms_abstract_tfidf__diminished,-0.05495931011547367
terms_abstract_tfidf__direct,0.07492829297860629
terms_abstract_tfidf__direct evidence,-0.050046754155211745
terms_abstract_tfidf__directed,0.03677291093986107
terms_abstract_tfidf__direction,0.08815760818541331
terms_abstract_tfidf__directions,0.146672385089864
terms_abstract_tfidf__directly,0.01744614785064077
terms_abstract_tfidf__disability,0.03267983072193912
terms_abstract_tfidf__discrete,-0.01095431989885824
terms_abstract_tfidf__discriminate,-0.048335728025184176
terms_abstract_tfidf__discriminated,0.038687532476114575
terms_abstract_tfidf__discrimination,0.03334249976722038
terms_abstract_tfidf__discrimination task,0.036509745435934604
terms_abstract_tfidf__discriminative,-0.10384439153163887
terms_abstract_tfidf__discuss,0.1397196125497403
terms_abstract_tfidf__discussed,0.04160626372674083
terms_abstract_tfidf__discussion,0.013006246769372735
terms_abstract_tfidf__disease,-0.044900367103566846
terms_abstract_tfidf__disease ad,0.05161130055931013
terms_abstract_tfidf__disease pd,-0.058508218863140865
terms_abstract_tfidf__diseases,-0.036091466768805446
terms_abstract_tfidf__disentangle,0.006861984409448048
terms_abstract_tfidf__disgust,-0.02078200658649713
terms_abstract_tfidf__disorder,-0.10957467178388362
terms_abstract_tfidf__disorder adhd,-0.07832456939415272
terms_abstract_tfidf__disorder mdd,-0.04008200984891378
terms_abstract_tfidf__disorder ocd,-0.10942974276757426
terms_abstract_tfidf__disorder ptsd,-0.04278948482613815
terms_abstract_tfidf__disorders,-0.09191735485659644
terms_abstract_tfidf__display,0.00869875747604606
terms_abstract_tfidf__displayed,-0.052570453166029825
terms_abstract_tfidf__displays,0.09527320314916517
terms_abstract_tfidf__disrupted,-0.0747468275447692
terms_abstract_tfidf__disruption,-0.04104966483175328
terms_abstract_tfidf__dissociable,-0.08437845568380416
terms_abstract_tfidf__dissociate,-0.08120504726111503
terms_abstract_tfidf__dissociated,0.00040642186158674386
terms_abstract_tfidf__dissociation,0.07699074575547904
terms_abstract_tfidf__distance,0.04190413146954844
terms_abstract_tfidf__distinction,0.1394922644273084
terms_abstract_tfidf__distinguish,0.009873765894697557
terms_abstract_tfidf__distinguished,-0.03628319929643287
terms_abstract_tfidf__distraction,-0.05515697150517077
terms_abstract_tfidf__distractor,-0.01280663093682103
terms_abstract_tfidf__distractors,-0.027485505373829124
terms_abstract_tfidf__distress,-0.048665508720040836
terms_abstract_tfidf__distributed,0.009152840860370073
terms_abstract_tfidf__distributed network,0.03982058358238987
terms_abstract_tfidf__distribution,0.03680191590890867
terms_abstract_tfidf__disturbances,-0.05218638823566029
terms_abstract_tfidf__disturbed,-0.07338975747419418
terms_abstract_tfidf__divergent,-0.024254770641004786
terms_abstract_tfidf__diverse,-0.024670090557991062
terms_abstract_tfidf__divided,0.03680812047937938
terms_abstract_tfidf__dlpfc,-0.17481198236063064
terms_abstract_tfidf__dmn,-0.0041912259336580535
terms_abstract_tfidf__dmpfc,0.040405832913941446
terms_abstract_tfidf__documented,-0.0022557530640119473
terms_abstract_tfidf__does,0.08320903449710489
terms_abstract_tfidf__domain,0.02383189301865297
terms_abstract_tfidf__domain general,0.005426764550865714
terms_abstract_tfidf__domains,-0.011189494349215541
terms_abstract_tfidf__dominance,0.05711942485291515
terms_abstract_tfidf__dominant,0.05565783966495544
terms_abstract_tfidf__dopamine,-0.2085711647776071
terms_abstract_tfidf__dopaminergic,-0.14800251602940845
terms_abstract_tfidf__dorsal,-0.02598509034287026
terms_abstract_tfidf__dorsal anterior,-0.20286507579230634
terms_abstract_tfidf__dorsal attention,0.03910705641459805
terms_abstract_tfidf__dorsal medial,0.058307692871275865
terms_abstract_tfidf__dorsal premotor,0.1152475072531231
terms_abstract_tfidf__dorsal striatum,-0.2180354281560346
terms_abstract_tfidf__dorsal ventral,0.0639637626714616
terms_abstract_tfidf__dorsolateral,-0.1733058616906519
terms_abstract_tfidf__dorsolateral pfc,-0.03982530178473332
terms_abstract_tfidf__dorsolateral prefrontal,-0.17914606015358922
terms_abstract_tfidf__dorsomedial,0.014942646160510909
terms_abstract_tfidf__dorsomedial prefrontal,0.04398635528003087
terms_abstract_tfidf__dose,-0.07198968800603858
terms_abstract_tfidf__dot,0.09368932445225182
terms_abstract_tfidf__double,-0.07868864749647757
terms_abstract_tfidf__double blind,-0.09868743675492389
terms_abstract_tfidf__drive,-0.07469385444459292
terms_abstract_tfidf__driven,-0.03230086653355026
terms_abstract_tfidf__driving,-0.02197654659205128
terms_abstract_tfidf__drug,-0.15271861499652392
terms_abstract_tfidf__drugs,-0.11094255058859855
terms_abstract_tfidf__dti,-0.008263342223047159
terms_abstract_tfidf__dual,0.0047320985629002235
terms_abstract_tfidf__duration,-0.08080932799803771
terms_abstract_tfidf__dynamic,0.10324138652966898
terms_abstract_tfidf__dynamic causal,0.06932363235108495
terms_abstract_tfidf__dynamically,-0.020595303481495433
terms_abstract_tfidf__dynamics,-0.034111037896877666
terms_abstract_tfidf__dysfunction,-0.13745772624100347
terms_abstract_tfidf__dysfunctional,-0.06826112989125191
terms_abstract_tfidf__dysfunctions,-0.058528861483573384
terms_abstract_tfidf__dyslexia,0.07937075473686095
terms_abstract_tfidf__dysregulation,-0.06268922010153694
terms_abstract_tfidf__earlier,-0.013069945518530454
terms_abstract_tfidf__early,0.028946597116756907
terms_abstract_tfidf__early stage,-0.051774213893699704
terms_abstract_tfidf__early stages,0.010842468454281717
terms_abstract_tfidf__early visual,0.11825041265321089
terms_abstract_tfidf__easy,0.012642484573708705
terms_abstract_tfidf__eating,-0.06143431409892874
terms_abstract_tfidf__echo,-0.034645462805072615
terms_abstract_tfidf__economic,-0.14039213587381233
terms_abstract_tfidf__education,0.06547431352733901
terms_abstract_tfidf__eeg,0.020889780788204394
terms_abstract_tfidf__effect,-0.04447512976308822
terms_abstract_tfidf__effective,0.06691806610074347
terms_abstract_tfidf__effective connectivity,0.03282379520270596
terms_abstract_tfidf__effectively,-0.0743275366123784
terms_abstract_tfidf__effects,-0.01570521066905788
terms_abstract_tfidf__efficacy,-0.11259835471629301
terms_abstract_tfidf__efficiency,0.025849973352810234
terms_abstract_tfidf__efficient,0.03158108223387475
terms_abstract_tfidf__effort,-0.08355515958713773
terms_abstract_tfidf__effortful,-0.05002841542072504
terms_abstract_tfidf__eighteen,-0.11354347281361461
terms_abstract_tfidf__elderly,0.049057774843572786
terms_abstract_tfidf__electrical,-0.10140334704229663
terms_abstract_tfidf__electroencephalography,-0.014854386009235502
terms_abstract_tfidf__electroencephalography eeg,0.008783850706587389
terms_abstract_tfidf__electrophysiological,0.019997585801757006
terms_abstract_tfidf__elements,0.05319772185561338
terms_abstract_tfidf__elevated,-0.05387801863439541
terms_abstract_tfidf__elicit,-0.1036711626309006
terms_abstract_tfidf__elicited,0.09142390925798953
terms_abstract_tfidf__elicits,0.06714580059768806
terms_abstract_tfidf__elucidate,-0.04401684222785211
terms_abstract_tfidf__elucidated,-0.027890840539012206
terms_abstract_tfidf__elusive,-0.03780787145633857
terms_abstract_tfidf__embedded,0.08639985787508976
terms_abstract_tfidf__emerge,0.059483351343214946
terms_abstract_tfidf__emerged,0.0847463154272327
terms_abstract_tfidf__emergence,0.007965579128677416
terms_abstract_tfidf__emerging,0.05184932999315357
terms_abstract_tfidf__emission,-0.04412266616000226
terms_abstract_tfidf__emission tomography,-0.0578324482882259
terms_abstract_tfidf__emotion,0.002790254436109614
terms_abstract_tfidf__emotion regulation,-0.04980648296884013
terms_abstract_tfidf__emotional,-0.003220421005472793
terms_abstract_tfidf__emotional faces,0.023679756276846438
terms_abstract_tfidf__emotional information,0.011794285973167892
terms_abstract_tfidf__emotional responses,-0.05315211279814112
terms_abstract_tfidf__emotional stimuli,0.02045227220217895
terms_abstract_tfidf__emotional valence,0.062498779234726125
terms_abstract_tfidf__emotionally,0.06319682123303495
terms_abstract_tfidf__emotions,0.06553514886509383
terms_abstract_tfidf__empathic,-0.007196384244875439
terms_abstract_tfidf__empathy,0.04105243816931591
terms_abstract_tfidf__emphasize,-0.019934005148655617
terms_abstract_tfidf__empirical,0.002637613677164919
terms_abstract_tfidf__employed,-0.016308583593788745
terms_abstract_tfidf__employing,-0.05210638406819252
terms_abstract_tfidf__enable,-0.027696298605320222
terms_abstract_tfidf__enabled,-0.01719099550692099
terms_abstract_tfidf__enables,0.01631047454842821
terms_abstract_tfidf__encode,0.07672892314756403
terms_abstract_tfidf__encoded,0.03341347334896296
terms_abstract_tfidf__encoding,0.07173965059698402
terms_abstract_tfidf__encoding retrieval,-0.021287722468880034
terms_abstract_tfidf__encompassing,-0.02592603172621127
terms_abstract_tfidf__end,-0.04865910974047382
terms_abstract_tfidf__endogenous,-0.07100499870470822
terms_abstract_tfidf__engage,0.0025366853774271203
terms_abstract_tfidf__engaged,0.045316170303286656
terms_abstract_tfidf__engagement,-0.04167418994894566
terms_abstract_tfidf__engages,0.07016233863053942
terms_abstract_tfidf__engaging,0.0033947268225692187
terms_abstract_tfidf__english,0.06737067221228471
terms_abstract_tfidf__enhance,0.022291642781095272
terms_abstract_tfidf__enhancement,0.06083600253744906
terms_abstract_tfidf__enhances,0.03380073616673966
terms_abstract_tfidf__enhancing,-0.13251767560174002
terms_abstract_tfidf__entire,-0.09359190763303465
terms_abstract_tfidf__environment,0.04896705897027453
terms_abstract_tfidf__environmental,-0.032788385222353084
terms_abstract_tfidf__environments,-0.04550125267695548
terms_abstract_tfidf__epilepsy,0.00020736177041576773
terms_abstract_tfidf__episode,0.010836876992822535
terms_abstract_tfidf__episodes,-0.013913412031934035
terms_abstract_tfidf__episodic,0.02151677829912163
terms_abstract_tfidf__episodic memory,0.032063469094713505
terms_abstract_tfidf__equal,-0.09914824644054007
terms_abstract_tfidf__equally,0.04327175983754559
terms_abstract_tfidf__equivalent,0.15575637510847448
terms_abstract_tfidf__erp,0.004215764649069763
terms_abstract_tfidf__error,-0.23952330977602976
terms_abstract_tfidf__errors,-0.2129783169372811
terms_abstract_tfidf__especially,0.004242899940604701
terms_abstract_tfidf__essential,0.011258399697094443
terms_abstract_tfidf__establish,-0.024488908836849087
terms_abstract_tfidf__established,0.0558427274974705
terms_abstract_tfidf__estimate,-0.028137453451300382
terms_abstract_tfidf__estimated,0.02168606974654335
terms_abstract_tfidf__estimates,-0.037624228427422586
terms_abstract_tfidf__estimation,-0.09474738060900686
terms_abstract_tfidf__et,0.005101576155044863
terms_abstract_tfidf__et al,0.010718152386589038
terms_abstract_tfidf__evaluate,-0.0017124253968644895
terms_abstract_tfidf__evaluated,-0.035039653137782865
terms_abstract_tfidf__evaluating,-0.006235681392920602
terms_abstract_tfidf__evaluation,-0.04571214842383958
terms_abstract_tfidf__evaluations,0.029485069360334095
terms_abstract_tfidf__event,-0.07588373305316296
terms_abstract_tfidf__event design,-0.030623019593940554
terms_abstract_tfidf__event functional,-0.08734138519255073
terms_abstract_tfidf__event potential,-0.03645362298161873
terms_abstract_tfidf__event potentials,0.007603206644125971
terms_abstract_tfidf__events,-0.048528255448395924
terms_abstract_tfidf__everyday,0.06109984754401055
terms_abstract_tfidf__everyday life,-0.0052768919781041425
terms_abstract_tfidf__evidence,-0.0172110175459902
terms_abstract_tfidf__evidence suggests,0.073176089721607
terms_abstract_tfidf__evidenced,0.009147171291716896
terms_abstract_tfidf__evident,0.04424301412975835
terms_abstract_tfidf__evoke,0.004798865667300915
terms_abstract_tfidf__evoked,0.04186481163656944
terms_abstract_tfidf__evolution,0.05012297267455753
terms_abstract_tfidf__exact,-0.0032002066094808596
terms_abstract_tfidf__examination,-0.10471965615341687
terms_abstract_tfidf__examining,-0.1197975183410811
terms_abstract_tfidf__example,0.049176181140354096
terms_abstract_tfidf__excessive,-0.13610023168781754
terms_abstract_tfidf__exclusively,0.02828121408421299
terms_abstract_tfidf__executed,0.0718368743599507
terms_abstract_tfidf__execution,0.04101548959855129
terms_abstract_tfidf__executive,-0.16942813245604812
terms_abstract_tfidf__executive control,-0.0687324160064214
terms_abstract_tfidf__executive function,-0.08886831689645269
terms_abstract_tfidf__executive functions,-0.15036436548772522
terms_abstract_tfidf__exert,-0.0015971675010834384
terms_abstract_tfidf__exhibit,0.0246152538567857
terms_abstract_tfidf__exhibited,-0.05652727689231371
terms_abstract_tfidf__exhibited greater,-0.040604411816003626
terms_abstract_tfidf__exhibiting,0.00497798593036036
terms_abstract_tfidf__exist,-0.029615509836778346
terms_abstract_tfidf__existence,0.0016797988491264878
terms_abstract_tfidf__existing,-0.03312983621135707
terms_abstract_tfidf__exists,-0.060849635364240415
terms_abstract_tfidf__expectancy,-0.13606819544874327
terms_abstract_tfidf__expectation,-0.12065175328291593
terms_abstract_tfidf__expectations,-0.03554837399406834
terms_abstract_tfidf__expected,-0.09662732827663531
terms_abstract_tfidf__experience,-0.0076228512307413895
terms_abstract_tfidf__experienced,-0.07371632365939057
terms_abstract_tfidf__experiences,0.007312975256612496
terms_abstract_tfidf__experiencing,-0.032317007479893474
terms_abstract_tfidf__experiment,0.02267460084562882
terms_abstract_tfidf__experimental,-0.011540673647238753
terms_abstract_tfidf__experimental conditions,0.10841858726716459
terms_abstract_tfidf__experimentally,0.000135771697846619
terms_abstract_tfidf__experiments,0.12710949936214108
terms_abstract_tfidf__expertise,0.1568656702993882
terms_abstract_tfidf__explain,-0.04721872779689759
terms_abstract_tfidf__explained,0.02658998824009251
terms_abstract_tfidf__explanation,0.01847143789273121
terms_abstract_tfidf__explicit,0.11279957182543603
terms_abstract_tfidf__explicitly,0.010906773720466069
terms_abstract_tfidf__exploration,0.05851010568562325
terms_abstract_tfidf__exploratory,-0.04062513756255463
terms_abstract_tfidf__explore,0.032947610349377765
terms_abstract_tfidf__explored,0.0365884235360866
terms_abstract_tfidf__exploring,-0.05348923803072339
terms_abstract_tfidf__exposed,0.006056054482037391
terms_abstract_tfidf__exposure,0.012319778750868683
terms_abstract_tfidf__expressed,0.06105257688579169
terms_abstract_tfidf__expression,0.017055236980710615
terms_abstract_tfidf__expressions,0.08900272426682505
terms_abstract_tfidf__extend,0.037650287920221036
terms_abstract_tfidf__extended,0.03727069762911479
terms_abstract_tfidf__extending,0.07602345499429985
terms_abstract_tfidf__extends,0.07798333058390206
terms_abstract_tfidf__extension,0.04037785391638444
terms_abstract_tfidf__extensive,0.06102786700605448
terms_abstract_tfidf__extensively,0.056408957060239115
terms_abstract_tfidf__extent,-0.005206982599467388
terms_abstract_tfidf__external,-0.07404405823320206
terms_abstract_tfidf__externally,-0.07518234320678409
terms_abstract_tfidf__extinction,-0.10398765672633518
terms_abstract_tfidf__extra,0.0187789391401528
terms_abstract_tfidf__extract,0.06667999247973302
terms_abstract_tfidf__extracted,0.04842767709811185
terms_abstract_tfidf__extrastriate,0.1368567165440958
terms_abstract_tfidf__eye,0.07074018164565389
terms_abstract_tfidf__eye field,0.027904465607130495
terms_abstract_tfidf__eye fields,0.038902823313364025
terms_abstract_tfidf__eye movement,0.027887174138783596
terms_abstract_tfidf__eye movements,0.10442370563781675
terms_abstract_tfidf__eyes,0.10370820069051517
terms_abstract_tfidf__fa,-0.008277601300332274
terms_abstract_tfidf__face,0.15203440624677605
terms_abstract_tfidf__face ffa,0.14762458599455464
terms_abstract_tfidf__face recognition,0.15053472189076458
terms_abstract_tfidf__faces,0.12075676337099527
terms_abstract_tfidf__facial,0.08115641839284424
terms_abstract_tfidf__facial expression,0.061660087961479926
terms_abstract_tfidf__facial expressions,0.08162594878965033
terms_abstract_tfidf__facilitate,0.05620315510886779
terms_abstract_tfidf__facilitated,0.07616029636359586
terms_abstract_tfidf__facilitates,0.033789185811801244
terms_abstract_tfidf__facilitation,-0.04682548976930424
terms_abstract_tfidf__fact,0.03144898212949707
terms_abstract_tfidf__factor,-0.031138909588224545
terms_abstract_tfidf__factorial,0.10057986934326874
terms_abstract_tfidf__factorial design,0.134863467015492
terms_abstract_tfidf__factors,0.014357460084443777
terms_abstract_tfidf__failed,-0.10696531417578699
terms_abstract_tfidf__failure,-0.10799700190656465
terms_abstract_tfidf__false,-0.012508104670647129
terms_abstract_tfidf__familiar,0.15331540428198562
terms_abstract_tfidf__familiarity,0.1388067785513226
terms_abstract_tfidf__family,-0.09638909283187833
terms_abstract_tfidf__far,0.018592048167938174
terms_abstract_tfidf__fasciculus,0.0036623918688282824
terms_abstract_tfidf__fashion,-0.040919857683208716
terms_abstract_tfidf__fast,0.011404960944389328
terms_abstract_tfidf__faster,0.008782516755193261
terms_abstract_tfidf__fc,-0.013874581009150165
terms_abstract_tfidf__fear,-0.05314967142509832
terms_abstract_tfidf__fearful,0.04929590835702775
terms_abstract_tfidf__fearful faces,0.058264993832811106
terms_abstract_tfidf__feature,0.062456142579975976
terms_abstract_tfidf__features,0.13265496100819582
terms_abstract_tfidf__feedback,-0.16246769974035916
terms_abstract_tfidf__feeling,0.018671489044854286
terms_abstract_tfidf__feelings,0.007159246792706506
terms_abstract_tfidf__female,-0.07069543709674952
terms_abstract_tfidf__females,-0.11087862355505607
terms_abstract_tfidf__fewer,-0.06363192969006802
terms_abstract_tfidf__ffa,0.13858105007003405
terms_abstract_tfidf__fiber,0.010317424227273105
terms_abstract_tfidf__field,0.08989096239295714
terms_abstract_tfidf__fields,0.08192629933105552
terms_abstract_tfidf__final,0.027683145672113156
terms_abstract_tfidf__finally,0.02932540344874522
terms_abstract_tfidf__fine,0.0003197224913475418
terms_abstract_tfidf__finger,0.03716393622033616
terms_abstract_tfidf__finger movements,0.06574714095140857
terms_abstract_tfidf__finger tapping,-0.0005770372923838152
terms_abstract_tfidf__fixation,0.09113366731314858
terms_abstract_tfidf__fixed,0.0004993973771407306
terms_abstract_tfidf__flexibility,-0.048614362583695815
terms_abstract_tfidf__flexible,-0.03370971768541991
terms_abstract_tfidf__flexibly,-0.02374168696329396
terms_abstract_tfidf__flow,-0.009862553106617055
terms_abstract_tfidf__fluctuation,-0.04775980637070025
terms_abstract_tfidf__fluctuations,-0.005945539906605015
terms_abstract_tfidf__fluency,-0.056511390135870754
terms_abstract_tfidf__focal,0.06153889312517104
terms_abstract_tfidf__foci,0.07981662548773545
terms_abstract_tfidf__focus,-0.034118493468238587
terms_abstract_tfidf__focused,-0.07164014413361837
terms_abstract_tfidf__focusing,-0.06233435292564709
terms_abstract_tfidf__follow,-0.00679207068010313
terms_abstract_tfidf__followed,-0.03592898525759596
terms_abstract_tfidf__following,-0.04355183499360511
terms_abstract_tfidf__food,-0.11947813051692047
terms_abstract_tfidf__foot,-0.029197545418888707
terms_abstract_tfidf__force,-0.004598981979523308
terms_abstract_tfidf__form,0.16424136979934956
terms_abstract_tfidf__formation,0.04306261681871619
terms_abstract_tfidf__formed,0.058781942084771395
terms_abstract_tfidf__forms,0.042844584862266555
terms_abstract_tfidf__forward,0.02791548297201169
terms_abstract_tfidf__fourteen,-0.04004154264193496
terms_abstract_tfidf__fractional,-0.011313526770502196
terms_abstract_tfidf__fractional anisotropy,-0.024205191660965634
terms_abstract_tfidf__framework,-0.01694349501187506
terms_abstract_tfidf__free,-0.0673919668196994
terms_abstract_tfidf__frequencies,-0.04805866210472846
terms_abstract_tfidf__frequency,0.011151699882113687
terms_abstract_tfidf__frequency fluctuations,0.04400610881331534
terms_abstract_tfidf__frequent,-0.02659831847656762
terms_abstract_tfidf__frequently,-0.06515228847297364
terms_abstract_tfidf__frontal,-0.041566430106291984
terms_abstract_tfidf__frontal cortex,-0.12757446532395805
terms_abstract_tfidf__frontal cortices,-0.10094127810757784
terms_abstract_tfidf__frontal eye,0.034902983668188996
terms_abstract_tfidf__frontal gyri,-0.021647805077819552
terms_abstract_tfidf__frontal gyrus,0.004869038361195154
terms_abstract_tfidf__frontal lobe,-0.023347124434177562
terms_abstract_tfidf__frontal lobes,-0.059015070507795135
terms_abstract_tfidf__frontal operculum,-0.12799130524656296
terms_abstract_tfidf__frontal parietal,-0.041913333131981985
terms_abstract_tfidf__frontal temporal,0.04017573501759945
terms_abstract_tfidf__fronto,-0.04454669360585474
terms_abstract_tfidf__fronto parietal,0.008029015689152609
terms_abstract_tfidf__fronto striatal,-0.1954475279543781
terms_abstract_tfidf__fronto temporal,0.107649822298715
terms_abstract_tfidf__frontoparietal,-0.05805524456393871
terms_abstract_tfidf__frontoparietal network,-0.03809392062662459
terms_abstract_tfidf__frontopolar,-0.06409010733642644
terms_abstract_tfidf__frontotemporal,0.07169110242726497
terms_abstract_tfidf__fully,0.07021356846141864
terms_abstract_tfidf__function,-0.06976944221799247
terms_abstract_tfidf__functional abnormalities,-0.041742254907480285
terms_abstract_tfidf__functional connections,-0.030810666768333855
terms_abstract_tfidf__functional connectivity,-0.05891733332558459
terms_abstract_tfidf__functional coupling,-0.028227065711462676
terms_abstract_tfidf__functional magnetic,-0.12642586154503427
terms_abstract_tfidf__functional network,-0.12020297401225588
terms_abstract_tfidf__functional networks,-0.04628662420204663
terms_abstract_tfidf__functional neuroanatomy,0.0031406461426437505
terms_abstract_tfidf__functional organization,-0.022241684017725843
terms_abstract_tfidf__functional role,0.0069332789951482565
terms_abstract_tfidf__functional structural,-0.06274375061085544
terms_abstract_tfidf__functionally,0.010256018564855533
terms_abstract_tfidf__functionally connected,-0.09403568909296603
terms_abstract_tfidf__functioning,-0.020549404915014995
terms_abstract_tfidf__functions,-0.06526069432785414
terms_abstract_tfidf__fundamental,0.0284169427753935
terms_abstract_tfidf__furthermore,-0.023620697075046226
terms_abstract_tfidf__fusiform,0.1646722023667707
terms_abstract_tfidf__fusiform face,0.141890618566029
terms_abstract_tfidf__fusiform gyri,0.1148725391085868
terms_abstract_tfidf__fusiform gyrus,0.15621513548817903
terms_abstract_tfidf__future,-0.05313665897778664
terms_abstract_tfidf__gain,-0.19223677653649468
terms_abstract_tfidf__gains,-0.17615846971092325
terms_abstract_tfidf__gambling,-0.14402322899968378
terms_abstract_tfidf__game,-0.17100178153764153
terms_abstract_tfidf__gamma,0.050095988872595254
terms_abstract_tfidf__ganglia,-0.19389078745055324
terms_abstract_tfidf__gap,0.01601758194432771
terms_abstract_tfidf__gaze,0.17536867786725596
terms_abstract_tfidf__gender,-0.02881412411261239
terms_abstract_tfidf__gene,-0.07424992671905922
terms_abstract_tfidf__general,-0.11034337366381673
terms_abstract_tfidf__general linear,-0.010713076599418241
terms_abstract_tfidf__generalized,-0.05845903714417314
terms_abstract_tfidf__generally,0.019266905910378277
terms_abstract_tfidf__generate,0.04570016919937331
terms_abstract_tfidf__generated,-0.014317194768907068
terms_abstract_tfidf__generating,-0.011466203888913654
terms_abstract_tfidf__generation,-0.023206115115370633
terms_abstract_tfidf__genes,0.0010924656622743872
terms_abstract_tfidf__genetic,-0.04755320819333392
terms_abstract_tfidf__genetic risk,-0.06876428026509501
terms_abstract_tfidf__genotype,-0.10148024829292263
terms_abstract_tfidf__german,-0.029938848036121284
terms_abstract_tfidf__gestures,0.18946060857955405
terms_abstract_tfidf__given,-0.055963873576501885
terms_abstract_tfidf__global,-0.02368702362143963
terms_abstract_tfidf__globus,-0.06087771326800534
terms_abstract_tfidf__globus pallidus,-0.061351297676297205
terms_abstract_tfidf__gm,0.05787451736957717
terms_abstract_tfidf__gm volume,0.04707698763695994
terms_abstract_tfidf__goal,0.004940430010176574
terms_abstract_tfidf__goal directed,-0.051490318541199315
terms_abstract_tfidf__goals,0.023946121160993275
terms_abstract_tfidf__good,0.031167369979864485
terms_abstract_tfidf__gradient,0.006122522102481997
terms_abstract_tfidf__granger,-0.033097071725613096
terms_abstract_tfidf__graph,-0.0575848663078157
terms_abstract_tfidf__grasping,0.16066273370988549
terms_abstract_tfidf__gray,-0.04043265047184345
terms_abstract_tfidf__gray matter,-0.013613637798092045
terms_abstract_tfidf__great,0.02017351627799568
terms_abstract_tfidf__greater,-0.02037235627744106
terms_abstract_tfidf__greater extent,0.03490546130716593
terms_abstract_tfidf__greatest,0.0019666360104294684
terms_abstract_tfidf__grey,-0.029438245717596106
terms_abstract_tfidf__grey matter,-0.011018365888995752
terms_abstract_tfidf__group,-0.07402714711284275
terms_abstract_tfidf__group comparisons,-0.13342200220169154
terms_abstract_tfidf__group healthy,-0.02421867249382527
terms_abstract_tfidf__group level,-0.008503955716156596
terms_abstract_tfidf__groups,-0.020448818605997784
terms_abstract_tfidf__growing,-0.01535288663800008
terms_abstract_tfidf__guide,-0.016526501425580344
terms_abstract_tfidf__guided,0.057342211939819775
terms_abstract_tfidf__gyri,0.08412598830067311
terms_abstract_tfidf__gyrus,0.10779437651110464
terms_abstract_tfidf__gyrus anterior,-0.02866310327653952
terms_abstract_tfidf__gyrus ba,0.00929866045977242
terms_abstract_tfidf__gyrus cerebellum,0.07135717772774602
terms_abstract_tfidf__gyrus ifg,0.05500162180048437
terms_abstract_tfidf__gyrus inferior,0.062070891159845966
terms_abstract_tfidf__gyrus insula,-0.10322891459661325
terms_abstract_tfidf__gyrus medial,0.0014935273902967154
terms_abstract_tfidf__gyrus mfg,-0.009212126418811598
terms_abstract_tfidf__gyrus middle,0.09844486799347342
terms_abstract_tfidf__gyrus posterior,0.011279753736876997
terms_abstract_tfidf__gyrus precuneus,0.02092607053499849
terms_abstract_tfidf__gyrus stg,0.028493815957800976
terms_abstract_tfidf__gyrus superior,0.09966929684014099
terms_abstract_tfidf__half,0.08471863243026324
terms_abstract_tfidf__hand,0.09529731011138759
terms_abstract_tfidf__hand movements,0.12016646611074429
terms_abstract_tfidf__handed,0.07790306510261168
terms_abstract_tfidf__handedness,0.04085427626666798
terms_abstract_tfidf__hands,0.13521719751691175
terms_abstract_tfidf__happy,0.04172812115616201
terms_abstract_tfidf__happy faces,0.030983833368884453
terms_abstract_tfidf__having,-0.023018806110316085
terms_abstract_tfidf__hc,-0.04528757973538548
terms_abstract_tfidf__hcs,-0.034414945564148765
terms_abstract_tfidf__head,-0.005091151048380766
terms_abstract_tfidf__health,-0.09493230866807606
terms_abstract_tfidf__healthy,-0.13942518903997136
terms_abstract_tfidf__healthy adults,-0.05310481378621069
terms_abstract_tfidf__healthy control,-0.06762292243779328
terms_abstract_tfidf__healthy controls,-0.06529135083670595
terms_abstract_tfidf__healthy handed,0.040297270953798064
terms_abstract_tfidf__healthy human,-0.09109414813312668
terms_abstract_tfidf__healthy individuals,-0.07986273334510897
terms_abstract_tfidf__healthy male,0.01624239233842261
terms_abstract_tfidf__healthy volunteers,-0.16674897777680087
terms_abstract_tfidf__healthy young,-0.04794226806132422
terms_abstract_tfidf__heard,-0.0069904992415063
terms_abstract_tfidf__hearing,0.03462089836439818
terms_abstract_tfidf__heart,-0.04681740908216878
terms_abstract_tfidf__heart rate,-0.04773375787778894
terms_abstract_tfidf__heightened,-0.06712687426604141
terms_abstract_tfidf__held,0.0011888371118201578
terms_abstract_tfidf__help,-0.03344834129987509
terms_abstract_tfidf__hemisphere,0.10215342074657341
terms_abstract_tfidf__hemispheres,0.05724359393331576
terms_abstract_tfidf__hemispheric,0.07490003840164185
terms_abstract_tfidf__hemodynamic,-0.06181046565029088
terms_abstract_tfidf__hemodynamic response,-0.05048554696573092
terms_abstract_tfidf__hemodynamic responses,0.013682513682729438
terms_abstract_tfidf__heschl,-0.009324658520634724
terms_abstract_tfidf__heschl gyrus,-0.00756047031800049
terms_abstract_tfidf__heterogeneity,0.005935441215881707
terms_abstract_tfidf__heterogeneous,0.00955687577924008
terms_abstract_tfidf__hierarchical,0.049756261296680565
terms_abstract_tfidf__hierarchy,-0.00402958264686377
terms_abstract_tfidf__high,-0.049919962301519134
terms_abstract_tfidf__high frequency,0.037175954597514806
terms_abstract_tfidf__high functioning,0.06547260797356177
terms_abstract_tfidf__high level,0.050409535058019705
terms_abstract_tfidf__high low,-0.005460638857520471
terms_abstract_tfidf__high resolution,0.05600999217176467
terms_abstract_tfidf__high risk,-0.06722254523517081
terms_abstract_tfidf__higher,-0.0983112312302703
terms_abstract_tfidf__higher level,0.08251302334758598
terms_abstract_tfidf__higher levels,-0.015120553144611611
terms_abstract_tfidf__higher order,-0.001486116064604987
terms_abstract_tfidf__highest,-0.06448701177467278
terms_abstract_tfidf__highlight,-0.02606929294361554
terms_abstract_tfidf__highlighted,-0.021981480898331098
terms_abstract_tfidf__highlights,0.06376929587918272
terms_abstract_tfidf__highly,-0.015660934985665682
terms_abstract_tfidf__hippocampal,0.008398931456870956
terms_abstract_tfidf__hippocampus,-0.025504846853831566
terms_abstract_tfidf__history,-0.10577122044231745
terms_abstract_tfidf__hoc,0.00942340005626124
terms_abstract_tfidf__homogeneity,-0.007003187760134161
terms_abstract_tfidf__homogeneity reho,-0.003410457401499662
terms_abstract_tfidf__hub,-0.006869934091653701
terms_abstract_tfidf__hubs,-0.03792032863311356
terms_abstract_tfidf__hum,0.004020821582913675
terms_abstract_tfidf__hum mapp,0.017330063123895734
terms_abstract_tfidf__human,0.05446975246564825
terms_abstract_tfidf__humans,-0.08523855713644454
terms_abstract_tfidf__hyperactivation,-0.02848880986358086
terms_abstract_tfidf__hyperactivity,-0.08111799640619902
terms_abstract_tfidf__hyperactivity disorder,-0.09394529835033712
terms_abstract_tfidf__hypoactivation,-0.020125839255046137
terms_abstract_tfidf__hypothalamus,-0.09854618949707576
terms_abstract_tfidf__hypotheses,-0.018075035086298593
terms_abstract_tfidf__hypothesize,0.09693800938907084
terms_abstract_tfidf__hypothesized,-0.02320784838643521
terms_abstract_tfidf__hz,-0.005937244739570583
terms_abstract_tfidf__ica,-0.062228010592337006
terms_abstract_tfidf__idea,0.07997880888427608
terms_abstract_tfidf__identical,0.04776615175369962
terms_abstract_tfidf__identification,0.07317820736135423
terms_abstract_tfidf__identified,0.014982039845141583
terms_abstract_tfidf__identify,-0.013312307762889702
terms_abstract_tfidf__identifying,-0.04227612311214069
terms_abstract_tfidf__identity,0.14727478007280742
terms_abstract_tfidf__ifg,0.05516014599402671
terms_abstract_tfidf__ii,0.0510102153047169
terms_abstract_tfidf__iii,0.0757080999180551
terms_abstract_tfidf__illness,-0.04173569219238831
terms_abstract_tfidf__illusion,0.0915924544673813
terms_abstract_tfidf__illustrate,-0.0529207950117989
terms_abstract_tfidf__image,0.14053445997213945
terms_abstract_tfidf__imagery,0.08347561448819682
terms_abstract_tfidf__images,0.07328489177317617
terms_abstract_tfidf__images acquired,-0.012641585521933906
terms_abstract_tfidf__imagine,0.00824048942686868
terms_abstract_tfidf__imagined,0.08099911544379892
terms_abstract_tfidf__imitation,0.0823383237293066
terms_abstract_tfidf__immediate,-0.12180153835204013
terms_abstract_tfidf__immediately,0.04591111801892966
terms_abstract_tfidf__impact,-0.046562683327326986
terms_abstract_tfidf__impacts,-0.008971918693425125
terms_abstract_tfidf__impaired,0.020743072082762024
terms_abstract_tfidf__impairment,0.018876384257763328
terms_abstract_tfidf__impairments,0.03568186181100226
terms_abstract_tfidf__implementation,-0.09032884179010252
terms_abstract_tfidf__implemented,-0.041036140605820795
terms_abstract_tfidf__implicate,-0.05626430613750605
terms_abstract_tfidf__implicated,-0.02668934507712002
terms_abstract_tfidf__implications,-0.013824666677215852
terms_abstract_tfidf__implications understanding,0.05029446740438301
terms_abstract_tfidf__implicit,0.08349914160447248
terms_abstract_tfidf__imply,-0.08521758001851644
terms_abstract_tfidf__importance,-0.01846916390186262
terms_abstract_tfidf__important,-0.06130516093644248
terms_abstract_tfidf__important role,-0.0032817726029040132
terms_abstract_tfidf__importantly,-0.022877433493185457
terms_abstract_tfidf__improve,-0.04230911165421233
terms_abstract_tfidf__improved,-0.0012825564483615246
terms_abstract_tfidf__improvement,-0.04282211767011562
terms_abstract_tfidf__improvements,0.004715956673287135
terms_abstract_tfidf__improves,-0.01669386196219688
terms_abstract_tfidf__impulsive,-0.13508075851607784
terms_abstract_tfidf__impulsivity,-0.18353063571238082
terms_abstract_tfidf__incentive,-0.2035269951579066
terms_abstract_tfidf__incentive delay,-0.19504668302951086
terms_abstract_tfidf__incidental,0.058207345321351564
terms_abstract_tfidf__include,0.0039382378301248714
terms_abstract_tfidf__included,-0.01612068960142019
terms_abstract_tfidf__includes,-0.014374437953758437
terms_abstract_tfidf__incongruent,0.03558950469902431
terms_abstract_tfidf__inconsistent,-0.00290673150023806
terms_abstract_tfidf__incorrect,-0.06967250907141943
terms_abstract_tfidf__increases,-0.0858901527217088
terms_abstract_tfidf__increasing,-0.09794687240303021
terms_abstract_tfidf__increasingly,-0.0099834424037905
terms_abstract_tfidf__independent,-0.018487691294876554
terms_abstract_tfidf__independent component,-0.06646433889506641
terms_abstract_tfidf__independently,0.04128887832709183
terms_abstract_tfidf__index,-0.002770750645749622
terms_abstract_tfidf__index finger,0.04149654279416398
terms_abstract_tfidf__indexed,0.013034998720563198
terms_abstract_tfidf__indicate,0.04078221602714255
terms_abstract_tfidf__indicated,0.017914235320286187
terms_abstract_tfidf__indicates,0.024542590742125177
terms_abstract_tfidf__indicating,0.017670416651353358
terms_abstract_tfidf__indices,0.01652190469916495
terms_abstract_tfidf__indirect,0.013297739048705225
terms_abstract_tfidf__individual,-0.0710127940785524
terms_abstract_tfidf__individual variability,-0.09586343755106846
terms_abstract_tfidf__individually,-0.08592142899755553
terms_abstract_tfidf__individuals,-0.03814207107949872
terms_abstract_tfidf__induce,-0.0231822927383729
terms_abstract_tfidf__induced,-0.08318713328185222
terms_abstract_tfidf__induces,-0.01365577851031549
terms_abstract_tfidf__inducing,-0.02574560607248506
terms_abstract_tfidf__induction,-0.0203791777383667
terms_abstract_tfidf__infer,0.0829700007817939
terms_abstract_tfidf__inference,0.1414463852433865
terms_abstract_tfidf__inferences,0.09344994860954946
terms_abstract_tfidf__inferior,0.06586262893358354
terms_abstract_tfidf__inferior frontal,0.02435425601563701
terms_abstract_tfidf__inferior middle,-0.04874277140779869
terms_abstract_tfidf__inferior occipital,0.1219262908995647
terms_abstract_tfidf__inferior parietal,-0.014589955925455738
terms_abstract_tfidf__inferior prefrontal,-0.005644100681482422
terms_abstract_tfidf__inferior superior,0.04371299195785501
terms_abstract_tfidf__inferior temporal,0.19616155069843813
terms_abstract_tfidf__influence,-0.09960921762611792
terms_abstract_tfidf__influenced,-0.007826327588880659
terms_abstract_tfidf__influences,0.02424693551102924
terms_abstract_tfidf__inform,-0.003444243750893182
terms_abstract_tfidf__information,0.14212481031281396
terms_abstract_tfidf__inhibit,-0.1723332163894308
terms_abstract_tfidf__inhibition,-0.22242627540048135
terms_abstract_tfidf__inhibitory,-0.17716943429068682
terms_abstract_tfidf__inhibitory control,-0.1541295486494454
terms_abstract_tfidf__initial,0.010664238656596721
terms_abstract_tfidf__initially,0.050503731189827664
terms_abstract_tfidf__initiation,-0.007855236469874419
terms_abstract_tfidf__injury,-0.029841226693491856
terms_abstract_tfidf__input,0.08639903653979203
terms_abstract_tfidf__inputs,0.11644369998615958
terms_abstract_tfidf__insight,-0.05282651129605722
terms_abstract_tfidf__insights,-0.04264540205708601
terms_abstract_tfidf__instead,-0.014873817305509832
terms_abstract_tfidf__instructed,-0.036929476952984104
terms_abstract_tfidf__instruction,0.028424938727008766
terms_abstract_tfidf__instructions,0.06451163627068068
terms_abstract_tfidf__insula,-0.25042808327476906
terms_abstract_tfidf__insula anterior,-0.2652864253339432
terms_abstract_tfidf__insula inferior,-0.13686743866297996
terms_abstract_tfidf__insular,-0.20199197719148615
terms_abstract_tfidf__insular cortex,-0.20600234203415316
terms_abstract_tfidf__intact,0.10992098038201584
terms_abstract_tfidf__integrate,-0.04505048600375762
terms_abstract_tfidf__integrated,0.03002583353925573
terms_abstract_tfidf__integrating,0.052161383377570626
terms_abstract_tfidf__integration,0.10819623921334819
terms_abstract_tfidf__integrative,0.02119305372368151
terms_abstract_tfidf__integrity,0.039087034402025836
terms_abstract_tfidf__intelligence,0.04200015893937858
terms_abstract_tfidf__intense,-0.12221518983148216
terms_abstract_tfidf__intensity,-0.15487214878137404
terms_abstract_tfidf__intention,0.07182083112898087
terms_abstract_tfidf__intentional,0.0360491437121232
terms_abstract_tfidf__intentions,0.11478248588557578
terms_abstract_tfidf__inter,-0.025897619009782075
terms_abstract_tfidf__inter individual,0.026949206849572555
terms_abstract_tfidf__interact,0.0638899633455585
terms_abstract_tfidf__interacting,0.02474951817303888
terms_abstract_tfidf__interaction,0.02395503514968431
terms_abstract_tfidf__interactions,0.05160194190528244
terms_abstract_tfidf__interactive,0.025688881610544657
terms_abstract_tfidf__interacts,0.051741186231297996
terms_abstract_tfidf__interestingly,0.06614940492316637
terms_abstract_tfidf__interference,-0.053894487283486704
terms_abstract_tfidf__interhemispheric,0.09425747676910401
terms_abstract_tfidf__intermediate,-0.026713165020082367
terms_abstract_tfidf__internal,0.03480978385931758
terms_abstract_tfidf__internally,-0.008041556749061375
terms_abstract_tfidf__interoceptive,-0.11742760469537014
terms_abstract_tfidf__interpersonal,0.02748679490830195
terms_abstract_tfidf__interplay,-0.028971938078536798
terms_abstract_tfidf__interpret,0.03918898334018097
terms_abstract_tfidf__interpretation,0.05431677061014898
terms_abstract_tfidf__interpreted,0.10309157234835153
terms_abstract_tfidf__interval,-0.02908312968957671
terms_abstract_tfidf__intervals,-0.04258652220656478
terms_abstract_tfidf__intervention,-0.04708977039561225
terms_abstract_tfidf__interventions,-0.03792928830021824
terms_abstract_tfidf__intra,-0.043082396724106395
terms_abstract_tfidf__intraparietal,0.1111499742861164
terms_abstract_tfidf__intraparietal sulcus,0.10115895944385658
terms_abstract_tfidf__intrinsic,-0.0319745520520206
terms_abstract_tfidf__intrinsic functional,-0.06699139564484434
terms_abstract_tfidf__introduced,-0.03564375362362129
terms_abstract_tfidf__introduction,-0.031559600429826216
terms_abstract_tfidf__invariant,0.0865618164615639
terms_abstract_tfidf__invasive,-0.028625864984082698
terms_abstract_tfidf__inventory,-0.003175860620485488
terms_abstract_tfidf__inverse,-0.03921467603213339
terms_abstract_tfidf__inversely,-0.04575658243523512
terms_abstract_tfidf__investigates,-0.00476324090557041
terms_abstract_tfidf__investigating,-0.013352884172706882
terms_abstract_tfidf__investigation,0.014902021101444587
terms_abstract_tfidf__investigations,-0.0616923696997286
terms_abstract_tfidf__involve,-0.07263360445470124
terms_abstract_tfidf__involved,0.01816483122468205
terms_abstract_tfidf__involved cognitive,-0.09450935411410405
terms_abstract_tfidf__involvement,-0.07087675693959118
terms_abstract_tfidf__involves,0.1250974176869028
terms_abstract_tfidf__involving,-0.05927423672395384
terms_abstract_tfidf__ipl,0.0228571432247691
terms_abstract_tfidf__ips,0.08075609697643965
terms_abstract_tfidf__ipsilateral,0.02379173213049014
terms_abstract_tfidf__iq,0.006497918383332596
terms_abstract_tfidf__irrelevant,0.022647586374738928
terms_abstract_tfidf__irrespective,0.06879156568767268
terms_abstract_tfidf__isolate,0.03363920991618171
terms_abstract_tfidf__isolated,0.06703465694176358
terms_abstract_tfidf__issue,0.013320926264077115
terms_abstract_tfidf__issues,-0.006974964713993802
terms_abstract_tfidf__item,0.010564118483068648
terms_abstract_tfidf__items,0.019101681074608027
terms_abstract_tfidf__iv,-0.04230952165129511
terms_abstract_tfidf__joint,0.02072436499880624
terms_abstract_tfidf__judge,0.08117487982282913
terms_abstract_tfidf__judged,0.06892906304126148
terms_abstract_tfidf__judgment,0.10692291422543526
terms_abstract_tfidf__judgment task,0.09201707143629854
terms_abstract_tfidf__judgments,0.0793035517833016
terms_abstract_tfidf__junction,0.1259853881278088
terms_abstract_tfidf__junction tpj,0.04801507132510391
terms_abstract_tfidf__just,0.055345176480393846
terms_abstract_tfidf__key,-0.08207654476676181
terms_abstract_tfidf__key role,-0.02172329903681601
terms_abstract_tfidf__kinds,0.026952016105938063
terms_abstract_tfidf__know,0.05926724590039181
terms_abstract_tfidf__knowledge,0.14049991598492867
terms_abstract_tfidf__known,-0.003680423063373207
terms_abstract_tfidf__known involved,0.030511156604703396
terms_abstract_tfidf__labeling,-0.07998053554345441
terms_abstract_tfidf__laboratory,-0.03792578085809972
terms_abstract_tfidf__lack,-0.02695291685926722
terms_abstract_tfidf__lacking,-0.047502931059363984
terms_abstract_tfidf__language,0.11297745954388048
terms_abstract_tfidf__language comprehension,0.15039535076818225
terms_abstract_tfidf__language network,0.08038489534047918
terms_abstract_tfidf__languages,0.07886835169951296
terms_abstract_tfidf__large,-0.028469853436550098
terms_abstract_tfidf__large sample,-0.03573260913686426
terms_abstract_tfidf__large scale,-0.03533409633282573
terms_abstract_tfidf__largely,0.022315962385877693
terms_abstract_tfidf__largely unknown,0.08229462585840767
terms_abstract_tfidf__larger,0.020210983532043585
terms_abstract_tfidf__late,0.023730931719923003
terms_abstract_tfidf__latencies,0.023833604967326855
terms_abstract_tfidf__latency,0.015717730642147255
terms_abstract_tfidf__later,0.08436669476002606
terms_abstract_tfidf__lateral,0.03077040838062209
terms_abstract_tfidf__lateral frontal,-0.09510649684430088
terms_abstract_tfidf__lateral medial,-0.057663235451102496
terms_abstract_tfidf__lateral occipital,0.1767354596589916
terms_abstract_tfidf__lateral orbitofrontal,-0.0945655481093942
terms_abstract_tfidf__lateral parietal,-0.008684418539988258
terms_abstract_tfidf__lateral prefrontal,-0.12351925959290465
terms_abstract_tfidf__lateral temporal,0.106033167462199
terms_abstract_tfidf__laterality,0.051339614684542574
terms_abstract_tfidf__lateralization,0.06505735195017352
terms_abstract_tfidf__lateralized,0.07705766863611002
terms_abstract_tfidf__lead,-0.05568295581569071
terms_abstract_tfidf__leading,-0.06378324731381975
terms_abstract_tfidf__leads,0.07036012645765484
terms_abstract_tfidf__learn,-0.050114938737587426
terms_abstract_tfidf__learned,-0.03902379496758966
terms_abstract_tfidf__learning,-0.1260967237092043
terms_abstract_tfidf__learning task,-0.18894568738720743
terms_abstract_tfidf__led,-0.049853080995189474
terms_abstract_tfidf__length,0.025186042458242467
terms_abstract_tfidf__lesion,0.1394908709687131
terms_abstract_tfidf__lesions,0.11304347012877118
terms_abstract_tfidf__lesser,0.06227620654933419
terms_abstract_tfidf__letter,0.06595206584392671
terms_abstract_tfidf__letters,0.08861064698885839
terms_abstract_tfidf__level,-0.009550420344048065
terms_abstract_tfidf__level bold,-0.07052635912595
terms_abstract_tfidf__level signal,-0.009636700299825414
terms_abstract_tfidf__levels,-0.058138552717885164
terms_abstract_tfidf__lexical,0.05874600968594978
terms_abstract_tfidf__lexical decision,0.07637503460536872
terms_abstract_tfidf__life,0.05332820529416006
terms_abstract_tfidf__light,0.04531891543608694
terms_abstract_tfidf__like,0.07753898164218809
terms_abstract_tfidf__likelihood,-0.10043465472701549
terms_abstract_tfidf__likely,-0.026885468851778557
terms_abstract_tfidf__limb,0.10668603039313329
terms_abstract_tfidf__limbic,-0.09654337434894426
terms_abstract_tfidf__limitations,-0.000482388505095485
terms_abstract_tfidf__limited,-0.040613817255507355
terms_abstract_tfidf__line,0.03571283742176846
terms_abstract_tfidf__linear,-0.04793935443461921
terms_abstract_tfidf__linear model,-0.01294975509026177
terms_abstract_tfidf__linearly,-0.02741639201013357
terms_abstract_tfidf__lingual,0.027885042879581844
terms_abstract_tfidf__lingual gyrus,0.018980668773919733
terms_abstract_tfidf__linguistic,0.11833608018829454
terms_abstract_tfidf__link,0.001500892020787818
terms_abstract_tfidf__linked,-0.05583471163237998
terms_abstract_tfidf__linking,0.06828926686143495
terms_abstract_tfidf__links,-0.022958222443987212
terms_abstract_tfidf__list,0.0028020909732353696
terms_abstract_tfidf__listened,0.03400147090509596
terms_abstract_tfidf__listening,0.02258575498471284
terms_abstract_tfidf__literature,0.035749406908985724
terms_abstract_tfidf__little,0.05148713934005013
terms_abstract_tfidf__little known,0.0009682340936537154
terms_abstract_tfidf__load,-0.048406091083824536
terms_abstract_tfidf__lobe,0.12573131389387873
terms_abstract_tfidf__lobe mtl,0.03944048311117242
terms_abstract_tfidf__lobes,0.09873447433209895
terms_abstract_tfidf__lobule,0.06448322853324727
terms_abstract_tfidf__lobule ipl,-0.008436417628082529
terms_abstract_tfidf__lobules,0.015490637085481778
terms_abstract_tfidf__local,0.06755186722282693
terms_abstract_tfidf__localization,0.06733155951384034
terms_abstract_tfidf__localize,0.10772323038716236
terms_abstract_tfidf__localized,0.04151399302785904
terms_abstract_tfidf__located,0.10942302126965213
terms_abstract_tfidf__location,0.14238362759862414
terms_abstract_tfidf__locations,0.12496477331573885
terms_abstract_tfidf__locus,-0.05459648532252556
terms_abstract_tfidf__long,0.054298910934445895
terms_abstract_tfidf__long term,0.006599271096668273
terms_abstract_tfidf__longer,-0.08009179533043391
terms_abstract_tfidf__longitudinal,0.008321916060783098
terms_abstract_tfidf__loop,-0.08176557108455157
terms_abstract_tfidf__loss,-0.11045799062683376
terms_abstract_tfidf__losses,-0.19569490012705118
terms_abstract_tfidf__low,-0.07894865615347188
terms_abstract_tfidf__low frequency,0.028211191199521448
terms_abstract_tfidf__low high,-0.06338474254789007
terms_abstract_tfidf__low level,0.0925837369626922
terms_abstract_tfidf__lower,-0.09504002099749574
terms_abstract_tfidf__m1,0.055146892794377414
terms_abstract_tfidf__machine,-0.029791536868166418
terms_abstract_tfidf__magnetic,-0.11302122744697589
terms_abstract_tfidf__magnetic resonance,-0.12756414026083793
terms_abstract_tfidf__magnetic stimulation,0.08600388290040863
terms_abstract_tfidf__magnetoencephalography,0.09110581790147308
terms_abstract_tfidf__magnitude,-0.05934232602174786
terms_abstract_tfidf__main,-0.06372403017267131
terms_abstract_tfidf__main effect,-0.03584436502099021
terms_abstract_tfidf__mainly,-0.001167761302373589
terms_abstract_tfidf__maintain,-0.08815326901646552
terms_abstract_tfidf__maintained,-0.04911561857633639
terms_abstract_tfidf__maintaining,-0.036416767714253874
terms_abstract_tfidf__maintenance,-0.08632013976529818
terms_abstract_tfidf__major,-0.055160617931749596
terms_abstract_tfidf__major depression,-0.10215801137753852
terms_abstract_tfidf__major depressive,-0.04273373861922914
terms_abstract_tfidf__majority,-0.04999173222295677
terms_abstract_tfidf__make,-0.06650237861880402
terms_abstract_tfidf__making,-0.18631262931788337
terms_abstract_tfidf__male,-0.02017231450246762
terms_abstract_tfidf__male female,0.026933045256054073
terms_abstract_tfidf__males,-0.07395652978927146
terms_abstract_tfidf__manifest,-0.02378550285822944
terms_abstract_tfidf__manipulated,0.03869859662317325
terms_abstract_tfidf__manipulating,0.017875417043518214
terms_abstract_tfidf__manipulation,-0.006380412352354587
terms_abstract_tfidf__manipulations,-0.01745346461950107
terms_abstract_tfidf__manner,0.031874286458403206
terms_abstract_tfidf__manual,0.0404138181597649
terms_abstract_tfidf__map,0.026453489226878284
terms_abstract_tfidf__mapp,0.016585528587230194
terms_abstract_tfidf__mapped,0.00721979530886646
terms_abstract_tfidf__mapping,0.07554296484985737
terms_abstract_tfidf__maps,-0.015968907280771622
terms_abstract_tfidf__marked,0.011300823626239761
terms_abstract_tfidf__marker,-0.04896621746407354
terms_abstract_tfidf__markers,-0.07064910004904185
terms_abstract_tfidf__masked,-0.02532083171895577
terms_abstract_tfidf__mass,-0.019833463902494432
terms_abstract_tfidf__match,-0.004028120933077245
terms_abstract_tfidf__matching,0.0757728967824606
terms_abstract_tfidf__matching task,0.062246351861294694
terms_abstract_tfidf__material,0.11002834229900847
terms_abstract_tfidf__materials,0.06521396365581511
terms_abstract_tfidf__matrix,-0.12591076618700664
terms_abstract_tfidf__matter,-0.01413209862716569
terms_abstract_tfidf__matter density,0.004776246027837387
terms_abstract_tfidf__matter gm,0.05826401349875532
terms_abstract_tfidf__matter volume,-0.028323248190147282
terms_abstract_tfidf__matter volumes,0.031297232775859066
terms_abstract_tfidf__maturation,-0.06814772890766059
terms_abstract_tfidf__maximal,-0.008107332771382312
terms_abstract_tfidf__maximum,-0.007130712267715571
terms_abstract_tfidf__mci,0.07140384358768485
terms_abstract_tfidf__mdd,-0.04724157046288898
terms_abstract_tfidf__mean,-0.057935854632126874
terms_abstract_tfidf__mean age,-0.050939232999233336
terms_abstract_tfidf__meaning,0.10898809514531473
terms_abstract_tfidf__meaningful,0.13735279558449734
terms_abstract_tfidf__means,0.007395529308335029
terms_abstract_tfidf__measure,-0.08688633220671901
terms_abstract_tfidf__measurement,0.007627709395243158
terms_abstract_tfidf__measurements,0.003703594679116563
terms_abstract_tfidf__measures,-0.02850953063197562
terms_abstract_tfidf__measuring,-0.005384276006108244
terms_abstract_tfidf__mechanism,-0.01357393473228417
terms_abstract_tfidf__mechanisms,-0.15077619636020012
terms_abstract_tfidf__mechanisms involved,-0.022847851613988
terms_abstract_tfidf__mechanisms underlying,-0.07111388295260818
terms_abstract_tfidf__medial,-0.03335444792956692
terms_abstract_tfidf__medial frontal,-0.09949792068549104
terms_abstract_tfidf__medial lateral,-0.10625253961691129
terms_abstract_tfidf__medial orbitofrontal,-0.0878862686664197
terms_abstract_tfidf__medial pfc,-0.000528081750412297
terms_abstract_tfidf__medial prefrontal,-0.003960482836992658
terms_abstract_tfidf__medial superior,0.031065354188739264
terms_abstract_tfidf__medial temporal,0.03859771965710571
terms_abstract_tfidf__median,-0.00993075118689564
terms_abstract_tfidf__mediate,-0.12871499088005023
terms_abstract_tfidf__mediated,-0.10006147569186753
terms_abstract_tfidf__mediates,-0.05638953808869608
terms_abstract_tfidf__mediating,-0.09372228188279849
terms_abstract_tfidf__medication,-0.08007104107916943
terms_abstract_tfidf__meg,0.1154565770198305
terms_abstract_tfidf__memories,0.06613295293756188
terms_abstract_tfidf__memory,-0.011625412338574894
terms_abstract_tfidf__memory encoding,0.04088273017985341
terms_abstract_tfidf__memory load,-0.028620682701072778
terms_abstract_tfidf__memory performance,0.017540708923848958
terms_abstract_tfidf__memory processes,-0.021968093489201514
terms_abstract_tfidf__memory retrieval,-0.044427889366010866
terms_abstract_tfidf__memory task,-0.07434489848092192
terms_abstract_tfidf__memory tasks,-0.06556007980664136
terms_abstract_tfidf__memory test,0.05554105055123263
terms_abstract_tfidf__memory wm,-0.07212093524669
terms_abstract_tfidf__men,-0.11121153319717783
terms_abstract_tfidf__men women,-0.09031339940377318
terms_abstract_tfidf__mental,0.1461191736053399
terms_abstract_tfidf__mental imagery,0.06940666841244457
terms_abstract_tfidf__mental state,0.0925224912243299
terms_abstract_tfidf__mental states,0.1673029893043167
terms_abstract_tfidf__mentalizing,0.13253393890416018
terms_abstract_tfidf__mesial,-0.05404633837609457
terms_abstract_tfidf__mesolimbic,-0.1710289295654608
terms_abstract_tfidf__met,-0.07617303396213583
terms_abstract_tfidf__metabolic,-0.004936027631127373
terms_abstract_tfidf__metabolism,-0.021671833335353087
terms_abstract_tfidf__method,-0.03660558923155149
terms_abstract_tfidf__methodological,-0.008149967961395395
terms_abstract_tfidf__methodology,-0.08019615806980886
terms_abstract_tfidf__methodology principal,-0.08436404694207658
terms_abstract_tfidf__methods,-0.05783110748650463
terms_abstract_tfidf__methods functional,-0.04587069220009949
terms_abstract_tfidf__mfg,0.013369442927411403
terms_abstract_tfidf__mg,-0.12886670122320393
terms_abstract_tfidf__mid,-0.15522131615162224
terms_abstract_tfidf__midbrain,-0.14647152072885672
terms_abstract_tfidf__middle,0.07080365674898505
terms_abstract_tfidf__middle cingulate,-0.09915331889797983
terms_abstract_tfidf__middle frontal,-0.12560295087569695
terms_abstract_tfidf__middle inferior,0.06010384609476793
terms_abstract_tfidf__middle occipital,0.09399467473663671
terms_abstract_tfidf__middle superior,0.03564481406229081
terms_abstract_tfidf__middle temporal,0.17576325445603747
terms_abstract_tfidf__midline,-0.016285204762768395
terms_abstract_tfidf__mild,-0.03317268449596017
terms_abstract_tfidf__mild cognitive,0.010256242264240567
terms_abstract_tfidf__min,-0.006047295016606538
terms_abstract_tfidf__mind,0.12581322669260564
terms_abstract_tfidf__mind tom,0.14315865208408451
terms_abstract_tfidf__minimal,-0.039686207688106254
terms_abstract_tfidf__mirror,0.19570412913370708
terms_abstract_tfidf__mirror neuron,0.1848162540354008
terms_abstract_tfidf__mixed,-0.11661517995144585
terms_abstract_tfidf__mm,-0.06966131662687448
terms_abstract_tfidf__mnemonic,-0.04158873353326812
terms_abstract_tfidf__modal,0.03940055477569699
terms_abstract_tfidf__modalities,0.03732771352310625
terms_abstract_tfidf__modality,0.09483254981194456
terms_abstract_tfidf__mode,-0.04433119319216474
terms_abstract_tfidf__mode network,-0.027376982517374446
terms_abstract_tfidf__model,-0.12177087495273718
terms_abstract_tfidf__modeling,-0.03897641346870156
terms_abstract_tfidf__models,-0.030973815125077353
terms_abstract_tfidf__moderate,-0.08288459493282324
terms_abstract_tfidf__modified,-0.12801528953067537
terms_abstract_tfidf__modulate,-0.03969599033546683
terms_abstract_tfidf__modulated,0.07148612182207426
terms_abstract_tfidf__modulates,-0.07808265950156976
terms_abstract_tfidf__modulating,-0.11738686097454139
terms_abstract_tfidf__modulation,-0.044225395288033965
terms_abstract_tfidf__modulations,-0.001047760732213924
terms_abstract_tfidf__modulatory,-0.10853262912088063
terms_abstract_tfidf__monetary,-0.22909793388608365
terms_abstract_tfidf__monetary incentive,-0.18538101946931582
terms_abstract_tfidf__monetary reward,-0.15367340650139244
terms_abstract_tfidf__money,-0.1698669123856879
terms_abstract_tfidf__monitor,-0.07878865793211369
terms_abstract_tfidf__monitored,-0.001312682947595215
terms_abstract_tfidf__monitoring,-0.1735049735409825
terms_abstract_tfidf__monkey,0.09924236002531678
terms_abstract_tfidf__monkeys,0.07612608527843152
terms_abstract_tfidf__months,-0.020013000543111635
terms_abstract_tfidf__mood,-0.03871086152019986
terms_abstract_tfidf__moral,0.0492093125862889
terms_abstract_tfidf__morphological,0.0355179573776701
terms_abstract_tfidf__morphology,0.09061852468987247
terms_abstract_tfidf__morphometry,0.050028197357521176
terms_abstract_tfidf__morphometry vbm,0.0228165306050082
terms_abstract_tfidf__motion,0.19398692553456365
terms_abstract_tfidf__motivation,-0.1691269994116275
terms_abstract_tfidf__motivational,-0.1981954766137507
terms_abstract_tfidf__motor,-0.005066381782337803
terms_abstract_tfidf__motor control,0.015087600327206348
terms_abstract_tfidf__motor cortex,0.03154068347259662
terms_abstract_tfidf__motor function,0.06281789904488227
terms_abstract_tfidf__motor imagery,0.07670847810631859
terms_abstract_tfidf__motor network,0.024949360693253337
terms_abstract_tfidf__motor performance,0.05543534137699108
terms_abstract_tfidf__motor pre,-0.05127879915917454
terms_abstract_tfidf__motor premotor,0.04352810568473202
terms_abstract_tfidf__motor response,-0.11696871283746943
terms_abstract_tfidf__motor responses,-0.08977394083565034
terms_abstract_tfidf__motor sma,-0.01766252688934289
terms_abstract_tfidf__motor task,0.019433856897952205
terms_abstract_tfidf__movement,0.052524075543330086
terms_abstract_tfidf__movements,0.10620321265351362
terms_abstract_tfidf__moving,0.14722913490303347
terms_abstract_tfidf__mpfc,0.008835482790395982
terms_abstract_tfidf__mr,0.010179951447714304
terms_abstract_tfidf__ms,0.04767716273982433
terms_abstract_tfidf__mt,0.13877353153061409
terms_abstract_tfidf__mtg,0.1547295018437827
terms_abstract_tfidf__mtl,0.04877260168986567
terms_abstract_tfidf__multi,0.08354377947052813
terms_abstract_tfidf__multimodal,0.06955993995082292
terms_abstract_tfidf__multiple,-0.018987459527287164
terms_abstract_tfidf__multiple comparisons,-0.024684386580964522
terms_abstract_tfidf__multiple sclerosis,-0.0004514995824446915
terms_abstract_tfidf__multisensory,0.06656315414758082
terms_abstract_tfidf__multivariate,0.0770920874229671
terms_abstract_tfidf__multivariate pattern,0.0636825541159077
terms_abstract_tfidf__muscle,-0.0329183365078416
terms_abstract_tfidf__music,0.005196034676769093
terms_abstract_tfidf__musical,0.0020353952689279703
terms_abstract_tfidf__musicians,0.004584343877530124
terms_abstract_tfidf__naive,-0.06918072437821293
terms_abstract_tfidf__names,0.10193912062464112
terms_abstract_tfidf__naming,0.06531147637116301
terms_abstract_tfidf__native,0.09385024741231929
terms_abstract_tfidf__natural,0.12072632022796248
terms_abstract_tfidf__naturalistic,0.1384331654110849
terms_abstract_tfidf__nature,0.055865404031188094
terms_abstract_tfidf__navigation,0.01611261157696233
terms_abstract_tfidf__near,0.06047333615454977
terms_abstract_tfidf__necessary,0.04503453144967372
terms_abstract_tfidf__need,-0.0916737749638056
terms_abstract_tfidf__needed,-0.0006660234285224834
terms_abstract_tfidf__needs,0.011033377990010354
terms_abstract_tfidf__negative,-0.07402403292152152
terms_abstract_tfidf__negative affect,-0.043204194162882716
terms_abstract_tfidf__negative correlation,-0.03272681554939358
terms_abstract_tfidf__negative correlations,-0.06156867015824247
terms_abstract_tfidf__negative emotional,-0.015566102773130825
terms_abstract_tfidf__negative emotions,-0.028628925008019068
terms_abstract_tfidf__negative feedback,-0.21163519674400535
terms_abstract_tfidf__negative neutral,0.06213707224973893
terms_abstract_tfidf__negative positive,-0.015728046593753025
terms_abstract_tfidf__negatively,-0.06514590847364352
terms_abstract_tfidf__negatively correlated,-0.05536968850835417
terms_abstract_tfidf__negativity,-0.07680195679319811
terms_abstract_tfidf__neocortical,-0.02644737140897555
terms_abstract_tfidf__nerve,-0.049263829709859305
terms_abstract_tfidf__nervous,-0.026465460074373483
terms_abstract_tfidf__network,-0.04887362636344142
terms_abstract_tfidf__network connectivity,-0.1228752055188584
terms_abstract_tfidf__network dmn,-0.0018962563338412795
terms_abstract_tfidf__network involved,-0.011971148482555713
terms_abstract_tfidf__networks,-0.11749009086583034
terms_abstract_tfidf__networks involved,-0.03601744713181261
terms_abstract_tfidf__neuro,0.02158738762639778
terms_abstract_tfidf__neuroanatomical,0.04924203666079114
terms_abstract_tfidf__neuroanatomy,0.014872319341112248
terms_abstract_tfidf__neurobiological,-0.1253907700081923
terms_abstract_tfidf__neurobiology,-0.030124802646856446
terms_abstract_tfidf__neurocognitive,-0.015256227942164004
terms_abstract_tfidf__neurodegenerative,0.032086599403751644
terms_abstract_tfidf__neurodevelopmental,-0.01714861727897981
terms_abstract_tfidf__neurofunctional,0.013971949951220886
terms_abstract_tfidf__neurological,0.015966920557631777
terms_abstract_tfidf__neuron,0.18075355144154284
terms_abstract_tfidf__neuronal,-0.03438371780500844
terms_abstract_tfidf__neurons,0.0210035212257603
terms_abstract_tfidf__neurophysiological,0.0054567413363059755
terms_abstract_tfidf__neuropsychiatric,-0.007468538697689045
terms_abstract_tfidf__neuropsychological,0.09321154875102161
terms_abstract_tfidf__neuroscience,0.015378671306312007
terms_abstract_tfidf__neutral,0.029645264147386365
terms_abstract_tfidf__neutral faces,0.03647930051387575
terms_abstract_tfidf__neutral pictures,0.026536398464679395
terms_abstract_tfidf__neutral stimuli,-0.03610267820379946
terms_abstract_tfidf__new,0.020242265415311635
terms_abstract_tfidf__new insights,-0.003906622720782137
terms_abstract_tfidf__newly,0.019561512849480173
terms_abstract_tfidf__nineteen,-0.05159872123817649
terms_abstract_tfidf__nociceptive,-0.15131737421942099
terms_abstract_tfidf__node,0.014482347922252701
terms_abstract_tfidf__nodes,-0.01569707447644832
terms_abstract_tfidf__nogo,-0.18168921475017932
terms_abstract_tfidf__noise,0.012636412592910819
terms_abstract_tfidf__non,0.009704342849191883
terms_abstract_tfidf__normal,0.017141604434478368
terms_abstract_tfidf__normal controls,-0.046329184640141234
terms_abstract_tfidf__normalized,-0.0073557187076012335
terms_abstract_tfidf__normally,0.021779726157228303
terms_abstract_tfidf__notably,-0.016497782324703607
terms_abstract_tfidf__noted,-0.04771783112080265
terms_abstract_tfidf__notion,-0.03876439184174027
terms_abstract_tfidf__nouns,0.07974397289033482
terms_abstract_tfidf__novel,-0.04324673348541398
terms_abstract_tfidf__novelty,-0.037045149773584876
terms_abstract_tfidf__noxious,-0.21396755042125903
terms_abstract_tfidf__nuclei,-0.07433267170888798
terms_abstract_tfidf__nucleus,-0.21200188165643793
terms_abstract_tfidf__nucleus accumbens,-0.16804761699536605
terms_abstract_tfidf__number,-0.01911588749288295
terms_abstract_tfidf__numbers,0.02803010183270315
terms_abstract_tfidf__numerical,0.03164570299457871
terms_abstract_tfidf__numerous,-0.058460393333713806
terms_abstract_tfidf__object,0.2264471475746158
terms_abstract_tfidf__object recognition,0.18054666753461182
terms_abstract_tfidf__objective,-0.07319443271233383
terms_abstract_tfidf__objectives,-0.0622552043456517
terms_abstract_tfidf__objects,0.22574688606003673
terms_abstract_tfidf__observation,0.19568785545648681
terms_abstract_tfidf__observations,0.021906019405904656
terms_abstract_tfidf__observer,0.18897566151855066
terms_abstract_tfidf__observers,0.20957948079746488
terms_abstract_tfidf__observing,0.17152500396551484
terms_abstract_tfidf__obsessive,-0.1347688847335971
terms_abstract_tfidf__obsessive compulsive,-0.13105161965159917
terms_abstract_tfidf__obtain,-0.04171138141327239
terms_abstract_tfidf__obtained,0.021791179465242422
terms_abstract_tfidf__occipital,0.16531416270376265
terms_abstract_tfidf__occipital cortex,0.1263907442205282
terms_abstract_tfidf__occipital gyrus,0.13391038045930026
terms_abstract_tfidf__occipital lobe,0.04144904864233201
terms_abstract_tfidf__occipital parietal,0.11396743775169403
terms_abstract_tfidf__occipital temporal,0.09883856197153
terms_abstract_tfidf__occipito,0.1611117020639313
terms_abstract_tfidf__occipito temporal,0.15729399672326289
terms_abstract_tfidf__occipitotemporal,0.18056383706197118
terms_abstract_tfidf__occipitotemporal cortex,0.17335950030180852
terms_abstract_tfidf__occur,0.06645720502752142
terms_abstract_tfidf__occurred,-0.047649309170127566
terms_abstract_tfidf__occurrence,-0.08487314244628487
terms_abstract_tfidf__occurring,0.025448511999531225
terms_abstract_tfidf__occurs,0.04578069590766863
terms_abstract_tfidf__ocd,-0.11972519455607995
terms_abstract_tfidf__oddball,-0.1025856929027294
terms_abstract_tfidf__ofc,-0.08389298863741297
terms_abstract_tfidf__offer,-0.025850338089539973
terms_abstract_tfidf__offers,-0.03397328753317717
terms_abstract_tfidf__old,-0.06201102148051798
terms_abstract_tfidf__older,-0.04783253419444409
terms_abstract_tfidf__older adults,-0.02835721865205765
terms_abstract_tfidf__olfactory,-0.09547610736185332
terms_abstract_tfidf__ones,-0.0283755576821127
terms_abstract_tfidf__ongoing,-0.08478099929181994
terms_abstract_tfidf__online,-0.007810706121550405
terms_abstract_tfidf__onset,0.025417103164446227
terms_abstract_tfidf__open,0.007500991991246391
terms_abstract_tfidf__operation,0.07269408057302622
terms_abstract_tfidf__operations,0.014107573472244759
terms_abstract_tfidf__opercular,-0.09354755770072166
terms_abstract_tfidf__opercularis,0.0368533075342968
terms_abstract_tfidf__operculum,-0.11536470348572908
terms_abstract_tfidf__opportunity,-0.07163660215306204
terms_abstract_tfidf__opposed,-0.03740831745121673
terms_abstract_tfidf__opposite,-0.0101915409781977
terms_abstract_tfidf__optimal,-0.08969567475749787
terms_abstract_tfidf__optimized,0.011976099851735469
terms_abstract_tfidf__options,-0.10104322285748131
terms_abstract_tfidf__oral,-0.029568435223594987
terms_abstract_tfidf__orbital,-0.0523360256438449
terms_abstract_tfidf__orbitofrontal,-0.1261695332281935
terms_abstract_tfidf__orbitofrontal cortex,-0.13572966292918706
terms_abstract_tfidf__order,-0.062015437834856114
terms_abstract_tfidf__organization,0.05327784050587962
terms_abstract_tfidf__organized,0.11388917874902478
terms_abstract_tfidf__orientation,0.1299485822192073
terms_abstract_tfidf__oriented,0.09014974692931622
terms_abstract_tfidf__orienting,0.03721496202617928
terms_abstract_tfidf__origin,0.037259325609902895
terms_abstract_tfidf__original,0.03376155843304384
terms_abstract_tfidf__orthographic,0.07168866789375797
terms_abstract_tfidf__oscillations,0.012243073731437815
terms_abstract_tfidf__outcome,-0.18852401357687829
terms_abstract_tfidf__outcomes,-0.18927791004850272
terms_abstract_tfidf__output,0.03430577995576551
terms_abstract_tfidf__outside,0.04960955569673218
terms_abstract_tfidf__outside scanner,-0.004329980221693868
terms_abstract_tfidf__overall,0.0033829331333684607
terms_abstract_tfidf__overcome,-0.03982958454078909
terms_abstract_tfidf__overlap,0.022460493810699256
terms_abstract_tfidf__overlapped,0.04046584255474319
terms_abstract_tfidf__overlapping,-0.004766718618442682
terms_abstract_tfidf__overt,-0.026214344971064188
terms_abstract_tfidf__oxygen,-0.07202161423212278
terms_abstract_tfidf__oxygen level,-0.07445182066648832
terms_abstract_tfidf__oxygenation,-0.07098610112179783
terms_abstract_tfidf__oxygenation level,-0.06582609913460077
terms_abstract_tfidf__paced,0.01140444306503695
terms_abstract_tfidf__pain,-0.20189406189348316
terms_abstract_tfidf__painful,-0.19465463862086582
terms_abstract_tfidf__pair,0.029390106986537833
terms_abstract_tfidf__paired,-0.02426962556937272
terms_abstract_tfidf__pairs,0.031211471474262665
terms_abstract_tfidf__pallidus,-0.061351297676297205
terms_abstract_tfidf__paper,0.06321231652505109
terms_abstract_tfidf__paradigm,-0.09728190155758325
terms_abstract_tfidf__paradigms,-0.05694677616398117
terms_abstract_tfidf__parahippocampal,0.04077171170436486
terms_abstract_tfidf__parahippocampal cortex,0.02451914525242388
terms_abstract_tfidf__parahippocampal gyrus,0.028710496621981
terms_abstract_tfidf__parahippocampus,-0.03411883344745047
terms_abstract_tfidf__paralimbic,-0.07948887196299527
terms_abstract_tfidf__parallel,-0.029763757302895995
terms_abstract_tfidf__parameter,-0.10319402491850924
terms_abstract_tfidf__parameters,0.04865031783760022
terms_abstract_tfidf__parametric,-0.06045015902975448
terms_abstract_tfidf__parametric mapping,-0.01492345667812614
terms_abstract_tfidf__parametrically,0.021717891115332847
terms_abstract_tfidf__parietal,0.03443607489915472
terms_abstract_tfidf__parietal cortex,0.036887583095315916
terms_abstract_tfidf__parietal cortices,-0.018181327246092005
terms_abstract_tfidf__parietal frontal,0.052867414536545414
terms_abstract_tfidf__parietal junction,0.08803317755446544
terms_abstract_tfidf__parietal lobe,0.06619313252755801
terms_abstract_tfidf__parietal lobes,0.03183851953238962
terms_abstract_tfidf__parietal lobule,0.06863440113378498
terms_abstract_tfidf__parietal lobules,0.0007987546767633239
terms_abstract_tfidf__parietal network,-0.029328622147101958
terms_abstract_tfidf__parietal occipital,0.11492394706552611
terms_abstract_tfidf__parietal temporal,0.07493226801598074
terms_abstract_tfidf__parieto,0.12630096010948927
terms_abstract_tfidf__parieto occipital,0.12245898545461453
terms_abstract_tfidf__parkinson,-0.06901967461438492
terms_abstract_tfidf__parkinson disease,-0.0697380025109014
terms_abstract_tfidf__pars,0.04497947839711012
terms_abstract_tfidf__pars opercularis,0.03638000434594551
terms_abstract_tfidf__partial,0.09506332939017534
terms_abstract_tfidf__partially,0.052021794236854234
terms_abstract_tfidf__participant,0.043112805549643717
terms_abstract_tfidf__participate,-0.0259648143608728
terms_abstract_tfidf__participated,-0.048598675339147517
terms_abstract_tfidf__particular,0.07722726226515403
terms_abstract_tfidf__particularly,-0.06521774623282423
terms_abstract_tfidf__partly,0.019281505469914844
terms_abstract_tfidf__partner,-0.12229284540066208
terms_abstract_tfidf__parts,0.08910472755369668
terms_abstract_tfidf__passive,0.09849115829123238
terms_abstract_tfidf__passive viewing,0.09173401145912186
terms_abstract_tfidf__passively,0.13622327100431536
terms_abstract_tfidf__past,0.04769713697384281
terms_abstract_tfidf__pathological,-0.027905207240560847
terms_abstract_tfidf__pathology,-0.03597564049885899
terms_abstract_tfidf__pathophysiological,-0.015416343875310037
terms_abstract_tfidf__pathophysiology,-0.08523932979256099
terms_abstract_tfidf__pathway,0.02612707313722288
terms_abstract_tfidf__pathways,-0.03562154651876743
terms_abstract_tfidf__patient,0.08435408036241324
terms_abstract_tfidf__patient group,0.03445892825149662
terms_abstract_tfidf__patient groups,0.027271785203914403
terms_abstract_tfidf__pattern,-0.010875661775056935
terms_abstract_tfidf__patterns,-0.03266212056712828
terms_abstract_tfidf__pcc,-0.04141041962815494
terms_abstract_tfidf__pd,-0.06552215811544315
terms_abstract_tfidf__peak,0.04467892462946945
terms_abstract_tfidf__people,0.0801626159271868
terms_abstract_tfidf__perceive,0.05776449004478286
terms_abstract_tfidf__perceived,-0.02433868548931144
terms_abstract_tfidf__perceiving,0.1539059879702365
terms_abstract_tfidf__percept,0.016405963533467682
terms_abstract_tfidf__perception,0.12560282699631775
terms_abstract_tfidf__perceptual,0.14127097625351984
terms_abstract_tfidf__perform,-0.003257720962105996
terms_abstract_tfidf__performance,-0.05151827477079191
terms_abstract_tfidf__performance task,-0.043972656453622784
terms_abstract_tfidf__performances,0.010180538273505698
terms_abstract_tfidf__performing,0.02761263704221963
terms_abstract_tfidf__perfusion,-0.08091038353549042
terms_abstract_tfidf__periaqueductal,-0.1109575053979355
terms_abstract_tfidf__period,-0.1184376244824722
terms_abstract_tfidf__periodicals,0.005746946889453944
terms_abstract_tfidf__periods,-0.1048901158709054
terms_abstract_tfidf__peripheral,-0.026980638413024293
terms_abstract_tfidf__persistent,-0.07714207897574309
terms_abstract_tfidf__person,0.15755765090327134
terms_abstract_tfidf__personal,0.03801851585436065
terms_abstract_tfidf__personality,-0.025083821379467606
terms_abstract_tfidf__personality traits,0.009663417017023952
terms_abstract_tfidf__persons,0.020389772140578535
terms_abstract_tfidf__perspective,0.12251795310206068
terms_abstract_tfidf__pet,-0.009866165842681159
terms_abstract_tfidf__pfc,-0.09626496857203504
terms_abstract_tfidf__pharmacological,-0.1778635614108159
terms_abstract_tfidf__phase,-0.10296549346565648
terms_abstract_tfidf__phases,-0.06879467354799867
terms_abstract_tfidf__phenomena,-0.05969446606310245
terms_abstract_tfidf__phenomenon,-0.019115683501348357
terms_abstract_tfidf__phenotype,-0.10695064860574188
terms_abstract_tfidf__phonological,0.050559734403298376
terms_abstract_tfidf__photographs,0.08321120525487412
terms_abstract_tfidf__physical,0.09400029086669741
terms_abstract_tfidf__physiological,-0.10324104509832052
terms_abstract_tfidf__picture,0.062261019469023036
terms_abstract_tfidf__pictures,0.0065036998861914795
terms_abstract_tfidf__pitch,-0.047381350113026514
terms_abstract_tfidf__place,0.06856681532997509
terms_abstract_tfidf__placebo,-0.1770440527851567
terms_abstract_tfidf__placebo controlled,-0.10960094717992303
terms_abstract_tfidf__planning,0.02791708070911806
terms_abstract_tfidf__planum,0.004960243010806035
terms_abstract_tfidf__planum temporale,0.006320664180204691
terms_abstract_tfidf__plasticity,0.1143292372057977
terms_abstract_tfidf__play,-0.004628787403969777
terms_abstract_tfidf__play important,0.020129589042759983
terms_abstract_tfidf__play role,-0.005476438796932166
terms_abstract_tfidf__played,-0.10692547759778115
terms_abstract_tfidf__playing,-0.010655581939726582
terms_abstract_tfidf__plays,-0.03997596582696462
terms_abstract_tfidf__plays important,0.013172860449397944
terms_abstract_tfidf__plays role,-0.049206466190279095
terms_abstract_tfidf__pleasant,-0.04611451844364544
terms_abstract_tfidf__point,0.07254620812330888
terms_abstract_tfidf__pointing,0.04294950152653339
terms_abstract_tfidf__points,-0.04033313109441022
terms_abstract_tfidf__pole,0.1135028879133363
terms_abstract_tfidf__polymorphism,-0.08731332792207071
terms_abstract_tfidf__poor,-0.02861608055692554
terms_abstract_tfidf__poorer,-0.027236749277180908
terms_abstract_tfidf__poorly,-0.08366819398163872
terms_abstract_tfidf__poorly understood,-0.06287006583179412
terms_abstract_tfidf__population,0.03896217340700937
terms_abstract_tfidf__populations,0.08177721137830649
terms_abstract_tfidf__portion,0.03259835241918991
terms_abstract_tfidf__portions,-0.011859179247915992
terms_abstract_tfidf__position,0.12018889961191923
terms_abstract_tfidf__positive,-0.06950030578279252
terms_abstract_tfidf__positive correlation,-0.0032445760878632122
terms_abstract_tfidf__positive correlations,-0.002743560613687217
terms_abstract_tfidf__positive negative,-0.07367444992239448
terms_abstract_tfidf__positively,-0.09119791365502344
terms_abstract_tfidf__positively correlated,-0.10264937309214293
terms_abstract_tfidf__positron,-0.05480693520960364
terms_abstract_tfidf__positron emission,-0.05525962059660385
terms_abstract_tfidf__possibility,0.030573673132763598
terms_abstract_tfidf__possible,0.09700054541644053
terms_abstract_tfidf__possibly,-0.09725208250249896
terms_abstract_tfidf__post,-0.008876876870685169
terms_abstract_tfidf__post hoc,0.02104361996420255
terms_abstract_tfidf__postcentral,0.049247916120037025
terms_abstract_tfidf__postcentral gyrus,0.043146218007880176
terms_abstract_tfidf__posterior,0.12483512551589196
terms_abstract_tfidf__posterior anterior,0.04067586124978718
terms_abstract_tfidf__posterior cingulate,-0.041712432169727524
terms_abstract_tfidf__posterior inferior,0.08733960376461555
terms_abstract_tfidf__posterior insula,-0.14639353049541282
terms_abstract_tfidf__posterior middle,0.13303994565961358
terms_abstract_tfidf__posterior parietal,0.0627941880248633
terms_abstract_tfidf__posterior superior,0.15519531084293733
terms_abstract_tfidf__posterior temporal,0.11201064178038438
terms_abstract_tfidf__posttraumatic,-0.020922360151745728
terms_abstract_tfidf__potential,-0.11257529238638725
terms_abstract_tfidf__potentially,-0.07513299117213824
terms_abstract_tfidf__potentials,0.05064992783282346
terms_abstract_tfidf__power,0.03455368736227884
terms_abstract_tfidf__powerful,-0.04547984831309978
terms_abstract_tfidf__ppc,0.08956783484588647
terms_abstract_tfidf__ppi,-0.027963960773058977
terms_abstract_tfidf__practice,0.04763907218235868
terms_abstract_tfidf__pre,-0.08469338894761165
terms_abstract_tfidf__pre post,0.03537741123771464
terms_abstract_tfidf__pre sma,-0.06478291971813567
terms_abstract_tfidf__pre supplementary,-0.06586975910929577
terms_abstract_tfidf__preceded,-0.03598213073268246
terms_abstract_tfidf__preceding,-0.0391590819149706
terms_abstract_tfidf__precentral,0.06709273995016607
terms_abstract_tfidf__precentral gyrus,0.017397406533819607
terms_abstract_tfidf__precise,0.027785196201774522
terms_abstract_tfidf__precuneus,0.023368184350302273
terms_abstract_tfidf__precuneus posterior,-0.015123200516920298
terms_abstract_tfidf__predict,0.014523671231928536
terms_abstract_tfidf__predicted,-0.08167179632995991
terms_abstract_tfidf__predicting,-0.1020942688570935
terms_abstract_tfidf__prediction,-0.05976557923269979
terms_abstract_tfidf__prediction error,-0.1811528011221889
terms_abstract_tfidf__predictions,0.011276841630128686
terms_abstract_tfidf__predictive,-0.002275555471315777
terms_abstract_tfidf__predictors,-0.022270563207314548
terms_abstract_tfidf__predicts,-0.07768420295580704
terms_abstract_tfidf__predominantly,-0.02043486027519048
terms_abstract_tfidf__preference,0.01299556038128346
terms_abstract_tfidf__preferences,-0.10094532045557837
terms_abstract_tfidf__preferential,0.027242301744737605
terms_abstract_tfidf__preferentially,0.1167729510999328
terms_abstract_tfidf__prefrontal,-0.1516633193305656
terms_abstract_tfidf__prefrontal cortex,-0.144244324553639
terms_abstract_tfidf__prefrontal cortical,-0.10661009810217807
terms_abstract_tfidf__prefrontal cortices,-0.13568540915333901
terms_abstract_tfidf__prefrontal parietal,-0.10505051831135882
terms_abstract_tfidf__preliminary,0.0087883437124706
terms_abstract_tfidf__premotor,0.06686400467867365
terms_abstract_tfidf__premotor cortex,0.07954897650334497
terms_abstract_tfidf__preparation,-0.03057231963263832
terms_abstract_tfidf__preparatory,-0.05440258936258261
terms_abstract_tfidf__presence,0.019443626337042472
terms_abstract_tfidf__presentation,-0.01310059006007761
terms_abstract_tfidf__presentations,7.799659039122139e-05
terms_abstract_tfidf__presented,0.17178934195684928
terms_abstract_tfidf__presenting,0.08654638650898605
terms_abstract_tfidf__preserved,0.07153748454961928
terms_abstract_tfidf__press,-0.035734484587666496
terms_abstract_tfidf__pressure,-0.161206446320414
terms_abstract_tfidf__presumably,0.018390481079944863
terms_abstract_tfidf__previous,0.0016926637153727633
terms_abstract_tfidf__previous functional,0.059978218239869686
terms_abstract_tfidf__previous reports,0.06450569371844159
terms_abstract_tfidf__previous research,-0.006215477508479099
terms_abstract_tfidf__previous shown,-0.012560269773018577
terms_abstract_tfidf__previous work,0.007958198042891388
terms_abstract_tfidf__primarily,0.012553593368737901
terms_abstract_tfidf__primary,0.00916991773205471
terms_abstract_tfidf__primary auditory,0.003568968610185975
terms_abstract_tfidf__primary motor,0.0352617864362512
terms_abstract_tfidf__primary secondary,-0.06559646497677363
terms_abstract_tfidf__primary sensorimotor,0.05908455442758585
terms_abstract_tfidf__primary somatosensory,-0.008184071486524386
terms_abstract_tfidf__primary visual,0.07807508552546824
terms_abstract_tfidf__primates,-0.025726488423546388
terms_abstract_tfidf__prime,0.07342091330081171
terms_abstract_tfidf__priming,0.09309635344094758
terms_abstract_tfidf__principal,-0.1309002544738397
terms_abstract_tfidf__principle,0.10916379427914043
terms_abstract_tfidf__prior,-0.023010925317452177
terms_abstract_tfidf__priori,-0.07822841745454773
terms_abstract_tfidf__probabilistic,-0.09721441664753111
terms_abstract_tfidf__probability,-0.11331850673420667
terms_abstract_tfidf__probably,0.01897264049430721
terms_abstract_tfidf__probe,-0.04740723294586605
terms_abstract_tfidf__problem,-0.07967296295706439
terms_abstract_tfidf__problems,-0.06354823601598958
terms_abstract_tfidf__procedure,-0.0014293545610079828
terms_abstract_tfidf__procedures,-0.14958460823199266
terms_abstract_tfidf__process,0.06591250444069789
terms_abstract_tfidf__processed,0.16544563586155298
terms_abstract_tfidf__processes,-0.07567208399211704
terms_abstract_tfidf__processes involved,-0.028212065263191123
terms_abstract_tfidf__processes underlying,-0.048757284673069334
terms_abstract_tfidf__produce,-0.02405175923214962
terms_abstract_tfidf__produced,-0.020711043157724433
terms_abstract_tfidf__producing,0.008080062899352177
terms_abstract_tfidf__production,-0.0028983607214990966
terms_abstract_tfidf__profile,0.0333661824313579
terms_abstract_tfidf__profiles,-0.012984210715671464
terms_abstract_tfidf__progression,-0.03094343643844602
terms_abstract_tfidf__progressive,0.009743595969208157
terms_abstract_tfidf__prolonged,-0.07017873382686397
terms_abstract_tfidf__prominent,0.005428923808987019
terms_abstract_tfidf__promising,-0.07806977895580478
terms_abstract_tfidf__pronounced,0.026590220809468462
terms_abstract_tfidf__proper,-0.02775370944901992
terms_abstract_tfidf__properties,0.13065089003312041
terms_abstract_tfidf__proportion,-0.08124440532431108
terms_abstract_tfidf__propose,0.045215165439829064
terms_abstract_tfidf__proposed,-0.020317799944806092
terms_abstract_tfidf__prospective,-0.08241907147245407
terms_abstract_tfidf__protocol,-0.06158659032938452
terms_abstract_tfidf__provide,-0.16962392033305101
terms_abstract_tfidf__provide evidence,-0.08092470123008465
terms_abstract_tfidf__provide new,-0.03452141879290139
terms_abstract_tfidf__provide novel,-0.056109844487619555
terms_abstract_tfidf__provided,-0.0727565062934125
terms_abstract_tfidf__provides,0.048845208874130526
terms_abstract_tfidf__provides evidence,-0.035268564478657255
terms_abstract_tfidf__providing,0.0565983828433301
terms_abstract_tfidf__pseudowords,0.06751465285194044
terms_abstract_tfidf__psts,0.135258133277961
terms_abstract_tfidf__psychiatric,-0.09917055567481617
terms_abstract_tfidf__psychiatric disorders,-0.11879957105460005
terms_abstract_tfidf__psychological,-0.02836892871160321
terms_abstract_tfidf__psychopathology,-0.11453151886664668
terms_abstract_tfidf__psychophysical,-0.07795105057284916
terms_abstract_tfidf__psychophysiological,-0.04690350042101187
terms_abstract_tfidf__psychophysiological interaction,-0.05166348700587184
terms_abstract_tfidf__psychosis,-0.06041996926671428
terms_abstract_tfidf__psychotic,-0.05259563472761186
terms_abstract_tfidf__ptsd,-0.044287138349826845
terms_abstract_tfidf__published,-0.140759259690159
terms_abstract_tfidf__punishment,-0.17814516280707243
terms_abstract_tfidf__pure,-0.026089334891624908
terms_abstract_tfidf__purpose,0.04591885766406392
terms_abstract_tfidf__putamen,-0.18580059482026987
terms_abstract_tfidf__putative,0.004419272057849717
terms_abstract_tfidf__quality,0.020902897412140548
terms_abstract_tfidf__quantified,-0.05338628336911641
terms_abstract_tfidf__quantify,0.04360745462673073
terms_abstract_tfidf__quantitative,-0.10668736554940954
terms_abstract_tfidf__question,0.07973388330817485
terms_abstract_tfidf__questionnaire,-0.0562455986016035
terms_abstract_tfidf__questions,0.06718546908438194
terms_abstract_tfidf__random,-0.02382165921552712
terms_abstract_tfidf__random effects,-0.06930370056025292
terms_abstract_tfidf__randomized,-0.08423084395643325
terms_abstract_tfidf__randomly,0.032751012356569506
terms_abstract_tfidf__range,-0.01929660534871359
terms_abstract_tfidf__ranging,-0.047096598269144696
terms_abstract_tfidf__rapid,-0.09401022199144339
terms_abstract_tfidf__rapidly,0.015820021214269182
terms_abstract_tfidf__rare,-0.01011047953256427
terms_abstract_tfidf__rarely,-0.016210191638640205
terms_abstract_tfidf__rate,-0.10020111489222921
terms_abstract_tfidf__rated,-0.0424179939308687
terms_abstract_tfidf__rates,-0.09851495655294797
terms_abstract_tfidf__rating,-0.050512236222970186
terms_abstract_tfidf__ratings,-0.14566619654619467
terms_abstract_tfidf__ratio,-0.0129661272038977
terms_abstract_tfidf__rationale,-0.0394221944742456
terms_abstract_tfidf__reach,0.08088370477417735
terms_abstract_tfidf__reaching,0.08285575721007857
terms_abstract_tfidf__reaction,-0.06148382709556401
terms_abstract_tfidf__reaction time,-0.0966323826847296
terms_abstract_tfidf__reaction times,0.0286846308134177
terms_abstract_tfidf__reactions,-0.0625753903687044
terms_abstract_tfidf__reactivity,-0.047611870799245275
terms_abstract_tfidf__read,0.15434524946195682
terms_abstract_tfidf__readers,0.08299656192388988
terms_abstract_tfidf__reading,0.14548192293234638
terms_abstract_tfidf__real,0.06338225050211038
terms_abstract_tfidf__real time,-0.019638966771037616
terms_abstract_tfidf__real world,0.0013812456092786086
terms_abstract_tfidf__reality,-0.052739500907839236
terms_abstract_tfidf__reappraisal,-0.03226573110503484
terms_abstract_tfidf__reasoning,0.03146789345049998
terms_abstract_tfidf__recall,-0.030589570634446794
terms_abstract_tfidf__receive,-0.06115139566445328
terms_abstract_tfidf__received,-0.1370892185044284
terms_abstract_tfidf__receiving,-0.18453215096212947
terms_abstract_tfidf__recently,-0.030786022090378434
terms_abstract_tfidf__receptor,-0.17126537501098765
terms_abstract_tfidf__recognition,0.14831143179613235
terms_abstract_tfidf__recognition memory,-0.019493030256872684
terms_abstract_tfidf__recognition task,0.013077058286130646
terms_abstract_tfidf__recognize,0.15910523144693986
terms_abstract_tfidf__recognized,0.04744940818670749
terms_abstract_tfidf__recognizing,0.08689974750018137
terms_abstract_tfidf__recollection,0.02865486067180098
terms_abstract_tfidf__recorded,-0.02890152049012935
terms_abstract_tfidf__recording,-0.061153538693551154
terms_abstract_tfidf__recordings,0.030375768901146325
terms_abstract_tfidf__recovery,0.09074336855041779
terms_abstract_tfidf__recruit,0.055430260928037496
terms_abstract_tfidf__recruited,0.03275930565572186
terms_abstract_tfidf__recruitment,-0.0025979896450681293
terms_abstract_tfidf__recruits,0.0867672129480759
terms_abstract_tfidf__reduce,-0.07777875601535174
terms_abstract_tfidf__reduces,-0.05940433601305075
terms_abstract_tfidf__reducing,-0.08147715505623689
terms_abstract_tfidf__reduction,-0.11163374094263405
terms_abstract_tfidf__reductions,-0.05690801543397413
terms_abstract_tfidf__reference,0.06416222661603553
terms_abstract_tfidf__referential,0.039475360378683946
terms_abstract_tfidf__referred,0.06344305124252148
terms_abstract_tfidf__refers,0.029409399134723267
terms_abstract_tfidf__reflect,0.024520336896437588
terms_abstract_tfidf__reflected,0.002289553542071854
terms_abstract_tfidf__reflecting,-0.007174094629045263
terms_abstract_tfidf__reflects,0.07395057467873746
terms_abstract_tfidf__regard,-0.030828384822934974
terms_abstract_tfidf__regarding,-0.052678779345937204
terms_abstract_tfidf__regardless,0.1032930021942454
terms_abstract_tfidf__regional,-0.09213162725147946
terms_abstract_tfidf__regional cerebral,-0.01738115385713898
terms_abstract_tfidf__regional gray,-0.004221904562783578
terms_abstract_tfidf__regional homogeneity,-0.005874679806237933
terms_abstract_tfidf__regular,0.008576595404316423
terms_abstract_tfidf__regulate,-0.07257951850932791
terms_abstract_tfidf__regulating,-0.13853856209437015
terms_abstract_tfidf__regulation,-0.1056478041468709
terms_abstract_tfidf__regulatory,-0.12015247546432777
terms_abstract_tfidf__rehabilitation,0.002935940533203248
terms_abstract_tfidf__rehearsal,0.007467068980427413
terms_abstract_tfidf__reho,-0.003236533098468346
terms_abstract_tfidf__reinforcement,-0.17238661519758627
terms_abstract_tfidf__reinforcement learning,-0.13300324615380785
terms_abstract_tfidf__relate,0.0024802519773133714
terms_abstract_tfidf__relates,-0.0937398169552721
terms_abstract_tfidf__relation,0.0031695594305562796
terms_abstract_tfidf__relational,-0.022803091994648344
terms_abstract_tfidf__relations,0.06102077991775369
terms_abstract_tfidf__relationship,-0.030077487752744696
terms_abstract_tfidf__relationships,-0.016500605665058985
terms_abstract_tfidf__relatively,-0.045532694337185466
terms_abstract_tfidf__relevance,-0.02088567001402729
terms_abstract_tfidf__relevant,0.09114835685884923
terms_abstract_tfidf__relevant information,0.07584911715284663
terms_abstract_tfidf__reliability,-0.01204145272633248
terms_abstract_tfidf__reliable,0.11193131484557843
terms_abstract_tfidf__reliably,0.018953646952306957
terms_abstract_tfidf__reliance,0.05811237502954747
terms_abstract_tfidf__relied,-0.02324967484812421
terms_abstract_tfidf__relies,0.06377717361851074
terms_abstract_tfidf__rely,0.0828739620164696
terms_abstract_tfidf__remain,-0.03674352942662625
terms_abstract_tfidf__remain unclear,-0.02468306481527887
terms_abstract_tfidf__remained,-0.03730911756474642
terms_abstract_tfidf__remaining,0.08697058985481379
terms_abstract_tfidf__remarkably,0.01401168332369277
terms_abstract_tfidf__remember,0.027765278680819808
terms_abstract_tfidf__remembered,0.0729017657012766
terms_abstract_tfidf__remembering,0.03624531636143337
terms_abstract_tfidf__remote,0.051722259276924115
terms_abstract_tfidf__reorganization,0.046048473291678396
terms_abstract_tfidf__repeat,-0.05980650793114768
terms_abstract_tfidf__repeated,0.041005722653262335
terms_abstract_tfidf__repeatedly,-0.006467010948959448
terms_abstract_tfidf__repetition,0.11533175407643873
terms_abstract_tfidf__repetition suppression,0.16029589446805134
terms_abstract_tfidf__repetitive,0.027707791395383045
terms_abstract_tfidf__replicate,0.06192614735353601
terms_abstract_tfidf__replicated,-0.01966119025085966
terms_abstract_tfidf__report,-0.05467134533297532
terms_abstract_tfidf__reported,-0.08789544152360144
terms_abstract_tfidf__reports,-0.03430052418771628
terms_abstract_tfidf__represent,0.011616358360200063
terms_abstract_tfidf__representation,0.20370242041567896
terms_abstract_tfidf__representational,0.12983707061658256
terms_abstract_tfidf__representations,0.18853687243260675
terms_abstract_tfidf__represented,0.10716698577108204
terms_abstract_tfidf__representing,0.09352898088790038
terms_abstract_tfidf__represents,0.03133462550593795
terms_abstract_tfidf__require,0.057315662776727415
terms_abstract_tfidf__required,-0.03114315192735496
terms_abstract_tfidf__requirements,0.06701809558596698
terms_abstract_tfidf__requires,0.05040232078198781
terms_abstract_tfidf__requiring,0.012728762526500901
terms_abstract_tfidf__research,0.013978381395828295
terms_abstract_tfidf__research suggests,0.0338338408694063
terms_abstract_tfidf__researchers,-0.04026713120566848
terms_abstract_tfidf__residual,0.0629826935397109
terms_abstract_tfidf__resolution,0.0433916604889476
terms_abstract_tfidf__resolve,-0.01945564217707328
terms_abstract_tfidf__resonance,-0.12712940439890774
terms_abstract_tfidf__resonance experiment,0.038030714962600534
terms_abstract_tfidf__resonance healthy,-0.04291849865618691
terms_abstract_tfidf__resonance images,-0.004160654327976205
terms_abstract_tfidf__resonance measure,-0.009856206799192945
terms_abstract_tfidf__resonance performing,-0.14032650272070488
terms_abstract_tfidf__resonance rs,-0.0019330968795887278
terms_abstract_tfidf__resonance scans,-0.01710627454865073
terms_abstract_tfidf__resources,-0.006478961692467632
terms_abstract_tfidf__respect,0.03786170841062602
terms_abstract_tfidf__respective,-0.025435748968866172
terms_abstract_tfidf__respectively,0.03100220164757521
terms_abstract_tfidf__respond,-0.015329273489556754
terms_abstract_tfidf__responded,0.04562561942408149
terms_abstract_tfidf__responding,-0.09192731711473406
terms_abstract_tfidf__responds,0.12707579710769934
terms_abstract_tfidf__response,-0.21449629304875553
terms_abstract_tfidf__response inhibition,-0.2239199340477657
terms_abstract_tfidf__response selection,-0.09280491784482497
terms_abstract_tfidf__response time,-0.04391107541095387
terms_abstract_tfidf__response times,-0.044106646535968616
terms_abstract_tfidf__responses,-0.14600726083446045
terms_abstract_tfidf__responsible,0.016437588574910605
terms_abstract_tfidf__responsive,0.1383319311678359
terms_abstract_tfidf__responsiveness,-0.07197972032552404
terms_abstract_tfidf__rest,-0.02575944011932162
terms_abstract_tfidf__resting,-0.034443655061515886
terms_abstract_tfidf__resting state,-0.03423881169745937
terms_abstract_tfidf__restricted,0.13130105309707638
terms_abstract_tfidf__result,-0.0916207643778984
terms_abstract_tfidf__resulted,0.030210371910276403
terms_abstract_tfidf__resulting,-0.04812620146084181
terms_abstract_tfidf__retention,0.0018116823122665692
terms_abstract_tfidf__retrieval,-0.0014898096425048214
terms_abstract_tfidf__retrieved,0.005794637213528657
terms_abstract_tfidf__retrosplenial,0.002328499822054098
terms_abstract_tfidf__retrosplenial cortex,-0.025756218502129273
terms_abstract_tfidf__reveal,0.005643160635740444
terms_abstract_tfidf__revealing,0.03310918215150106
terms_abstract_tfidf__reveals,-0.004448910392615474
terms_abstract_tfidf__reversal,-0.18422592590851627
terms_abstract_tfidf__reverse,0.049765351856467605
terms_abstract_tfidf__reversed,0.05407220109181829
terms_abstract_tfidf__reward,-0.22625111515178578
terms_abstract_tfidf__reward anticipation,-0.1426135187970517
terms_abstract_tfidf__rewarding,-0.15348641991331555
terms_abstract_tfidf__rewards,-0.23155047733172043
terms_abstract_tfidf__rhythm,0.026530308908243337
terms_abstract_tfidf__rich,0.05848303591994124
terms_abstract_tfidf__rise,0.04229712038974141
terms_abstract_tfidf__risk,-0.16074638712441786
terms_abstract_tfidf__risk taking,-0.2175768862351952
terms_abstract_tfidf__risky,-0.1852493532673887
terms_abstract_tfidf__robust,-0.010276266683427761
terms_abstract_tfidf__roi,0.008769652169002792
terms_abstract_tfidf__rois,0.03003657195029159
terms_abstract_tfidf__role,-0.02759052588947078
terms_abstract_tfidf__roles,-0.009518136950047898
terms_abstract_tfidf__rostral,-0.09600858916518595
terms_abstract_tfidf__rostral anterior,-0.07650240166294542
terms_abstract_tfidf__rotation,0.13428654931067888
terms_abstract_tfidf__rs,-0.01940761003084821
terms_abstract_tfidf__rsfc,0.02678646971048473
terms_abstract_tfidf__rt,-0.08290617464727679
terms_abstract_tfidf__rule,-0.08910614950095809
terms_abstract_tfidf__rules,-0.10953915432572665
terms_abstract_tfidf__run,0.07012851846238356
terms_abstract_tfidf__runs,0.0369853515543648
terms_abstract_tfidf__s1,-0.02430516882846074
terms_abstract_tfidf__saccade,0.055279809373489065
terms_abstract_tfidf__saccades,0.04508053746957638
terms_abstract_tfidf__sad,-0.034711825304259245
terms_abstract_tfidf__salience,-0.14011173379777916
terms_abstract_tfidf__salience network,-0.14304491512443018
terms_abstract_tfidf__salient,-0.0447399843415269
terms_abstract_tfidf__sample,-0.0132837677935144
terms_abstract_tfidf__samples,-0.06118577340252729
terms_abstract_tfidf__sampling,-0.10847249384027954
terms_abstract_tfidf__scale,-0.06141926154457026
terms_abstract_tfidf__scales,-0.0453598851407306
terms_abstract_tfidf__scalp,0.039511275900967494
terms_abstract_tfidf__scan,0.04234777899891575
terms_abstract_tfidf__scanned,0.042849549754421165
terms_abstract_tfidf__scanned using,0.013358943943013034
terms_abstract_tfidf__scanner,-0.014978390111019013
terms_abstract_tfidf__scanning,0.013999494879895168
terms_abstract_tfidf__scans,-0.0024117396354203825
terms_abstract_tfidf__scene,0.14491611229861093
terms_abstract_tfidf__scenes,0.10681852619739239
terms_abstract_tfidf__schizophrenia,-0.06382014892752515
terms_abstract_tfidf__schizophrenic,-0.047033013156624205
terms_abstract_tfidf__sclerosis,9.748311178532793e-05
terms_abstract_tfidf__score,-0.005232496209236995
terms_abstract_tfidf__scores,-0.03953344554607289
terms_abstract_tfidf__sd,-0.032288460870458086
terms_abstract_tfidf__se,-0.06398282675274504
terms_abstract_tfidf__search,0.08658672513624546
terms_abstract_tfidf__second,0.036710397122832715
terms_abstract_tfidf__secondary,-0.10281890068342339
terms_abstract_tfidf__secondary somatosensory,-0.10184287929162851
terms_abstract_tfidf__sectional,0.024144730162424115
terms_abstract_tfidf__seed,-0.0549840085255243
terms_abstract_tfidf__seeds,-0.004546215655496704
terms_abstract_tfidf__seeking,-0.19948432258476598
terms_abstract_tfidf__seen,-0.011220159052158053
terms_abstract_tfidf__segregated,-0.0029325480159928296
terms_abstract_tfidf__segregation,0.04801967588378798
terms_abstract_tfidf__select,0.02003190704328915
terms_abstract_tfidf__selected,0.0031725339167605806
terms_abstract_tfidf__selection,-0.057118282710010265
terms_abstract_tfidf__selective,0.18739834243738124
terms_abstract_tfidf__selective attention,0.056056169381036906
terms_abstract_tfidf__selectively,0.08089186770093447
terms_abstract_tfidf__selectivity,0.19152161583233498
terms_abstract_tfidf__self,-0.06223691946571682
terms_abstract_tfidf__self referential,0.03838586958313246
terms_abstract_tfidf__self report,-0.06773654001208465
terms_abstract_tfidf__self reported,-0.0728944317207616
terms_abstract_tfidf__semantic,0.12150394567434952
terms_abstract_tfidf__semantic memory,0.03737771675166307
terms_abstract_tfidf__semantically,0.12092840796132362
terms_abstract_tfidf__semantics,0.1511090767969651
terms_abstract_tfidf__sensation,-0.17355077815835326
terms_abstract_tfidf__sensations,-0.11685032444891588
terms_abstract_tfidf__sense,-0.02543545190118421
terms_abstract_tfidf__sensitive,0.09357279707245406
terms_abstract_tfidf__sensitivity,-0.11968993002636112
terms_abstract_tfidf__sensorimotor,0.06130205171124351
terms_abstract_tfidf__sensorimotor cortex,0.05639739508904217
terms_abstract_tfidf__sensorimotor network,0.07243076955128547
terms_abstract_tfidf__sensory,0.03141616961203606
terms_abstract_tfidf__sensory information,0.051461470441944
terms_abstract_tfidf__sensory motor,0.06422095272607632
terms_abstract_tfidf__sentence,0.10096256195266927
terms_abstract_tfidf__sentence comprehension,0.04306434796250369
terms_abstract_tfidf__sentences,0.11584765281470039
terms_abstract_tfidf__separable,-0.020242753167009228
terms_abstract_tfidf__separate,-0.02810908431796693
terms_abstract_tfidf__separated,0.003010471377521911
terms_abstract_tfidf__separately,0.06683948803651771
terms_abstract_tfidf__separation,0.007847318373655073
terms_abstract_tfidf__sequence,0.00630525613196162
terms_abstract_tfidf__sequences,-0.005417264375060319
terms_abstract_tfidf__sequential,0.027078458980738684
terms_abstract_tfidf__serial,0.03888293569001504
terms_abstract_tfidf__series,-0.000779378753109162
terms_abstract_tfidf__serotonin,-0.07521376060314805
terms_abstract_tfidf__serve,-0.016281234137495607
terms_abstract_tfidf__served,-0.026286518597837368
terms_abstract_tfidf__serves,-0.01861287321291264
terms_abstract_tfidf__session,-0.02460259459342076
terms_abstract_tfidf__sessions,-0.05825503405601497
terms_abstract_tfidf__set,-0.08034212072690163
terms_abstract_tfidf__sets,-0.007390545732468052
terms_abstract_tfidf__setting,-0.0647095668459425
terms_abstract_tfidf__settings,0.04697874736997276
terms_abstract_tfidf__seven,-0.04463441064201241
terms_abstract_tfidf__seventeen,-0.009042079543817258
terms_abstract_tfidf__severe,0.0376594923397497
terms_abstract_tfidf__severity,-0.06174046091910226
terms_abstract_tfidf__sex,-0.02509624894572037
terms_abstract_tfidf__sexual,-0.08524965689582292
terms_abstract_tfidf__sham,-0.06474031208346649
terms_abstract_tfidf__shape,0.09933272974895713
terms_abstract_tfidf__shaped,0.012401760158438583
terms_abstract_tfidf__shapes,0.1388565452864339
terms_abstract_tfidf__share,-0.011482765987773343
terms_abstract_tfidf__shared,-0.026364324385056818
terms_abstract_tfidf__shed,0.007841853157179631
terms_abstract_tfidf__shed light,-0.007577626445571493
terms_abstract_tfidf__shift,-0.06262121945403581
terms_abstract_tfidf__shifted,-0.020110797247322877
terms_abstract_tfidf__shifting,-0.07444281088129324
terms_abstract_tfidf__shifts,0.009225317051387499
terms_abstract_tfidf__short,0.16685953356870672
terms_abstract_tfidf__short term,0.09694493196908727
terms_abstract_tfidf__shorter,-0.0004968545009886838
terms_abstract_tfidf__showing,0.022210046726168525
terms_abstract_tfidf__shown,0.009218823803938793
terms_abstract_tfidf__shows,0.059320859357487175
terms_abstract_tfidf__si,-0.05354865483935667
terms_abstract_tfidf__sided,-0.03315064381553659
terms_abstract_tfidf__sighted,0.12081748385348832
terms_abstract_tfidf__sign,0.1418169839637355
terms_abstract_tfidf__signal,-0.15314082608932272
terms_abstract_tfidf__signal change,-0.006909916654762503
terms_abstract_tfidf__signal task,-0.19484185008278393
terms_abstract_tfidf__signaling,-0.15216856754408187
terms_abstract_tfidf__signals,-0.010883117081108538
terms_abstract_tfidf__signature,-0.0350581166366013
terms_abstract_tfidf__significance,-0.11283321332345271
terms_abstract_tfidf__significance statement,-0.04467540779082207
terms_abstract_tfidf__signs,0.04754838018119088
terms_abstract_tfidf__sii,-0.07261699879957903
terms_abstract_tfidf__silent,0.04946553087324484
terms_abstract_tfidf__similarities,-0.0989221280052307
terms_abstract_tfidf__similarity,0.06915166817550772
terms_abstract_tfidf__similarly,-0.025668404363738746
terms_abstract_tfidf__simple,0.04859502635027116
terms_abstract_tfidf__simply,-0.018171166551944475
terms_abstract_tfidf__simulated,0.06640675870623558
terms_abstract_tfidf__simulation,0.170153570862384
terms_abstract_tfidf__simultaneous,-0.07915053160238972
terms_abstract_tfidf__simultaneous eeg,-0.060144557373817666
terms_abstract_tfidf__simultaneously,0.06088606538219652
terms_abstract_tfidf__single,0.10012049732217099
terms_abstract_tfidf__single subject,0.06463874703345958
terms_abstract_tfidf__single trial,-0.05762494255458724
terms_abstract_tfidf__site,-0.04765379882201715
terms_abstract_tfidf__sites,0.11838032035677293
terms_abstract_tfidf__situation,0.02748556674203001
terms_abstract_tfidf__situations,-0.0640055147164348
terms_abstract_tfidf__sixteen,-0.024735430912917293
terms_abstract_tfidf__size,0.0611959686450659
terms_abstract_tfidf__sizes,-0.03452780752723604
terms_abstract_tfidf__skill,0.08636330061072277
terms_abstract_tfidf__skills,0.11920633315882402
terms_abstract_tfidf__skin,-0.12706140334346658
terms_abstract_tfidf__skin conductance,-0.08472090136820604
terms_abstract_tfidf__sleep,-0.07472746843716625
terms_abstract_tfidf__slow,0.006282014810012152
terms_abstract_tfidf__slower,-0.08630387441248037
terms_abstract_tfidf__sma,-0.027007068860274423
terms_abstract_tfidf__small,-0.03563998691817885
terms_abstract_tfidf__smaller,0.014887949625336216
terms_abstract_tfidf__smokers,-0.09881991044178592
terms_abstract_tfidf__smoking,-0.08073906605081048
terms_abstract_tfidf__sn,-0.12457801561141386
terms_abstract_tfidf__social,0.1079489294231279
terms_abstract_tfidf__social cognition,0.11674440533708863
terms_abstract_tfidf__social cognitive,0.09255021926833547
terms_abstract_tfidf__social interaction,0.06680019298769399
terms_abstract_tfidf__social interactions,0.08586833428976796
terms_abstract_tfidf__socially,0.13245511740181623
terms_abstract_tfidf__software,0.014871189464162616
terms_abstract_tfidf__solving,0.0019642359161761553
terms_abstract_tfidf__somatosensory,-0.024729653528355093
terms_abstract_tfidf__somatosensory cortex,-0.018396770650025797
terms_abstract_tfidf__somatosensory cortices,-0.07803097004967739
terms_abstract_tfidf__sought,-0.07248741729430887
terms_abstract_tfidf__sound,0.010300993653405506
terms_abstract_tfidf__sounds,0.05025407120135516
terms_abstract_tfidf__source,0.05896120759060027
terms_abstract_tfidf__sources,0.02585633113647463
terms_abstract_tfidf__space,0.1792163338358388
terms_abstract_tfidf__span,0.018013662083090676
terms_abstract_tfidf__sparse,-0.03403478437653152
terms_abstract_tfidf__spatial,0.10162983481849641
terms_abstract_tfidf__spatial attention,0.06805357197336694
terms_abstract_tfidf__spatial information,0.09116870179057043
terms_abstract_tfidf__spatial temporal,0.0016958593189499748
terms_abstract_tfidf__spatially,0.05845868725881005
terms_abstract_tfidf__spatiotemporal,0.031445581954113594
terms_abstract_tfidf__speaker,0.09589674795880568
terms_abstract_tfidf__speakers,0.06116673990232035
terms_abstract_tfidf__speaking,-0.002674727679155267
terms_abstract_tfidf__special,0.12560505256500543
terms_abstract_tfidf__specialization,0.09953904688284701
terms_abstract_tfidf__specialized,0.10149197346283712
terms_abstract_tfidf__species,-0.13198629171243614
terms_abstract_tfidf__specifically,-0.03709605860155718
terms_abstract_tfidf__specificity,0.06762300006172778
terms_abstract_tfidf__specified,-0.03165627017840477
terms_abstract_tfidf__spectral,-0.014243412179781983
terms_abstract_tfidf__spectrum,0.10820693942976119
terms_abstract_tfidf__spectrum disorder,0.06624951787532435
terms_abstract_tfidf__spectrum disorders,0.11070478246980368
terms_abstract_tfidf__speech,0.03263010440091341
terms_abstract_tfidf__speech perception,0.014999026057939936
terms_abstract_tfidf__speech production,-0.029673840793732902
terms_abstract_tfidf__speed,0.015186923278043267
terms_abstract_tfidf__spin,-0.09618437508758054
terms_abstract_tfidf__spin labeling,-0.09943305938911409
terms_abstract_tfidf__spinal,-0.041644377999104455
terms_abstract_tfidf__spl,0.12699628622133954
terms_abstract_tfidf__spoken,0.08028803896421877
terms_abstract_tfidf__spontaneous,0.0003322396453735196
terms_abstract_tfidf__stable,-0.023837983426334905
terms_abstract_tfidf__stage,-0.04799177711847739
terms_abstract_tfidf__stages,-0.05568367845200543
terms_abstract_tfidf__standard,0.004696719948569218
terms_abstract_tfidf__standardized,0.044312818825335165
terms_abstract_tfidf__state,-0.03092116715423632
terms_abstract_tfidf__state connectivity,-0.02180039317500635
terms_abstract_tfidf__state functional,-0.046918497026948315
terms_abstract_tfidf__state networks,-0.031872138581800866
terms_abstract_tfidf__statement,-0.04545094534738949
terms_abstract_tfidf__states,0.03238007372168736
terms_abstract_tfidf__static,0.1329696146776797
terms_abstract_tfidf__statistics,0.04460161511108923
terms_abstract_tfidf__status,0.0508848294062264
terms_abstract_tfidf__step,0.055972102314676676
terms_abstract_tfidf__stg,0.03027554216448912
terms_abstract_tfidf__stimulated,-0.01884681220506451
terms_abstract_tfidf__stimulation,-0.05958192040133102
terms_abstract_tfidf__stimulation tms,0.09685993501825284
terms_abstract_tfidf__stimuli,-0.0007746258668172451
terms_abstract_tfidf__stimuli presented,0.04718677597216016
terms_abstract_tfidf__stimulus,-0.06009520837286172
terms_abstract_tfidf__stimulus driven,0.027966472128305605
terms_abstract_tfidf__stimulus response,-0.12245054415478339
terms_abstract_tfidf__stop,-0.222131607398367
terms_abstract_tfidf__stop signal,-0.20704969788245708
terms_abstract_tfidf__storage,-0.04722175860802306
terms_abstract_tfidf__stored,0.05578250903094903
terms_abstract_tfidf__strategic,-0.036781080812823934
terms_abstract_tfidf__strategies,-0.06014973674915615
terms_abstract_tfidf__strategy,-0.06861701084389156
terms_abstract_tfidf__stream,0.15587631962630377
terms_abstract_tfidf__streams,0.09364169346124074
terms_abstract_tfidf__strength,-0.07463448524495456
terms_abstract_tfidf__stress,-0.0715656447359621
terms_abstract_tfidf__stress disorder,-0.03517571595619975
terms_abstract_tfidf__striatal,-0.25324249932861
terms_abstract_tfidf__striatum,-0.24888948524241802
terms_abstract_tfidf__striking,0.05133532336746512
terms_abstract_tfidf__stroke,0.12411729473501878
terms_abstract_tfidf__strong,0.012690913292468643
terms_abstract_tfidf__strongest,0.0710818426531974
terms_abstract_tfidf__strongly,0.09852020241142602
terms_abstract_tfidf__stroop,-0.1051077623085581
terms_abstract_tfidf__stroop task,-0.08221845122722808
terms_abstract_tfidf__structural,0.0392020438188082
terms_abstract_tfidf__structural functional,0.0016904979619949796
terms_abstract_tfidf__structural magnetic,0.023413833000632447
terms_abstract_tfidf__structure,0.100749811021501
terms_abstract_tfidf__structure function,-0.024132806829341755
terms_abstract_tfidf__structures,-0.10950853405015379
terms_abstract_tfidf__structures involved,-0.04734979645101637
terms_abstract_tfidf__sts,0.1531159365432589
terms_abstract_tfidf__students,0.003529136035687901
terms_abstract_tfidf__studied,-0.01797212045355262
terms_abstract_tfidf__studying,0.0013456775087563823
terms_abstract_tfidf__sub,-0.06902526310958843
terms_abstract_tfidf__subcortical,-0.14120955508266064
terms_abstract_tfidf__subcortical structures,-0.0826371557257858
terms_abstract_tfidf__subgenual,-0.10078193628356912
terms_abstract_tfidf__subject,0.036572437581794015
terms_abstract_tfidf__subjective,-0.10981580420600871
terms_abstract_tfidf__subregions,-0.04672961512037942
terms_abstract_tfidf__subsequent,-0.0029984055481103757
terms_abstract_tfidf__subsequent memory,0.057569153321753795
terms_abstract_tfidf__subsequently,-0.03240272431516698
terms_abstract_tfidf__subserve,-0.03931142187060795
terms_abstract_tfidf__subserved,-0.008957970192194247
terms_abstract_tfidf__subserving,-0.043009848765757676
terms_abstract_tfidf__subset,-0.05332476281639952
terms_abstract_tfidf__substance,-0.15555885900436617
terms_abstract_tfidf__substantia,-0.10039199505294712
terms_abstract_tfidf__substantial,-0.03773191238729555
terms_abstract_tfidf__substantially,0.012805730920253956
terms_abstract_tfidf__substrate,0.09048478242846456
terms_abstract_tfidf__substrates,-0.032355104566115254
terms_abstract_tfidf__subtle,0.0191038270891469
terms_abstract_tfidf__subtraction,-0.005404082845884388
terms_abstract_tfidf__success,-0.06978114015764023
terms_abstract_tfidf__successful,-0.023092164452188545
terms_abstract_tfidf__successfully,0.054588664855725555
terms_abstract_tfidf__successive,0.0364557869430098
terms_abstract_tfidf__suffering,-0.024900708719544595
terms_abstract_tfidf__sufficient,0.04450634902907895
terms_abstract_tfidf__suggest,0.01887013620518609
terms_abstract_tfidf__suggest functional,-0.052033158338601095
terms_abstract_tfidf__suggested,-0.013437052083581277
terms_abstract_tfidf__suggesting,0.04179573331613316
terms_abstract_tfidf__suggests,0.033843095566382646
terms_abstract_tfidf__sulci,0.1699642554145687
terms_abstract_tfidf__sulcus,0.20940048472628675
terms_abstract_tfidf__sulcus ips,0.07269265002624588
terms_abstract_tfidf__sulcus sts,0.14783871176602514
terms_abstract_tfidf__sum,-0.0052153283698648115
terms_abstract_tfidf__summary,-0.03607643887635616
terms_abstract_tfidf__superior,0.17237941369026677
terms_abstract_tfidf__superior frontal,-0.041206999391878524
terms_abstract_tfidf__superior inferior,0.0711549426548803
terms_abstract_tfidf__superior middle,0.025056575512547682
terms_abstract_tfidf__superior parietal,0.12127312994264262
terms_abstract_tfidf__superior temporal,0.12595691756229718
terms_abstract_tfidf__supplementary,-0.04480145789379965
terms_abstract_tfidf__supplementary motor,-0.05547071855428198
terms_abstract_tfidf__supported,0.02471534957325477
terms_abstract_tfidf__supporting,0.03610316783231853
terms_abstract_tfidf__supports,0.011144892946849175
terms_abstract_tfidf__suppressed,-0.0551472121075039
terms_abstract_tfidf__suppression,0.0440787439980083
terms_abstract_tfidf__supramarginal,0.035521053492254005
terms_abstract_tfidf__supramarginal gyrus,0.03592669584512877
terms_abstract_tfidf__surface,0.1503354586628356
terms_abstract_tfidf__surprisingly,0.06750392825430136
terms_abstract_tfidf__surrounding,0.08435910078488332
terms_abstract_tfidf__susceptibility,-0.06877346206642998
terms_abstract_tfidf__sustained,-0.13241487639385954
terms_abstract_tfidf__sustained attention,-0.11625827367613542
terms_abstract_tfidf__switch,-0.10254757103975412
terms_abstract_tfidf__switching,-0.11861619947481569
terms_abstract_tfidf__symbolic,0.07287017639154601
terms_abstract_tfidf__symptom,-0.07252664848980912
terms_abstract_tfidf__symptom severity,-0.044527577516810496
terms_abstract_tfidf__symptoms,-0.07944084023516144
terms_abstract_tfidf__synchronization,0.04525951241758319
terms_abstract_tfidf__syndrome,-0.02182138536298161
terms_abstract_tfidf__syntactic,0.07510656505132429
terms_abstract_tfidf__systematic,0.05686864595151301
terms_abstract_tfidf__systematically,0.03429800671825455
terms_abstract_tfidf__systems,-0.026883358701858675
terms_abstract_tfidf__systems involved,0.0320909736979192
terms_abstract_tfidf__t1,0.06195354105289569
terms_abstract_tfidf__t1 weighted,0.06652767915898104
terms_abstract_tfidf__tactile,0.03855565407402427
terms_abstract_tfidf__taken,0.05149984880437064
terms_abstract_tfidf__taken suggest,0.009576765404720456
terms_abstract_tfidf__taking,-0.0934250015417779
terms_abstract_tfidf__tapping,-0.002703243123460702
terms_abstract_tfidf__target,0.007549937066729798
terms_abstract_tfidf__target detection,-0.044189604891563566
terms_abstract_tfidf__targeted,-0.02716001250631851
terms_abstract_tfidf__targets,0.0008421172774788989
terms_abstract_tfidf__task,-0.08273776212664712
terms_abstract_tfidf__task conditions,-0.06402616056633759
terms_abstract_tfidf__task demands,0.005981165915311321
terms_abstract_tfidf__task difficulty,-0.04364878692156586
terms_abstract_tfidf__task functional,-0.0821158983901958
terms_abstract_tfidf__task induced,0.026248887794380914
terms_abstract_tfidf__task involving,-0.0036834893999415225
terms_abstract_tfidf__task irrelevant,0.0033792585084513114
terms_abstract_tfidf__task performance,-0.06813029966798746
terms_abstract_tfidf__task positive,-0.004038772644797512
terms_abstract_tfidf__task relevant,0.034928245790593684
terms_abstract_tfidf__task required,-0.06782773199194449
terms_abstract_tfidf__task task,-0.08334406416830577
terms_abstract_tfidf__task using,0.037287188563171696
terms_abstract_tfidf__tasks,0.018268053642530584
terms_abstract_tfidf__taste,-0.17840945297650507
terms_abstract_tfidf__td,0.024314957746524406
terms_abstract_tfidf__technique,0.0002678609989357832
terms_abstract_tfidf__techniques,0.006373565976288267
terms_abstract_tfidf__tegmental,-0.12415014557526062
terms_abstract_tfidf__temporal,0.17354926862036615
terms_abstract_tfidf__temporal cortex,0.18020003426271758
terms_abstract_tfidf__temporal cortices,0.10909433749941426
terms_abstract_tfidf__temporal frontal,0.08813818967623542
terms_abstract_tfidf__temporal gyri,0.12257041760829854
terms_abstract_tfidf__temporal gyrus,0.13534626162048294
terms_abstract_tfidf__temporal inferior,0.03245624499533339
terms_abstract_tfidf__temporal lobe,0.09612394643804924
terms_abstract_tfidf__temporal lobes,0.12834440512683026
terms_abstract_tfidf__temporal occipital,0.11665200187529289
terms_abstract_tfidf__temporal parietal,0.0832428555559225
terms_abstract_tfidf__temporal pole,0.1450919864007475
terms_abstract_tfidf__temporal sulcus,0.18734103956335607
terms_abstract_tfidf__temporale,0.006320664180204691
terms_abstract_tfidf__temporally,0.004449587632933791
terms_abstract_tfidf__temporo,0.12532233153592004
terms_abstract_tfidf__temporo parietal,0.07465295019273911
terms_abstract_tfidf__temporoparietal,0.08927295782230127
terms_abstract_tfidf__temporoparietal junction,0.08939806258303587
terms_abstract_tfidf__tend,-0.01663429650149031
terms_abstract_tfidf__tendency,-0.0528234862079031
terms_abstract_tfidf__tensor,0.0036615924100563005
terms_abstract_tfidf__tensor dti,-0.006485451379738633
terms_abstract_tfidf__term,0.07457789646075377
terms_abstract_tfidf__term memory,0.09828856181036204
terms_abstract_tfidf__terms,0.013289523433819927
terms_abstract_tfidf__tesla,-0.03215025038230955
terms_abstract_tfidf__test,-0.012088337046294348
terms_abstract_tfidf__tested,0.050187989383672596
terms_abstract_tfidf__testing,0.03314356461100801
terms_abstract_tfidf__tests,0.06430634112530188
terms_abstract_tfidf__thalamic,-0.17019772301141092
terms_abstract_tfidf__thalamus,-0.21937795642305805
terms_abstract_tfidf__theoretical,0.016836923447419702
terms_abstract_tfidf__theories,0.008554082298309847
terms_abstract_tfidf__theory,0.09352998991688462
terms_abstract_tfidf__theory mind,0.1570247637311147
terms_abstract_tfidf__therapeutic,-0.05329572320944977
terms_abstract_tfidf__therapy,-0.009613425795492344
terms_abstract_tfidf__thickness,0.08526856200046706
terms_abstract_tfidf__thinking,0.07684914206349472
terms_abstract_tfidf__thirteen,-0.04506886228995757
terms_abstract_tfidf__thirty,-0.05244149538542033
terms_abstract_tfidf__thought,-0.019730144320351528
terms_abstract_tfidf__thoughts,-0.015148504705311032
terms_abstract_tfidf__threat,-0.07793007978655127
terms_abstract_tfidf__threatening,0.006459848877086744
terms_abstract_tfidf__threshold,-0.07881526640834292
terms_abstract_tfidf__time,-0.14040542149988702
terms_abstract_tfidf__time course,-0.004938288293984562
terms_abstract_tfidf__time courses,-0.06779277643472574
terms_abstract_tfidf__time points,-0.02879656166041441
terms_abstract_tfidf__time series,-0.06435076507730796
terms_abstract_tfidf__time task,-0.09902493967484673
terms_abstract_tfidf__times,-0.003107997298107591
terms_abstract_tfidf__timing,-0.046189031182434115
terms_abstract_tfidf__tissue,0.02240856345277515
terms_abstract_tfidf__tms,0.1078889094989743
terms_abstract_tfidf__tom,0.13653187423247876
terms_abstract_tfidf__tomography,-0.027143461275705646
terms_abstract_tfidf__tomography pet,-0.0169634933098747
terms_abstract_tfidf__tone,-0.08414001941130397
terms_abstract_tfidf__tones,-0.08696214667857464
terms_abstract_tfidf__took,0.035247824134717075
terms_abstract_tfidf__tool,0.12658920073154895
terms_abstract_tfidf__tools,0.17642107748573568
terms_abstract_tfidf__total,-0.030697278385008995
terms_abstract_tfidf__touch,0.043633229592753855
terms_abstract_tfidf__tpj,0.08846700663432414
terms_abstract_tfidf__track,-0.06389091876998465
terms_abstract_tfidf__tracking,0.033913626838408685
terms_abstract_tfidf__tract,-0.003991488071182965
terms_abstract_tfidf__tractography,0.070278868333249
terms_abstract_tfidf__tracts,-0.001514791027752325
terms_abstract_tfidf__traditional,0.09098667716444687
terms_abstract_tfidf__traditionally,0.061913429787350115
terms_abstract_tfidf__trained,0.09202185094711912
terms_abstract_tfidf__training,0.09319520719724984
terms_abstract_tfidf__trait,-0.06874608497810446
terms_abstract_tfidf__traits,-0.01682604157105191
terms_abstract_tfidf__trajectories,-0.0285588658166795
terms_abstract_tfidf__transcranial,0.07225909197209072
terms_abstract_tfidf__transcranial magnetic,0.08742186200657272
terms_abstract_tfidf__transfer,0.010938785464093638
terms_abstract_tfidf__transformation,0.08581161029235203
terms_abstract_tfidf__transient,0.0014826011275158987
terms_abstract_tfidf__transition,-0.118491355874418
terms_abstract_tfidf__trauma,-0.01990331560256637
terms_abstract_tfidf__traumatic,-0.052677680571899387
terms_abstract_tfidf__treated,-0.06950618293403074
terms_abstract_tfidf__treatment,-0.12704252822402404
terms_abstract_tfidf__treatments,-0.104287831860002
terms_abstract_tfidf__trend,-0.11521177900372043
terms_abstract_tfidf__trial,-0.19804204128745598
terms_abstract_tfidf__trial trial,-0.08970658596593473
terms_abstract_tfidf__trials,-0.16912346268464443
terms_abstract_tfidf__trigger,-0.045840605062138884
terms_abstract_tfidf__triggered,0.044681622914360446
terms_abstract_tfidf__true,-0.02472277766857166
terms_abstract_tfidf__turn,-0.02930007958239981
terms_abstract_tfidf__twice,-0.027803180329581755
terms_abstract_tfidf__type,0.002351141775520214
terms_abstract_tfidf__types,0.07390472237829132
terms_abstract_tfidf__typical,0.006314447935913469
terms_abstract_tfidf__typically,-0.014956151423640476
terms_abstract_tfidf__typically developing,0.027210859812249244
terms_abstract_tfidf__unaffected,0.00981838651208939
terms_abstract_tfidf__uncertain,-0.08429041784143512
terms_abstract_tfidf__uncertainty,-0.1728791723280522
terms_abstract_tfidf__unclear,0.03448363932721871
terms_abstract_tfidf__undergoing,-0.057509682352667055
terms_abstract_tfidf__undergoing functional,-0.05545094431856316
terms_abstract_tfidf__underlie,-0.08615048272094863
terms_abstract_tfidf__underlies,-0.027147231343646494
terms_abstract_tfidf__underlying,-0.11543170173049207
terms_abstract_tfidf__underlying mechanisms,-0.038020952589918985
terms_abstract_tfidf__underpinning,0.03662386268628485
terms_abstract_tfidf__underpinnings,-0.10208544084792588
terms_abstract_tfidf__understand,0.08311106328844388
terms_abstract_tfidf__understanding,0.09013118510731863
terms_abstract_tfidf__understood,-0.10704264887410998
terms_abstract_tfidf__unexpected,-0.11953269254200342
terms_abstract_tfidf__unfamiliar,0.15549741800533703
terms_abstract_tfidf__unilateral,0.08681951677415516
terms_abstract_tfidf__unimodal,0.09405578074645153
terms_abstract_tfidf__unique,-0.044085021957291574
terms_abstract_tfidf__uniquely,-0.0009613697797503832
terms_abstract_tfidf__univariate,0.09061920134435633
terms_abstract_tfidf__unknown,0.05155438239824873
terms_abstract_tfidf__unlike,0.04468879907183128
terms_abstract_tfidf__unmedicated,-0.058392662116825825
terms_abstract_tfidf__unpleasant,-0.08450269820712428
terms_abstract_tfidf__unrelated,0.008272222794221153
terms_abstract_tfidf__upcoming,-0.04345313749111392
terms_abstract_tfidf__updating,-0.0484183237604077
terms_abstract_tfidf__upper,0.11352224337343253
terms_abstract_tfidf__use,0.02235972321196653
terms_abstract_tfidf__use functional,0.0068499026505905464
terms_abstract_tfidf__useful,-0.02129234240332624
terms_abstract_tfidf__users,-0.04921821270577691
terms_abstract_tfidf__uses,0.03892312718246532
terms_abstract_tfidf__using,-0.002882841815356028
terms_abstract_tfidf__using event,0.0071429854079155105
terms_abstract_tfidf__using functional,0.010776672914185314
terms_abstract_tfidf__using resting,-0.028189555332598933
terms_abstract_tfidf__using voxel,-0.01950545372866159
terms_abstract_tfidf__usually,-0.005407508385930278
terms_abstract_tfidf__utility,-0.05214978282389112
terms_abstract_tfidf__utilized,-0.009959870165381085
terms_abstract_tfidf__v1,0.10147816991143918
terms_abstract_tfidf__v5,0.15315921801635113
terms_abstract_tfidf__valence,0.0017601163356574735
terms_abstract_tfidf__valid,0.01995065250678072
terms_abstract_tfidf__validated,0.014178121193693896
terms_abstract_tfidf__validity,0.04213143551882635
terms_abstract_tfidf__valuable,-0.07882404206174669
terms_abstract_tfidf__value,-0.1501797653516468
terms_abstract_tfidf__values,-0.06754916741399054
terms_abstract_tfidf__variability,-0.037207919372236296
terms_abstract_tfidf__variable,0.030709150324827326
terms_abstract_tfidf__variables,-0.062086042456759
terms_abstract_tfidf__variance,-0.1086731168378226
terms_abstract_tfidf__variant,0.002434729702610423
terms_abstract_tfidf__variation,-0.08387895521670478
terms_abstract_tfidf__variations,-0.031718136069335906
terms_abstract_tfidf__varied,-0.010942808757971606
terms_abstract_tfidf__varies,0.02141637891141214
terms_abstract_tfidf__variety,0.023572683058032517
terms_abstract_tfidf__various,0.0188025395135399
terms_abstract_tfidf__vary,0.02936906431776292
terms_abstract_tfidf__varying,0.017683690987251553
terms_abstract_tfidf__vbm,0.010497655631698995
terms_abstract_tfidf__vector,0.011739406135952772
terms_abstract_tfidf__ventral,-0.02088053779731201
terms_abstract_tfidf__ventral anterior,-0.02569894142254406
terms_abstract_tfidf__ventral dorsal,-0.0020506275524782057
terms_abstract_tfidf__ventral medial,-0.04757484860537613
terms_abstract_tfidf__ventral premotor,0.12409011043309208
terms_abstract_tfidf__ventral striatum,-0.2010189310386503
terms_abstract_tfidf__ventral tegmental,-0.12386516055253059
terms_abstract_tfidf__ventral visual,0.13754391618840972
terms_abstract_tfidf__ventrolateral,-0.10409890939908845
terms_abstract_tfidf__ventrolateral prefrontal,-0.1209424018570672
terms_abstract_tfidf__ventromedial,-0.07134772454688604
terms_abstract_tfidf__ventromedial prefrontal,-0.08473559729658976
terms_abstract_tfidf__verb,0.07320175155296034
terms_abstract_tfidf__verbal,0.002287816857907198
terms_abstract_tfidf__verbal fluency,-0.05460728814953188
terms_abstract_tfidf__verbal working,-0.036045652300684156
terms_abstract_tfidf__verbs,0.11762807740936532
terms_abstract_tfidf__vermis,-0.0009680905395625002
terms_abstract_tfidf__version,-0.07649458267624146
terms_abstract_tfidf__versus,0.06764766092395494
terms_abstract_tfidf__vi,0.028571195669553084
terms_abstract_tfidf__video,0.14316405455623213
terms_abstract_tfidf__video clips,0.16672850922405846
terms_abstract_tfidf__videos,0.2262060231634553
terms_abstract_tfidf__view,0.11609378092693201
terms_abstract_tfidf__viewed,0.15694514582540295
terms_abstract_tfidf__viewing,0.19107273404580075
terms_abstract_tfidf__violations,0.003266417982432889
terms_abstract_tfidf__virtual,-0.02986775314385737
terms_abstract_tfidf__vision,0.13230313319830878
terms_abstract_tfidf__visual,0.1684132344777576
terms_abstract_tfidf__visual attention,0.06822790314059923
terms_abstract_tfidf__visual auditory,0.0951825567996733
terms_abstract_tfidf__visual cortex,0.10511437717701151
terms_abstract_tfidf__visual cortices,0.07028743521164535
terms_abstract_tfidf__visual field,0.10785760738539078
terms_abstract_tfidf__visual information,0.09080032917940536
terms_abstract_tfidf__visual motion,0.1426484239996139
terms_abstract_tfidf__visual perception,0.12487479878468122
terms_abstract_tfidf__visual stimuli,0.10244567534911349
terms_abstract_tfidf__visual stimulus,0.027620711931907765
terms_abstract_tfidf__visual stream,0.13163900185000213
terms_abstract_tfidf__visual word,0.12685441382997498
terms_abstract_tfidf__visually,0.1300865406342833
terms_abstract_tfidf__visually presented,0.10723214546866719
terms_abstract_tfidf__visuo,0.11167207851863435
terms_abstract_tfidf__visuo spatial,0.04635579339331778
terms_abstract_tfidf__visuomotor,0.09452405178941949
terms_abstract_tfidf__visuospatial,0.1373180197559648
terms_abstract_tfidf__vivo,-0.06820245005203718
terms_abstract_tfidf__vlpfc,-0.07770621901123656
terms_abstract_tfidf__vmpfc,-0.07010628616639776
terms_abstract_tfidf__vocal,-0.019042884141565082
terms_abstract_tfidf__voice,0.05851375168139645
terms_abstract_tfidf__volume,-0.02733151503092937
terms_abstract_tfidf__volumes,-0.009836594014830708
terms_abstract_tfidf__volumetric,-0.037430957838922224
terms_abstract_tfidf__voluntary,-0.036669357339784305
terms_abstract_tfidf__volunteers,-0.08612145841977006
terms_abstract_tfidf__voxel,0.020673065911171747
terms_abstract_tfidf__voxel morphometry,0.04536917984314141
terms_abstract_tfidf__voxel wise,-0.05512618329596724
terms_abstract_tfidf__voxels,0.027087468409233362
terms_abstract_tfidf__voxelwise,-0.08168466150677046
terms_abstract_tfidf__vs,-0.03146455114799194
terms_abstract_tfidf__vulnerability,-0.07489720935392684
terms_abstract_tfidf__watched,0.1567287569727449
terms_abstract_tfidf__watching,0.06063201776900703
terms_abstract_tfidf__way,0.0620978289353925
terms_abstract_tfidf__ways,0.01769864191547606
terms_abstract_tfidf__weak,-0.06448289894788384
terms_abstract_tfidf__weaker,-0.03947519404440162
terms_abstract_tfidf__week,0.04306232084519594
terms_abstract_tfidf__weeks,-0.05441572378644165
terms_abstract_tfidf__weight,-0.05220148133436585
terms_abstract_tfidf__weighted,0.029447430520683944
terms_abstract_tfidf__whilst,0.026321819398700763
terms_abstract_tfidf__white,-0.009670777817643746
terms_abstract_tfidf__white matter,-0.021807760034576903
terms_abstract_tfidf__wide,-0.003636007998900202
terms_abstract_tfidf__widely,-0.014050774028638507
terms_abstract_tfidf__widespread,-0.09416306160034997
terms_abstract_tfidf__wiley,0.011084932368841003
terms_abstract_tfidf__wiley periodicals,0.005746946889453944
terms_abstract_tfidf__window,-0.01771867815496117
terms_abstract_tfidf__wise,-0.02509743838117153
terms_abstract_tfidf__wm,-0.0590169023110545
terms_abstract_tfidf__wm task,-0.03411178051475299
terms_abstract_tfidf__women,-0.09332776891464369
terms_abstract_tfidf__word,0.077269727697241
terms_abstract_tfidf__word form,0.1404948118095602
terms_abstract_tfidf__word pairs,-0.022941425039343377
terms_abstract_tfidf__word recognition,0.06815663503145238
terms_abstract_tfidf__words,0.09797504642507827
terms_abstract_tfidf__work,-0.03771319153586507
terms_abstract_tfidf__working,-0.06392407363722742
terms_abstract_tfidf__working memory,-0.06589009440443046
terms_abstract_tfidf__world,0.04993588010054525
terms_abstract_tfidf__worse,-0.01873961034874695
terms_abstract_tfidf__written,0.15740535770913694
terms_abstract_tfidf__year,0.011845199213500822
terms_abstract_tfidf__year old,0.004148751842466059
terms_abstract_tfidf__years,-0.027775023936544387
terms_abstract_tfidf__years old,-0.009587434875836031
terms_abstract_tfidf__yield,-0.007647319698167572
terms_abstract_tfidf__yielded,0.059840151382831205
terms_abstract_tfidf__young,-0.062174819017189006
terms_abstract_tfidf__young adults,-0.06656374918860408
terms_abstract_tfidf__young healthy,-0.0733595541894171
terms_abstract_tfidf__young older,0.01112399387462152
terms_abstract_tfidf__younger,-0.03206241436040871
terms_abstract_tfidf__younger adults,-0.010501327924393294
terms_abstract_tfidf__youth,-0.08208101054093538
terms_abstract_tfidf__zone,-0.055782832467382366
