feature,r
terms_abstract_tfidf__001,-0.0640070196694268
terms_abstract_tfidf__01,-0.04033884611138206
terms_abstract_tfidf__05,-0.019207077393721395
terms_abstract_tfidf__10,-0.10347259494598077
terms_abstract_tfidf__100,-0.01814628716189175
terms_abstract_tfidf__11,0.04340491493983746
terms_abstract_tfidf__12,-0.07314931593669585
terms_abstract_tfidf__12 healthy,-0.0339436666222071
terms_abstract_tfidf__13,-0.06352546062740826
terms_abstract_tfidf__14,-0.008002370023953693
terms_abstract_tfidf__14 healthy,0.027347750546634676
terms_abstract_tfidf__15,0.028815215316595484
terms_abstract_tfidf__15 healthy,-0.017598035553194575
terms_abstract_tfidf__16,-0.03901538621511045
terms_abstract_tfidf__16 healthy,1.3169440199281029e-05
terms_abstract_tfidf__17,0.01100189586807744
terms_abstract_tfidf__18,-0.03850019265890273
terms_abstract_tfidf__18 healthy,-0.02666449687778684
terms_abstract_tfidf__19,-0.018724369763832564
terms_abstract_tfidf__20,-0.04026119064949668
terms_abstract_tfidf__20 healthy,-0.01613134821135859
terms_abstract_tfidf__200,0.0536246445737565
terms_abstract_tfidf__2014,0.04453844899535591
terms_abstract_tfidf__21,-0.03838039199555487
terms_abstract_tfidf__22,0.0284043481311133
terms_abstract_tfidf__23,-0.009232643521779835
terms_abstract_tfidf__24,-0.03875495861036472
terms_abstract_tfidf__25,-0.027499719893449265
terms_abstract_tfidf__26,-0.03486790512462978
terms_abstract_tfidf__27,-0.04583065649473174
terms_abstract_tfidf__28,-7.833515413546469e-05
terms_abstract_tfidf__29,-0.011921966706190924
terms_abstract_tfidf__30,-0.00261943644707238
terms_abstract_tfidf__31,-0.06740817351018978
terms_abstract_tfidf__32,-0.12217412173322428
terms_abstract_tfidf__33,0.011975716742321495
terms_abstract_tfidf__34,-0.01814528110685419
terms_abstract_tfidf__35,-0.02262277007102702
terms_abstract_tfidf__36,0.027541076998932577
terms_abstract_tfidf__37,0.036814781477609
terms_abstract_tfidf__38,-0.039074466008458944
terms_abstract_tfidf__39,-0.05451726552079282
terms_abstract_tfidf__3d,0.06280034101852545
terms_abstract_tfidf__3t,0.017322853700864844
terms_abstract_tfidf__40,0.020346634518432338
terms_abstract_tfidf__41,-0.004114549823377338
terms_abstract_tfidf__42,0.043946670577291624
terms_abstract_tfidf__43,0.0070130395834298795
terms_abstract_tfidf__44,0.020937751837322195
terms_abstract_tfidf__45,0.03196332801359217
terms_abstract_tfidf__46,-0.09190126700474925
terms_abstract_tfidf__47,-0.07659530442717592
terms_abstract_tfidf__48,0.010045777029041667
terms_abstract_tfidf__49,-0.04831252598077608
terms_abstract_tfidf__50,0.05852464918708795
terms_abstract_tfidf__60,0.03196848804383251
terms_abstract_tfidf__70,-0.02737458855867154
terms_abstract_tfidf__75,0.00714480863809588
terms_abstract_tfidf__80,0.05252171725395457
terms_abstract_tfidf__90,-0.009698167677913754
terms_abstract_tfidf__aberrant,-0.07988448527195595
terms_abstract_tfidf__abilities,0.003175520912742762
terms_abstract_tfidf__ability,-0.042217740777306625
terms_abstract_tfidf__able,0.041356465168751154
terms_abstract_tfidf__abnormal,-0.07398187050711667
terms_abstract_tfidf__abnormalities,-0.015780390630077384
terms_abstract_tfidf__abnormality,-0.040079975041418005
terms_abstract_tfidf__absence,0.09127707050839903
terms_abstract_tfidf__absent,-0.019278755763182855
terms_abstract_tfidf__abstract,-0.010427417388956707
terms_abstract_tfidf__abuse,-0.038382637561233966
terms_abstract_tfidf__acc,-0.1194051852107552
terms_abstract_tfidf__access,0.0636243905780968
terms_abstract_tfidf__accompanied,-0.024475500077179725
terms_abstract_tfidf__accordance,0.05421343541967895
terms_abstract_tfidf__according,-0.037874755735645166
terms_abstract_tfidf__accordingly,0.037136960632336756
terms_abstract_tfidf__account,0.031402264545824114
terms_abstract_tfidf__accounted,0.02686024915274552
terms_abstract_tfidf__accounts,-0.01397945522998872
terms_abstract_tfidf__accumbens,-0.08831969626900488
terms_abstract_tfidf__accuracy,-0.06892727053384622
terms_abstract_tfidf__accurate,0.0013877277337561499
terms_abstract_tfidf__accurately,-0.05984786702738028
terms_abstract_tfidf__achieve,-0.03547825463512909
terms_abstract_tfidf__achieved,0.009152729765199359
terms_abstract_tfidf__acoustic,0.15961844050146448
terms_abstract_tfidf__acquired,0.02965971974492805
terms_abstract_tfidf__acquisition,0.0934311341589313
terms_abstract_tfidf__act,-0.011566466279376082
terms_abstract_tfidf__action,0.006101959549592997
terms_abstract_tfidf__action observation,0.07396726185444685
terms_abstract_tfidf__actions,0.029131227750123685
terms_abstract_tfidf__activate,0.06103028887013908
terms_abstract_tfidf__activates,0.03390779603369174
terms_abstract_tfidf__activations,0.008977783318524009
terms_abstract_tfidf__active,-0.009422285374304938
terms_abstract_tfidf__actively,0.03818150041605578
terms_abstract_tfidf__activities,-0.05360628225037579
terms_abstract_tfidf__acts,-0.041703303873196894
terms_abstract_tfidf__actual,-0.06361085967689704
terms_abstract_tfidf__actually,-0.022715610229468466
terms_abstract_tfidf__acute,-0.02232991849718311
terms_abstract_tfidf__ad,0.052402911015507696
terms_abstract_tfidf__adaptation,0.11099895639846452
terms_abstract_tfidf__adapted,-0.0019112701319941045
terms_abstract_tfidf__adaptive,-0.13110907455470563
terms_abstract_tfidf__add,-0.009940963879009166
terms_abstract_tfidf__addiction,-0.09505257065668302
terms_abstract_tfidf__addition,0.007061567057470746
terms_abstract_tfidf__additional,-0.005177709095341355
terms_abstract_tfidf__additionally,-0.002173991428745503
terms_abstract_tfidf__addressed,-0.028051143258327905
terms_abstract_tfidf__adhd,-0.09557933424840107
terms_abstract_tfidf__adjacent,0.09887061346005434
terms_abstract_tfidf__administered,0.028699281727837957
terms_abstract_tfidf__administration,-0.01773584464876707
terms_abstract_tfidf__adolescence,-0.1682458261183347
terms_abstract_tfidf__adolescent,-0.1459029131212757
terms_abstract_tfidf__adolescents,-0.12031900302316775
terms_abstract_tfidf__adopted,0.057186500917864494
terms_abstract_tfidf__adult,-0.028192753855513963
terms_abstract_tfidf__adulthood,-0.06548636498771117
terms_abstract_tfidf__adults,-0.09513890051321686
terms_abstract_tfidf__advance,-0.04140061903562853
terms_abstract_tfidf__advanced,-0.014821049731779357
terms_abstract_tfidf__advances,0.0699471489375795
terms_abstract_tfidf__advantage,0.12136724586016479
terms_abstract_tfidf__affect,0.01838150383390974
terms_abstract_tfidf__affected,0.022271841285536154
terms_abstract_tfidf__affecting,0.09207751694920423
terms_abstract_tfidf__affective,0.018342881007036897
terms_abstract_tfidf__affects,-0.026707282226042958
terms_abstract_tfidf__age,-0.08096420987468284
terms_abstract_tfidf__age controls,0.04356844347903295
terms_abstract_tfidf__age gender,-0.05103680244491841
terms_abstract_tfidf__age groups,-0.010974903265243627
terms_abstract_tfidf__age healthy,0.0971882213492189
terms_abstract_tfidf__age sex,-0.050307305317817325
terms_abstract_tfidf__aged,-0.08292115449985193
terms_abstract_tfidf__agent,0.012693224282815366
terms_abstract_tfidf__ages,-0.06355477013960605
terms_abstract_tfidf__aging,-0.11047297400457348
terms_abstract_tfidf__agreement,-0.030897371696618606
terms_abstract_tfidf__aim,-0.02087337232980259
terms_abstract_tfidf__aimed,-0.09420290963213847
terms_abstract_tfidf__aims,-0.04536663810785168
terms_abstract_tfidf__al,-0.043136763592018096
terms_abstract_tfidf__alcohol,-0.056199508594000525
terms_abstract_tfidf__alff,0.004558302483844349
terms_abstract_tfidf__algorithm,0.02743161970108328
terms_abstract_tfidf__allele,-0.012600440011605358
terms_abstract_tfidf__allocation,-0.06805524652922039
terms_abstract_tfidf__allow,0.07209221771628772
terms_abstract_tfidf__allowed,-0.001152232916852769
terms_abstract_tfidf__allowing,0.0072450265231317834
terms_abstract_tfidf__allows,-0.035185585085531455
terms_abstract_tfidf__alpha,0.042596609928208
terms_abstract_tfidf__alter,-0.04222863294314059
terms_abstract_tfidf__alteration,0.057302736305828356
terms_abstract_tfidf__alterations,-0.03582284351086623
terms_abstract_tfidf__altered,-0.06566147546540288
terms_abstract_tfidf__alternating,0.06016540688328939
terms_abstract_tfidf__alternative,-0.024162136180420988
terms_abstract_tfidf__alters,0.012016844185214091
terms_abstract_tfidf__alzheimer,0.08426317220286318
terms_abstract_tfidf__alzheimer disease,0.07642029968242539
terms_abstract_tfidf__ambiguous,0.03043565872171162
terms_abstract_tfidf__amnestic,0.027204318513094586
terms_abstract_tfidf__amplitude,0.10266670776261123
terms_abstract_tfidf__amplitude low,0.009532910597279863
terms_abstract_tfidf__amplitudes,0.09380763948841783
terms_abstract_tfidf__amygdala,0.02306588884236745
terms_abstract_tfidf__amygdala anterior,0.08439878520983084
terms_abstract_tfidf__amygdala hippocampus,0.06867743567521195
terms_abstract_tfidf__amygdala insula,0.09110448356863579
terms_abstract_tfidf__amygdala response,0.03060366793880874
terms_abstract_tfidf__amygdala responses,0.12576904177371978
terms_abstract_tfidf__analysed,-0.013109713183607026
terms_abstract_tfidf__analyses,0.038541309445940135
terms_abstract_tfidf__analyze,0.09532998027609306
terms_abstract_tfidf__analyzed,-0.04041971595866715
terms_abstract_tfidf__analyzed using,-0.039921964073798256
terms_abstract_tfidf__analyzing,0.05314783127238453
terms_abstract_tfidf__anatomical,0.08066602580152636
terms_abstract_tfidf__anatomically,0.06329654209567258
terms_abstract_tfidf__anatomy,0.12301041508180481
terms_abstract_tfidf__anger,0.10612112536469609
terms_abstract_tfidf__angry,0.091343933874442
terms_abstract_tfidf__angular,-0.10870303571972695
terms_abstract_tfidf__angular gyrus,-0.11652900000916333
terms_abstract_tfidf__animal,0.06042097133149233
terms_abstract_tfidf__animals,0.1000449524033045
terms_abstract_tfidf__anisotropy,-0.045490816459649294
terms_abstract_tfidf__anisotropy fa,-0.04472822851331647
terms_abstract_tfidf__anterior,-0.101038410167295
terms_abstract_tfidf__anterior cingulate,-0.14139052219122675
terms_abstract_tfidf__anterior hippocampus,0.10205915164364981
terms_abstract_tfidf__anterior insula,-0.04815500088199954
terms_abstract_tfidf__anterior insular,0.023860279188174457
terms_abstract_tfidf__anterior intraparietal,0.044269344979965417
terms_abstract_tfidf__anterior medial,-0.07183537015814556
terms_abstract_tfidf__anterior posterior,-0.05294289116637951
terms_abstract_tfidf__anterior prefrontal,-0.15643707970308116
terms_abstract_tfidf__anterior superior,0.12646681793134393
terms_abstract_tfidf__anterior temporal,0.14596034074058606
terms_abstract_tfidf__anti,-0.01095307725897458
terms_abstract_tfidf__anticipation,-0.1458681276459133
terms_abstract_tfidf__anticipatory,-0.07181563831612771
terms_abstract_tfidf__anxiety,0.015199270520541205
terms_abstract_tfidf__anxiety disorders,0.05751881748623809
terms_abstract_tfidf__apart,0.06394479821049003
terms_abstract_tfidf__aphasia,0.10065874274439465
terms_abstract_tfidf__apparent,0.02486055624233668
terms_abstract_tfidf__appear,0.02742634845742879
terms_abstract_tfidf__appeared,0.0362601680116528
terms_abstract_tfidf__appears,0.06675938278049838
terms_abstract_tfidf__application,-0.05072250383194897
terms_abstract_tfidf__applied,0.06091939045476712
terms_abstract_tfidf__apply,-0.006313621178941659
terms_abstract_tfidf__applying,0.03153165316755326
terms_abstract_tfidf__appraisal,-0.021296709498742867
terms_abstract_tfidf__approach,0.05948293243604254
terms_abstract_tfidf__approaches,-0.05837728298026745
terms_abstract_tfidf__appropriate,0.002407822478810693
terms_abstract_tfidf__approximately,0.052517326099858215
terms_abstract_tfidf__architecture,-0.088664119892478
terms_abstract_tfidf__argue,0.07877341483547096
terms_abstract_tfidf__arise,0.040437402080212105
terms_abstract_tfidf__arithmetic,-0.08477078069315062
terms_abstract_tfidf__arm,0.1013307497529611
terms_abstract_tfidf__arousal,0.0019416418291962362
terms_abstract_tfidf__arterial,-0.06085494182711691
terms_abstract_tfidf__arterial spin,-0.05615937361753652
terms_abstract_tfidf__articulatory,0.10619467067001065
terms_abstract_tfidf__asd,0.013860584105270161
terms_abstract_tfidf__asked,-0.06599569629188566
terms_abstract_tfidf__aspect,-0.053149796921190304
terms_abstract_tfidf__aspects,0.013145475369130718
terms_abstract_tfidf__assess,-0.03757788026563597
terms_abstract_tfidf__assessed,-0.050128107868038334
terms_abstract_tfidf__assessed using,-0.035641120563323976
terms_abstract_tfidf__assessing,-0.05323530206379007
terms_abstract_tfidf__assessment,-0.06744954660190634
terms_abstract_tfidf__assessments,-0.02838089816988369
terms_abstract_tfidf__assigned,-0.0156369423034942
terms_abstract_tfidf__association,0.016235932051778184
terms_abstract_tfidf__associations,-0.0387746227270553
terms_abstract_tfidf__associative,0.003499218217183547
terms_abstract_tfidf__assume,0.03862220586646918
terms_abstract_tfidf__assumed,0.028641793001219915
terms_abstract_tfidf__assumption,0.01579385250932575
terms_abstract_tfidf__asymmetry,0.09433904383575571
terms_abstract_tfidf__atrophy,0.0693892915244017
terms_abstract_tfidf__attempt,-0.08548035030727476
terms_abstract_tfidf__attempted,-0.04056947095096756
terms_abstract_tfidf__attend,0.06532241667961079
terms_abstract_tfidf__attended,0.13064833637410267
terms_abstract_tfidf__attending,0.010657927296013022
terms_abstract_tfidf__attention,-0.016005296415752122
terms_abstract_tfidf__attention deficit,-0.10071771880626537
terms_abstract_tfidf__attention network,-0.027566900355544315
terms_abstract_tfidf__attention task,-0.013963445873829895
terms_abstract_tfidf__attentional,-0.0036386240612045363
terms_abstract_tfidf__attentional control,-0.038485329361949476
terms_abstract_tfidf__attenuated,-0.019428727073980103
terms_abstract_tfidf__attenuation,0.019963343806148722
terms_abstract_tfidf__attributed,-0.06735712310071396
terms_abstract_tfidf__attributes,0.13314442464126955
terms_abstract_tfidf__attribution,-0.02595848415427278
terms_abstract_tfidf__atypical,-0.04462625236912878
terms_abstract_tfidf__audiovisual,0.22661958463034207
terms_abstract_tfidf__auditory,0.16865178222167979
terms_abstract_tfidf__auditory cortex,0.2120724483646469
terms_abstract_tfidf__auditory stimuli,0.17411516456474194
terms_abstract_tfidf__auditory visual,0.15867845775493067
terms_abstract_tfidf__autism,0.018575545056335345
terms_abstract_tfidf__autism spectrum,0.041692377482515044
terms_abstract_tfidf__autobiographical,-0.09864040622876667
terms_abstract_tfidf__autobiographical memory,-0.1068664311960734
terms_abstract_tfidf__automated,0.06235429104486741
terms_abstract_tfidf__automatic,0.02803829412643265
terms_abstract_tfidf__automatically,0.10390442831561603
terms_abstract_tfidf__autonomic,-0.010412685214654518
terms_abstract_tfidf__available,-0.061416819394546
terms_abstract_tfidf__average,0.07815776698392217
terms_abstract_tfidf__aversive,0.001023145797585276
terms_abstract_tfidf__avoid,-0.03224937963524922
terms_abstract_tfidf__avoidance,-0.0492202529520676
terms_abstract_tfidf__awareness,0.06324310851606511
terms_abstract_tfidf__away,-0.030675868533814505
terms_abstract_tfidf__axis,0.10230494370456934
terms_abstract_tfidf__ba,0.005174817053215762
terms_abstract_tfidf__ba 44,0.06872018269013329
terms_abstract_tfidf__background,-0.06528525407421631
terms_abstract_tfidf__balance,-0.013984545854545472
terms_abstract_tfidf__band,0.08199723815219791
terms_abstract_tfidf__bands,0.015478829053510805
terms_abstract_tfidf__basal,-0.15012458661347736
terms_abstract_tfidf__basal ganglia,-0.14959757400491314
terms_abstract_tfidf__baseline,-0.05467839591005574
terms_abstract_tfidf__bases,-0.03248240958705504
terms_abstract_tfidf__basic,0.08251142058236459
terms_abstract_tfidf__basis,-0.055398404593954884
terms_abstract_tfidf__bayesian,-0.04703697455591329
terms_abstract_tfidf__beginning,0.022231841811536247
terms_abstract_tfidf__behavior,-0.1792056957496784
terms_abstract_tfidf__behavioral,-0.11029618161846498
terms_abstract_tfidf__behavioral evidence,0.008579047850730092
terms_abstract_tfidf__behavioral level,-0.12552309850353224
terms_abstract_tfidf__behavioral measures,-0.02169885142638198
terms_abstract_tfidf__behavioral performance,-0.05168411323387274
terms_abstract_tfidf__behavioral responses,-0.02917094104912295
terms_abstract_tfidf__behaviorally,-0.046762216482116786
terms_abstract_tfidf__behaviors,-0.18184474302633968
terms_abstract_tfidf__behaviour,-0.07890977705839158
terms_abstract_tfidf__behavioural,0.056274203895489525
terms_abstract_tfidf__belief,-0.1238389458228936
terms_abstract_tfidf__beliefs,-0.1423674061226514
terms_abstract_tfidf__believed,0.03840385961757658
terms_abstract_tfidf__beneficial,-0.061424008393802285
terms_abstract_tfidf__benefit,0.035087464030265594
terms_abstract_tfidf__benefits,0.004921964332533944
terms_abstract_tfidf__best,-0.010199044769645981
terms_abstract_tfidf__beta,0.0229110455642397
terms_abstract_tfidf__better,-0.07182261589203565
terms_abstract_tfidf__better understanding,-0.038683556740425326
terms_abstract_tfidf__bias,0.03477559825085838
terms_abstract_tfidf__biased,-0.006329783426517495
terms_abstract_tfidf__biases,-0.007577021580033896
terms_abstract_tfidf__bilaterally,0.10223501646898087
terms_abstract_tfidf__bilinguals,-0.00700611030960406
terms_abstract_tfidf__binding,0.0427860092982153
terms_abstract_tfidf__biological,0.0815257203657909
terms_abstract_tfidf__biomarker,-0.032049379356516944
terms_abstract_tfidf__biomarkers,-0.06553776560994533
terms_abstract_tfidf__bipolar,-0.10189874154141453
terms_abstract_tfidf__bipolar disorder,-0.09546791117540289
terms_abstract_tfidf__blind,0.11657142111564897
terms_abstract_tfidf__block,0.007318293514049985
terms_abstract_tfidf__block design,-0.02345734755046604
terms_abstract_tfidf__blocked,0.04451127009820675
terms_abstract_tfidf__blocks,0.049067926616176843
terms_abstract_tfidf__blood,0.02518320305973598
terms_abstract_tfidf__blood flow,-0.0012131623935249056
terms_abstract_tfidf__blood oxygen,0.043337755729624595
terms_abstract_tfidf__blood oxygenation,0.019841887085745184
terms_abstract_tfidf__bodily,0.14001903390975012
terms_abstract_tfidf__body,0.134419855670576
terms_abstract_tfidf__bold,0.04481079943982501
terms_abstract_tfidf__bold response,0.0508664715153836
terms_abstract_tfidf__bold responses,0.018203973311624617
terms_abstract_tfidf__bold signal,0.03247615556964755
terms_abstract_tfidf__bold signals,-0.04631342282855637
terms_abstract_tfidf__brains,0.05424194261495412
terms_abstract_tfidf__brainstem,-0.0010765810807476207
terms_abstract_tfidf__brief,0.04921832322762573
terms_abstract_tfidf__broad,-0.10571228384484678
terms_abstract_tfidf__broader,-0.03820248459669053
terms_abstract_tfidf__broca,0.026059631896818914
terms_abstract_tfidf__brodmann,0.01573997035563953
terms_abstract_tfidf__brodmann ba,0.06060447813989407
terms_abstract_tfidf__button,-0.033863291732290426
terms_abstract_tfidf__calculated,0.01869849988483453
terms_abstract_tfidf__calculation,-0.0661170113958737
terms_abstract_tfidf__called,0.028299961937401315
terms_abstract_tfidf__callosum,-0.012453546373261211
terms_abstract_tfidf__candidate,0.0028031785158916587
terms_abstract_tfidf__canonical,-0.07092455496675794
terms_abstract_tfidf__capacity,-0.05490180236955613
terms_abstract_tfidf__capture,0.032473047021657056
terms_abstract_tfidf__carried,0.019471888654379432
terms_abstract_tfidf__carriers,-0.026406141992735537
terms_abstract_tfidf__case,0.05312623967999613
terms_abstract_tfidf__cases,0.0054234241695967815
terms_abstract_tfidf__categorical,0.08496348453794286
terms_abstract_tfidf__categories,0.17997956229532325
terms_abstract_tfidf__categorization,0.12650856079067616
terms_abstract_tfidf__category,0.1665371098967191
terms_abstract_tfidf__caudal,0.0019491453068002879
terms_abstract_tfidf__caudate,-0.2135751491906921
terms_abstract_tfidf__caudate nucleus,-0.1901913849715398
terms_abstract_tfidf__causal,-0.0015925170583545715
terms_abstract_tfidf__causal modeling,0.009228820069599445
terms_abstract_tfidf__causality,-0.11724241148155254
terms_abstract_tfidf__cause,0.028042494132371813
terms_abstract_tfidf__caused,-0.036867131544849004
terms_abstract_tfidf__causes,-0.004043428431199762
terms_abstract_tfidf__center,0.058142415844037246
terms_abstract_tfidf__centered,0.05645423016305791
terms_abstract_tfidf__central,0.010069105644586941
terms_abstract_tfidf__central role,-0.017248053890898802
terms_abstract_tfidf__cerebellar,-0.04278220557925341
terms_abstract_tfidf__cerebellum,-0.027254501591567764
terms_abstract_tfidf__cerebral,0.039890786766693165
terms_abstract_tfidf__cerebral blood,-0.000420330347864301
terms_abstract_tfidf__cerebral cortex,0.04253189402337282
terms_abstract_tfidf__certain,-0.055403523466190575
terms_abstract_tfidf__challenge,-0.07769940737625802
terms_abstract_tfidf__challenges,0.024989379604866913
terms_abstract_tfidf__challenging,-0.007899688001227518
terms_abstract_tfidf__change,0.029440350659745967
terms_abstract_tfidf__changed,0.030718316845032338
terms_abstract_tfidf__changing,-0.09597771588701333
terms_abstract_tfidf__character,-0.10576937864409991
terms_abstract_tfidf__characteristic,-0.027008128730365146
terms_abstract_tfidf__characteristics,0.01711506701531854
terms_abstract_tfidf__characterization,0.020700526182449025
terms_abstract_tfidf__characterize,-0.03764838320173421
terms_abstract_tfidf__characterized,-0.09895656010869847
terms_abstract_tfidf__characterizing,-0.04432637576229385
terms_abstract_tfidf__characters,-0.016995611001473076
terms_abstract_tfidf__childhood,0.010938102912449517
terms_abstract_tfidf__children,-0.022485642099354757
terms_abstract_tfidf__children adolescents,-0.05319131956601744
terms_abstract_tfidf__chinese,-0.0019144726590456164
terms_abstract_tfidf__choice,-0.175840757642401
terms_abstract_tfidf__choices,-0.17590592717126532
terms_abstract_tfidf__choose,-0.13507343914466788
terms_abstract_tfidf__chosen,-0.05247719467112946
terms_abstract_tfidf__chronic,-0.09110137135211296
terms_abstract_tfidf__chronic pain,-0.05771133258028958
terms_abstract_tfidf__cingulate,-0.16680528308948475
terms_abstract_tfidf__cingulate cortex,-0.17323264896241602
terms_abstract_tfidf__cingulate cortices,-0.06898015915237454
terms_abstract_tfidf__cingulate gyrus,-0.08456736451393061
terms_abstract_tfidf__circuit,-0.07935815557765778
terms_abstract_tfidf__circuitry,-0.11242015642810192
terms_abstract_tfidf__circuits,-0.13362360977869667
terms_abstract_tfidf__clarify,0.011198145516377957
terms_abstract_tfidf__class,0.05927055599596503
terms_abstract_tfidf__classic,-0.021138066110152353
terms_abstract_tfidf__classical,0.03683480846137961
terms_abstract_tfidf__classification,0.03601687387361564
terms_abstract_tfidf__classified,-0.030445596378985317
terms_abstract_tfidf__clear,0.023212424504476702
terms_abstract_tfidf__clearly,-0.010806544206918674
terms_abstract_tfidf__clinical,-0.011426159799332038
terms_abstract_tfidf__clinically,-0.05131601059334621
terms_abstract_tfidf__clips,0.05798875277245214
terms_abstract_tfidf__close,0.03201805653589106
terms_abstract_tfidf__closed,0.060912782953072404
terms_abstract_tfidf__closely,0.020726212315013974
terms_abstract_tfidf__cluster,0.11020597265919332
terms_abstract_tfidf__clustering,-0.09368761500779133
terms_abstract_tfidf__clusters,0.09108210696933877
terms_abstract_tfidf__code,0.06587782018698814
terms_abstract_tfidf__coding,0.12628755957108082
terms_abstract_tfidf__cognition,-0.15390684525564238
terms_abstract_tfidf__cognitive,-0.1995616712902246
terms_abstract_tfidf__cognitive control,-0.23429718925113846
terms_abstract_tfidf__cognitive deficits,0.003994392300059405
terms_abstract_tfidf__cognitive emotional,-0.015272825411212006
terms_abstract_tfidf__cognitive function,0.0038656822236125777
terms_abstract_tfidf__cognitive functions,-0.06709499459540075
terms_abstract_tfidf__cognitive impairment,0.010674937394962895
terms_abstract_tfidf__cognitive neuroscience,0.07844017852487986
terms_abstract_tfidf__cognitive performance,-0.11242259060979275
terms_abstract_tfidf__cognitive processes,-0.17468864135447817
terms_abstract_tfidf__cognitive task,-0.04413428035690607
terms_abstract_tfidf__cognitive tasks,-0.09450367014764867
terms_abstract_tfidf__cognitively,-0.08208694862751488
terms_abstract_tfidf__coherence,0.014027525934284567
terms_abstract_tfidf__coherent,-0.036174495921669374
terms_abstract_tfidf__cohort,0.09494844180635699
terms_abstract_tfidf__collected,0.012824027897309465
terms_abstract_tfidf__collectively,-0.013756743881505003
terms_abstract_tfidf__color,-0.02064559911831665
terms_abstract_tfidf__combination,0.060162924858569174
terms_abstract_tfidf__combinations,0.06327945386651398
terms_abstract_tfidf__combined,0.04316507737013405
terms_abstract_tfidf__combining,0.05471483834550873
terms_abstract_tfidf__common,-0.11479963430498562
terms_abstract_tfidf__commonly,0.009210457804489581
terms_abstract_tfidf__communication,0.042307053616450256
terms_abstract_tfidf__community,-0.014489472476938972
terms_abstract_tfidf__comparable,0.012249947024127997
terms_abstract_tfidf__compare,0.015546507655369498
terms_abstract_tfidf__comparing,0.034453507365215866
terms_abstract_tfidf__comparisons,-0.08240656690235686
terms_abstract_tfidf__compatible,0.06698743812681954
terms_abstract_tfidf__compensate,0.02572393804018757
terms_abstract_tfidf__compensation,0.024396610727492787
terms_abstract_tfidf__compensatory,-0.09794183672026743
terms_abstract_tfidf__competing,-0.07392821641565174
terms_abstract_tfidf__competition,0.0003134090584120656
terms_abstract_tfidf__complementary,0.03434420342712782
terms_abstract_tfidf__complete,0.033983436619694676
terms_abstract_tfidf__completed,-0.09289314556654536
terms_abstract_tfidf__completely,0.04804019696898324
terms_abstract_tfidf__complex,0.16681120738445962
terms_abstract_tfidf__complexity,-0.006646772413917186
terms_abstract_tfidf__component,-0.100216794005148
terms_abstract_tfidf__component ica,-0.0850901904403147
terms_abstract_tfidf__components,-0.02529757435921276
terms_abstract_tfidf__composed,0.0923015040657558
terms_abstract_tfidf__comprehension,0.01732996486697764
terms_abstract_tfidf__comprehensive,-0.019383675781690774
terms_abstract_tfidf__comprised,-0.026420193881415414
terms_abstract_tfidf__compromised,-0.04037232933828172
terms_abstract_tfidf__compulsive,-0.09138452939129402
terms_abstract_tfidf__compulsive disorder,-0.06962272956671033
terms_abstract_tfidf__computation,-0.06683534997973796
terms_abstract_tfidf__computational,0.018025726648927782
terms_abstract_tfidf__computed,-0.03902599476774122
terms_abstract_tfidf__concentration,-0.03503558892105877
terms_abstract_tfidf__concept,-0.09059469223439313
terms_abstract_tfidf__concepts,-0.024217942626213566
terms_abstract_tfidf__conceptual,0.051945986345402734
terms_abstract_tfidf__concerning,-0.07089269748411259
terms_abstract_tfidf__conclude,0.05300616928870607
terms_abstract_tfidf__conclusion,-0.03415964243793218
terms_abstract_tfidf__concomitant,0.06348371939345479
terms_abstract_tfidf__concrete,-0.040609737548205606
terms_abstract_tfidf__concurrent,0.005578669015821138
terms_abstract_tfidf__concurrently,0.051204393078439596
terms_abstract_tfidf__condition,-0.10301719962662138
terms_abstract_tfidf__conditioned,0.0375239554298479
terms_abstract_tfidf__conditioning,0.048915253795442946
terms_abstract_tfidf__conditions,-0.008114004588897019
terms_abstract_tfidf__conductance,0.05688112097232724
terms_abstract_tfidf__conducted,-0.0716176082112008
terms_abstract_tfidf__confidence,0.001699877314947256
terms_abstract_tfidf__confirm,0.011708827015614902
terms_abstract_tfidf__confirmed,0.06621098323536961
terms_abstract_tfidf__conflict,-0.13281893109166604
terms_abstract_tfidf__conflicting,-0.0260800322002021
terms_abstract_tfidf__confounding,-0.025165359017745942
terms_abstract_tfidf__congruency,0.06111626207921154
terms_abstract_tfidf__congruent,0.10536752534050707
terms_abstract_tfidf__congruent incongruent,0.1365395736629559
terms_abstract_tfidf__conjunction,-0.07008362327062441
terms_abstract_tfidf__connected,-0.07275012307013527
terms_abstract_tfidf__connection,-0.04362010529194326
terms_abstract_tfidf__connections,-0.01326096587823019
terms_abstract_tfidf__connectivity,-0.12111992077438916
terms_abstract_tfidf__connectivity amygdala,0.068767507766472
terms_abstract_tfidf__connectivity analyses,0.030714251974420823
terms_abstract_tfidf__connectivity anterior,0.018597614052936886
terms_abstract_tfidf__connectivity fc,-0.05346537104838373
terms_abstract_tfidf__connectivity networks,-0.12306381269061448
terms_abstract_tfidf__connectivity patterns,-0.061323900285259275
terms_abstract_tfidf__connectivity posterior,-0.004211775466086454
terms_abstract_tfidf__connectivity rsfc,0.002313609588103039
terms_abstract_tfidf__connectivity using,-0.048495582089850074
terms_abstract_tfidf__conscious,-0.04607451136594488
terms_abstract_tfidf__consciousness,0.0115515232104597
terms_abstract_tfidf__consecutive,0.048768383373250436
terms_abstract_tfidf__consequence,-0.03159247964148406
terms_abstract_tfidf__consequences,-0.09455671497324475
terms_abstract_tfidf__consequently,0.01805409155981578
terms_abstract_tfidf__consider,-0.0501873582789573
terms_abstract_tfidf__considerable,0.029886315860166136
terms_abstract_tfidf__considered,0.026464134386025462
terms_abstract_tfidf__considering,0.006677185773783484
terms_abstract_tfidf__consisted,-0.012834959992562513
terms_abstract_tfidf__consistency,-0.09871105253687248
terms_abstract_tfidf__consistently,-0.06738214033372922
terms_abstract_tfidf__consisting,0.0721253455532674
terms_abstract_tfidf__consists,-0.029491958147694435
terms_abstract_tfidf__consolidation,-0.007527694557015852
terms_abstract_tfidf__constant,0.01487595068078609
terms_abstract_tfidf__constitute,-0.114071458699481
terms_abstract_tfidf__constrained,-0.01636744461570377
terms_abstract_tfidf__constraints,0.03582358329729113
terms_abstract_tfidf__construct,-0.08612549757932965
terms_abstract_tfidf__constructed,-0.04071665470065021
terms_abstract_tfidf__construction,-0.007194000466894186
terms_abstract_tfidf__consumption,0.018034004132942042
terms_abstract_tfidf__contain,0.0820531449523558
terms_abstract_tfidf__contained,0.0456307839551356
terms_abstract_tfidf__containing,0.13435778098924567
terms_abstract_tfidf__contains,0.05222608083766775
terms_abstract_tfidf__content,0.047129204879443484
terms_abstract_tfidf__contents,-0.0051615828226852295
terms_abstract_tfidf__context,-0.05667675899634667
terms_abstract_tfidf__contexts,-0.004903359469997387
terms_abstract_tfidf__contextual,-0.1121470782243866
terms_abstract_tfidf__contingent,-0.0039057691565372674
terms_abstract_tfidf__continuous,-0.021231916245728486
terms_abstract_tfidf__continuously,0.062219283330325184
terms_abstract_tfidf__contralateral,0.10055449703539382
terms_abstract_tfidf__contrary,0.08265004266552568
terms_abstract_tfidf__contrast,-0.006996432141194957
terms_abstract_tfidf__contrasted,-0.015579884378511467
terms_abstract_tfidf__contrasting,-0.043768189345449425
terms_abstract_tfidf__contrasts,0.02508540020601023
terms_abstract_tfidf__contribute,-0.061468969553064794
terms_abstract_tfidf__contributed,-0.03287207289481979
terms_abstract_tfidf__contributes,-0.04293836933402977
terms_abstract_tfidf__contributing,-0.02334725303085441
terms_abstract_tfidf__contribution,-0.06591098606633018
terms_abstract_tfidf__contributions,-0.12008023896572016
terms_abstract_tfidf__control,-0.1613088548228292
terms_abstract_tfidf__control condition,-0.06187318297243496
terms_abstract_tfidf__control conditions,0.050568127723478136
terms_abstract_tfidf__control group,0.00030552581991788685
terms_abstract_tfidf__control groups,0.06309466025264082
terms_abstract_tfidf__control network,-0.20322839916308968
terms_abstract_tfidf__control processes,-0.11647707063574458
terms_abstract_tfidf__control task,-0.050095967444842404
terms_abstract_tfidf__controlled,-0.12333779847173544
terms_abstract_tfidf__controlling,0.0060434787611556
terms_abstract_tfidf__controls,-0.02436764711994309
terms_abstract_tfidf__controls hc,-0.06311288565557964
terms_abstract_tfidf__controls hcs,0.021857129956274375
terms_abstract_tfidf__controls using,0.03407859309292352
terms_abstract_tfidf__controversial,0.06396832881432951
terms_abstract_tfidf__conventional,-0.017342876755894018
terms_abstract_tfidf__convergence,0.05270009572877401
terms_abstract_tfidf__converging,0.1310909193239807
terms_abstract_tfidf__conversely,0.0023406324974977665
terms_abstract_tfidf__conveyed,0.08534022397333439
terms_abstract_tfidf__coordinates,0.08658064991760572
terms_abstract_tfidf__coordination,0.01274585572919536
terms_abstract_tfidf__core,-0.031065777255488057
terms_abstract_tfidf__corpus,-0.009781550399372856
terms_abstract_tfidf__corpus callosum,-0.012453546373261211
terms_abstract_tfidf__correct,-0.17767842074688195
terms_abstract_tfidf__corrected,-0.04212768028716997
terms_abstract_tfidf__correction,0.030191708486631535
terms_abstract_tfidf__correctly,-0.0630763970485272
terms_abstract_tfidf__correlate,-0.031133628949488047
terms_abstract_tfidf__correlated,-0.0448029034821385
terms_abstract_tfidf__correlated negatively,-0.04669830230494729
terms_abstract_tfidf__correlated positively,-0.03453670500152669
terms_abstract_tfidf__correlates,-0.07609806410151283
terms_abstract_tfidf__correlating,0.067702135561867
terms_abstract_tfidf__correlation,-0.052841197659297394
terms_abstract_tfidf__correlation analyses,-0.033974345126393704
terms_abstract_tfidf__correlations,-0.04793883221255871
terms_abstract_tfidf__correspond,0.06942121089688234
terms_abstract_tfidf__corresponded,0.007218101588920372
terms_abstract_tfidf__correspondence,0.06453301109857462
terms_abstract_tfidf__corresponding,0.052959740169506796
terms_abstract_tfidf__cortex acc,-0.11567099665928106
terms_abstract_tfidf__cortex amygdala,0.028635387010865203
terms_abstract_tfidf__cortex anterior,-0.07561718440606273
terms_abstract_tfidf__cortex ba,-0.03101374502961755
terms_abstract_tfidf__cortex bilaterally,0.0639330823429949
terms_abstract_tfidf__cortex cerebellum,-0.011257781822120543
terms_abstract_tfidf__cortex dacc,-0.09595793229644298
terms_abstract_tfidf__cortex dlpfc,-0.1646294401833536
terms_abstract_tfidf__cortex dmpfc,-0.15273105509790752
terms_abstract_tfidf__cortex dorsal,-0.043221358841133255
terms_abstract_tfidf__cortex dorsolateral,-0.06101178990454144
terms_abstract_tfidf__cortex frontal,-0.04467499817216706
terms_abstract_tfidf__cortex hippocampus,0.05839213682795614
terms_abstract_tfidf__cortex inferior,-0.12375703520309587
terms_abstract_tfidf__cortex insula,0.021109013866781736
terms_abstract_tfidf__cortex involved,0.03427434325842003
terms_abstract_tfidf__cortex lateral,0.019848761521224587
terms_abstract_tfidf__cortex m1,0.03158897243410761
terms_abstract_tfidf__cortex medial,-0.12672446869267467
terms_abstract_tfidf__cortex middle,-0.03562188166486088
terms_abstract_tfidf__cortex mpfc,-0.17293531500564155
terms_abstract_tfidf__cortex ofc,-0.002044745440805198
terms_abstract_tfidf__cortex parietal,-0.047389527060416416
terms_abstract_tfidf__cortex pcc,-0.1452464455075435
terms_abstract_tfidf__cortex pfc,-0.16255317680617898
terms_abstract_tfidf__cortex posterior,-0.09880185694995429
terms_abstract_tfidf__cortex ppc,0.005216229630000001
terms_abstract_tfidf__cortex precuneus,-0.0765360006665911
terms_abstract_tfidf__cortex suggest,-0.01760993747522894
terms_abstract_tfidf__cortex superior,0.02921498103254754
terms_abstract_tfidf__cortex supplementary,-0.014064142078039264
terms_abstract_tfidf__cortex thalamus,-0.1457862130633819
terms_abstract_tfidf__cortex ventral,-0.02900697175376286
terms_abstract_tfidf__cortex vlpfc,-0.026582765881862144
terms_abstract_tfidf__cortex vmpfc,-0.0770358055118404
terms_abstract_tfidf__cortical,0.07384968269442595
terms_abstract_tfidf__cortical involved,0.08839565531397231
terms_abstract_tfidf__cortical network,0.05560780096080071
terms_abstract_tfidf__cortical networks,-0.04302680872586209
terms_abstract_tfidf__cortical subcortical,-0.10792324077458619
terms_abstract_tfidf__cortical thickness,0.15506473453080266
terms_abstract_tfidf__cortices,0.07357877955832359
terms_abstract_tfidf__cortico,-0.15278679555303293
terms_abstract_tfidf__cost,-0.05170590367016763
terms_abstract_tfidf__costs,-0.06915960676590127
terms_abstract_tfidf__coupled,-0.02202867694842372
terms_abstract_tfidf__coupling,0.024990475589821485
terms_abstract_tfidf__course,0.017682117357312052
terms_abstract_tfidf__courses,-0.007986685883568628
terms_abstract_tfidf__covariance,-0.011080501114879912
terms_abstract_tfidf__covaried,-0.03986067543115299
terms_abstract_tfidf__covert,0.1398173234601669
terms_abstract_tfidf__craving,-0.024145498579006393
terms_abstract_tfidf__created,0.06682994172693342
terms_abstract_tfidf__criteria,-0.015142680896634777
terms_abstract_tfidf__critical,-0.06094793937726558
terms_abstract_tfidf__critical role,0.023977957287469914
terms_abstract_tfidf__critically,-0.0013883232721245717
terms_abstract_tfidf__cross,0.11569891146601578
terms_abstract_tfidf__cross modal,0.22527480168627662
terms_abstract_tfidf__cross sectional,-0.028759653587557006
terms_abstract_tfidf__crossover,0.06426708186296047
terms_abstract_tfidf__crucial,-0.010699537347069075
terms_abstract_tfidf__crucial role,-0.0941246049318699
terms_abstract_tfidf__crucially,0.07569151356543793
terms_abstract_tfidf__crus,-0.024925832630308484
terms_abstract_tfidf__cue,-0.09093127502728589
terms_abstract_tfidf__cued,-0.08490789696855124
terms_abstract_tfidf__cues,-0.009226010471485597
terms_abstract_tfidf__cuneus,0.03533068555565083
terms_abstract_tfidf__current,-0.09327493922844482
terms_abstract_tfidf__current functional,-0.06639451738867795
terms_abstract_tfidf__currently,0.02697086120544824
terms_abstract_tfidf__dacc,-0.12109520985150914
terms_abstract_tfidf__daily,-0.12214547312483817
terms_abstract_tfidf__daily life,-0.10671529515220751
terms_abstract_tfidf__damage,0.12360947133341017
terms_abstract_tfidf__dataset,-0.03987467422295508
terms_abstract_tfidf__datasets,0.01940078138338122
terms_abstract_tfidf__date,0.004280739598836921
terms_abstract_tfidf__day,-0.0026125692218225065
terms_abstract_tfidf__days,-0.005129006140371489
terms_abstract_tfidf__deactivated,-0.033434615671641604
terms_abstract_tfidf__deactivation,-0.07587723535367362
terms_abstract_tfidf__deactivations,-0.013436249701992154
terms_abstract_tfidf__debate,0.020177952602715963
terms_abstract_tfidf__debated,0.033737411920179164
terms_abstract_tfidf__decision,-0.16853902442033258
terms_abstract_tfidf__decision making,-0.21102715287808713
terms_abstract_tfidf__decision task,0.06895024792614417
terms_abstract_tfidf__decisions,-0.1567240112698666
terms_abstract_tfidf__decline,-0.03141760415168735
terms_abstract_tfidf__declines,-0.0353223222028738
terms_abstract_tfidf__decoding,0.1792764889985219
terms_abstract_tfidf__decreases,-0.025819352756729277
terms_abstract_tfidf__decreasing,0.01602669966750638
terms_abstract_tfidf__deep,-0.05505350921114294
terms_abstract_tfidf__default,-0.14736509337945966
terms_abstract_tfidf__default mode,-0.1493783907081564
terms_abstract_tfidf__default network,-0.11385282676784705
terms_abstract_tfidf__deficient,-0.08377831555769001
terms_abstract_tfidf__deficit,-0.03576445315217089
terms_abstract_tfidf__deficit hyperactivity,-0.09943172331185335
terms_abstract_tfidf__deficits,0.021904393047523618
terms_abstract_tfidf__define,-0.028117861663401415
terms_abstract_tfidf__defined,0.06089234657872572
terms_abstract_tfidf__degree,0.014244612613222822
terms_abstract_tfidf__degrees,0.027133720440631823
terms_abstract_tfidf__delay,-0.12118116184200223
terms_abstract_tfidf__delayed,-0.030532103815360475
terms_abstract_tfidf__delivered,0.04588757657047817
terms_abstract_tfidf__demand,-0.08659776490996204
terms_abstract_tfidf__demanding,-0.10640573792393905
terms_abstract_tfidf__demands,-0.11778923044357266
terms_abstract_tfidf__dementia,0.11302432279905374
terms_abstract_tfidf__demonstrate,0.007283510635521916
terms_abstract_tfidf__demonstrated,-0.1008668559962447
terms_abstract_tfidf__demonstrates,0.005045797278821284
terms_abstract_tfidf__demonstrating,-0.015335441534715779
terms_abstract_tfidf__density,0.026695903779677947
terms_abstract_tfidf__depend,-0.11346290927914238
terms_abstract_tfidf__depended,0.048520861782369765
terms_abstract_tfidf__dependence,-0.07712076135945561
terms_abstract_tfidf__depending,0.019732505547691574
terms_abstract_tfidf__depends,-0.02146249920446299
terms_abstract_tfidf__depicting,0.04169546773299015
terms_abstract_tfidf__depressed,-0.056770535294007746
terms_abstract_tfidf__depression,-0.01677973044783265
terms_abstract_tfidf__depressive,-0.00799080889921621
terms_abstract_tfidf__depressive disorder,0.024589012557176392
terms_abstract_tfidf__deprivation,0.02539184375066642
terms_abstract_tfidf__depth,0.11561903909366308
terms_abstract_tfidf__derived,0.0021386624519237484
terms_abstract_tfidf__described,0.014963325334403877
terms_abstract_tfidf__describing,0.002533154528111046
terms_abstract_tfidf__design,0.08537194291776003
terms_abstract_tfidf__designed,-0.012989370876042934
terms_abstract_tfidf__designs,0.08617129499029386
terms_abstract_tfidf__despite,-0.03132430362900233
terms_abstract_tfidf__detailed,0.0026416280351485104
terms_abstract_tfidf__details,-0.0005074004937977547
terms_abstract_tfidf__detect,-0.04069938207271241
terms_abstract_tfidf__detected,0.04181948623671116
terms_abstract_tfidf__detecting,0.017432256132321994
terms_abstract_tfidf__detection,0.09224787354086755
terms_abstract_tfidf__detection task,0.03754542696532959
terms_abstract_tfidf__determine,0.11506312103627522
terms_abstract_tfidf__determined,0.008638556549109168
terms_abstract_tfidf__determining,-0.028085684739348648
terms_abstract_tfidf__develop,-0.005460995733602361
terms_abstract_tfidf__developed,0.025094791438368264
terms_abstract_tfidf__developing,-0.01852429299220812
terms_abstract_tfidf__development,-0.03338663008582317
terms_abstract_tfidf__developmental,-0.06449581123166168
terms_abstract_tfidf__diagnosed,0.05070051499433101
terms_abstract_tfidf__diagnosis,0.002661218039131379
terms_abstract_tfidf__diagnostic,-0.034689570163884846
terms_abstract_tfidf__did,0.04758908154520531
terms_abstract_tfidf__did differ,-0.0359018749810052
terms_abstract_tfidf__differ,-0.04522205688956289
terms_abstract_tfidf__differed,-0.027110955242272167
terms_abstract_tfidf__difference,0.029184035038601074
terms_abstract_tfidf__differential,-0.02409828208366882
terms_abstract_tfidf__differentially,-0.04357920940533215
terms_abstract_tfidf__differentiate,-0.014461744512503009
terms_abstract_tfidf__differentiated,-0.0385897289675671
terms_abstract_tfidf__differentiation,0.011461541488794101
terms_abstract_tfidf__differently,-0.044040141454344914
terms_abstract_tfidf__differing,0.04768108176261475
terms_abstract_tfidf__differs,0.008504225202346513
terms_abstract_tfidf__difficult,-0.021351584727032705
terms_abstract_tfidf__difficulties,-0.04322950932221323
terms_abstract_tfidf__difficulty,-0.08571197512973715
terms_abstract_tfidf__diffusion,-0.025929975176132904
terms_abstract_tfidf__diffusion tensor,-0.028771940176549413
terms_abstract_tfidf__digit,-0.009130062284482477
terms_abstract_tfidf__dimension,-0.019181700861023054
terms_abstract_tfidf__dimensional,0.06356952012245477
terms_abstract_tfidf__dimensions,0.01038225767809217
terms_abstract_tfidf__diminished,0.013916544139549411
terms_abstract_tfidf__direct,0.027817965443839767
terms_abstract_tfidf__direct evidence,0.023054773425147248
terms_abstract_tfidf__directed,-0.08298466745401414
terms_abstract_tfidf__direction,0.08902643864761202
terms_abstract_tfidf__directions,0.06232936611483853
terms_abstract_tfidf__directly,-0.03155159626638755
terms_abstract_tfidf__disability,-0.04116975439539432
terms_abstract_tfidf__discrete,0.0032858783485382984
terms_abstract_tfidf__discriminate,0.012798744067265048
terms_abstract_tfidf__discriminated,0.04942706136226142
terms_abstract_tfidf__discrimination,0.11498102394555841
terms_abstract_tfidf__discrimination task,0.03455243373296736
terms_abstract_tfidf__discriminative,0.11815769046369022
terms_abstract_tfidf__discuss,0.02007239358091644
terms_abstract_tfidf__discussed,0.052220035331169534
terms_abstract_tfidf__discussion,0.00924063464980478
terms_abstract_tfidf__disease,-0.026642388248819815
terms_abstract_tfidf__disease ad,0.04018240225980744
terms_abstract_tfidf__disease pd,-0.09210941041356606
terms_abstract_tfidf__diseases,-0.02482214035852118
terms_abstract_tfidf__disentangle,-0.05082063795945918
terms_abstract_tfidf__disgust,0.07656709746774056
terms_abstract_tfidf__disorder,-0.062325662596256624
terms_abstract_tfidf__disorder adhd,-0.09331476466274767
terms_abstract_tfidf__disorder mdd,0.03368312820932834
terms_abstract_tfidf__disorder ocd,-0.05277089743380354
terms_abstract_tfidf__disorder ptsd,0.02721237074830762
terms_abstract_tfidf__disorders,-0.03917992488739995
terms_abstract_tfidf__display,-0.015132082174687428
terms_abstract_tfidf__displayed,0.009241897212851753
terms_abstract_tfidf__displays,0.06088784734502483
terms_abstract_tfidf__disrupted,-0.012350703038537959
terms_abstract_tfidf__disruption,-0.06360652926125027
terms_abstract_tfidf__dissociable,-0.10210748119572219
terms_abstract_tfidf__dissociate,-0.032620104406419576
terms_abstract_tfidf__dissociated,-0.032391904298394704
terms_abstract_tfidf__dissociation,0.012684984654302234
terms_abstract_tfidf__distance,0.007374220547428793
terms_abstract_tfidf__distinction,0.10611747676489708
terms_abstract_tfidf__distinguish,-0.09440125341218254
terms_abstract_tfidf__distinguished,-0.03276047650715747
terms_abstract_tfidf__distraction,0.03290912801569468
terms_abstract_tfidf__distractor,-0.02146455363911365
terms_abstract_tfidf__distractors,0.04120396456202378
terms_abstract_tfidf__distress,0.022815325594013416
terms_abstract_tfidf__distributed,-0.019806405133503076
terms_abstract_tfidf__distributed network,0.006294635610269274
terms_abstract_tfidf__distribution,0.09367156298327285
terms_abstract_tfidf__disturbances,0.014494352426466708
terms_abstract_tfidf__disturbed,-0.08065855423708536
terms_abstract_tfidf__divergent,0.03910491412722833
terms_abstract_tfidf__diverse,0.010281481256520798
terms_abstract_tfidf__divided,-0.0068611226197969905
terms_abstract_tfidf__dlpfc,-0.1688507145994937
terms_abstract_tfidf__dmn,-0.14574324481399126
terms_abstract_tfidf__dmpfc,-0.13764370215127247
terms_abstract_tfidf__documented,0.026851477676055228
terms_abstract_tfidf__does,0.04406033052336303
terms_abstract_tfidf__domain,0.00790170349046499
terms_abstract_tfidf__domain general,-0.09093740036717055
terms_abstract_tfidf__domains,-0.11637748665581281
terms_abstract_tfidf__dominance,0.07188009259433757
terms_abstract_tfidf__dominant,-0.029051619501389386
terms_abstract_tfidf__dopamine,-0.18214816344678864
terms_abstract_tfidf__dopaminergic,-0.13331468374797467
terms_abstract_tfidf__dorsal,-0.12458633213069431
terms_abstract_tfidf__dorsal anterior,-0.13277198705789622
terms_abstract_tfidf__dorsal attention,-0.02567690122982051
terms_abstract_tfidf__dorsal medial,-0.1093932896516758
terms_abstract_tfidf__dorsal premotor,0.03154600049350745
terms_abstract_tfidf__dorsal striatum,-0.14137849557022747
terms_abstract_tfidf__dorsal ventral,-0.028570316028393668
terms_abstract_tfidf__dorsolateral,-0.20390974274790571
terms_abstract_tfidf__dorsolateral pfc,-0.11521336263477663
terms_abstract_tfidf__dorsolateral prefrontal,-0.1972813919296622
terms_abstract_tfidf__dorsomedial,-0.15906847172383412
terms_abstract_tfidf__dorsomedial prefrontal,-0.14529946650435827
terms_abstract_tfidf__dose,-0.03707507849686047
terms_abstract_tfidf__dot,0.05707952842403271
terms_abstract_tfidf__double,-0.04774015687468087
terms_abstract_tfidf__double blind,-0.04861801885826644
terms_abstract_tfidf__drive,-0.08627634238437819
terms_abstract_tfidf__driven,-0.07479584525822217
terms_abstract_tfidf__driving,-0.005183024748654725
terms_abstract_tfidf__drug,-0.0979611881653508
terms_abstract_tfidf__drugs,-0.09873356775932057
terms_abstract_tfidf__dti,-0.015466151389080583
terms_abstract_tfidf__dual,-0.012515489796369843
terms_abstract_tfidf__duration,0.03284853487949219
terms_abstract_tfidf__dynamic,0.03784445905145817
terms_abstract_tfidf__dynamic causal,0.03002291357794642
terms_abstract_tfidf__dynamically,-0.0722449992576597
terms_abstract_tfidf__dynamics,0.0002500789176426573
terms_abstract_tfidf__dysfunction,-0.13032974928980234
terms_abstract_tfidf__dysfunctional,-0.07839128979861813
terms_abstract_tfidf__dysfunctions,-0.037528387720649224
terms_abstract_tfidf__dyslexia,0.09749651732013723
terms_abstract_tfidf__dysregulation,-0.022527657303626866
terms_abstract_tfidf__earlier,-0.017763257148725602
terms_abstract_tfidf__early,0.10159770542723583
terms_abstract_tfidf__early stage,-0.07823638054448702
terms_abstract_tfidf__early stages,-0.03187202920613688
terms_abstract_tfidf__early visual,0.11102100840506476
terms_abstract_tfidf__easy,-0.03277561876152143
terms_abstract_tfidf__eating,-0.030416827078593257
terms_abstract_tfidf__echo,-0.032488726723471674
terms_abstract_tfidf__economic,-0.10147176496953801
terms_abstract_tfidf__education,0.023339585987382477
terms_abstract_tfidf__eeg,0.07038950494612581
terms_abstract_tfidf__effect,0.04526522779196175
terms_abstract_tfidf__effective,-0.04268682573070001
terms_abstract_tfidf__effective connectivity,-0.0486197535892846
terms_abstract_tfidf__effectively,-0.010276339452267655
terms_abstract_tfidf__effects,0.05754004757636714
terms_abstract_tfidf__efficacy,-0.017105289845458824
terms_abstract_tfidf__efficiency,-0.09204274597569022
terms_abstract_tfidf__efficient,-0.01022340867575728
terms_abstract_tfidf__effort,-0.04307363152882716
terms_abstract_tfidf__effortful,-0.03724619227692118
terms_abstract_tfidf__eighteen,-0.12726015331838803
terms_abstract_tfidf__elderly,-0.0053161944697182285
terms_abstract_tfidf__electrical,0.05361206003340751
terms_abstract_tfidf__electroencephalography,0.057073141575949345
terms_abstract_tfidf__electroencephalography eeg,0.06356101540685495
terms_abstract_tfidf__electrophysiological,0.05836990507877672
terms_abstract_tfidf__elements,0.023444621072413102
terms_abstract_tfidf__elevated,0.0740956352007251
terms_abstract_tfidf__elicit,-0.014171531444249182
terms_abstract_tfidf__elicited,0.06378484198134339
terms_abstract_tfidf__elicits,0.0203184427361258
terms_abstract_tfidf__elucidate,-0.017177277158064504
terms_abstract_tfidf__elucidated,0.007709651602747219
terms_abstract_tfidf__elusive,0.0013930260944299742
terms_abstract_tfidf__embedded,0.015937129791909494
terms_abstract_tfidf__emerge,0.08129043152777513
terms_abstract_tfidf__emerged,0.04877084961932922
terms_abstract_tfidf__emergence,0.020246320659714528
terms_abstract_tfidf__emerging,-0.007536230771661499
terms_abstract_tfidf__emission,0.042954971670905194
terms_abstract_tfidf__emission tomography,0.03894560592142562
terms_abstract_tfidf__emotion,0.03432683144609358
terms_abstract_tfidf__emotion regulation,-0.04780693255619315
terms_abstract_tfidf__emotional,0.010391045288228441
terms_abstract_tfidf__emotional faces,0.08814454155887191
terms_abstract_tfidf__emotional information,0.04807867557265113
terms_abstract_tfidf__emotional responses,-0.01802314998927355
terms_abstract_tfidf__emotional stimuli,0.019553644284804484
terms_abstract_tfidf__emotional valence,0.03909764472312982
terms_abstract_tfidf__emotionally,0.09542810381395321
terms_abstract_tfidf__emotions,0.05586657122675946
terms_abstract_tfidf__empathic,0.0013198459207636524
terms_abstract_tfidf__empathy,0.004969466294437823
terms_abstract_tfidf__emphasize,-0.007581978799186798
terms_abstract_tfidf__empirical,-0.02364598730238296
terms_abstract_tfidf__employed,-0.07183472424133151
terms_abstract_tfidf__employing,0.012813762463530332
terms_abstract_tfidf__enable,-0.08861497370172225
terms_abstract_tfidf__enabled,0.0010526809185154935
terms_abstract_tfidf__enables,0.006214593079752613
terms_abstract_tfidf__encode,0.13539270783796856
terms_abstract_tfidf__encoded,-0.04330871676537665
terms_abstract_tfidf__encoding,0.04865383628954998
terms_abstract_tfidf__encoding retrieval,0.0019980185859992286
terms_abstract_tfidf__encompassing,0.021280023832762535
terms_abstract_tfidf__end,0.05655664049849759
terms_abstract_tfidf__endogenous,-0.015732564433870874
terms_abstract_tfidf__engage,-0.07138031923027123
terms_abstract_tfidf__engaged,-0.0720643063491179
terms_abstract_tfidf__engagement,-0.10074706868890844
terms_abstract_tfidf__engages,0.030275131169445326
terms_abstract_tfidf__engaging,-0.01548617645868967
terms_abstract_tfidf__english,0.045842577596729724
terms_abstract_tfidf__enhance,0.14715602015494053
terms_abstract_tfidf__enhancement,0.08241633125243335
terms_abstract_tfidf__enhances,0.014209868155533132
terms_abstract_tfidf__enhancing,-0.019892600076853693
terms_abstract_tfidf__entire,0.03241309628179985
terms_abstract_tfidf__environment,0.03844093801699541
terms_abstract_tfidf__environmental,0.13137271999374253
terms_abstract_tfidf__environments,0.005068016117440982
terms_abstract_tfidf__epilepsy,0.03775830315883238
terms_abstract_tfidf__episode,-0.013156182430847756
terms_abstract_tfidf__episodes,-0.03012475484337249
terms_abstract_tfidf__episodic,-0.05895359033928619
terms_abstract_tfidf__episodic memory,-0.022784318468710502
terms_abstract_tfidf__equal,0.029258916799113837
terms_abstract_tfidf__equally,-0.0005268697136025655
terms_abstract_tfidf__equivalent,0.043748517166124816
terms_abstract_tfidf__erp,0.1090898641285314
terms_abstract_tfidf__error,-0.16909272829581903
terms_abstract_tfidf__errors,-0.1662648307018384
terms_abstract_tfidf__especially,0.054198346956282235
terms_abstract_tfidf__essential,-0.05276710950577639
terms_abstract_tfidf__establish,-0.07122249396579372
terms_abstract_tfidf__established,-0.016841526777074307
terms_abstract_tfidf__estimate,-0.0014343603366303212
terms_abstract_tfidf__estimated,-0.02859909553247737
terms_abstract_tfidf__estimates,-0.028940402944113278
terms_abstract_tfidf__estimation,-0.09584146882122538
terms_abstract_tfidf__et,-0.0507698222619794
terms_abstract_tfidf__et al,-0.04314319189993626
terms_abstract_tfidf__evaluate,-0.0227893347173415
terms_abstract_tfidf__evaluated,-0.049872786391666
terms_abstract_tfidf__evaluating,-0.04412708051417579
terms_abstract_tfidf__evaluation,-0.06976834506118379
terms_abstract_tfidf__evaluations,-0.07611158972243441
terms_abstract_tfidf__event,-0.02868658497314902
terms_abstract_tfidf__event design,0.09465166806161551
terms_abstract_tfidf__event functional,-0.09192387536339947
terms_abstract_tfidf__event potential,0.08580362299221603
terms_abstract_tfidf__event potentials,0.06443194648461789
terms_abstract_tfidf__events,-0.10581866572820389
terms_abstract_tfidf__everyday,-0.08303292793457862
terms_abstract_tfidf__everyday life,-0.04334203642128705
terms_abstract_tfidf__evidence,0.0970113204751148
terms_abstract_tfidf__evidence suggests,0.06577662021798165
terms_abstract_tfidf__evidenced,0.0461536072643879
terms_abstract_tfidf__evident,-0.02289653917846924
terms_abstract_tfidf__evoke,0.06527187649523135
terms_abstract_tfidf__evoked,0.1594219980563242
terms_abstract_tfidf__evolution,0.09089247307907905
terms_abstract_tfidf__exact,-0.08118622990081142
terms_abstract_tfidf__examination,-0.10236962611970508
terms_abstract_tfidf__examining,-0.07112431052534578
terms_abstract_tfidf__example,-0.017359655575901526
terms_abstract_tfidf__excessive,-0.03588977904601347
terms_abstract_tfidf__exclusively,0.0049003263822022846
terms_abstract_tfidf__executed,0.04000908104582435
terms_abstract_tfidf__execution,-0.013788998937698888
terms_abstract_tfidf__executive,-0.20342497419878158
terms_abstract_tfidf__executive control,-0.12596429653936378
terms_abstract_tfidf__executive function,-0.11581764966440264
terms_abstract_tfidf__executive functions,-0.12120532868753614
terms_abstract_tfidf__exert,0.005768816098511846
terms_abstract_tfidf__exhibit,-0.09058406951026836
terms_abstract_tfidf__exhibited,-0.05160542237581582
terms_abstract_tfidf__exhibited greater,-0.034579262482066324
terms_abstract_tfidf__exhibiting,0.012778288313009799
terms_abstract_tfidf__exist,0.0011071266208725749
terms_abstract_tfidf__existence,0.10436208722113341
terms_abstract_tfidf__existing,-0.012295729100862445
terms_abstract_tfidf__exists,-0.021989233488048956
terms_abstract_tfidf__expectancy,-0.08805633121210633
terms_abstract_tfidf__expectation,-0.0020528264082080487
terms_abstract_tfidf__expectations,-0.011405182976700848
terms_abstract_tfidf__expected,-0.04048288431408652
terms_abstract_tfidf__experience,0.08285261881130589
terms_abstract_tfidf__experienced,-0.018020860904870768
terms_abstract_tfidf__experiences,-0.0020642802001858704
terms_abstract_tfidf__experiencing,-0.06098965525421444
terms_abstract_tfidf__experiment,0.029459967844533377
terms_abstract_tfidf__experimental,-0.02490447257789815
terms_abstract_tfidf__experimental conditions,0.02925142848093958
terms_abstract_tfidf__experimentally,0.01050981977173096
terms_abstract_tfidf__experiments,0.0937820103751185
terms_abstract_tfidf__expertise,0.11173487460639243
terms_abstract_tfidf__explain,-0.08384441953041362
terms_abstract_tfidf__explained,-0.013327776409177563
terms_abstract_tfidf__explanation,-0.04068329485965463
terms_abstract_tfidf__explicit,0.006673777559445106
terms_abstract_tfidf__explicitly,-0.13246841105930585
terms_abstract_tfidf__exploration,0.09347293415675972
terms_abstract_tfidf__exploratory,-0.02652358009015198
terms_abstract_tfidf__explore,-0.014459002018097081
terms_abstract_tfidf__explored,0.02398321661148486
terms_abstract_tfidf__exploring,0.016512257850614883
terms_abstract_tfidf__exposed,0.05954119805868218
terms_abstract_tfidf__exposure,0.02961045136785313
terms_abstract_tfidf__expressed,0.07753082886092942
terms_abstract_tfidf__expression,0.16913684297169926
terms_abstract_tfidf__expressions,0.1200551650648716
terms_abstract_tfidf__extend,0.008020461841849744
terms_abstract_tfidf__extended,0.028339223225577262
terms_abstract_tfidf__extending,0.00940174436944838
terms_abstract_tfidf__extends,0.08629591943201265
terms_abstract_tfidf__extension,0.034525216522045064
terms_abstract_tfidf__extensive,0.05994554171608222
terms_abstract_tfidf__extensively,0.09352397664197012
terms_abstract_tfidf__extent,0.04480926294398189
terms_abstract_tfidf__external,-0.05310750196655851
terms_abstract_tfidf__externally,-0.1437279136792567
terms_abstract_tfidf__extinction,0.05361827783133663
terms_abstract_tfidf__extra,0.05246728961185346
terms_abstract_tfidf__extract,0.07807709907505565
terms_abstract_tfidf__extracted,0.060539543031302545
terms_abstract_tfidf__extrastriate,0.12479642349265828
terms_abstract_tfidf__eye,0.05129934686060043
terms_abstract_tfidf__eye field,0.0041868475298223445
terms_abstract_tfidf__eye fields,-0.022191084318048483
terms_abstract_tfidf__eye movement,0.0442133138693877
terms_abstract_tfidf__eye movements,0.07594014369071919
terms_abstract_tfidf__eyes,0.11436532639174911
terms_abstract_tfidf__fa,-0.037505989132958675
terms_abstract_tfidf__face,0.19082488925315882
terms_abstract_tfidf__face ffa,0.14246316120747723
terms_abstract_tfidf__face recognition,0.17110819035680655
terms_abstract_tfidf__faces,0.15933829908317904
terms_abstract_tfidf__facial,0.14489962138074772
terms_abstract_tfidf__facial expression,0.15610240750101118
terms_abstract_tfidf__facial expressions,0.12609227618681063
terms_abstract_tfidf__facilitate,0.03421845380848862
terms_abstract_tfidf__facilitated,0.048384429837263744
terms_abstract_tfidf__facilitates,-0.007910716669008328
terms_abstract_tfidf__facilitation,-0.0428853393409199
terms_abstract_tfidf__fact,-0.047425085630517935
terms_abstract_tfidf__factor,-0.02371859062588518
terms_abstract_tfidf__factorial,0.11338401359417162
terms_abstract_tfidf__factorial design,0.1229903728740728
terms_abstract_tfidf__factors,0.08120992604501677
terms_abstract_tfidf__failed,-0.00642449398956394
terms_abstract_tfidf__failure,-0.08487197806662077
terms_abstract_tfidf__false,-0.11074419470691227
terms_abstract_tfidf__familiar,0.03340276414955329
terms_abstract_tfidf__familiarity,0.041436003960587046
terms_abstract_tfidf__family,-0.07007036908602937
terms_abstract_tfidf__far,-0.009867268468192913
terms_abstract_tfidf__fasciculus,0.023972053649692928
terms_abstract_tfidf__fashion,0.02404035217999336
terms_abstract_tfidf__fast,0.03535636338460133
terms_abstract_tfidf__faster,0.012182532770662448
terms_abstract_tfidf__fc,-0.0355081132921469
terms_abstract_tfidf__fear,0.08915731161898405
terms_abstract_tfidf__fearful,0.1603687792386934
terms_abstract_tfidf__fearful faces,0.16624971879568273
terms_abstract_tfidf__feature,0.05799267399424832
terms_abstract_tfidf__features,0.11351182026736388
terms_abstract_tfidf__feedback,-0.11876628923921495
terms_abstract_tfidf__feeling,0.01657124830388983
terms_abstract_tfidf__feelings,-0.002120163327775614
terms_abstract_tfidf__female,-0.0091424614476502
terms_abstract_tfidf__females,-0.03868762954400647
terms_abstract_tfidf__fewer,-0.052575536640879425
terms_abstract_tfidf__ffa,0.13618738605028488
terms_abstract_tfidf__fiber,0.0027905162836425043
terms_abstract_tfidf__field,0.06972115538665137
terms_abstract_tfidf__fields,0.06392443684809636
terms_abstract_tfidf__final,-0.08887872075630826
terms_abstract_tfidf__finally,0.06867791447112936
terms_abstract_tfidf__fine,0.10433830711575981
terms_abstract_tfidf__finger,0.008972096205514233
terms_abstract_tfidf__finger movements,-0.011565168001889177
terms_abstract_tfidf__finger tapping,-0.024510833250718095
terms_abstract_tfidf__fixation,0.0507273003851276
terms_abstract_tfidf__fixed,0.0121176752281525
terms_abstract_tfidf__flexibility,-0.1375170631121789
terms_abstract_tfidf__flexible,-0.13705149270858707
terms_abstract_tfidf__flexibly,-0.08726142709158283
terms_abstract_tfidf__flow,0.010974837290241206
terms_abstract_tfidf__fluctuation,-0.05373504545319919
terms_abstract_tfidf__fluctuations,-0.046074298449834634
terms_abstract_tfidf__fluency,0.017427531297670006
terms_abstract_tfidf__focal,0.032053476325693914
terms_abstract_tfidf__foci,0.0818313384718213
terms_abstract_tfidf__focus,-0.023898916075842918
terms_abstract_tfidf__focused,-0.08438816468330491
terms_abstract_tfidf__focusing,0.03783577050712081
terms_abstract_tfidf__follow,-0.04702901912545346
terms_abstract_tfidf__followed,0.001854694250663582
terms_abstract_tfidf__following,-0.0005279383871229569
terms_abstract_tfidf__food,-0.0215910425009409
terms_abstract_tfidf__foot,0.014560690808534114
terms_abstract_tfidf__force,0.009451671482818733
terms_abstract_tfidf__form,0.07256002641148633
terms_abstract_tfidf__formation,0.04377661832722297
terms_abstract_tfidf__formed,-0.012653104808459003
terms_abstract_tfidf__forms,-0.059093118650724925
terms_abstract_tfidf__forward,0.10855844262746878
terms_abstract_tfidf__fourteen,0.05056536967438817
terms_abstract_tfidf__fractional,-0.04562768370599285
terms_abstract_tfidf__fractional anisotropy,-0.04817115242196933
terms_abstract_tfidf__framework,-0.0517770327367042
terms_abstract_tfidf__free,-0.0411963878606436
terms_abstract_tfidf__frequencies,0.11100029382268901
terms_abstract_tfidf__frequency,0.09221625986528804
terms_abstract_tfidf__frequency fluctuations,0.015403503279228474
terms_abstract_tfidf__frequent,0.0012336947918550358
terms_abstract_tfidf__frequently,-0.10163713910314631
terms_abstract_tfidf__frontal,-0.09138819496488697
terms_abstract_tfidf__frontal cortex,-0.1229815705611585
terms_abstract_tfidf__frontal cortices,0.004138414585311452
terms_abstract_tfidf__frontal eye,-0.0005092523963423197
terms_abstract_tfidf__frontal gyri,-0.03964374917399021
terms_abstract_tfidf__frontal gyrus,-0.052053441030117456
terms_abstract_tfidf__frontal lobe,-0.08739054836007988
terms_abstract_tfidf__frontal lobes,-0.034591992046129796
terms_abstract_tfidf__frontal operculum,-0.0024643738600004577
terms_abstract_tfidf__frontal parietal,-0.08403618670818425
terms_abstract_tfidf__frontal temporal,0.0062000406021845
terms_abstract_tfidf__fronto,-0.15526727751998723
terms_abstract_tfidf__fronto parietal,-0.09466283682434247
terms_abstract_tfidf__fronto striatal,-0.1856646665321332
terms_abstract_tfidf__fronto temporal,0.017028494298262718
terms_abstract_tfidf__frontoparietal,-0.11197186333891238
terms_abstract_tfidf__frontoparietal network,-0.0767789255482225
terms_abstract_tfidf__frontopolar,-0.14003632426178236
terms_abstract_tfidf__frontotemporal,0.11575297719976305
terms_abstract_tfidf__fully,0.05716734293387392
terms_abstract_tfidf__function,-0.09908710485943711
terms_abstract_tfidf__functional abnormalities,-0.014978031993041463
terms_abstract_tfidf__functional connections,0.013271680929088304
terms_abstract_tfidf__functional connectivity,-0.11174193957911337
terms_abstract_tfidf__functional coupling,-0.016326033054849393
terms_abstract_tfidf__functional magnetic,-0.02797032045684158
terms_abstract_tfidf__functional network,-0.06051531535592006
terms_abstract_tfidf__functional networks,-0.1062808902000551
terms_abstract_tfidf__functional neuroanatomy,0.07857763168053775
terms_abstract_tfidf__functional organization,0.015141746773820474
terms_abstract_tfidf__functional role,0.06106723021646972
terms_abstract_tfidf__functional structural,0.025298361885652217
terms_abstract_tfidf__functionally,-0.02498776010759056
terms_abstract_tfidf__functionally connected,-0.08291754915233417
terms_abstract_tfidf__functioning,-0.11281493739554979
terms_abstract_tfidf__functions,-0.08764079144429628
terms_abstract_tfidf__fundamental,0.007181809919649097
terms_abstract_tfidf__furthermore,0.004363152821030042
terms_abstract_tfidf__fusiform,0.19700362981940497
terms_abstract_tfidf__fusiform face,0.15764612151657934
terms_abstract_tfidf__fusiform gyri,0.1417279941510598
terms_abstract_tfidf__fusiform gyrus,0.18623523054227556
terms_abstract_tfidf__future,-0.13753422869147922
terms_abstract_tfidf__gain,-0.11029092172155666
terms_abstract_tfidf__gains,-0.16879548593886556
terms_abstract_tfidf__gambling,-0.09901094914575605
terms_abstract_tfidf__game,-0.18781891960638886
terms_abstract_tfidf__gamma,0.11350962864516884
terms_abstract_tfidf__ganglia,-0.15160788642791173
terms_abstract_tfidf__gap,-0.0798583339248572
terms_abstract_tfidf__gaze,0.13705742659056358
terms_abstract_tfidf__gender,-0.012408276950693915
terms_abstract_tfidf__gene,0.0004718829098032801
terms_abstract_tfidf__general,-0.043514585917800455
terms_abstract_tfidf__general linear,0.11164067393543137
terms_abstract_tfidf__generalized,-0.06826117570327332
terms_abstract_tfidf__generally,0.015107208423608421
terms_abstract_tfidf__generate,-0.055803467771151735
terms_abstract_tfidf__generated,-0.007151252420811431
terms_abstract_tfidf__generating,3.470819144979489e-05
terms_abstract_tfidf__generation,-0.004296789937373475
terms_abstract_tfidf__genes,0.02433324619800116
terms_abstract_tfidf__genetic,-0.03880083285540826
terms_abstract_tfidf__genetic risk,-0.09182810603330648
terms_abstract_tfidf__genotype,-0.024145638794486664
terms_abstract_tfidf__german,-0.05844495078709459
terms_abstract_tfidf__gestures,0.05376731149073234
terms_abstract_tfidf__given,-0.0729463698884421
terms_abstract_tfidf__global,-0.01205595545790407
terms_abstract_tfidf__globus,-0.12344982702848581
terms_abstract_tfidf__globus pallidus,-0.12336172298309941
terms_abstract_tfidf__gm,0.04674984129086287
terms_abstract_tfidf__gm volume,0.060352248101841095
terms_abstract_tfidf__goal,-0.15597771292004745
terms_abstract_tfidf__goal directed,-0.10265403438454525
terms_abstract_tfidf__goals,-0.10573579267234667
terms_abstract_tfidf__good,-0.007688447641586967
terms_abstract_tfidf__gradient,-0.02559161594981438
terms_abstract_tfidf__granger,-0.09456083864913348
terms_abstract_tfidf__graph,-0.07236453120704099
terms_abstract_tfidf__grasping,0.07320467520350915
terms_abstract_tfidf__gray,0.07159632292355178
terms_abstract_tfidf__gray matter,0.07908552898146451
terms_abstract_tfidf__great,-0.00013763593422029205
terms_abstract_tfidf__greater,-0.03889080265427176
terms_abstract_tfidf__greater extent,0.0019742106512813406
terms_abstract_tfidf__greatest,0.08297117342528747
terms_abstract_tfidf__grey,0.022182762655456417
terms_abstract_tfidf__grey matter,0.019039862723138443
terms_abstract_tfidf__group,0.03237448455749792
terms_abstract_tfidf__group comparisons,-0.08034616611022206
terms_abstract_tfidf__group healthy,-0.0750247335030422
terms_abstract_tfidf__group level,0.02846993610733614
terms_abstract_tfidf__groups,-0.020311622147426846
terms_abstract_tfidf__growing,-0.04442896122782687
terms_abstract_tfidf__guide,0.02602236805753181
terms_abstract_tfidf__guided,-0.0049709886169112365
terms_abstract_tfidf__gyri,0.12216774891373888
terms_abstract_tfidf__gyrus,0.12937898871524056
terms_abstract_tfidf__gyrus anterior,0.062257463466856455
terms_abstract_tfidf__gyrus ba,0.014490060373123377
terms_abstract_tfidf__gyrus cerebellum,0.006413124066658425
terms_abstract_tfidf__gyrus ifg,0.0017213292276305966
terms_abstract_tfidf__gyrus inferior,0.01620615944483928
terms_abstract_tfidf__gyrus insula,0.004092190761916708
terms_abstract_tfidf__gyrus medial,-0.07488660842829481
terms_abstract_tfidf__gyrus mfg,-0.03642725148934537
terms_abstract_tfidf__gyrus middle,-0.03294990546613676
terms_abstract_tfidf__gyrus posterior,0.025486989810393025
terms_abstract_tfidf__gyrus precuneus,-0.0372821927667521
terms_abstract_tfidf__gyrus stg,0.18652753817845494
terms_abstract_tfidf__gyrus superior,0.14083449672905743
terms_abstract_tfidf__half,0.0683280100982397
terms_abstract_tfidf__hand,0.047838711961305534
terms_abstract_tfidf__hand movements,0.043739531818507024
terms_abstract_tfidf__handed,0.0389349418231717
terms_abstract_tfidf__handedness,0.04966194739424883
terms_abstract_tfidf__hands,0.0356096652712979
terms_abstract_tfidf__happy,0.13985505732761716
terms_abstract_tfidf__happy faces,0.14169533568196585
terms_abstract_tfidf__having,-0.05163530322783058
terms_abstract_tfidf__hc,-0.06141284418914069
terms_abstract_tfidf__hcs,0.017469257537592386
terms_abstract_tfidf__head,0.08383285453807925
terms_abstract_tfidf__health,-0.10356308242352331
terms_abstract_tfidf__healthy,-0.05501164419346727
terms_abstract_tfidf__healthy adults,-0.015740049474751844
terms_abstract_tfidf__healthy control,0.01242248294180579
terms_abstract_tfidf__healthy controls,-0.05331061698092462
terms_abstract_tfidf__healthy handed,0.07422501342962255
terms_abstract_tfidf__healthy human,-0.10076577105249042
terms_abstract_tfidf__healthy individuals,-0.023526245493799083
terms_abstract_tfidf__healthy male,0.02570879870407352
terms_abstract_tfidf__healthy volunteers,0.04552562156334108
terms_abstract_tfidf__healthy young,-0.017228686992809186
terms_abstract_tfidf__heard,0.06469053585219747
terms_abstract_tfidf__hearing,0.15851016356466824
terms_abstract_tfidf__heart,0.039623120750343466
terms_abstract_tfidf__heart rate,0.028710243558662384
terms_abstract_tfidf__heightened,0.016976276711441945
terms_abstract_tfidf__held,-0.13293216141663144
terms_abstract_tfidf__help,-0.08297633672450797
terms_abstract_tfidf__hemisphere,0.1456700051101263
terms_abstract_tfidf__hemispheres,0.10632860840970627
terms_abstract_tfidf__hemispheric,0.0850857921628814
terms_abstract_tfidf__hemodynamic,0.0598043926214939
terms_abstract_tfidf__hemodynamic response,0.01567983525580828
terms_abstract_tfidf__hemodynamic responses,0.06942460152368016
terms_abstract_tfidf__heschl,0.19954312777487382
terms_abstract_tfidf__heschl gyrus,0.19676481428998663
terms_abstract_tfidf__heterogeneity,0.01795733444057157
terms_abstract_tfidf__heterogeneous,-0.010191656547239783
terms_abstract_tfidf__hierarchical,0.05639308895947121
terms_abstract_tfidf__hierarchy,0.02713143233358193
terms_abstract_tfidf__high,-0.00903579462088121
terms_abstract_tfidf__high frequency,0.0778785434173236
terms_abstract_tfidf__high functioning,-0.018900642778550265
terms_abstract_tfidf__high level,-0.01432063165939084
terms_abstract_tfidf__high low,-0.042068133166323955
terms_abstract_tfidf__high resolution,0.10594674857662288
terms_abstract_tfidf__high risk,-0.04677963288450253
terms_abstract_tfidf__higher,-0.05945018893022864
terms_abstract_tfidf__higher level,0.030090402693055372
terms_abstract_tfidf__higher levels,0.0327968182123413
terms_abstract_tfidf__higher order,0.07227076132189952
terms_abstract_tfidf__highest,0.008589324623190966
terms_abstract_tfidf__highlight,0.06190995871026828
terms_abstract_tfidf__highlighted,0.004480759869611727
terms_abstract_tfidf__highlights,0.03702543611352599
terms_abstract_tfidf__highly,0.0422360611511506
terms_abstract_tfidf__hippocampal,0.04598826885768762
terms_abstract_tfidf__hippocampus,0.010558408624532584
terms_abstract_tfidf__history,-0.04180164137775759
terms_abstract_tfidf__hoc,0.09527058950817899
terms_abstract_tfidf__homogeneity,-0.0011412319495112116
terms_abstract_tfidf__homogeneity reho,-0.01490184163516816
terms_abstract_tfidf__hub,-0.026139159901051808
terms_abstract_tfidf__hubs,-0.03712486915976859
terms_abstract_tfidf__hum,0.043612264123189914
terms_abstract_tfidf__hum mapp,0.06182745387363405
terms_abstract_tfidf__human,0.10950274176187952
terms_abstract_tfidf__humans,0.02999693146161389
terms_abstract_tfidf__hyperactivation,-0.07434910146173014
terms_abstract_tfidf__hyperactivity,-0.08495832013862484
terms_abstract_tfidf__hyperactivity disorder,-0.10202444938859638
terms_abstract_tfidf__hypoactivation,-0.08036654480320245
terms_abstract_tfidf__hypothalamus,-0.005371485038135237
terms_abstract_tfidf__hypotheses,0.02421552065214168
terms_abstract_tfidf__hypothesize,0.006186213723957935
terms_abstract_tfidf__hypothesized,-0.02903615960601875
terms_abstract_tfidf__hz,0.043639676452270564
terms_abstract_tfidf__ica,-0.0861849215780776
terms_abstract_tfidf__idea,-0.0451553956094629
terms_abstract_tfidf__identical,0.06603096581581325
terms_abstract_tfidf__identification,0.06545261590039736
terms_abstract_tfidf__identified,0.03047891804013797
terms_abstract_tfidf__identify,0.02822675518577811
terms_abstract_tfidf__identifying,0.019260086468928416
terms_abstract_tfidf__identity,0.15380928372203698
terms_abstract_tfidf__ifg,-0.013286500022450316
terms_abstract_tfidf__ii,0.032645554441080436
terms_abstract_tfidf__iii,0.032431825230548474
terms_abstract_tfidf__illness,-0.03858167307841281
terms_abstract_tfidf__illusion,0.1384088164993513
terms_abstract_tfidf__illustrate,0.03380591823593737
terms_abstract_tfidf__image,0.15308562906862014
terms_abstract_tfidf__imagery,0.06017496061888645
terms_abstract_tfidf__images,0.07248125079146098
terms_abstract_tfidf__images acquired,-0.04843450800061786
terms_abstract_tfidf__imagine,-0.045556590048309295
terms_abstract_tfidf__imagined,-0.007661185913559681
terms_abstract_tfidf__imitation,0.0710205322085317
terms_abstract_tfidf__immediate,-0.021773817322215484
terms_abstract_tfidf__immediately,0.10593857518762154
terms_abstract_tfidf__impact,-0.015671673304636112
terms_abstract_tfidf__impacts,0.03305710443627108
terms_abstract_tfidf__impaired,-0.014656935470896483
terms_abstract_tfidf__impairment,0.020198027926754118
terms_abstract_tfidf__impairments,-0.014988549595096327
terms_abstract_tfidf__implementation,-0.1363389036350945
terms_abstract_tfidf__implemented,-0.0454254254193304
terms_abstract_tfidf__implicate,0.05106012873442772
terms_abstract_tfidf__implicated,-0.014249910453125089
terms_abstract_tfidf__implications,-0.011446686504388695
terms_abstract_tfidf__implications understanding,-0.008081769322324996
terms_abstract_tfidf__implicit,-0.0005529816876294004
terms_abstract_tfidf__imply,-0.025231601112108547
terms_abstract_tfidf__importance,0.053216145250252755
terms_abstract_tfidf__important,0.0008602447805367318
terms_abstract_tfidf__important role,0.007867490999201237
terms_abstract_tfidf__importantly,-0.02134756561304507
terms_abstract_tfidf__improve,-0.03463641718018868
terms_abstract_tfidf__improved,-0.0038169723186236583
terms_abstract_tfidf__improvement,0.003381817074599718
terms_abstract_tfidf__improvements,-0.016423060486433116
terms_abstract_tfidf__improves,-0.014384172691502122
terms_abstract_tfidf__impulsive,-0.1131254305367023
terms_abstract_tfidf__impulsivity,-0.1574076193566963
terms_abstract_tfidf__incentive,-0.1385153134826679
terms_abstract_tfidf__incentive delay,-0.16102533183817422
terms_abstract_tfidf__incidental,0.00019494795783314662
terms_abstract_tfidf__include,-0.01580032107482778
terms_abstract_tfidf__included,0.01732708503845439
terms_abstract_tfidf__includes,-0.031355574354477424
terms_abstract_tfidf__incongruent,0.1033657762679242
terms_abstract_tfidf__inconsistent,-0.008106463209818046
terms_abstract_tfidf__incorrect,-0.023542973180115393
terms_abstract_tfidf__increases,-0.07579154830345008
terms_abstract_tfidf__increasing,-0.042605948441629245
terms_abstract_tfidf__increasingly,0.006293910092194702
terms_abstract_tfidf__independent,-0.09351678233289495
terms_abstract_tfidf__independent component,-0.0899846618019198
terms_abstract_tfidf__independently,0.039576292108571644
terms_abstract_tfidf__index,0.01751466225158392
terms_abstract_tfidf__index finger,0.027636254350754893
terms_abstract_tfidf__indexed,-0.012548328717644355
terms_abstract_tfidf__indicate,-0.00035038796898475633
terms_abstract_tfidf__indicated,0.0360467068010694
terms_abstract_tfidf__indicates,0.01675405625364096
terms_abstract_tfidf__indicating,-0.024300566636970986
terms_abstract_tfidf__indices,0.03751882636654586
terms_abstract_tfidf__indirect,-0.045709892730649876
terms_abstract_tfidf__individual,0.02555669789020096
terms_abstract_tfidf__individual variability,-0.00858900604950505
terms_abstract_tfidf__individually,-0.023481322609217564
terms_abstract_tfidf__individuals,-0.028034012243030617
terms_abstract_tfidf__induce,-0.006500019291976603
terms_abstract_tfidf__induced,0.021718725633060005
terms_abstract_tfidf__induces,0.08562038579198193
terms_abstract_tfidf__inducing,0.057128264459154005
terms_abstract_tfidf__induction,0.08234583525711003
terms_abstract_tfidf__infer,-0.13842356982292034
terms_abstract_tfidf__inference,-0.04118485091892142
terms_abstract_tfidf__inferences,-0.12382072860979308
terms_abstract_tfidf__inferior,0.0005439641981282917
terms_abstract_tfidf__inferior frontal,0.00743094607534142
terms_abstract_tfidf__inferior middle,0.007275987258855655
terms_abstract_tfidf__inferior occipital,0.13206136398735824
terms_abstract_tfidf__inferior parietal,-0.11258417641902543
terms_abstract_tfidf__inferior prefrontal,-0.03435051354894561
terms_abstract_tfidf__inferior superior,0.006875128873411494
terms_abstract_tfidf__inferior temporal,0.12079881461878746
terms_abstract_tfidf__influence,0.0010008323808235922
terms_abstract_tfidf__influenced,-0.009518225296513807
terms_abstract_tfidf__influences,0.05910583796360157
terms_abstract_tfidf__inform,-0.07127073215964938
terms_abstract_tfidf__information,0.06034386921008371
terms_abstract_tfidf__inhibit,-0.15623762481129475
terms_abstract_tfidf__inhibition,-0.12517626434128332
terms_abstract_tfidf__inhibitory,-0.07803655298065866
terms_abstract_tfidf__inhibitory control,-0.11362192957575602
terms_abstract_tfidf__initial,0.021326135891824274
terms_abstract_tfidf__initially,-0.02179543592141805
terms_abstract_tfidf__initiation,-0.07476049332620487
terms_abstract_tfidf__injury,-0.05388606480659055
terms_abstract_tfidf__input,0.16597019468450677
terms_abstract_tfidf__inputs,0.19382788533237524
terms_abstract_tfidf__insight,-0.050468868968944154
terms_abstract_tfidf__insights,-0.03609614058277054
terms_abstract_tfidf__instead,-0.021190496139194454
terms_abstract_tfidf__instructed,0.00168999109264671
terms_abstract_tfidf__instruction,-0.01573978710148599
terms_abstract_tfidf__instructions,-0.08421132477225986
terms_abstract_tfidf__insula,0.0033416375728088712
terms_abstract_tfidf__insula anterior,-0.020035639767576312
terms_abstract_tfidf__insula inferior,-0.016851510919318084
terms_abstract_tfidf__insular,0.05213534607557189
terms_abstract_tfidf__insular cortex,0.03098703019431811
terms_abstract_tfidf__intact,0.07645477903499943
terms_abstract_tfidf__integrate,0.0011977681343038418
terms_abstract_tfidf__integrated,0.07501152808311733
terms_abstract_tfidf__integrating,-0.04339195326060238
terms_abstract_tfidf__integration,0.13969987188656627
terms_abstract_tfidf__integrative,0.007941686011634579
terms_abstract_tfidf__integrity,-0.01270644001856913
terms_abstract_tfidf__intelligence,-0.06470230944995845
terms_abstract_tfidf__intense,-0.02011845873017735
terms_abstract_tfidf__intensity,0.055995974802441326
terms_abstract_tfidf__intention,-0.08809704261071984
terms_abstract_tfidf__intentional,-0.039980979427276735
terms_abstract_tfidf__intentions,-0.10655103277239514
terms_abstract_tfidf__inter,-0.05757735311618279
terms_abstract_tfidf__inter individual,-0.008207971738591268
terms_abstract_tfidf__interact,-0.004339820702280848
terms_abstract_tfidf__interacting,-0.034186135028200275
terms_abstract_tfidf__interaction,-0.06910718969656349
terms_abstract_tfidf__interactions,0.006642511837293543
terms_abstract_tfidf__interactive,0.007314271044913881
terms_abstract_tfidf__interacts,0.07989583890708582
terms_abstract_tfidf__interestingly,0.09862086971253961
terms_abstract_tfidf__interference,-0.0758228055537626
terms_abstract_tfidf__interhemispheric,0.08069318259990907
terms_abstract_tfidf__intermediate,0.004692723828585809
terms_abstract_tfidf__internal,-0.0919332078158384
terms_abstract_tfidf__internally,-0.1307057611407745
terms_abstract_tfidf__interoceptive,0.037189295490049755
terms_abstract_tfidf__interpersonal,0.011139228478089047
terms_abstract_tfidf__interplay,0.05346569257184452
terms_abstract_tfidf__interpret,0.06444192227797611
terms_abstract_tfidf__interpretation,0.040721042262740564
terms_abstract_tfidf__interpreted,0.08750131862487867
terms_abstract_tfidf__interval,-0.0020096643044185997
terms_abstract_tfidf__intervals,0.010300665320575077
terms_abstract_tfidf__intervention,-0.06084239638629594
terms_abstract_tfidf__interventions,0.027254824686901255
terms_abstract_tfidf__intra,-0.0836107026127264
terms_abstract_tfidf__intraparietal,0.004718554247350982
terms_abstract_tfidf__intraparietal sulcus,0.008823954773120389
terms_abstract_tfidf__intrinsic,-0.03182302943815216
terms_abstract_tfidf__intrinsic functional,-0.061876139974564384
terms_abstract_tfidf__introduced,-0.03302664605952103
terms_abstract_tfidf__introduction,0.03685034244417628
terms_abstract_tfidf__invariant,0.07457695439032143
terms_abstract_tfidf__invasive,0.034213788558933006
terms_abstract_tfidf__inventory,0.0023844822703215983
terms_abstract_tfidf__inverse,0.01694564374001673
terms_abstract_tfidf__inversely,-0.047992061187240025
terms_abstract_tfidf__investigates,0.011204762398606235
terms_abstract_tfidf__investigating,-0.028137913426048038
terms_abstract_tfidf__investigation,0.01039244857112376
terms_abstract_tfidf__investigations,-0.07088164925055915
terms_abstract_tfidf__involve,-0.09062558528769492
terms_abstract_tfidf__involved,-0.02951441767499387
terms_abstract_tfidf__involved cognitive,-0.13089503503151292
terms_abstract_tfidf__involvement,-0.019111788163804235
terms_abstract_tfidf__involves,0.022816328740857813
terms_abstract_tfidf__involving,-0.14205480853854846
terms_abstract_tfidf__ipl,-0.09823128841080413
terms_abstract_tfidf__ips,-0.0013880752352176413
terms_abstract_tfidf__ipsilateral,0.0641193011765904
terms_abstract_tfidf__iq,-0.019608817001420687
terms_abstract_tfidf__irrelevant,0.041557962504808726
terms_abstract_tfidf__irrespective,0.0664606152300392
terms_abstract_tfidf__isolate,0.014932814926860763
terms_abstract_tfidf__isolated,0.0489601020123988
terms_abstract_tfidf__issue,-0.024743611529737034
terms_abstract_tfidf__issues,0.0457425761516043
terms_abstract_tfidf__item,-0.05278200393738618
terms_abstract_tfidf__items,-0.07441597811071061
terms_abstract_tfidf__iv,-0.0645736967448488
terms_abstract_tfidf__joint,0.026814032730141806
terms_abstract_tfidf__judge,-0.11476099842927687
terms_abstract_tfidf__judged,0.02064789624405738
terms_abstract_tfidf__judgment,-0.08651657212184187
terms_abstract_tfidf__judgment task,-0.04229289412989737
terms_abstract_tfidf__judgments,-0.11744737887171401
terms_abstract_tfidf__junction,-0.08796581645198795
terms_abstract_tfidf__junction tpj,-0.057467961945567386
terms_abstract_tfidf__just,0.06569613127380199
terms_abstract_tfidf__key,-0.08469794789816243
terms_abstract_tfidf__key role,-0.010813694134496721
terms_abstract_tfidf__kinds,-0.011205138530004235
terms_abstract_tfidf__know,-0.056976373219229506
terms_abstract_tfidf__knowledge,-0.0163287883873159
terms_abstract_tfidf__known,-0.019653278745225912
terms_abstract_tfidf__known involved,0.06764577134263984
terms_abstract_tfidf__labeling,-0.057263818509156905
terms_abstract_tfidf__laboratory,-0.056515235891930214
terms_abstract_tfidf__lack,0.027548350998358253
terms_abstract_tfidf__lacking,-0.025166839629567783
terms_abstract_tfidf__language,0.06753133025809466
terms_abstract_tfidf__language comprehension,0.038198702374979694
terms_abstract_tfidf__language network,-0.0019743413516038854
terms_abstract_tfidf__languages,0.07788858092256018
terms_abstract_tfidf__large,-0.038777244040387134
terms_abstract_tfidf__large sample,0.011962195375818017
terms_abstract_tfidf__large scale,-0.022476228734411786
terms_abstract_tfidf__largely,-0.0008293042667704992
terms_abstract_tfidf__largely unknown,0.10001690636106175
terms_abstract_tfidf__larger,0.06970898330507562
terms_abstract_tfidf__late,0.06401033946055248
terms_abstract_tfidf__latencies,0.12977534186290493
terms_abstract_tfidf__latency,0.08821398674890334
terms_abstract_tfidf__later,0.035990902533157204
terms_abstract_tfidf__lateral,-0.06707372952973234
terms_abstract_tfidf__lateral frontal,-0.13687849874432523
terms_abstract_tfidf__lateral medial,-0.04871629736249313
terms_abstract_tfidf__lateral occipital,0.11385699855004855
terms_abstract_tfidf__lateral orbitofrontal,-0.0635088029656384
terms_abstract_tfidf__lateral parietal,-0.1344639405795639
terms_abstract_tfidf__lateral prefrontal,-0.1781405239430693
terms_abstract_tfidf__lateral temporal,0.0956228622346325
terms_abstract_tfidf__laterality,0.07687005794612645
terms_abstract_tfidf__lateralization,0.1837791252355435
terms_abstract_tfidf__lateralized,0.0865838535764425
terms_abstract_tfidf__lead,-0.009844666044418852
terms_abstract_tfidf__leading,0.031809088739088935
terms_abstract_tfidf__leads,-0.017962210625743852
terms_abstract_tfidf__learn,-0.046659874441157184
terms_abstract_tfidf__learned,-0.038048167255721306
terms_abstract_tfidf__learning,-0.09084389970485568
terms_abstract_tfidf__learning task,-0.1191973919375279
terms_abstract_tfidf__led,-0.01401208740109423
terms_abstract_tfidf__length,0.014857366252684977
terms_abstract_tfidf__lesion,0.08740283115057718
terms_abstract_tfidf__lesions,0.07367902533067078
terms_abstract_tfidf__lesser,0.09032689761298808
terms_abstract_tfidf__letter,0.004134780549320354
terms_abstract_tfidf__letters,0.0367410570925559
terms_abstract_tfidf__level,0.06720144306546152
terms_abstract_tfidf__level bold,0.017827557362730742
terms_abstract_tfidf__level signal,0.022751193351083256
terms_abstract_tfidf__levels,-0.0186599704111261
terms_abstract_tfidf__lexical,0.05940695497009684
terms_abstract_tfidf__lexical decision,0.057277273154655826
terms_abstract_tfidf__life,-0.08126616169986131
terms_abstract_tfidf__light,0.04281595329316407
terms_abstract_tfidf__like,0.024747300593268292
terms_abstract_tfidf__likelihood,-0.0771675317766291
terms_abstract_tfidf__likely,-0.05504161996392957
terms_abstract_tfidf__limb,0.06331608560358713
terms_abstract_tfidf__limbic,-0.002595935714333831
terms_abstract_tfidf__limitations,0.000605454132353871
terms_abstract_tfidf__limited,-0.02268733090832567
terms_abstract_tfidf__line,-0.011886807898637703
terms_abstract_tfidf__linear,0.0058876558965803545
terms_abstract_tfidf__linear model,0.10218890770970557
terms_abstract_tfidf__linearly,-0.0062864092622792415
terms_abstract_tfidf__lingual,0.10619319331618621
terms_abstract_tfidf__lingual gyrus,0.06401123581152679
terms_abstract_tfidf__linguistic,0.05451148997868437
terms_abstract_tfidf__link,-0.0719221215017964
terms_abstract_tfidf__linked,-0.049697782206148844
terms_abstract_tfidf__linking,0.03899637446129245
terms_abstract_tfidf__links,0.011775742074940665
terms_abstract_tfidf__list,0.02082613213780304
terms_abstract_tfidf__listened,0.1417057929122175
terms_abstract_tfidf__listening,0.13912254316156586
terms_abstract_tfidf__literature,-0.01051763526053661
terms_abstract_tfidf__little,-0.0513918835311994
terms_abstract_tfidf__little known,-0.10101357833461486
terms_abstract_tfidf__load,-0.08543534849818935
terms_abstract_tfidf__lobe,0.13608969626373502
terms_abstract_tfidf__lobe mtl,0.09313248913180988
terms_abstract_tfidf__lobes,0.12521966636307671
terms_abstract_tfidf__lobule,-0.06797967796675596
terms_abstract_tfidf__lobule ipl,-0.09830124156214967
terms_abstract_tfidf__lobules,-0.04557157640669063
terms_abstract_tfidf__local,0.08362559725551487
terms_abstract_tfidf__localization,0.19299615315240917
terms_abstract_tfidf__localize,0.17145866226996512
terms_abstract_tfidf__localized,0.13415991183880788
terms_abstract_tfidf__located,0.05985376177558787
terms_abstract_tfidf__location,0.14517963221310276
terms_abstract_tfidf__locations,0.096795681406572
terms_abstract_tfidf__locus,-0.010879043309422099
terms_abstract_tfidf__long,0.002855990838164459
terms_abstract_tfidf__long term,-0.009780819734973724
terms_abstract_tfidf__longer,0.01658448224395603
terms_abstract_tfidf__longitudinal,-0.003119429763658152
terms_abstract_tfidf__loop,-0.0885406286891071
terms_abstract_tfidf__loss,-0.018883093220028225
terms_abstract_tfidf__losses,-0.1723250777306769
terms_abstract_tfidf__low,-0.02394735825759488
terms_abstract_tfidf__low frequency,0.03169423883200399
terms_abstract_tfidf__low high,0.03828181655538354
terms_abstract_tfidf__low level,0.1257971564181285
terms_abstract_tfidf__lower,-0.060153702176347204
terms_abstract_tfidf__m1,0.024798595960411143
terms_abstract_tfidf__machine,0.004236679774415104
terms_abstract_tfidf__magnetic,-0.0005137817016241613
terms_abstract_tfidf__magnetic resonance,-0.007388687095280496
terms_abstract_tfidf__magnetic stimulation,0.04876430819824097
terms_abstract_tfidf__magnetoencephalography,0.18354567381036546
terms_abstract_tfidf__magnitude,-0.05842635814090737
terms_abstract_tfidf__main,-0.06805078879484228
terms_abstract_tfidf__main effect,-0.033191864225098136
terms_abstract_tfidf__mainly,-0.017765680250128084
terms_abstract_tfidf__maintain,-0.07500613531489377
terms_abstract_tfidf__maintained,-0.03489949051252842
terms_abstract_tfidf__maintaining,-0.05898793167508684
terms_abstract_tfidf__maintenance,-0.08811531277136761
terms_abstract_tfidf__major,0.021932109575456663
terms_abstract_tfidf__major depression,-0.02736106502814937
terms_abstract_tfidf__major depressive,0.015485016623849754
terms_abstract_tfidf__majority,0.046708209546731376
terms_abstract_tfidf__make,-0.13024034912918814
terms_abstract_tfidf__making,-0.21446091950779417
terms_abstract_tfidf__male,0.0026433538630874164
terms_abstract_tfidf__male female,0.01109397259729655
terms_abstract_tfidf__males,-0.03331194722935492
terms_abstract_tfidf__manifest,-0.07780654915908419
terms_abstract_tfidf__manipulated,0.030177027736487148
terms_abstract_tfidf__manipulating,-0.055378780110886004
terms_abstract_tfidf__manipulation,-0.01760270432238281
terms_abstract_tfidf__manipulations,0.008105358165166618
terms_abstract_tfidf__manner,-0.045395028754358024
terms_abstract_tfidf__manual,0.06506768929775779
terms_abstract_tfidf__map,0.06898984131629453
terms_abstract_tfidf__mapp,0.06491871636421066
terms_abstract_tfidf__mapped,0.042081483299262
terms_abstract_tfidf__mapping,0.08362489268423079
terms_abstract_tfidf__maps,0.09659418824509948
terms_abstract_tfidf__marked,0.05246554387050921
terms_abstract_tfidf__marker,-0.0317391945774604
terms_abstract_tfidf__markers,-0.016719492588147436
terms_abstract_tfidf__masked,0.06580982171210296
terms_abstract_tfidf__mass,-0.005838214556984418
terms_abstract_tfidf__match,-0.03433058209226668
terms_abstract_tfidf__matching,0.0844412077498798
terms_abstract_tfidf__matching task,0.06547542253815929
terms_abstract_tfidf__material,0.02572923690476332
terms_abstract_tfidf__materials,-0.015614270850935717
terms_abstract_tfidf__matrix,0.007558948981216887
terms_abstract_tfidf__matter,0.0399834895106697
terms_abstract_tfidf__matter density,0.01603278221010388
terms_abstract_tfidf__matter gm,0.04584503578065813
terms_abstract_tfidf__matter volume,0.06526883384739138
terms_abstract_tfidf__matter volumes,0.09834585150995209
terms_abstract_tfidf__maturation,-0.07175896071191128
terms_abstract_tfidf__maximal,-4.666013051051668e-05
terms_abstract_tfidf__maximum,0.012995319965885918
terms_abstract_tfidf__mci,0.018729902406984508
terms_abstract_tfidf__mdd,0.02723648980955932
terms_abstract_tfidf__mean,-0.0984575329254876
terms_abstract_tfidf__mean age,-0.04313885504148322
terms_abstract_tfidf__meaning,0.03339025342991968
terms_abstract_tfidf__meaningful,0.11038118693990931
terms_abstract_tfidf__means,-0.027801815957390744
terms_abstract_tfidf__measure,-0.03016018078243029
terms_abstract_tfidf__measurement,0.027374234714272423
terms_abstract_tfidf__measurements,0.04841614470085167
terms_abstract_tfidf__measures,0.051290271940741615
terms_abstract_tfidf__measuring,0.02336703409109387
terms_abstract_tfidf__mechanism,0.022928275950099223
terms_abstract_tfidf__mechanisms,-0.0665487412829569
terms_abstract_tfidf__mechanisms involved,-0.10443579567453232
terms_abstract_tfidf__mechanisms underlying,0.001867881982420961
terms_abstract_tfidf__medial,-0.1366040113808556
terms_abstract_tfidf__medial frontal,-0.1649060487418051
terms_abstract_tfidf__medial lateral,-0.11397616387616723
terms_abstract_tfidf__medial orbitofrontal,-0.007287817902213186
terms_abstract_tfidf__medial pfc,-0.1125450131497245
terms_abstract_tfidf__medial prefrontal,-0.17642131273510678
terms_abstract_tfidf__medial superior,-0.05922979300670943
terms_abstract_tfidf__medial temporal,0.07871105468635672
terms_abstract_tfidf__median,0.10088569827972846
terms_abstract_tfidf__mediate,-0.00801323900476741
terms_abstract_tfidf__mediated,-0.03808769034240666
terms_abstract_tfidf__mediates,-0.06511325454587037
terms_abstract_tfidf__mediating,-0.06658797563484183
terms_abstract_tfidf__medication,-0.1005582106066326
terms_abstract_tfidf__meg,0.20131934153625552
terms_abstract_tfidf__memories,-0.03449135382731428
terms_abstract_tfidf__memory,-0.08928184609959193
terms_abstract_tfidf__memory encoding,0.02927208425241504
terms_abstract_tfidf__memory load,-0.08508524208519645
terms_abstract_tfidf__memory performance,-0.014636356052186347
terms_abstract_tfidf__memory processes,0.05579995256583268
terms_abstract_tfidf__memory retrieval,-0.14807578918108397
terms_abstract_tfidf__memory task,-0.09078258507718207
terms_abstract_tfidf__memory tasks,-0.040559386147776065
terms_abstract_tfidf__memory test,-0.05811649820157777
terms_abstract_tfidf__memory wm,-0.07184861333371838
terms_abstract_tfidf__men,-0.05649822649578711
terms_abstract_tfidf__men women,-0.1173461719442577
terms_abstract_tfidf__mental,-0.1260451308625627
terms_abstract_tfidf__mental imagery,0.05421715639799956
terms_abstract_tfidf__mental state,-0.08695357839589547
terms_abstract_tfidf__mental states,-0.09319073592475613
terms_abstract_tfidf__mentalizing,-0.12917353688104852
terms_abstract_tfidf__mesial,-0.030373078917303648
terms_abstract_tfidf__mesolimbic,-0.1414561164904177
terms_abstract_tfidf__met,-0.04009957158334026
terms_abstract_tfidf__metabolic,-0.009667435727501388
terms_abstract_tfidf__metabolism,0.031216144429309263
terms_abstract_tfidf__method,0.05621559344954449
terms_abstract_tfidf__methodological,0.053641498971355596
terms_abstract_tfidf__methodology,-0.10003423655370323
terms_abstract_tfidf__methodology principal,-0.11360224596638825
terms_abstract_tfidf__methods,-0.01829022829533618
terms_abstract_tfidf__methods functional,-0.0016106414675739389
terms_abstract_tfidf__mfg,-0.07050131351366871
terms_abstract_tfidf__mg,-0.06664099644647233
terms_abstract_tfidf__mid,-0.002966142886961798
terms_abstract_tfidf__midbrain,-0.09059128769402934
terms_abstract_tfidf__middle,0.005579815323725692
terms_abstract_tfidf__middle cingulate,-0.034987718740223335
terms_abstract_tfidf__middle frontal,-0.11700122812404082
terms_abstract_tfidf__middle inferior,-0.0031508313340016937
terms_abstract_tfidf__middle occipital,0.08290191568680318
terms_abstract_tfidf__middle superior,0.06171884376949331
terms_abstract_tfidf__middle temporal,0.02354587491519074
terms_abstract_tfidf__midline,-0.1370021151188291
terms_abstract_tfidf__mild,0.018979292588588256
terms_abstract_tfidf__mild cognitive,0.034201140030379266
terms_abstract_tfidf__min,0.040629655117505034
terms_abstract_tfidf__mind,-0.11704893622821853
terms_abstract_tfidf__mind tom,-0.08008304683167522
terms_abstract_tfidf__minimal,-0.0459232426861548
terms_abstract_tfidf__mirror,0.11923662948062769
terms_abstract_tfidf__mirror neuron,0.08728636732422376
terms_abstract_tfidf__mixed,-0.03236809034305876
terms_abstract_tfidf__mm,-0.035150906859320805
terms_abstract_tfidf__mnemonic,-0.041052914399806364
terms_abstract_tfidf__modal,0.22726017328856218
terms_abstract_tfidf__modalities,0.13467947298757044
terms_abstract_tfidf__modality,0.167466716107532
terms_abstract_tfidf__mode,-0.1544922162202369
terms_abstract_tfidf__mode network,-0.13804943092755026
terms_abstract_tfidf__model,-0.011111651281611222
terms_abstract_tfidf__modeling,-0.0248754585072053
terms_abstract_tfidf__models,0.033833112375064166
terms_abstract_tfidf__moderate,-0.034805874725212654
terms_abstract_tfidf__modified,-0.08730521163572955
terms_abstract_tfidf__modulate,-0.027320087503232778
terms_abstract_tfidf__modulated,0.03816155211759176
terms_abstract_tfidf__modulates,-0.07795971819230374
terms_abstract_tfidf__modulating,-0.08538775690576073
terms_abstract_tfidf__modulation,0.01740555108069744
terms_abstract_tfidf__modulations,0.08078944455868789
terms_abstract_tfidf__modulatory,0.002738097194540631
terms_abstract_tfidf__monetary,-0.17918339451083043
terms_abstract_tfidf__monetary incentive,-0.1561835299786316
terms_abstract_tfidf__monetary reward,-0.13278697491185687
terms_abstract_tfidf__money,-0.10384334135480192
terms_abstract_tfidf__monitor,-0.016545938067874973
terms_abstract_tfidf__monitored,0.0139813239602651
terms_abstract_tfidf__monitoring,-0.16847502819024965
terms_abstract_tfidf__monkey,0.07903953101514914
terms_abstract_tfidf__monkeys,0.09718680350242584
terms_abstract_tfidf__months,-0.02829417834502603
terms_abstract_tfidf__mood,0.0006933759019714121
terms_abstract_tfidf__moral,-0.11317406954602181
terms_abstract_tfidf__morphological,0.05759544784886837
terms_abstract_tfidf__morphology,0.1709244593251105
terms_abstract_tfidf__morphometry,0.1091133582619491
terms_abstract_tfidf__morphometry vbm,0.05637974887696804
terms_abstract_tfidf__motion,0.1496208520369815
terms_abstract_tfidf__motivation,-0.13244553772597156
terms_abstract_tfidf__motivational,-0.1588441978508893
terms_abstract_tfidf__motor,0.010114067111017378
terms_abstract_tfidf__motor control,-0.005974539159548751
terms_abstract_tfidf__motor cortex,0.03178858983713993
terms_abstract_tfidf__motor function,0.01686087279618371
terms_abstract_tfidf__motor imagery,0.030378844214583485
terms_abstract_tfidf__motor network,-0.02656133190373992
terms_abstract_tfidf__motor performance,0.0020469319074767622
terms_abstract_tfidf__motor pre,-0.08393124949413369
terms_abstract_tfidf__motor premotor,0.00957205479195565
terms_abstract_tfidf__motor response,-0.08764212349237281
terms_abstract_tfidf__motor responses,-0.03730445551739024
terms_abstract_tfidf__motor sma,0.003015966167480632
terms_abstract_tfidf__motor task,-0.015864879448526256
terms_abstract_tfidf__movement,0.037166008170230254
terms_abstract_tfidf__movements,0.06250263105789526
terms_abstract_tfidf__moving,0.09675176084575295
terms_abstract_tfidf__mpfc,-0.15991145582310917
terms_abstract_tfidf__mr,0.043528080876282654
terms_abstract_tfidf__ms,0.05569730020385475
terms_abstract_tfidf__mt,0.08081730919566854
terms_abstract_tfidf__mtg,0.0026529987927282643
terms_abstract_tfidf__mtl,0.09674654350566694
terms_abstract_tfidf__multi,0.04077422723775567
terms_abstract_tfidf__multimodal,0.10568800270723074
terms_abstract_tfidf__multiple,-0.053669558676924196
terms_abstract_tfidf__multiple comparisons,-0.005839149857344508
terms_abstract_tfidf__multiple sclerosis,-0.05519927316162635
terms_abstract_tfidf__multisensory,0.19218077938855482
terms_abstract_tfidf__multivariate,0.04481234763752985
terms_abstract_tfidf__multivariate pattern,0.08591015925276337
terms_abstract_tfidf__muscle,0.006882481119128383
terms_abstract_tfidf__music,0.1551196830130333
terms_abstract_tfidf__musical,0.14752987104764517
terms_abstract_tfidf__musicians,0.10068278048692629
terms_abstract_tfidf__naive,-0.0770081630336684
terms_abstract_tfidf__names,0.046977931254342284
terms_abstract_tfidf__naming,0.11496133380732051
terms_abstract_tfidf__native,0.07689083371835244
terms_abstract_tfidf__natural,0.19326215691147636
terms_abstract_tfidf__naturalistic,0.1331776751728591
terms_abstract_tfidf__nature,-0.001459547703316365
terms_abstract_tfidf__navigation,0.07255981147325785
terms_abstract_tfidf__near,0.0910638219064125
terms_abstract_tfidf__necessary,-0.034819121535101395
terms_abstract_tfidf__need,-0.1072814556283574
terms_abstract_tfidf__needed,-0.06735957540942544
terms_abstract_tfidf__needs,0.05498201922427558
terms_abstract_tfidf__negative,-0.07513659470127013
terms_abstract_tfidf__negative affect,-0.012067853178404848
terms_abstract_tfidf__negative correlation,-0.0710377935224136
terms_abstract_tfidf__negative correlations,0.012553361469135747
terms_abstract_tfidf__negative emotional,-0.02384430411747242
terms_abstract_tfidf__negative emotions,0.045052022381865925
terms_abstract_tfidf__negative feedback,-0.17501866058415672
terms_abstract_tfidf__negative neutral,-0.020506048402242603
terms_abstract_tfidf__negative positive,-0.06673001294674898
terms_abstract_tfidf__negatively,-0.05734818248045486
terms_abstract_tfidf__negatively correlated,-0.030884496994623804
terms_abstract_tfidf__negativity,0.020094581716749764
terms_abstract_tfidf__neocortical,0.0027614734426338983
terms_abstract_tfidf__nerve,0.010865869122718296
terms_abstract_tfidf__nervous,0.05251455466863156
terms_abstract_tfidf__network,-0.1507942173059741
terms_abstract_tfidf__network connectivity,-0.08414323351993437
terms_abstract_tfidf__network dmn,-0.14635315010219718
terms_abstract_tfidf__network involved,-0.059351026359143716
terms_abstract_tfidf__networks,-0.1823113478564374
terms_abstract_tfidf__networks involved,-0.0816645159920688
terms_abstract_tfidf__neuro,-0.08130825286065
terms_abstract_tfidf__neuroanatomical,0.07330887513129683
terms_abstract_tfidf__neuroanatomy,0.08482312470100802
terms_abstract_tfidf__neurobiological,-0.06640337876649666
terms_abstract_tfidf__neurobiology,-0.0785825121790576
terms_abstract_tfidf__neurocognitive,-0.06375154701417975
terms_abstract_tfidf__neurodegenerative,0.05149481065981643
terms_abstract_tfidf__neurodevelopmental,-0.06706862376001749
terms_abstract_tfidf__neurofunctional,0.011310928837372775
terms_abstract_tfidf__neurological,0.012042779738273732
terms_abstract_tfidf__neuron,0.06990444351673479
terms_abstract_tfidf__neuronal,-0.031180336393186535
terms_abstract_tfidf__neurons,0.06227261837008285
terms_abstract_tfidf__neurophysiological,0.057855451135495846
terms_abstract_tfidf__neuropsychiatric,-0.02248216941954836
terms_abstract_tfidf__neuropsychological,0.02752517708222468
terms_abstract_tfidf__neuroscience,0.00937690850344253
terms_abstract_tfidf__neutral,0.04724906086042191
terms_abstract_tfidf__neutral faces,0.15569343728162796
terms_abstract_tfidf__neutral pictures,0.023665037646785438
terms_abstract_tfidf__neutral stimuli,0.04903361825987107
terms_abstract_tfidf__new,-0.10617686013726048
terms_abstract_tfidf__new insights,-0.009860477525126173
terms_abstract_tfidf__newly,-0.01096304683462247
terms_abstract_tfidf__nineteen,-0.06161567900269194
terms_abstract_tfidf__nociceptive,0.0011718319668355729
terms_abstract_tfidf__node,-0.07128070483292281
terms_abstract_tfidf__nodes,-0.05336305996255216
terms_abstract_tfidf__nogo,-0.09215419610486253
terms_abstract_tfidf__noise,0.18069279464230026
terms_abstract_tfidf__non,0.06711848923929234
terms_abstract_tfidf__normal,0.028612651103857568
terms_abstract_tfidf__normal controls,-0.0683822665322154
terms_abstract_tfidf__normalized,-0.03480282191609328
terms_abstract_tfidf__normally,0.07524311491973487
terms_abstract_tfidf__notably,0.017937128504887077
terms_abstract_tfidf__noted,0.013337909607504445
terms_abstract_tfidf__notion,-0.04279688020492143
terms_abstract_tfidf__nouns,0.024471735714175973
terms_abstract_tfidf__novel,-0.006968652370809681
terms_abstract_tfidf__novelty,-0.015097648238784234
terms_abstract_tfidf__noxious,-0.054991078331310235
terms_abstract_tfidf__nuclei,-0.11231729912739472
terms_abstract_tfidf__nucleus,-0.1586754821262989
terms_abstract_tfidf__nucleus accumbens,-0.09599491521494899
terms_abstract_tfidf__number,-0.09027763060819248
terms_abstract_tfidf__numbers,-0.054825664964394234
terms_abstract_tfidf__numerical,-0.0150409234942997
terms_abstract_tfidf__numerous,-0.016534335444886885
terms_abstract_tfidf__object,0.1475218139719468
terms_abstract_tfidf__object recognition,0.1537843364389531
terms_abstract_tfidf__objective,-0.012105319415358584
terms_abstract_tfidf__objectives,-0.025456230429899893
terms_abstract_tfidf__objects,0.15761229410545505
terms_abstract_tfidf__observation,0.09951954201676022
terms_abstract_tfidf__observations,-0.055861487556056216
terms_abstract_tfidf__observer,0.07220135294948353
terms_abstract_tfidf__observers,0.0899694293848406
terms_abstract_tfidf__observing,0.1163795933404994
terms_abstract_tfidf__obsessive,-0.07895890899584934
terms_abstract_tfidf__obsessive compulsive,-0.07393637377306517
terms_abstract_tfidf__obtain,-0.07842772748173879
terms_abstract_tfidf__obtained,0.01893145569409535
terms_abstract_tfidf__occipital,0.14005440647113598
terms_abstract_tfidf__occipital cortex,0.12219299857292808
terms_abstract_tfidf__occipital gyrus,0.0966457711478322
terms_abstract_tfidf__occipital lobe,0.08926550858107565
terms_abstract_tfidf__occipital parietal,0.07939042709361457
terms_abstract_tfidf__occipital temporal,0.13777447066030696
terms_abstract_tfidf__occipito,0.09824738095511011
terms_abstract_tfidf__occipito temporal,0.10776011783449449
terms_abstract_tfidf__occipitotemporal,0.11780389097654416
terms_abstract_tfidf__occipitotemporal cortex,0.11362099170365153
terms_abstract_tfidf__occur,0.03806905338103206
terms_abstract_tfidf__occurred,0.011764163948862148
terms_abstract_tfidf__occurrence,-0.07886620977676319
terms_abstract_tfidf__occurring,0.0916038856745692
terms_abstract_tfidf__occurs,0.014173075940992761
terms_abstract_tfidf__ocd,-0.05693515713655175
terms_abstract_tfidf__oddball,0.07259123894503758
terms_abstract_tfidf__ofc,-0.01317950098951157
terms_abstract_tfidf__offer,0.02658658183272558
terms_abstract_tfidf__offers,0.05433732034324453
terms_abstract_tfidf__old,-0.058681936191893366
terms_abstract_tfidf__older,-0.09062541810108025
terms_abstract_tfidf__older adults,-0.0924492323929084
terms_abstract_tfidf__olfactory,0.06058560688248655
terms_abstract_tfidf__ones,-0.008759928480948203
terms_abstract_tfidf__ongoing,-0.06429373326321722
terms_abstract_tfidf__online,0.056339869846587946
terms_abstract_tfidf__onset,0.12475332897057721
terms_abstract_tfidf__open,0.11616446571056162
terms_abstract_tfidf__operation,-0.07776607485403089
terms_abstract_tfidf__operations,-0.0932232402896244
terms_abstract_tfidf__opercular,0.06098688031876003
terms_abstract_tfidf__opercularis,0.05490389477918137
terms_abstract_tfidf__operculum,0.09025654393671265
terms_abstract_tfidf__opportunity,-0.00700016969871092
terms_abstract_tfidf__opposed,0.03735582846060694
terms_abstract_tfidf__opposite,0.00858418795024985
terms_abstract_tfidf__optimal,-0.08373118291900745
terms_abstract_tfidf__optimized,0.04935838344293194
terms_abstract_tfidf__options,-0.14542951466703885
terms_abstract_tfidf__oral,0.06509507618147928
terms_abstract_tfidf__orbital,0.0014246832270448796
terms_abstract_tfidf__orbitofrontal,-0.05487393893272856
terms_abstract_tfidf__orbitofrontal cortex,-0.05140358435959956
terms_abstract_tfidf__order,-0.015141418508762739
terms_abstract_tfidf__organization,0.09842548796130018
terms_abstract_tfidf__organized,-0.020721292208659498
terms_abstract_tfidf__orientation,0.08373580371172988
terms_abstract_tfidf__oriented,-0.04536253959991479
terms_abstract_tfidf__orienting,0.017563956474168245
terms_abstract_tfidf__origin,0.01283046840191183
terms_abstract_tfidf__original,0.009933935937075984
terms_abstract_tfidf__orthographic,0.05506716426821794
terms_abstract_tfidf__oscillations,-0.020072215672726955
terms_abstract_tfidf__outcome,-0.18145556632921603
terms_abstract_tfidf__outcomes,-0.1934224881139434
terms_abstract_tfidf__output,0.06698508096125098
terms_abstract_tfidf__outside,0.00495997367271241
terms_abstract_tfidf__outside scanner,-0.02697187723412878
terms_abstract_tfidf__overall,0.052221255022019124
terms_abstract_tfidf__overcome,-0.008163586982809416
terms_abstract_tfidf__overlap,-0.05992205428938351
terms_abstract_tfidf__overlapped,-0.0034104241236083714
terms_abstract_tfidf__overlapping,0.005684863165606001
terms_abstract_tfidf__overt,0.0664824071101326
terms_abstract_tfidf__oxygen,0.03648146686653364
terms_abstract_tfidf__oxygen level,0.0421345635472232
terms_abstract_tfidf__oxygenation,0.015126587313253424
terms_abstract_tfidf__oxygenation level,0.008281218191203208
terms_abstract_tfidf__paced,-0.003917084379466475
terms_abstract_tfidf__pain,-0.012483507918885167
terms_abstract_tfidf__painful,0.013423840127871867
terms_abstract_tfidf__pair,0.09323643677527038
terms_abstract_tfidf__paired,0.04581434352354096
terms_abstract_tfidf__pairs,0.023776041086548495
terms_abstract_tfidf__pallidus,-0.12336172298309941
terms_abstract_tfidf__paper,0.027206688045648526
terms_abstract_tfidf__paradigm,-0.04862527158606471
terms_abstract_tfidf__paradigms,-0.04458172820773862
terms_abstract_tfidf__parahippocampal,0.10975453246870284
terms_abstract_tfidf__parahippocampal cortex,0.09943586125886174
terms_abstract_tfidf__parahippocampal gyrus,0.09036281352069626
terms_abstract_tfidf__parahippocampus,0.07438540428996056
terms_abstract_tfidf__paralimbic,0.04568808377775915
terms_abstract_tfidf__parallel,-0.011205536404785322
terms_abstract_tfidf__parameter,-0.001843175132715945
terms_abstract_tfidf__parameters,0.013492810264814357
terms_abstract_tfidf__parametric,-0.09283424198936624
terms_abstract_tfidf__parametric mapping,-0.01345526612059429
terms_abstract_tfidf__parametrically,-0.0005574032383489308
terms_abstract_tfidf__parietal,-0.07974062475570948
terms_abstract_tfidf__parietal cortex,-0.07616170819964581
terms_abstract_tfidf__parietal cortices,-0.10036570298389884
terms_abstract_tfidf__parietal frontal,-0.008556733262752178
terms_abstract_tfidf__parietal junction,-0.056540061601830865
terms_abstract_tfidf__parietal lobe,-0.0038709383752942015
terms_abstract_tfidf__parietal lobes,-0.0011892193759860967
terms_abstract_tfidf__parietal lobule,-0.07042280195802816
terms_abstract_tfidf__parietal lobules,-0.03548972061326155
terms_abstract_tfidf__parietal network,-0.09305489323558473
terms_abstract_tfidf__parietal occipital,0.060386548571536816
terms_abstract_tfidf__parietal temporal,-0.030206862863107527
terms_abstract_tfidf__parieto,0.05284147949440268
terms_abstract_tfidf__parieto occipital,0.04869251680011808
terms_abstract_tfidf__parkinson,-0.10336214808074762
terms_abstract_tfidf__parkinson disease,-0.10635122760447444
terms_abstract_tfidf__pars,0.029935188848566927
terms_abstract_tfidf__pars opercularis,0.0547819045663162
terms_abstract_tfidf__partial,0.018722603254388844
terms_abstract_tfidf__partially,0.00657576961644762
terms_abstract_tfidf__participant,0.005818055081326944
terms_abstract_tfidf__participate,-0.024823642642748077
terms_abstract_tfidf__participated,-0.04720861100742513
terms_abstract_tfidf__particular,0.10434244095963188
terms_abstract_tfidf__particularly,0.043613055537722836
terms_abstract_tfidf__partly,0.006837146726851909
terms_abstract_tfidf__partner,-0.1481793343374991
terms_abstract_tfidf__parts,0.08977040787753686
terms_abstract_tfidf__passive,0.15908219545415422
terms_abstract_tfidf__passive viewing,0.07839354136062697
terms_abstract_tfidf__passively,0.14761638101740887
terms_abstract_tfidf__past,-0.09439488987744486
terms_abstract_tfidf__pathological,-0.03138351750651392
terms_abstract_tfidf__pathology,-0.016168914470123193
terms_abstract_tfidf__pathophysiological,-0.018532697515321
terms_abstract_tfidf__pathophysiology,-0.11426130602950055
terms_abstract_tfidf__pathway,0.09512108846677175
terms_abstract_tfidf__pathways,0.03160337999488653
terms_abstract_tfidf__patient,0.11452931901860236
terms_abstract_tfidf__patient group,-0.01930746411673134
terms_abstract_tfidf__patient groups,0.013416604378596928
terms_abstract_tfidf__pattern,0.02821934153726342
terms_abstract_tfidf__patterns,-0.026999488427193352
terms_abstract_tfidf__pcc,-0.14946006755901547
terms_abstract_tfidf__pd,-0.09352700938529743
terms_abstract_tfidf__peak,0.12540725843339162
terms_abstract_tfidf__people,-0.07568901659263644
terms_abstract_tfidf__perceive,0.1303526577737344
terms_abstract_tfidf__perceived,0.1314964677648744
terms_abstract_tfidf__perceiving,0.15041370576501187
terms_abstract_tfidf__percept,0.11454667327562874
terms_abstract_tfidf__perception,0.2346644722730833
terms_abstract_tfidf__perceptual,0.15949891414086
terms_abstract_tfidf__perform,-0.04079158604250749
terms_abstract_tfidf__performance,-0.1361361282478255
terms_abstract_tfidf__performance task,-0.04750197188898524
terms_abstract_tfidf__performances,-0.026925169165888416
terms_abstract_tfidf__performing,-0.04194456366917246
terms_abstract_tfidf__perfusion,-0.019003353227274793
terms_abstract_tfidf__periaqueductal,-0.011784715212677106
terms_abstract_tfidf__period,-0.10876479431542051
terms_abstract_tfidf__periodicals,0.057697928639403526
terms_abstract_tfidf__periods,-0.005316623737613155
terms_abstract_tfidf__peripheral,0.11115688512096404
terms_abstract_tfidf__persistent,-0.016533972886889296
terms_abstract_tfidf__person,-0.05071379502359972
terms_abstract_tfidf__personal,-0.11663903122256436
terms_abstract_tfidf__personality,-0.07775381058986815
terms_abstract_tfidf__personality traits,-0.04918484532304751
terms_abstract_tfidf__persons,-0.022898196951128335
terms_abstract_tfidf__perspective,-0.10228568452981805
terms_abstract_tfidf__pet,0.09956397467608125
terms_abstract_tfidf__pfc,-0.17368968475258134
terms_abstract_tfidf__pharmacological,-0.09937950439527554
terms_abstract_tfidf__phase,-0.031209804379782765
terms_abstract_tfidf__phases,0.02488253747108264
terms_abstract_tfidf__phenomena,-0.025117586456374776
terms_abstract_tfidf__phenomenon,0.02561572848003584
terms_abstract_tfidf__phenotype,-0.03263233449249642
terms_abstract_tfidf__phonological,0.07959773494248895
terms_abstract_tfidf__photographs,0.030169927375576847
terms_abstract_tfidf__physical,0.07643143807473902
terms_abstract_tfidf__physiological,-0.01518540812478725
terms_abstract_tfidf__picture,0.0818438803084948
terms_abstract_tfidf__pictures,0.028136330187927962
terms_abstract_tfidf__pitch,0.16917720747356568
terms_abstract_tfidf__place,0.07302578048672215
terms_abstract_tfidf__placebo,-0.02920189350597898
terms_abstract_tfidf__placebo controlled,-0.06699548661705401
terms_abstract_tfidf__planning,-0.03172829518277891
terms_abstract_tfidf__planum,0.20354517249696452
terms_abstract_tfidf__planum temporale,0.19982044301770308
terms_abstract_tfidf__plasticity,0.13240664558167747
terms_abstract_tfidf__play,-0.07288797668323947
terms_abstract_tfidf__play important,0.05582041772734627
terms_abstract_tfidf__play role,-0.04291779757205877
terms_abstract_tfidf__played,-0.07006137950877726
terms_abstract_tfidf__playing,-0.03593822858099302
terms_abstract_tfidf__plays,0.03688285212219705
terms_abstract_tfidf__plays important,-0.007416452753632961
terms_abstract_tfidf__plays role,0.003799120617489065
terms_abstract_tfidf__pleasant,0.07005090611650243
terms_abstract_tfidf__point,0.036614119178640304
terms_abstract_tfidf__pointing,0.002137905451081422
terms_abstract_tfidf__points,-0.004072079628880576
terms_abstract_tfidf__pole,0.06613532800467008
terms_abstract_tfidf__polymorphism,-0.032916302040693755
terms_abstract_tfidf__poor,-0.04584969055419782
terms_abstract_tfidf__poorer,-0.04920906362696174
terms_abstract_tfidf__poorly,-0.007064737749874586
terms_abstract_tfidf__poorly understood,-0.019137233166682283
terms_abstract_tfidf__population,0.0772432802095087
terms_abstract_tfidf__populations,0.02985212265444732
terms_abstract_tfidf__portion,0.10322032261948857
terms_abstract_tfidf__portions,-0.04065714460192768
terms_abstract_tfidf__position,0.08103058723973612
terms_abstract_tfidf__positive,-0.08361127950015487
terms_abstract_tfidf__positive correlation,-0.007987836319425465
terms_abstract_tfidf__positive correlations,0.06471861251861012
terms_abstract_tfidf__positive negative,-0.06716537594073962
terms_abstract_tfidf__positively,-0.07850300154932642
terms_abstract_tfidf__positively correlated,-0.07120262253420033
terms_abstract_tfidf__positron,0.040426372933650326
terms_abstract_tfidf__positron emission,0.040102227165292825
terms_abstract_tfidf__possibility,0.03268922697677659
terms_abstract_tfidf__possible,0.06384892545063314
terms_abstract_tfidf__possibly,-0.02747046938442936
terms_abstract_tfidf__post,0.01050354349029396
terms_abstract_tfidf__post hoc,0.09659135295412144
terms_abstract_tfidf__postcentral,0.08189687099911419
terms_abstract_tfidf__postcentral gyrus,0.07041126957581799
terms_abstract_tfidf__posterior,0.01322451855099347
terms_abstract_tfidf__posterior anterior,0.08869608197352846
terms_abstract_tfidf__posterior cingulate,-0.14799736327052257
terms_abstract_tfidf__posterior inferior,-0.029310899765924554
terms_abstract_tfidf__posterior insula,0.10286647472086768
terms_abstract_tfidf__posterior middle,0.037074250243966954
terms_abstract_tfidf__posterior parietal,-0.01510026647756319
terms_abstract_tfidf__posterior superior,0.12196300531746805
terms_abstract_tfidf__posterior temporal,0.08753783086055544
terms_abstract_tfidf__posttraumatic,0.04445787775846367
terms_abstract_tfidf__potential,-0.027428411840316757
terms_abstract_tfidf__potentially,-0.021403014320894604
terms_abstract_tfidf__potentials,0.11271512795227664
terms_abstract_tfidf__power,0.0483492005049184
terms_abstract_tfidf__powerful,-0.028167212645029565
terms_abstract_tfidf__ppc,0.005514913013362217
terms_abstract_tfidf__ppi,-0.03277144557613701
terms_abstract_tfidf__practice,0.05103360126611559
terms_abstract_tfidf__pre,-0.07380459153079184
terms_abstract_tfidf__pre post,0.042911170749848834
terms_abstract_tfidf__pre sma,-0.069763094098848
terms_abstract_tfidf__pre supplementary,-0.09217310081542832
terms_abstract_tfidf__preceded,0.0008019872315331684
terms_abstract_tfidf__preceding,-0.04335701180047697
terms_abstract_tfidf__precentral,0.03408451138081231
terms_abstract_tfidf__precentral gyrus,-0.0015228033330952717
terms_abstract_tfidf__precise,0.006103896662474395
terms_abstract_tfidf__precuneus,-0.10572444916149226
terms_abstract_tfidf__precuneus posterior,-0.10626650372921984
terms_abstract_tfidf__predict,0.015688899697530994
terms_abstract_tfidf__predicted,-0.05746819783747092
terms_abstract_tfidf__predicting,-0.04071876361168267
terms_abstract_tfidf__prediction,-0.1470560452090557
terms_abstract_tfidf__prediction error,-0.15342814327693358
terms_abstract_tfidf__predictions,-0.004869251027506242
terms_abstract_tfidf__predictive,0.04082460622503789
terms_abstract_tfidf__predictors,0.017835552746089337
terms_abstract_tfidf__predicts,-0.00019595200516827748
terms_abstract_tfidf__predominantly,0.040996989444252306
terms_abstract_tfidf__preference,0.007878599637469268
terms_abstract_tfidf__preferences,-0.09314330135269616
terms_abstract_tfidf__preferential,0.06603569614188443
terms_abstract_tfidf__preferentially,-0.0013528032348734374
terms_abstract_tfidf__prefrontal,-0.25976254018728684
terms_abstract_tfidf__prefrontal cortex,-0.26210100562041816
terms_abstract_tfidf__prefrontal cortical,-0.0841332048691249
terms_abstract_tfidf__prefrontal cortices,-0.12162260883395527
terms_abstract_tfidf__prefrontal parietal,-0.1759616331808017
terms_abstract_tfidf__preliminary,-0.0056339660223332175
terms_abstract_tfidf__premotor,0.04350828414497342
terms_abstract_tfidf__premotor cortex,0.07761442422070651
terms_abstract_tfidf__preparation,-0.04112125317074118
terms_abstract_tfidf__preparatory,-0.038387568099605154
terms_abstract_tfidf__presence,0.08191057714591408
terms_abstract_tfidf__presentation,0.10282287497215237
terms_abstract_tfidf__presentations,0.06309655030013092
terms_abstract_tfidf__presented,0.15753184667930775
terms_abstract_tfidf__presenting,0.07344587366951173
terms_abstract_tfidf__preserved,0.01111213784249801
terms_abstract_tfidf__press,0.016571351566903675
terms_abstract_tfidf__pressure,-0.00038011373516286327
terms_abstract_tfidf__presumably,0.030575079850032088
terms_abstract_tfidf__previous,-0.02080284840751928
terms_abstract_tfidf__previous functional,0.0031412565689724883
terms_abstract_tfidf__previous reports,0.10021893849716647
terms_abstract_tfidf__previous research,-0.05537443492909181
terms_abstract_tfidf__previous shown,-0.08484193690044486
terms_abstract_tfidf__previous work,-0.011439338752150176
terms_abstract_tfidf__primarily,0.003638105246170014
terms_abstract_tfidf__primary,0.11998333170002191
terms_abstract_tfidf__primary auditory,0.20741705800630766
terms_abstract_tfidf__primary motor,0.03297933328612662
terms_abstract_tfidf__primary secondary,0.06630013097764167
terms_abstract_tfidf__primary sensorimotor,0.02856807988434098
terms_abstract_tfidf__primary somatosensory,0.08721193584226698
terms_abstract_tfidf__primary visual,0.08979523996685454
terms_abstract_tfidf__primates,-0.043563207529272445
terms_abstract_tfidf__prime,0.08797319989986153
terms_abstract_tfidf__priming,0.07477968969990051
terms_abstract_tfidf__principal,-0.08352485249388977
terms_abstract_tfidf__principle,0.05577414722611014
terms_abstract_tfidf__prior,-0.04301068991882487
terms_abstract_tfidf__priori,0.017457688573953297
terms_abstract_tfidf__probabilistic,-0.10228282600769961
terms_abstract_tfidf__probability,-0.07601624462257958
terms_abstract_tfidf__probably,0.025878743423865872
terms_abstract_tfidf__probe,-0.0355827545053722
terms_abstract_tfidf__problem,-0.11809771564029144
terms_abstract_tfidf__problems,-0.16044947666330225
terms_abstract_tfidf__procedure,0.08421141354708578
terms_abstract_tfidf__procedures,0.013150002153519262
terms_abstract_tfidf__process,-0.12306067366506601
terms_abstract_tfidf__processed,0.12670497965813293
terms_abstract_tfidf__processes,-0.1419707143555777
terms_abstract_tfidf__processes involved,-0.08116686776891369
terms_abstract_tfidf__processes underlying,-0.07657362583233025
terms_abstract_tfidf__produce,0.11068309935560118
terms_abstract_tfidf__produced,0.12639139194053098
terms_abstract_tfidf__producing,0.0822987583969557
terms_abstract_tfidf__production,0.12715339030355735
terms_abstract_tfidf__profile,0.02986849593508061
terms_abstract_tfidf__profiles,0.1068472166695815
terms_abstract_tfidf__progression,0.002751537146289573
terms_abstract_tfidf__progressive,0.024368925435838146
terms_abstract_tfidf__prolonged,0.05554113727583733
terms_abstract_tfidf__prominent,-0.0033465479738357287
terms_abstract_tfidf__promising,-0.016351889533536498
terms_abstract_tfidf__pronounced,0.022284506665883344
terms_abstract_tfidf__proper,0.0469890241751145
terms_abstract_tfidf__properties,0.1407987904698782
terms_abstract_tfidf__proportion,-0.08489388882294274
terms_abstract_tfidf__propose,0.01816800508949656
terms_abstract_tfidf__proposed,-0.06655144339032651
terms_abstract_tfidf__prospective,-0.08542895591359967
terms_abstract_tfidf__protocol,0.008678748884978138
terms_abstract_tfidf__provide,-0.03173640031492241
terms_abstract_tfidf__provide evidence,0.019750596490855456
terms_abstract_tfidf__provide new,-0.03571844320886516
terms_abstract_tfidf__provide novel,-0.01999343767959063
terms_abstract_tfidf__provided,-0.028713312123826145
terms_abstract_tfidf__provides,0.045584821372786924
terms_abstract_tfidf__provides evidence,-0.02867319622915291
terms_abstract_tfidf__providing,0.1294009838168961
terms_abstract_tfidf__pseudowords,0.0918430719623507
terms_abstract_tfidf__psts,0.08969548375325039
terms_abstract_tfidf__psychiatric,-0.04699163942373082
terms_abstract_tfidf__psychiatric disorders,-0.05441207892561677
terms_abstract_tfidf__psychological,-0.08426562069127028
terms_abstract_tfidf__psychopathology,-0.08111675300331331
terms_abstract_tfidf__psychophysical,0.10857165034112931
terms_abstract_tfidf__psychophysiological,-0.028971856807778983
terms_abstract_tfidf__psychophysiological interaction,-0.08190360205866497
terms_abstract_tfidf__psychosis,-0.07454217535361765
terms_abstract_tfidf__psychotic,-0.03586210212311572
terms_abstract_tfidf__ptsd,0.03233186426084452
terms_abstract_tfidf__published,-0.01725966807788786
terms_abstract_tfidf__punishment,-0.13411519211306933
terms_abstract_tfidf__pure,0.0889997284925404
terms_abstract_tfidf__purpose,0.02310650376103626
terms_abstract_tfidf__putamen,-0.08796417404568826
terms_abstract_tfidf__putative,-0.04472560851474918
terms_abstract_tfidf__quality,0.10767470807704554
terms_abstract_tfidf__quantified,-0.02158455722041489
terms_abstract_tfidf__quantify,0.035579552627104244
terms_abstract_tfidf__quantitative,-0.041070818869066
terms_abstract_tfidf__question,-0.05391704517193996
terms_abstract_tfidf__questionnaire,-0.11162292203139906
terms_abstract_tfidf__questions,-0.0903115965135877
terms_abstract_tfidf__random,-0.020204284482319347
terms_abstract_tfidf__random effects,-0.01722197568128238
terms_abstract_tfidf__randomized,0.024135464793644187
terms_abstract_tfidf__randomly,-0.006583177173106541
terms_abstract_tfidf__range,0.033458904054321
terms_abstract_tfidf__ranging,0.02620795895975622
terms_abstract_tfidf__rapid,0.03502136322350477
terms_abstract_tfidf__rapidly,0.04189115666438335
terms_abstract_tfidf__rare,0.03177297528052921
terms_abstract_tfidf__rarely,-0.08039462164065767
terms_abstract_tfidf__rate,-0.03735722198795831
terms_abstract_tfidf__rated,0.019763136682360342
terms_abstract_tfidf__rates,-0.00593412230346526
terms_abstract_tfidf__rating,-0.022702755628067926
terms_abstract_tfidf__ratings,-0.010645100785889408
terms_abstract_tfidf__ratio,0.0019066073177710363
terms_abstract_tfidf__rationale,0.02101388745624072
terms_abstract_tfidf__reach,0.019961999947450668
terms_abstract_tfidf__reaching,0.023195441872929913
terms_abstract_tfidf__reaction,-0.0783087737404347
terms_abstract_tfidf__reaction time,-0.13692054374030188
terms_abstract_tfidf__reaction times,0.03892640387474126
terms_abstract_tfidf__reactions,-0.03737143693683457
terms_abstract_tfidf__reactivity,0.027785906167386267
terms_abstract_tfidf__read,-0.029673055472139175
terms_abstract_tfidf__readers,-0.0012367463094621269
terms_abstract_tfidf__reading,0.058068879987110286
terms_abstract_tfidf__real,0.03575394922054012
terms_abstract_tfidf__real time,0.028142619416536473
terms_abstract_tfidf__real world,-0.028274079218586608
terms_abstract_tfidf__reality,-0.048740660847195236
terms_abstract_tfidf__reappraisal,-0.11645425745365579
terms_abstract_tfidf__reasoning,-0.18639377712389446
terms_abstract_tfidf__recall,-0.03311915051738129
terms_abstract_tfidf__receive,-0.04515414327684784
terms_abstract_tfidf__received,-0.10471985120816112
terms_abstract_tfidf__receiving,-0.10884213390296515
terms_abstract_tfidf__recently,0.02379717035466107
terms_abstract_tfidf__receptor,-0.10057278873907083
terms_abstract_tfidf__recognition,0.10220353235043615
terms_abstract_tfidf__recognition memory,-0.12464294193411292
terms_abstract_tfidf__recognition task,0.02489303989041659
terms_abstract_tfidf__recognize,0.15543829426915218
terms_abstract_tfidf__recognized,0.018925286608512528
terms_abstract_tfidf__recognizing,0.08453999820677187
terms_abstract_tfidf__recollection,-0.06286330058375511
terms_abstract_tfidf__recorded,0.11186914315964581
terms_abstract_tfidf__recording,0.028350955853070056
terms_abstract_tfidf__recordings,0.08931728759171052
terms_abstract_tfidf__recovery,0.056565123995970745
terms_abstract_tfidf__recruit,-0.05116109090886274
terms_abstract_tfidf__recruited,-0.07648053073707516
terms_abstract_tfidf__recruitment,-0.03519451491641168
terms_abstract_tfidf__recruits,-0.04245264881009315
terms_abstract_tfidf__reduce,-0.007260365124654133
terms_abstract_tfidf__reduces,-0.0579871746873009
terms_abstract_tfidf__reducing,-0.09656931340226577
terms_abstract_tfidf__reduction,-0.04122968717576624
terms_abstract_tfidf__reductions,-0.012866478127704173
terms_abstract_tfidf__reference,-0.047747874064823725
terms_abstract_tfidf__referential,-0.15195956482461034
terms_abstract_tfidf__referred,0.12867200419349603
terms_abstract_tfidf__refers,-0.029256060743296564
terms_abstract_tfidf__reflect,0.007109065170072364
terms_abstract_tfidf__reflected,-0.041458653627187564
terms_abstract_tfidf__reflecting,-0.0575912029157839
terms_abstract_tfidf__reflects,0.01576213387890056
terms_abstract_tfidf__regard,-0.04324639924307284
terms_abstract_tfidf__regarding,-0.0351567111480607
terms_abstract_tfidf__regardless,0.04138725890875203
terms_abstract_tfidf__regional,0.002856853016613374
terms_abstract_tfidf__regional cerebral,0.038594674388582884
terms_abstract_tfidf__regional gray,0.05653128471179622
terms_abstract_tfidf__regional homogeneity,-0.0063054468352080565
terms_abstract_tfidf__regular,0.009458145550369177
terms_abstract_tfidf__regulate,-0.09886047955161723
terms_abstract_tfidf__regulating,-0.03973421601354972
terms_abstract_tfidf__regulation,-0.05166095148437754
terms_abstract_tfidf__regulatory,-0.05586630125829843
terms_abstract_tfidf__rehabilitation,0.0023266715159270604
terms_abstract_tfidf__rehearsal,-0.0019136588524815824
terms_abstract_tfidf__reho,-0.01112714561103407
terms_abstract_tfidf__reinforcement,-0.12952688044220753
terms_abstract_tfidf__reinforcement learning,-0.14599302734908803
terms_abstract_tfidf__relate,-0.008493919962459733
terms_abstract_tfidf__relates,-0.01351823727258072
terms_abstract_tfidf__relation,0.007080671905664204
terms_abstract_tfidf__relational,-0.0656518148694336
terms_abstract_tfidf__relations,-0.06635486239435887
terms_abstract_tfidf__relationship,-0.015409962734830956
terms_abstract_tfidf__relationships,-0.04495610937099504
terms_abstract_tfidf__relatively,-0.049797428004716
terms_abstract_tfidf__relevance,-0.024139592019608323
terms_abstract_tfidf__relevant,0.06245631509230158
terms_abstract_tfidf__relevant information,0.010026257601230432
terms_abstract_tfidf__reliability,0.05526973902307112
terms_abstract_tfidf__reliable,0.1250269267295886
terms_abstract_tfidf__reliably,-0.041264459766654805
terms_abstract_tfidf__reliance,0.04306751725734564
terms_abstract_tfidf__relied,-0.05275773924396868
terms_abstract_tfidf__relies,0.01540487318471619
terms_abstract_tfidf__rely,0.03840368840960214
terms_abstract_tfidf__remain,-0.048877019357363306
terms_abstract_tfidf__remain unclear,-0.02778104723064589
terms_abstract_tfidf__remained,-0.04095878994003776
terms_abstract_tfidf__remaining,0.07768165820432076
terms_abstract_tfidf__remarkably,0.04943562039371716
terms_abstract_tfidf__remember,-0.03588848696849374
terms_abstract_tfidf__remembered,-0.05621986169765816
terms_abstract_tfidf__remembering,-0.08056428537006204
terms_abstract_tfidf__remote,0.06789411373645728
terms_abstract_tfidf__reorganization,0.0650022525464007
terms_abstract_tfidf__repeat,-0.07120897104940159
terms_abstract_tfidf__repeated,0.10488305661218139
terms_abstract_tfidf__repeatedly,-0.001549498595129567
terms_abstract_tfidf__repetition,0.1634544236021027
terms_abstract_tfidf__repetition suppression,0.12216541983269617
terms_abstract_tfidf__repetitive,-0.006041534102240614
terms_abstract_tfidf__replicate,0.011844814729981189
terms_abstract_tfidf__replicated,0.0122362289151329
terms_abstract_tfidf__report,-0.006121327913635949
terms_abstract_tfidf__reported,-0.08725837651169213
terms_abstract_tfidf__reports,0.07105202125057221
terms_abstract_tfidf__represent,-0.05255881468502523
terms_abstract_tfidf__representation,0.11196217659077023
terms_abstract_tfidf__representational,0.10570979491977069
terms_abstract_tfidf__representations,0.08965269513055432
terms_abstract_tfidf__represented,0.0697340845020928
terms_abstract_tfidf__representing,0.0652823000472649
terms_abstract_tfidf__represents,0.10975219671894487
terms_abstract_tfidf__require,-0.06189524943632909
terms_abstract_tfidf__required,-0.06134162121076138
terms_abstract_tfidf__requirements,-0.05144183420633326
terms_abstract_tfidf__requires,-0.08038016113306881
terms_abstract_tfidf__requiring,-0.07532876139769919
terms_abstract_tfidf__research,-0.07504138247732539
terms_abstract_tfidf__research suggests,0.012738151946616393
terms_abstract_tfidf__researchers,-0.05326752380182265
terms_abstract_tfidf__residual,0.08490752977739181
terms_abstract_tfidf__resolution,0.08472507470654331
terms_abstract_tfidf__resolve,-0.0523021725159293
terms_abstract_tfidf__resonance,-0.010397265392199491
terms_abstract_tfidf__resonance experiment,0.05759648585312941
terms_abstract_tfidf__resonance healthy,-0.05362713441176474
terms_abstract_tfidf__resonance images,0.03964390632831898
terms_abstract_tfidf__resonance measure,-0.03203377719944402
terms_abstract_tfidf__resonance performing,-0.13786112373045245
terms_abstract_tfidf__resonance rs,-0.04539534242435205
terms_abstract_tfidf__resonance scans,0.05779226796177156
terms_abstract_tfidf__resources,-0.0581416626809311
terms_abstract_tfidf__respect,0.08332617264853319
terms_abstract_tfidf__respective,-0.01142266216677637
terms_abstract_tfidf__respectively,-0.015503800896561898
terms_abstract_tfidf__respond,-0.027730492665494415
terms_abstract_tfidf__responded,0.008238899914887104
terms_abstract_tfidf__responding,-0.022605290105847935
terms_abstract_tfidf__responds,0.13236709160038318
terms_abstract_tfidf__response,-0.04387906929652313
terms_abstract_tfidf__response inhibition,-0.1381065984999092
terms_abstract_tfidf__response selection,-0.0497054974733907
terms_abstract_tfidf__response time,-0.06740567393115551
terms_abstract_tfidf__response times,-0.08467743171236485
terms_abstract_tfidf__responses,0.04046612227289395
terms_abstract_tfidf__responsible,0.05474385039736584
terms_abstract_tfidf__responsive,0.16491303093644336
terms_abstract_tfidf__responsiveness,-0.016118545354905246
terms_abstract_tfidf__rest,-0.06949815033803322
terms_abstract_tfidf__resting,-0.09189125629175163
terms_abstract_tfidf__resting state,-0.09312254756054945
terms_abstract_tfidf__restricted,0.1273359951510024
terms_abstract_tfidf__result,0.061743874561902286
terms_abstract_tfidf__resulted,0.011810562019267862
terms_abstract_tfidf__resulting,0.05057735961756355
terms_abstract_tfidf__retention,5.587421227508394e-07
terms_abstract_tfidf__retrieval,-0.09102627952313412
terms_abstract_tfidf__retrieved,-0.06747197427538536
terms_abstract_tfidf__retrosplenial,-0.016261938868453795
terms_abstract_tfidf__retrosplenial cortex,-0.04957362405676188
terms_abstract_tfidf__reveal,0.01923483307161745
terms_abstract_tfidf__revealing,0.08490989425822991
terms_abstract_tfidf__reveals,0.003722113230586071
terms_abstract_tfidf__reversal,-0.1400903679218884
terms_abstract_tfidf__reverse,0.03513554361554973
terms_abstract_tfidf__reversed,-0.0029856829203477437
terms_abstract_tfidf__reward,-0.18344799375321716
terms_abstract_tfidf__reward anticipation,-0.09205649561560812
terms_abstract_tfidf__rewarding,-0.1177822269898012
terms_abstract_tfidf__rewards,-0.20518656777833252
terms_abstract_tfidf__rhythm,0.03988684314442533
terms_abstract_tfidf__rich,0.06843302198577374
terms_abstract_tfidf__rise,0.03744877800908225
terms_abstract_tfidf__risk,-0.11945084319598327
terms_abstract_tfidf__risk taking,-0.16563319489852438
terms_abstract_tfidf__risky,-0.17368021298493908
terms_abstract_tfidf__robust,-0.04345445255437579
terms_abstract_tfidf__roi,0.07384544910639722
terms_abstract_tfidf__rois,0.022974380535111364
terms_abstract_tfidf__role,-0.01177810085281573
terms_abstract_tfidf__roles,-0.043593301525385646
terms_abstract_tfidf__rostral,-0.12854116615548936
terms_abstract_tfidf__rostral anterior,-0.08781923747300162
terms_abstract_tfidf__rotation,0.0359776142010196
terms_abstract_tfidf__rs,-0.03494633933474028
terms_abstract_tfidf__rsfc,-0.0038697083984059175
terms_abstract_tfidf__rt,-0.1285556686957034
terms_abstract_tfidf__rule,-0.19558816993612718
terms_abstract_tfidf__rules,-0.18075872119015196
terms_abstract_tfidf__run,0.04664242329513627
terms_abstract_tfidf__runs,0.1053231234612168
terms_abstract_tfidf__s1,0.08898374138660527
terms_abstract_tfidf__saccade,-0.006966686526774594
terms_abstract_tfidf__saccades,0.013820298851436607
terms_abstract_tfidf__sad,0.03504361370775783
terms_abstract_tfidf__salience,-0.07415813190247948
terms_abstract_tfidf__salience network,-0.10040531911923595
terms_abstract_tfidf__salient,0.06256126802424855
terms_abstract_tfidf__sample,-0.023043460703326
terms_abstract_tfidf__samples,-0.05643774554429479
terms_abstract_tfidf__sampling,0.06775306823020232
terms_abstract_tfidf__scale,-0.04532713081217792
terms_abstract_tfidf__scales,-0.016145634512826204
terms_abstract_tfidf__scalp,0.03826967227452236
terms_abstract_tfidf__scan,0.05318415744011871
terms_abstract_tfidf__scanned,0.029142743159944837
terms_abstract_tfidf__scanned using,-0.017098749811180595
terms_abstract_tfidf__scanner,0.005868838698653978
terms_abstract_tfidf__scanning,0.004732224567553771
terms_abstract_tfidf__scans,0.041984011653418245
terms_abstract_tfidf__scene,0.1406892305237124
terms_abstract_tfidf__scenes,0.11875964855779637
terms_abstract_tfidf__schizophrenia,-0.08307624870355028
terms_abstract_tfidf__schizophrenic,0.011645932341486491
terms_abstract_tfidf__sclerosis,-0.04104110427420948
terms_abstract_tfidf__score,-0.026545750912459306
terms_abstract_tfidf__scores,-0.029866402076844982
terms_abstract_tfidf__sd,0.025365155758182337
terms_abstract_tfidf__se,-0.07182461366100776
terms_abstract_tfidf__search,0.00917223013700192
terms_abstract_tfidf__second,-0.04338822968537545
terms_abstract_tfidf__secondary,0.03149824106173439
terms_abstract_tfidf__secondary somatosensory,0.05658457584104474
terms_abstract_tfidf__sectional,-0.028759653587557006
terms_abstract_tfidf__seed,-0.0886269636879396
terms_abstract_tfidf__seeds,-0.004692435900026049
terms_abstract_tfidf__seeking,-0.1596541589463867
terms_abstract_tfidf__seen,0.07789630907526225
terms_abstract_tfidf__segregated,0.008297695025186604
terms_abstract_tfidf__segregation,0.07142684736188651
terms_abstract_tfidf__select,-0.10166056312191456
terms_abstract_tfidf__selected,-0.02518319894640625
terms_abstract_tfidf__selection,-0.11141273397264394
terms_abstract_tfidf__selective,0.1893955214252037
terms_abstract_tfidf__selective attention,0.06832458185171639
terms_abstract_tfidf__selectively,0.0382873653475371
terms_abstract_tfidf__selectivity,0.18385652850890533
terms_abstract_tfidf__self,-0.19926884723009355
terms_abstract_tfidf__self referential,-0.15651613750246293
terms_abstract_tfidf__self report,-0.037437203262718925
terms_abstract_tfidf__self reported,-0.0754085586188092
terms_abstract_tfidf__semantic,0.030901408829027328
terms_abstract_tfidf__semantic memory,0.011719946712846523
terms_abstract_tfidf__semantically,0.10764924021219169
terms_abstract_tfidf__semantics,0.016457369633619937
terms_abstract_tfidf__sensation,0.03187798591774456
terms_abstract_tfidf__sensations,-0.008242084579836662
terms_abstract_tfidf__sense,-0.014402761850345419
terms_abstract_tfidf__sensitive,0.12644748284302318
terms_abstract_tfidf__sensitivity,0.027541405736065176
terms_abstract_tfidf__sensorimotor,0.06902103291084549
terms_abstract_tfidf__sensorimotor cortex,0.054033963200934426
terms_abstract_tfidf__sensorimotor network,0.020986903880137533
terms_abstract_tfidf__sensory,0.17553887360279213
terms_abstract_tfidf__sensory information,0.0416960169076115
terms_abstract_tfidf__sensory motor,0.09507713323300929
terms_abstract_tfidf__sentence,-0.057880700192378606
terms_abstract_tfidf__sentence comprehension,-0.04262853693838862
terms_abstract_tfidf__sentences,0.013264706058788352
terms_abstract_tfidf__separable,-0.013570005919004908
terms_abstract_tfidf__separate,0.04014262634688831
terms_abstract_tfidf__separated,-0.007241189395707468
terms_abstract_tfidf__separately,0.0506398629091771
terms_abstract_tfidf__separation,-0.039150593029992804
terms_abstract_tfidf__sequence,-0.021619790408589228
terms_abstract_tfidf__sequences,0.034603779476144195
terms_abstract_tfidf__sequential,0.018731833206249396
terms_abstract_tfidf__serial,-0.002815414240982605
terms_abstract_tfidf__series,-0.020266562388198472
terms_abstract_tfidf__serotonin,-0.06553267250667849
terms_abstract_tfidf__serve,-0.039762475644624276
terms_abstract_tfidf__served,0.04901451000512738
terms_abstract_tfidf__serves,0.015812121000932967
terms_abstract_tfidf__session,-0.008411689416478805
terms_abstract_tfidf__sessions,-0.024371018375236548
terms_abstract_tfidf__set,-0.10795665045108555
terms_abstract_tfidf__sets,-0.0656084711083465
terms_abstract_tfidf__setting,-0.017715461945625455
terms_abstract_tfidf__settings,0.028870025358391047
terms_abstract_tfidf__seven,-0.04523490454388675
terms_abstract_tfidf__seventeen,-0.01884690736884658
terms_abstract_tfidf__severe,0.03921732548026219
terms_abstract_tfidf__severity,-0.037354258508933626
terms_abstract_tfidf__sex,-0.043382149123400715
terms_abstract_tfidf__sexual,-0.038005955712777775
terms_abstract_tfidf__sham,-0.042131049579296975
terms_abstract_tfidf__shape,0.059891656554487
terms_abstract_tfidf__shaped,0.06750565486100474
terms_abstract_tfidf__shapes,0.0378947437112536
terms_abstract_tfidf__share,-0.04524195996850323
terms_abstract_tfidf__shared,-0.02265619938476018
terms_abstract_tfidf__shed,-0.02251281630517738
terms_abstract_tfidf__shed light,-0.01519942777000708
terms_abstract_tfidf__shift,-0.048893628085848136
terms_abstract_tfidf__shifted,0.015035167087889593
terms_abstract_tfidf__shifting,-0.10792742001512654
terms_abstract_tfidf__shifts,-0.007134571927192839
terms_abstract_tfidf__short,0.10713993422385713
terms_abstract_tfidf__short term,0.05176161939909884
terms_abstract_tfidf__shorter,-0.01562751159796896
terms_abstract_tfidf__showing,0.10319820534341521
terms_abstract_tfidf__shown,-0.043775245771370874
terms_abstract_tfidf__shows,0.03724244281036377
terms_abstract_tfidf__si,0.09178917008115783
terms_abstract_tfidf__sided,0.1231328889330042
terms_abstract_tfidf__sighted,0.17200693927016805
terms_abstract_tfidf__sign,0.10870388533298762
terms_abstract_tfidf__signal,0.039710460363768664
terms_abstract_tfidf__signal change,0.047432800893624054
terms_abstract_tfidf__signal task,-0.09818318117627625
terms_abstract_tfidf__signaling,-0.0631035553842194
terms_abstract_tfidf__signals,0.10880620170090002
terms_abstract_tfidf__signature,-0.04377985369040664
terms_abstract_tfidf__significance,-0.0633323330999101
terms_abstract_tfidf__significance statement,-0.1307255614818152
terms_abstract_tfidf__signs,0.06681489921028742
terms_abstract_tfidf__sii,0.12657386806833298
terms_abstract_tfidf__silent,0.17979175614032647
terms_abstract_tfidf__similarities,-0.10508152891082101
terms_abstract_tfidf__similarity,0.05534576778310912
terms_abstract_tfidf__similarly,-0.07364772415738177
terms_abstract_tfidf__simple,0.0068226668260279455
terms_abstract_tfidf__simply,-0.014133311221938354
terms_abstract_tfidf__simulated,0.013207182689571089
terms_abstract_tfidf__simulation,0.025433882118461065
terms_abstract_tfidf__simultaneous,0.09429977398930887
terms_abstract_tfidf__simultaneous eeg,-0.005333571881100117
terms_abstract_tfidf__simultaneously,0.04243599124364496
terms_abstract_tfidf__single,0.09310903463241746
terms_abstract_tfidf__single subject,0.08481895674361752
terms_abstract_tfidf__single trial,0.0580289940320456
terms_abstract_tfidf__site,0.015904648092022
terms_abstract_tfidf__sites,0.14027106436639883
terms_abstract_tfidf__situation,-0.12067154140950956
terms_abstract_tfidf__situations,-0.17463789595806037
terms_abstract_tfidf__sixteen,-0.0204605179745184
terms_abstract_tfidf__size,0.0496432521323885
terms_abstract_tfidf__sizes,0.015786012611915017
terms_abstract_tfidf__skill,0.031801150694037564
terms_abstract_tfidf__skills,0.06290158375882965
terms_abstract_tfidf__skin,0.07062739348434073
terms_abstract_tfidf__skin conductance,0.05718316226692586
terms_abstract_tfidf__sleep,-0.021495137575062575
terms_abstract_tfidf__slow,0.005148298990171257
terms_abstract_tfidf__slower,-0.03254264145422625
terms_abstract_tfidf__sma,-0.020790356554157532
terms_abstract_tfidf__small,0.015319016834440143
terms_abstract_tfidf__smaller,0.07618208189900752
terms_abstract_tfidf__smokers,-0.07035992459320452
terms_abstract_tfidf__smoking,-0.04299929141228868
terms_abstract_tfidf__sn,-0.14684771377847297
terms_abstract_tfidf__social,-0.043275695014643595
terms_abstract_tfidf__social cognition,-0.07961460216333158
terms_abstract_tfidf__social cognitive,-0.06389212170760025
terms_abstract_tfidf__social interaction,-0.04884926677061378
terms_abstract_tfidf__social interactions,0.007204428240700479
terms_abstract_tfidf__socially,0.016955266316007432
terms_abstract_tfidf__software,0.01930749679627723
terms_abstract_tfidf__solving,-0.13483237917729834
terms_abstract_tfidf__somatosensory,0.1042709031844602
terms_abstract_tfidf__somatosensory cortex,0.08032011128655706
terms_abstract_tfidf__somatosensory cortices,0.08719462250111894
terms_abstract_tfidf__sought,-0.04157729901014728
terms_abstract_tfidf__sound,0.21851177331024596
terms_abstract_tfidf__sounds,0.20831961765682583
terms_abstract_tfidf__source,0.0812747953348257
terms_abstract_tfidf__sources,0.1633982355801177
terms_abstract_tfidf__space,0.125334627631201
terms_abstract_tfidf__span,0.059592946402121226
terms_abstract_tfidf__sparse,0.09415915703292534
terms_abstract_tfidf__spatial,0.05829085590982158
terms_abstract_tfidf__spatial attention,0.04738536244175479
terms_abstract_tfidf__spatial information,0.11675661767889181
terms_abstract_tfidf__spatial temporal,-0.04135651726986964
terms_abstract_tfidf__spatially,0.10687314261075252
terms_abstract_tfidf__spatiotemporal,0.08900565887275659
terms_abstract_tfidf__speaker,0.1221404867476052
terms_abstract_tfidf__speakers,0.05778235172460606
terms_abstract_tfidf__speaking,0.06894354002714259
terms_abstract_tfidf__special,0.043050017104919916
terms_abstract_tfidf__specialization,0.14002154310349132
terms_abstract_tfidf__specialized,0.09220785350048374
terms_abstract_tfidf__species,-0.018097200742163984
terms_abstract_tfidf__specifically,-0.023697795888737303
terms_abstract_tfidf__specificity,0.08628820297632311
terms_abstract_tfidf__specified,-0.009034437209138092
terms_abstract_tfidf__spectral,0.14238155286933357
terms_abstract_tfidf__spectrum,0.03145917292592305
terms_abstract_tfidf__spectrum disorder,-0.004570371934246776
terms_abstract_tfidf__spectrum disorders,0.03836368204177015
terms_abstract_tfidf__speech,0.1569041690124021
terms_abstract_tfidf__speech perception,0.17873790494397962
terms_abstract_tfidf__speech production,0.1344909667529726
terms_abstract_tfidf__speed,-0.019900099840680793
terms_abstract_tfidf__spin,-0.060028021400511854
terms_abstract_tfidf__spin labeling,-0.07712919109762141
terms_abstract_tfidf__spinal,-0.026441619825277814
terms_abstract_tfidf__spl,0.024329807643931948
terms_abstract_tfidf__spoken,0.15700285298568079
terms_abstract_tfidf__spontaneous,-0.03928715181716203
terms_abstract_tfidf__stable,-0.02062805866352181
terms_abstract_tfidf__stage,-0.08008026689791128
terms_abstract_tfidf__stages,-0.03904990977091353
terms_abstract_tfidf__standard,0.044530544995862203
terms_abstract_tfidf__standardized,0.03313799187564368
terms_abstract_tfidf__state,-0.09670437493993966
terms_abstract_tfidf__state connectivity,-0.06043848222613734
terms_abstract_tfidf__state functional,-0.08777378176326267
terms_abstract_tfidf__state networks,-0.09831850482157004
terms_abstract_tfidf__statement,-0.13854598431279397
terms_abstract_tfidf__states,-0.0715920569812718
terms_abstract_tfidf__static,0.13198540543783763
terms_abstract_tfidf__statistics,0.08668615213483069
terms_abstract_tfidf__status,0.05810192555676063
terms_abstract_tfidf__step,0.0027027528585229976
terms_abstract_tfidf__stg,0.18365338619129043
terms_abstract_tfidf__stimulated,0.08389002578864059
terms_abstract_tfidf__stimulation,0.13396891073969153
terms_abstract_tfidf__stimulation tms,0.07785144934099204
terms_abstract_tfidf__stimuli,0.20758682278969587
terms_abstract_tfidf__stimuli presented,0.14133590532159346
terms_abstract_tfidf__stimulus,0.1496202898536716
terms_abstract_tfidf__stimulus driven,-0.0070552679624488425
terms_abstract_tfidf__stimulus response,-0.11146455823630841
terms_abstract_tfidf__stop,-0.11714357986430401
terms_abstract_tfidf__stop signal,-0.10310408955909539
terms_abstract_tfidf__storage,-0.0537415319202387
terms_abstract_tfidf__stored,0.0481923988858067
terms_abstract_tfidf__strategic,-0.07752184530989246
terms_abstract_tfidf__strategies,-0.09305636508697
terms_abstract_tfidf__strategy,-0.14014792613391744
terms_abstract_tfidf__stream,0.19158884806250714
terms_abstract_tfidf__streams,0.15472943217280466
terms_abstract_tfidf__strength,-0.019826800016523385
terms_abstract_tfidf__stress,-0.011145028868075871
terms_abstract_tfidf__stress disorder,0.03603441387665644
terms_abstract_tfidf__striatal,-0.22935309844320464
terms_abstract_tfidf__striatum,-0.21878183784463945
terms_abstract_tfidf__striking,-0.03913818712639028
terms_abstract_tfidf__stroke,0.05986159109623103
terms_abstract_tfidf__strong,0.05026366449310601
terms_abstract_tfidf__strongest,0.05941808117795169
terms_abstract_tfidf__strongly,-0.017677473842431776
terms_abstract_tfidf__stroop,-0.09695958809362487
terms_abstract_tfidf__stroop task,-0.07511202858682679
terms_abstract_tfidf__structural,0.10996301909167881
terms_abstract_tfidf__structural functional,0.10577283288867709
terms_abstract_tfidf__structural magnetic,0.08917556817747305
terms_abstract_tfidf__structure,0.07459132729632469
terms_abstract_tfidf__structure function,0.0167210603241783
terms_abstract_tfidf__structures,-0.03672943186414379
terms_abstract_tfidf__structures involved,0.010885034902447509
terms_abstract_tfidf__sts,0.1793425591395227
terms_abstract_tfidf__students,-0.10136171182182706
terms_abstract_tfidf__studied,-0.07595146649492987
terms_abstract_tfidf__studying,-0.044046240436347375
terms_abstract_tfidf__sub,-0.023289867155939715
terms_abstract_tfidf__subcortical,-0.11951497967674012
terms_abstract_tfidf__subcortical structures,-0.02292586928523775
terms_abstract_tfidf__subgenual,-0.012622174562695009
terms_abstract_tfidf__subject,0.07405982693634054
terms_abstract_tfidf__subjective,-0.06310624981939576
terms_abstract_tfidf__subregions,-0.0014936569543865322
terms_abstract_tfidf__subsequent,0.008501777199284424
terms_abstract_tfidf__subsequent memory,-0.005910835764840395
terms_abstract_tfidf__subsequently,0.014017512629767456
terms_abstract_tfidf__subserve,-0.006614286903412144
terms_abstract_tfidf__subserved,-0.05527793662737415
terms_abstract_tfidf__subserving,-0.09787570015355962
terms_abstract_tfidf__subset,-0.017939465790633147
terms_abstract_tfidf__substance,-0.10052764276597395
terms_abstract_tfidf__substantia,-0.0898547091346827
terms_abstract_tfidf__substantial,-0.026713717475912915
terms_abstract_tfidf__substantially,0.03208764826941583
terms_abstract_tfidf__substrate,0.04488456854039278
terms_abstract_tfidf__substrates,0.02354681632973154
terms_abstract_tfidf__subtle,-0.02228582235918906
terms_abstract_tfidf__subtraction,-0.023665756309957302
terms_abstract_tfidf__success,-0.1250366008883846
terms_abstract_tfidf__successful,-0.0356804038099112
terms_abstract_tfidf__successfully,0.08232426516148598
terms_abstract_tfidf__successive,0.09785359436517096
terms_abstract_tfidf__suffering,0.015587909545113358
terms_abstract_tfidf__sufficient,0.040877368452024
terms_abstract_tfidf__suggest,-0.06775243399443744
terms_abstract_tfidf__suggest functional,0.018146843829674277
terms_abstract_tfidf__suggested,-0.076628196427919
terms_abstract_tfidf__suggesting,0.008570528519429155
terms_abstract_tfidf__suggests,0.01735954593846199
terms_abstract_tfidf__sulci,0.06442773235938071
terms_abstract_tfidf__sulcus,0.1254007582659005
terms_abstract_tfidf__sulcus ips,0.005214225096257179
terms_abstract_tfidf__sulcus sts,0.160341280001744
terms_abstract_tfidf__sum,0.05655652492169725
terms_abstract_tfidf__summary,-0.049848864374749044
terms_abstract_tfidf__superior,0.17845321987975832
terms_abstract_tfidf__superior frontal,-0.1327674769152484
terms_abstract_tfidf__superior inferior,0.04044407376035583
terms_abstract_tfidf__superior middle,0.04846924315274292
terms_abstract_tfidf__superior parietal,0.018297218639047565
terms_abstract_tfidf__superior temporal,0.20503108916288343
terms_abstract_tfidf__supplementary,-0.03908785486655983
terms_abstract_tfidf__supplementary motor,-0.03463424200366817
terms_abstract_tfidf__supported,0.0017886522294254306
terms_abstract_tfidf__supporting,-0.06738654009653215
terms_abstract_tfidf__supports,-0.026022433612172248
terms_abstract_tfidf__suppressed,-0.0014389614862342888
terms_abstract_tfidf__suppression,0.07751727470058617
terms_abstract_tfidf__supramarginal,0.030659490160985087
terms_abstract_tfidf__supramarginal gyrus,0.010728088696682351
terms_abstract_tfidf__surface,0.13149034777796928
terms_abstract_tfidf__surprisingly,0.027381932865304263
terms_abstract_tfidf__surrounding,0.07119219392033976
terms_abstract_tfidf__susceptibility,0.04962420683284668
terms_abstract_tfidf__sustained,-0.00534093524424009
terms_abstract_tfidf__sustained attention,-0.03390622373755089
terms_abstract_tfidf__switch,-0.12694847772530074
terms_abstract_tfidf__switching,-0.13792876741783297
terms_abstract_tfidf__symbolic,-0.0216154853230883
terms_abstract_tfidf__symptom,0.015218106481446506
terms_abstract_tfidf__symptom severity,0.030983098545082598
terms_abstract_tfidf__symptoms,-0.07382620519558565
terms_abstract_tfidf__synchronization,0.003955588746294071
terms_abstract_tfidf__syndrome,0.01607789674892977
terms_abstract_tfidf__syntactic,-0.0004037617349818207
terms_abstract_tfidf__systematic,0.06901282690967164
terms_abstract_tfidf__systematically,-0.024622020777619633
terms_abstract_tfidf__systems,-0.009630620744629769
terms_abstract_tfidf__systems involved,0.0466787859842618
terms_abstract_tfidf__t1,0.04361288157515271
terms_abstract_tfidf__t1 weighted,0.07325937000868611
terms_abstract_tfidf__tactile,0.1685455993794227
terms_abstract_tfidf__taken,0.02575386566352503
terms_abstract_tfidf__taken suggest,0.05241696574566747
terms_abstract_tfidf__taking,-0.14043600286162236
terms_abstract_tfidf__tapping,-0.018405625878072516
terms_abstract_tfidf__target,0.0190221256770333
terms_abstract_tfidf__target detection,0.03209047911170657
terms_abstract_tfidf__targeted,-0.06340487023822221
terms_abstract_tfidf__targets,-0.012596375002359802
terms_abstract_tfidf__task,-0.16825761999547587
terms_abstract_tfidf__task conditions,-0.08730286380989369
terms_abstract_tfidf__task demands,-0.07133044369117736
terms_abstract_tfidf__task difficulty,-0.0855042183477078
terms_abstract_tfidf__task functional,-0.07287223780120687
terms_abstract_tfidf__task induced,-0.08281392982155696
terms_abstract_tfidf__task involving,-0.0838779486586543
terms_abstract_tfidf__task irrelevant,0.03537659000306709
terms_abstract_tfidf__task performance,-0.10598032695212752
terms_abstract_tfidf__task positive,-0.06802009547907245
terms_abstract_tfidf__task relevant,0.03975734681443014
terms_abstract_tfidf__task required,-0.066021736064069
terms_abstract_tfidf__task task,-0.11856234337633552
terms_abstract_tfidf__task using,0.015313111196563223
terms_abstract_tfidf__tasks,-0.06246909519236121
terms_abstract_tfidf__taste,0.00140195848462784
terms_abstract_tfidf__td,-0.010842734541506634
terms_abstract_tfidf__technique,0.01008549931542867
terms_abstract_tfidf__techniques,0.0238806906033638
terms_abstract_tfidf__tegmental,-0.1071597307929304
terms_abstract_tfidf__temporal,0.20560669034041418
terms_abstract_tfidf__temporal cortex,0.17610565684414645
terms_abstract_tfidf__temporal cortices,0.08253814196486513
terms_abstract_tfidf__temporal frontal,0.2003308489952688
terms_abstract_tfidf__temporal gyri,0.13495813037730764
terms_abstract_tfidf__temporal gyrus,0.13070887527463526
terms_abstract_tfidf__temporal inferior,0.08222955783359281
terms_abstract_tfidf__temporal lobe,0.14983852506261808
terms_abstract_tfidf__temporal lobes,0.1735602199191529
terms_abstract_tfidf__temporal occipital,0.09066968952724111
terms_abstract_tfidf__temporal parietal,-0.024324893126329385
terms_abstract_tfidf__temporal pole,0.11416988448892743
terms_abstract_tfidf__temporal sulcus,0.15797884178174193
terms_abstract_tfidf__temporale,0.19982044301770308
terms_abstract_tfidf__temporally,-0.015020249714828652
terms_abstract_tfidf__temporo,0.001875923409845263
terms_abstract_tfidf__temporo parietal,-0.029220571604798563
terms_abstract_tfidf__temporoparietal,-0.07579274785443825
terms_abstract_tfidf__temporoparietal junction,-0.10813832292805438
terms_abstract_tfidf__tend,-0.04450393866325982
terms_abstract_tfidf__tendency,-0.11650037408876189
terms_abstract_tfidf__tensor,-0.013378605730879083
terms_abstract_tfidf__tensor dti,-0.02107103700500015
terms_abstract_tfidf__term,0.010007624066736404
terms_abstract_tfidf__term memory,0.06598402241322945
terms_abstract_tfidf__terms,0.007819312231170272
terms_abstract_tfidf__tesla,-0.011387309652288315
terms_abstract_tfidf__test,-0.09055167508402383
terms_abstract_tfidf__tested,0.07808289767644666
terms_abstract_tfidf__testing,0.05664712037240473
terms_abstract_tfidf__tests,0.026446879151602348
terms_abstract_tfidf__thalamic,-0.15428087807071594
terms_abstract_tfidf__thalamus,-0.1258820818566192
terms_abstract_tfidf__theoretical,-0.09668806461637741
terms_abstract_tfidf__theories,-0.03720428514657925
terms_abstract_tfidf__theory,-0.1443721030858206
terms_abstract_tfidf__theory mind,-0.09359371051946883
terms_abstract_tfidf__therapeutic,0.032985025026888604
terms_abstract_tfidf__therapy,-0.009755751939459567
terms_abstract_tfidf__thickness,0.1435821775434735
terms_abstract_tfidf__thinking,-0.10286161547046893
terms_abstract_tfidf__thirteen,0.010637309239004286
terms_abstract_tfidf__thirty,-0.0674007675140532
terms_abstract_tfidf__thought,-0.09920412096970056
terms_abstract_tfidf__thoughts,-0.12508120324407562
terms_abstract_tfidf__threat,0.05534058593653011
terms_abstract_tfidf__threatening,0.0640292540533597
terms_abstract_tfidf__threshold,0.031075042774268015
terms_abstract_tfidf__time,-0.06348784336969321
terms_abstract_tfidf__time course,0.039372731630833435
terms_abstract_tfidf__time courses,-0.006558137139868475
terms_abstract_tfidf__time points,-0.05880466584616474
terms_abstract_tfidf__time series,-0.03055610163338707
terms_abstract_tfidf__time task,-0.06728284247943093
terms_abstract_tfidf__times,-0.04884298805873274
terms_abstract_tfidf__timing,0.0020909727229584158
terms_abstract_tfidf__tissue,0.058232566925947214
terms_abstract_tfidf__tms,0.1019620340729957
terms_abstract_tfidf__tom,-0.08455366034901032
terms_abstract_tfidf__tomography,0.049929859795129074
terms_abstract_tfidf__tomography pet,0.0756792832080964
terms_abstract_tfidf__tone,0.1242157064031428
terms_abstract_tfidf__tones,0.1783677288760613
terms_abstract_tfidf__took,-0.0901537538133569
terms_abstract_tfidf__tool,0.085529310734035
terms_abstract_tfidf__tools,0.0996818619659294
terms_abstract_tfidf__total,-0.0005883236516752474
terms_abstract_tfidf__touch,0.15449906239332795
terms_abstract_tfidf__tpj,-0.06814661523908615
terms_abstract_tfidf__track,-0.07542954954204933
terms_abstract_tfidf__tracking,0.042245808997144974
terms_abstract_tfidf__tract,0.01701880284075907
terms_abstract_tfidf__tractography,0.04135611071201923
terms_abstract_tfidf__tracts,0.024409146422627866
terms_abstract_tfidf__traditional,0.06705662269273077
terms_abstract_tfidf__traditionally,-0.004871407664880124
terms_abstract_tfidf__trained,0.05964998382678283
terms_abstract_tfidf__training,0.07457365748757905
terms_abstract_tfidf__trait,-0.08397383465501453
terms_abstract_tfidf__traits,-0.044762775199219465
terms_abstract_tfidf__trajectories,-0.06741858696463458
terms_abstract_tfidf__transcranial,0.026149747510596857
terms_abstract_tfidf__transcranial magnetic,0.04737335743570702
terms_abstract_tfidf__transfer,-0.00197906906963625
terms_abstract_tfidf__transformation,0.059171318432721276
terms_abstract_tfidf__transient,0.08199151842500686
terms_abstract_tfidf__transition,-0.09027913695051973
terms_abstract_tfidf__trauma,0.02114578724387198
terms_abstract_tfidf__traumatic,-0.03317075991040488
terms_abstract_tfidf__treated,-0.07956726380371551
terms_abstract_tfidf__treatment,-0.06743357050531092
terms_abstract_tfidf__treatments,-0.031753020557540826
terms_abstract_tfidf__trend,-0.02663395018489345
terms_abstract_tfidf__trial,-0.11358050951749751
terms_abstract_tfidf__trial trial,-0.11583935816144687
terms_abstract_tfidf__trials,-0.14317238724566514
terms_abstract_tfidf__trigger,0.019912728102674245
terms_abstract_tfidf__triggered,0.013164107997300091
terms_abstract_tfidf__true,-0.0308969855676142
terms_abstract_tfidf__turn,-0.030670361368013058
terms_abstract_tfidf__twice,0.03288574644131658
terms_abstract_tfidf__type,0.0014711636868559828
terms_abstract_tfidf__types,-0.02746315618088447
terms_abstract_tfidf__typical,-0.08235590628658299
terms_abstract_tfidf__typically,-0.004185562657695065
terms_abstract_tfidf__typically developing,-0.006404184890325934
terms_abstract_tfidf__unaffected,-0.051646016281642226
terms_abstract_tfidf__uncertain,-0.09127812616061676
terms_abstract_tfidf__uncertainty,-0.15367536388996378
terms_abstract_tfidf__unclear,-0.10190789623184432
terms_abstract_tfidf__undergoing,-0.049032864957064944
terms_abstract_tfidf__undergoing functional,-0.0435146699572493
terms_abstract_tfidf__underlie,-0.13283217856447646
terms_abstract_tfidf__underlies,-0.059376809272277446
terms_abstract_tfidf__underlying,-0.03709034307003639
terms_abstract_tfidf__underlying mechanisms,-0.002577009561103705
terms_abstract_tfidf__underpinning,-0.003949179139445132
terms_abstract_tfidf__underpinnings,-0.10557096558058598
terms_abstract_tfidf__understand,-0.09807659225902907
terms_abstract_tfidf__understanding,-0.04781005348516611
terms_abstract_tfidf__understood,0.034923674813618265
terms_abstract_tfidf__unexpected,-0.021485367627944556
terms_abstract_tfidf__unfamiliar,0.07777296777834895
terms_abstract_tfidf__unilateral,0.11068743893507214
terms_abstract_tfidf__unimodal,0.21415846324349427
terms_abstract_tfidf__unique,0.05600415663245188
terms_abstract_tfidf__uniquely,0.0011841978473547026
terms_abstract_tfidf__univariate,0.044508075573857
terms_abstract_tfidf__unknown,0.06874074410810842
terms_abstract_tfidf__unlike,-0.04219330128663711
terms_abstract_tfidf__unmedicated,-0.03945340333994384
terms_abstract_tfidf__unpleasant,0.06090429331413184
terms_abstract_tfidf__unrelated,-0.03573882514940612
terms_abstract_tfidf__upcoming,0.007744388870998898
terms_abstract_tfidf__updating,-0.08732185171030112
terms_abstract_tfidf__upper,0.08275081668375903
terms_abstract_tfidf__use,-0.06921896739403727
terms_abstract_tfidf__use functional,-0.007849992201912483
terms_abstract_tfidf__useful,0.05997529194094182
terms_abstract_tfidf__users,-0.0755009561382745
terms_abstract_tfidf__uses,0.04389724521982367
terms_abstract_tfidf__using,0.10243638347687796
terms_abstract_tfidf__using event,-0.0476902383473222
terms_abstract_tfidf__using functional,0.055671271613945715
terms_abstract_tfidf__using resting,-0.09927905930092863
terms_abstract_tfidf__using voxel,0.09251447650472469
terms_abstract_tfidf__usually,0.022126595750962555
terms_abstract_tfidf__utility,-0.030682386425941358
terms_abstract_tfidf__utilized,0.0001805107834363063
terms_abstract_tfidf__v1,0.09541922172817197
terms_abstract_tfidf__v5,0.11241535216642863
terms_abstract_tfidf__valence,0.010458648961910398
terms_abstract_tfidf__valid,-0.011622997286970301
terms_abstract_tfidf__validated,0.04358706379603938
terms_abstract_tfidf__validity,0.029114915363876143
terms_abstract_tfidf__valuable,-0.002019846474532677
terms_abstract_tfidf__value,-0.13608230372176786
terms_abstract_tfidf__values,-0.0638342569346188
terms_abstract_tfidf__variability,0.07687012452123916
terms_abstract_tfidf__variable,0.024018562785172587
terms_abstract_tfidf__variables,-0.05319514225224054
terms_abstract_tfidf__variance,-0.02771138444161191
terms_abstract_tfidf__variant,0.10607684556280884
terms_abstract_tfidf__variation,-0.035294929576963896
terms_abstract_tfidf__variations,0.08153926999201629
terms_abstract_tfidf__varied,0.03045471995949516
terms_abstract_tfidf__varies,0.008769657865699554
terms_abstract_tfidf__variety,-0.0017056009972729234
terms_abstract_tfidf__various,0.01188132820673512
terms_abstract_tfidf__vary,-0.01660704865650134
terms_abstract_tfidf__varying,0.08562448138873176
terms_abstract_tfidf__vbm,0.043288357881897443
terms_abstract_tfidf__vector,0.03817370283111252
terms_abstract_tfidf__ventral,-0.06926735616227776
terms_abstract_tfidf__ventral anterior,-0.06098535565287586
terms_abstract_tfidf__ventral dorsal,-0.06394914473123767
terms_abstract_tfidf__ventral medial,-0.04308721326793449
terms_abstract_tfidf__ventral premotor,0.09765487038921007
terms_abstract_tfidf__ventral striatum,-0.17574110095008147
terms_abstract_tfidf__ventral tegmental,-0.1026670536729377
terms_abstract_tfidf__ventral visual,0.11166844462932328
terms_abstract_tfidf__ventrolateral,-0.12163537296536292
terms_abstract_tfidf__ventrolateral prefrontal,-0.10810364224930438
terms_abstract_tfidf__ventromedial,-0.04575012030548594
terms_abstract_tfidf__ventromedial prefrontal,-0.06027666713218522
terms_abstract_tfidf__verb,-0.0035409927716181623
terms_abstract_tfidf__verbal,0.014283211392680741
terms_abstract_tfidf__verbal fluency,0.032583336922205185
terms_abstract_tfidf__verbal working,-0.0489446249400527
terms_abstract_tfidf__verbs,0.027039143779753638
terms_abstract_tfidf__vermis,-0.006707418707008569
terms_abstract_tfidf__version,-0.07962478854504211
terms_abstract_tfidf__versus,0.0016589407623306127
terms_abstract_tfidf__vi,-0.01616894535265809
terms_abstract_tfidf__video,0.10680505086721545
terms_abstract_tfidf__video clips,0.0927138096098932
terms_abstract_tfidf__videos,0.10925938570695407
terms_abstract_tfidf__view,0.05952070964087192
terms_abstract_tfidf__viewed,0.07144310567032632
terms_abstract_tfidf__viewing,0.12744825100982896
terms_abstract_tfidf__violations,-0.07696738882276014
terms_abstract_tfidf__virtual,0.07353815417282043
terms_abstract_tfidf__vision,0.1473816600902749
terms_abstract_tfidf__visual,0.17612513098078003
terms_abstract_tfidf__visual attention,0.07597635691702528
terms_abstract_tfidf__visual auditory,0.1994220521143957
terms_abstract_tfidf__visual cortex,0.14902326038626706
terms_abstract_tfidf__visual cortices,0.11123008272413062
terms_abstract_tfidf__visual field,0.12616715581498336
terms_abstract_tfidf__visual information,0.0676105851133899
terms_abstract_tfidf__visual motion,0.10257608016809916
terms_abstract_tfidf__visual perception,0.12184747888356887
terms_abstract_tfidf__visual stimuli,0.12025366754508343
terms_abstract_tfidf__visual stimulus,0.12701895546659767
terms_abstract_tfidf__visual stream,0.1434108608467817
terms_abstract_tfidf__visual word,0.059100096481743025
terms_abstract_tfidf__visually,0.05883235218495093
terms_abstract_tfidf__visually presented,0.05790786389374429
terms_abstract_tfidf__visuo,0.06659145028103602
terms_abstract_tfidf__visuo spatial,-0.04128587028205325
terms_abstract_tfidf__visuomotor,0.00664016211458372
terms_abstract_tfidf__visuospatial,0.02363444263574003
terms_abstract_tfidf__vivo,-0.014150574362603271
terms_abstract_tfidf__vlpfc,-0.07291009350008251
terms_abstract_tfidf__vmpfc,-0.08752580245777847
terms_abstract_tfidf__vocal,0.18386691632839489
terms_abstract_tfidf__voice,0.1511478770326357
terms_abstract_tfidf__volume,0.05793848229689596
terms_abstract_tfidf__volumes,0.05894434386111367
terms_abstract_tfidf__volumetric,0.021853542527242933
terms_abstract_tfidf__voluntary,-0.0038965454014838375
terms_abstract_tfidf__volunteers,0.05134232590015626
terms_abstract_tfidf__voxel,0.09686728316218196
terms_abstract_tfidf__voxel morphometry,0.1063642771890735
terms_abstract_tfidf__voxel wise,0.029001613325605313
terms_abstract_tfidf__voxels,0.031645204203390315
terms_abstract_tfidf__voxelwise,-0.02149696600739123
terms_abstract_tfidf__vs,-0.06201484731263762
terms_abstract_tfidf__vulnerability,-0.05298477858633024
terms_abstract_tfidf__watched,0.12449191253732828
terms_abstract_tfidf__watching,0.06074424617290819
terms_abstract_tfidf__way,0.04648534409808879
terms_abstract_tfidf__ways,-0.060106824779853504
terms_abstract_tfidf__weak,-0.04796018314174161
terms_abstract_tfidf__weaker,-0.14665272567614437
terms_abstract_tfidf__week,0.019228923801163575
terms_abstract_tfidf__weeks,-0.0627794009723658
terms_abstract_tfidf__weight,-0.019873149162950837
terms_abstract_tfidf__weighted,0.05004812673240064
terms_abstract_tfidf__whilst,-0.009134630849137187
terms_abstract_tfidf__white,0.017599245308847395
terms_abstract_tfidf__white matter,-0.008205842708987872
terms_abstract_tfidf__wide,0.02264657969392717
terms_abstract_tfidf__widely,-0.023380767793149054
terms_abstract_tfidf__widespread,0.005950116197862453
terms_abstract_tfidf__wiley,0.054031789926667885
terms_abstract_tfidf__wiley periodicals,0.057697928639403526
terms_abstract_tfidf__window,0.07927125031864767
terms_abstract_tfidf__wise,0.03479594628860657
terms_abstract_tfidf__wm,-0.07749294891849715
terms_abstract_tfidf__wm task,-0.05573946834145072
terms_abstract_tfidf__women,-0.042026115721801045
terms_abstract_tfidf__word,0.021486683730489398
terms_abstract_tfidf__word form,0.06060591113738531
terms_abstract_tfidf__word pairs,-0.0748899625431719
terms_abstract_tfidf__word recognition,0.04147348443488543
terms_abstract_tfidf__words,0.07240913447298525
terms_abstract_tfidf__work,-0.02898232753796178
terms_abstract_tfidf__working,-0.10016771673827804
terms_abstract_tfidf__working memory,-0.10116928682898568
terms_abstract_tfidf__world,0.00950262820768812
terms_abstract_tfidf__worse,-0.0746919548598732
terms_abstract_tfidf__written,0.0708040282357619
terms_abstract_tfidf__year,0.050560094586469886
terms_abstract_tfidf__year old,0.05330435818615267
terms_abstract_tfidf__years,-0.028649432372305925
terms_abstract_tfidf__years old,0.04293283845820965
terms_abstract_tfidf__yield,-0.016435330097836105
terms_abstract_tfidf__yielded,0.02363968215950076
terms_abstract_tfidf__young,-0.08631152857394332
terms_abstract_tfidf__young adults,-0.08204216109323652
terms_abstract_tfidf__young healthy,-0.08786771740074488
terms_abstract_tfidf__young older,0.0012511771937379697
terms_abstract_tfidf__younger,-0.0823517219863569
terms_abstract_tfidf__younger adults,-0.06896258130881631
terms_abstract_tfidf__youth,-0.06399858035287637
terms_abstract_tfidf__zone,-0.05803144685750629
