feature,r
terms_abstract_tfidf__001,0.03210014187824375
terms_abstract_tfidf__01,-0.06559756900489357
terms_abstract_tfidf__05,-0.02955623249478016
terms_abstract_tfidf__10,-0.032503539045346044
terms_abstract_tfidf__100,-0.02947812075088062
terms_abstract_tfidf__11,-0.021296916599692153
terms_abstract_tfidf__12,-0.002335263990866395
terms_abstract_tfidf__12 healthy,0.06723637996183282
terms_abstract_tfidf__13,0.00026697685120531423
terms_abstract_tfidf__14,0.008120556528566605
terms_abstract_tfidf__14 healthy,-0.039638592112198785
terms_abstract_tfidf__15,0.026957351576172708
terms_abstract_tfidf__15 healthy,0.04069496559344445
terms_abstract_tfidf__16,-0.017887134995436642
terms_abstract_tfidf__16 healthy,0.012940265419502538
terms_abstract_tfidf__17,-0.07305124391681964
terms_abstract_tfidf__18,-0.05537892075947553
terms_abstract_tfidf__18 healthy,0.031787431946270685
terms_abstract_tfidf__19,-0.04006695965842412
terms_abstract_tfidf__20,-0.03268303712822947
terms_abstract_tfidf__20 healthy,-0.023145446883118686
terms_abstract_tfidf__200,-0.0040061738359544056
terms_abstract_tfidf__2014,-0.0021579617792165605
terms_abstract_tfidf__21,-0.03632624499388863
terms_abstract_tfidf__22,-0.021714959246917076
terms_abstract_tfidf__23,-0.01883643280925694
terms_abstract_tfidf__24,-0.016609629954798387
terms_abstract_tfidf__25,-0.029832052987548777
terms_abstract_tfidf__26,-0.08447134639371531
terms_abstract_tfidf__27,-0.0935490881439556
terms_abstract_tfidf__28,-0.0022673510943249675
terms_abstract_tfidf__29,-0.09006289186529826
terms_abstract_tfidf__30,-0.03739114351762089
terms_abstract_tfidf__31,-0.05439232058211801
terms_abstract_tfidf__32,-0.03969039776325031
terms_abstract_tfidf__33,-0.02394468018946411
terms_abstract_tfidf__34,-0.01904359707410425
terms_abstract_tfidf__35,0.042178471037110275
terms_abstract_tfidf__36,0.014106176801734918
terms_abstract_tfidf__37,0.022821231387482276
terms_abstract_tfidf__38,-0.0004411558299614566
terms_abstract_tfidf__39,-0.06754514835024117
terms_abstract_tfidf__3d,-0.06305583162106823
terms_abstract_tfidf__3t,0.0047717606687888
terms_abstract_tfidf__40,-0.012523375170560234
terms_abstract_tfidf__41,-0.038609452018943974
terms_abstract_tfidf__42,-0.0408791593780701
terms_abstract_tfidf__43,-0.03970422466802858
terms_abstract_tfidf__44,0.07997904920061505
terms_abstract_tfidf__45,0.03742718770470281
terms_abstract_tfidf__46,0.054380229070030935
terms_abstract_tfidf__47,0.0017911531532816926
terms_abstract_tfidf__48,-0.0012894531379835465
terms_abstract_tfidf__49,5.009161050960628e-06
terms_abstract_tfidf__50,0.04567604037861838
terms_abstract_tfidf__60,0.0028123137472212695
terms_abstract_tfidf__70,0.031841952411400275
terms_abstract_tfidf__75,-0.05540955031198931
terms_abstract_tfidf__80,-0.020261999686487956
terms_abstract_tfidf__90,-0.08008514796647867
terms_abstract_tfidf__aberrant,-0.060110240759875984
terms_abstract_tfidf__abilities,-0.05307500596954541
terms_abstract_tfidf__ability,-0.06197809606862334
terms_abstract_tfidf__able,0.07275212447534642
terms_abstract_tfidf__abnormal,-0.07531047220078252
terms_abstract_tfidf__abnormalities,-0.033951314771294955
terms_abstract_tfidf__abnormality,0.023426154896530108
terms_abstract_tfidf__absence,-0.040054096307505685
terms_abstract_tfidf__absent,0.052394298488274524
terms_abstract_tfidf__abstract,-0.05906865795434713
terms_abstract_tfidf__abuse,0.06801883020331731
terms_abstract_tfidf__acc,-0.005957847713553052
terms_abstract_tfidf__access,-0.006950025702800369
terms_abstract_tfidf__accompanied,-0.02271457322195686
terms_abstract_tfidf__accordance,-0.002103248534955812
terms_abstract_tfidf__according,-0.005929849959434048
terms_abstract_tfidf__accordingly,-0.010539303949312807
terms_abstract_tfidf__account,-0.001375563529755844
terms_abstract_tfidf__accounted,0.0326599061384339
terms_abstract_tfidf__accounts,-0.059207086723725544
terms_abstract_tfidf__accumbens,0.1505825538964616
terms_abstract_tfidf__accuracy,-0.007871708699394171
terms_abstract_tfidf__accurate,-0.004868279335110531
terms_abstract_tfidf__accurately,0.014977812370723207
terms_abstract_tfidf__achieve,-0.014313012257356197
terms_abstract_tfidf__achieved,-0.0444643314390069
terms_abstract_tfidf__acoustic,0.018797458729708668
terms_abstract_tfidf__acquired,-0.08091097602036089
terms_abstract_tfidf__acquisition,0.07903828105340077
terms_abstract_tfidf__act,-0.05548561315911863
terms_abstract_tfidf__action,-0.034602260959689095
terms_abstract_tfidf__action observation,-0.03896124278896698
terms_abstract_tfidf__actions,-0.08028384564052984
terms_abstract_tfidf__activate,0.05427939263142012
terms_abstract_tfidf__activates,-0.0006866913881381156
terms_abstract_tfidf__activations,0.0607024474369138
terms_abstract_tfidf__active,-0.03169973706397724
terms_abstract_tfidf__actively,0.05098031806889605
terms_abstract_tfidf__activities,-0.05117917232849139
terms_abstract_tfidf__acts,-0.0004946271241388826
terms_abstract_tfidf__actual,0.07807932958441119
terms_abstract_tfidf__actually,0.044828123142116885
terms_abstract_tfidf__acute,0.007193549645953816
terms_abstract_tfidf__ad,-0.055073652302100144
terms_abstract_tfidf__adaptation,0.053682001504262285
terms_abstract_tfidf__adapted,-0.008524103523024844
terms_abstract_tfidf__adaptive,0.06514100492096328
terms_abstract_tfidf__add,0.07010774271455121
terms_abstract_tfidf__addiction,0.054285102389496694
terms_abstract_tfidf__addition,0.07356987210776623
terms_abstract_tfidf__additional,0.06566789216499509
terms_abstract_tfidf__additionally,0.0006587678287261833
terms_abstract_tfidf__addressed,-0.017747036645183928
terms_abstract_tfidf__adhd,0.0031509716843231366
terms_abstract_tfidf__adjacent,0.00509218730154905
terms_abstract_tfidf__administered,0.06225261215765957
terms_abstract_tfidf__administration,0.052041343000808246
terms_abstract_tfidf__adolescence,-0.031793094903562545
terms_abstract_tfidf__adolescent,-0.017800668653689813
terms_abstract_tfidf__adolescents,-0.08538040022338532
terms_abstract_tfidf__adopted,0.0013026690670038712
terms_abstract_tfidf__adult,-0.0630444876392705
terms_abstract_tfidf__adulthood,-0.03886870090693222
terms_abstract_tfidf__adults,0.010526225224034074
terms_abstract_tfidf__advance,-0.008969005749164566
terms_abstract_tfidf__advanced,-0.047932379938403734
terms_abstract_tfidf__advances,0.030429598637066752
terms_abstract_tfidf__advantage,0.025463080746521823
terms_abstract_tfidf__affect,0.018975410576785735
terms_abstract_tfidf__affected,-0.00045537725262751626
terms_abstract_tfidf__affecting,0.013797391985147475
terms_abstract_tfidf__affective,-0.027031088149604823
terms_abstract_tfidf__affects,-0.026811234922952565
terms_abstract_tfidf__age,-0.08608968102966853
terms_abstract_tfidf__age controls,-0.019128577477230676
terms_abstract_tfidf__age gender,-0.0986791763032819
terms_abstract_tfidf__age groups,0.002668741864951762
terms_abstract_tfidf__age healthy,-0.004645246834951854
terms_abstract_tfidf__age sex,-0.028949444500594015
terms_abstract_tfidf__aged,-0.010823549624139256
terms_abstract_tfidf__agent,-0.07607635160172954
terms_abstract_tfidf__ages,-0.027402069704118667
terms_abstract_tfidf__aging,0.007612127685157083
terms_abstract_tfidf__agreement,0.03252814000442512
terms_abstract_tfidf__aim,-0.019707624210449973
terms_abstract_tfidf__aimed,-0.012400913078677866
terms_abstract_tfidf__aims,-0.03240683607003578
terms_abstract_tfidf__al,-0.04100390257897286
terms_abstract_tfidf__alcohol,-0.04822050406732768
terms_abstract_tfidf__alff,-0.09085465993009101
terms_abstract_tfidf__algorithm,-0.11195648301034913
terms_abstract_tfidf__allele,0.026379617501829187
terms_abstract_tfidf__allocation,0.03992607999604306
terms_abstract_tfidf__allow,-0.06256436943698596
terms_abstract_tfidf__allowed,0.017536155396619617
terms_abstract_tfidf__allowing,0.054783324052924874
terms_abstract_tfidf__allows,-0.022165012153243555
terms_abstract_tfidf__alpha,-0.041824483430575425
terms_abstract_tfidf__alter,-0.03313406668229078
terms_abstract_tfidf__alteration,-0.0654983149585958
terms_abstract_tfidf__alterations,-0.11723061861216932
terms_abstract_tfidf__altered,-0.03617369963709314
terms_abstract_tfidf__alternating,-0.022155244204843907
terms_abstract_tfidf__alternative,-0.02496414940548645
terms_abstract_tfidf__alters,-0.07369565752619985
terms_abstract_tfidf__alzheimer,-0.022433491848997195
terms_abstract_tfidf__alzheimer disease,-0.017551698516601096
terms_abstract_tfidf__ambiguous,0.020926784298557162
terms_abstract_tfidf__amnestic,-0.03773074587718737
terms_abstract_tfidf__amplitude,-0.10399814039609334
terms_abstract_tfidf__amplitude low,-0.11446094277639617
terms_abstract_tfidf__amplitudes,-0.038838091619550465
terms_abstract_tfidf__amygdala,0.03332758394011543
terms_abstract_tfidf__amygdala anterior,0.028019421318502248
terms_abstract_tfidf__amygdala hippocampus,0.07616779557514067
terms_abstract_tfidf__amygdala insula,0.0037650830541194687
terms_abstract_tfidf__amygdala response,0.021084993249157465
terms_abstract_tfidf__amygdala responses,0.03335327462472711
terms_abstract_tfidf__analysed,-0.07929936280482479
terms_abstract_tfidf__analyses,-0.014541034844656693
terms_abstract_tfidf__analyze,-0.07034705794081182
terms_abstract_tfidf__analyzed,-0.02225507266486671
terms_abstract_tfidf__analyzed using,-0.03401429535223549
terms_abstract_tfidf__analyzing,-0.01861651728911594
terms_abstract_tfidf__anatomical,0.006869911737592267
terms_abstract_tfidf__anatomically,-0.04816794437469004
terms_abstract_tfidf__anatomy,-0.010097727066633137
terms_abstract_tfidf__anger,-0.0521397865201213
terms_abstract_tfidf__angry,-0.007068144970315559
terms_abstract_tfidf__angular,-0.11617471211400436
terms_abstract_tfidf__angular gyrus,-0.10527002948781844
terms_abstract_tfidf__animal,0.05168583912681037
terms_abstract_tfidf__animals,0.08815464490074194
terms_abstract_tfidf__anisotropy,-0.01626027806390248
terms_abstract_tfidf__anisotropy fa,-0.010542124314249907
terms_abstract_tfidf__anterior,-0.002509539234803978
terms_abstract_tfidf__anterior cingulate,0.003997441974140669
terms_abstract_tfidf__anterior hippocampus,0.03508209760254153
terms_abstract_tfidf__anterior insula,0.09508834491194972
terms_abstract_tfidf__anterior insular,0.10441204648509914
terms_abstract_tfidf__anterior intraparietal,0.010980855124745082
terms_abstract_tfidf__anterior medial,-0.0988374381932812
terms_abstract_tfidf__anterior posterior,-0.06619887110361321
terms_abstract_tfidf__anterior prefrontal,-0.017412994869573244
terms_abstract_tfidf__anterior superior,-0.037870742679131986
terms_abstract_tfidf__anterior temporal,-0.03342522010459095
terms_abstract_tfidf__anti,-0.04946403752746656
terms_abstract_tfidf__anticipation,0.1513191277528582
terms_abstract_tfidf__anticipatory,0.1089152496992579
terms_abstract_tfidf__anxiety,0.0049495222291130936
terms_abstract_tfidf__anxiety disorders,-0.0018802713489620092
terms_abstract_tfidf__apart,-0.019459789268206476
terms_abstract_tfidf__aphasia,0.0038181621525168563
terms_abstract_tfidf__apparent,-0.05296495872427389
terms_abstract_tfidf__appear,0.02257883981997669
terms_abstract_tfidf__appeared,0.008621203511236741
terms_abstract_tfidf__appears,0.027234633506380522
terms_abstract_tfidf__application,-0.007113940465984662
terms_abstract_tfidf__applied,-0.02196013441810296
terms_abstract_tfidf__apply,-0.018415669225995426
terms_abstract_tfidf__applying,0.0632373028618194
terms_abstract_tfidf__appraisal,-0.0035792048670639505
terms_abstract_tfidf__approach,-0.05137700580970776
terms_abstract_tfidf__approaches,-0.05567505323326625
terms_abstract_tfidf__appropriate,0.019460564350498043
terms_abstract_tfidf__approximately,-0.002112479144561327
terms_abstract_tfidf__architecture,-0.031839665711402135
terms_abstract_tfidf__argue,-0.03329455858372128
terms_abstract_tfidf__arise,0.005334878015858324
terms_abstract_tfidf__arithmetic,0.06948468658901776
terms_abstract_tfidf__arm,-0.09732823612906269
terms_abstract_tfidf__arousal,-0.027480607403083803
terms_abstract_tfidf__arterial,-0.021513990439512923
terms_abstract_tfidf__arterial spin,-0.016411003744746255
terms_abstract_tfidf__articulatory,0.056305424351347715
terms_abstract_tfidf__asd,-0.06392255463316815
terms_abstract_tfidf__asked,-0.0872300571118661
terms_abstract_tfidf__aspect,-0.037214447248957415
terms_abstract_tfidf__aspects,-0.06546928341039811
terms_abstract_tfidf__assess,0.04337002157757201
terms_abstract_tfidf__assessed,-0.02589613401494099
terms_abstract_tfidf__assessed using,-0.02865802760978787
terms_abstract_tfidf__assessing,-0.01391516562564665
terms_abstract_tfidf__assessment,0.02714317282174909
terms_abstract_tfidf__assessments,-0.023918271947234733
terms_abstract_tfidf__assigned,-0.03624256184494936
terms_abstract_tfidf__association,-0.01031656689757808
terms_abstract_tfidf__associations,0.03102654745677676
terms_abstract_tfidf__associative,0.11013343477938321
terms_abstract_tfidf__assume,0.0013514059244065714
terms_abstract_tfidf__assumed,-0.019759321256375695
terms_abstract_tfidf__assumption,0.022905122951015686
terms_abstract_tfidf__asymmetry,0.018250746617292337
terms_abstract_tfidf__atrophy,-0.006719822256227297
terms_abstract_tfidf__attempt,0.040664792044296086
terms_abstract_tfidf__attempted,-0.052437442815658104
terms_abstract_tfidf__attend,-0.01164995007583916
terms_abstract_tfidf__attended,-0.03396882970642937
terms_abstract_tfidf__attending,-0.017549393191746494
terms_abstract_tfidf__attention,0.004833704389966125
terms_abstract_tfidf__attention deficit,0.0016166940901099782
terms_abstract_tfidf__attention network,-0.06660386272639887
terms_abstract_tfidf__attention task,0.08995585093167142
terms_abstract_tfidf__attentional,0.08228716260906956
terms_abstract_tfidf__attentional control,0.03965604577736871
terms_abstract_tfidf__attenuated,0.05532723612184586
terms_abstract_tfidf__attenuation,-0.013524384309137839
terms_abstract_tfidf__attributed,0.029017310048094432
terms_abstract_tfidf__attributes,0.009353645098478422
terms_abstract_tfidf__attribution,-0.06442309111981248
terms_abstract_tfidf__atypical,-0.03830742489575642
terms_abstract_tfidf__audiovisual,0.012396761538301175
terms_abstract_tfidf__auditory,-0.0006899965411904556
terms_abstract_tfidf__auditory cortex,-0.006051045445573424
terms_abstract_tfidf__auditory stimuli,0.001359761338306932
terms_abstract_tfidf__auditory visual,0.006378701140569951
terms_abstract_tfidf__autism,-0.0839777303239466
terms_abstract_tfidf__autism spectrum,-0.09614212609723437
terms_abstract_tfidf__autobiographical,-0.11755996714757333
terms_abstract_tfidf__autobiographical memory,-0.08732855016149808
terms_abstract_tfidf__automated,-0.04908853316709533
terms_abstract_tfidf__automatic,-0.04744025192379156
terms_abstract_tfidf__automatically,-0.007109290655375058
terms_abstract_tfidf__autonomic,-0.021610113683972074
terms_abstract_tfidf__available,-0.07207828849628783
terms_abstract_tfidf__average,-0.01295866053846307
terms_abstract_tfidf__aversive,0.05778243558935968
terms_abstract_tfidf__avoid,0.013121484501435724
terms_abstract_tfidf__avoidance,0.10907458761009117
terms_abstract_tfidf__awareness,-0.014097318982008437
terms_abstract_tfidf__away,-0.0042113323685974945
terms_abstract_tfidf__axis,-0.022787894164774107
terms_abstract_tfidf__ba,-0.005187966274888872
terms_abstract_tfidf__ba 44,0.046677624533011115
terms_abstract_tfidf__background,-0.02073080382054631
terms_abstract_tfidf__balance,-0.03522517628973401
terms_abstract_tfidf__band,-0.0864174064280474
terms_abstract_tfidf__bands,-0.09074519951111622
terms_abstract_tfidf__basal,0.21152365564682823
terms_abstract_tfidf__basal ganglia,0.20938756200379344
terms_abstract_tfidf__baseline,-0.05018396392360606
terms_abstract_tfidf__bases,-0.014834795091442563
terms_abstract_tfidf__basic,-0.04263067427717717
terms_abstract_tfidf__basis,0.018221732532648714
terms_abstract_tfidf__bayesian,-0.022294224442388284
terms_abstract_tfidf__beginning,-0.00846048872139355
terms_abstract_tfidf__behavior,0.054884771819035304
terms_abstract_tfidf__behavioral,0.08528813024387202
terms_abstract_tfidf__behavioral evidence,0.006080713399272217
terms_abstract_tfidf__behavioral level,0.041879758563827967
terms_abstract_tfidf__behavioral measures,0.09697567344789532
terms_abstract_tfidf__behavioral performance,0.08020635444088237
terms_abstract_tfidf__behavioral responses,0.07615458907938359
terms_abstract_tfidf__behaviorally,0.05842603669998324
terms_abstract_tfidf__behaviors,-0.011533209984671654
terms_abstract_tfidf__behaviour,0.023811430174794004
terms_abstract_tfidf__behavioural,-0.0030642623404584326
terms_abstract_tfidf__belief,-0.1467597164769592
terms_abstract_tfidf__beliefs,-0.161535647778637
terms_abstract_tfidf__believed,0.056992552641566246
terms_abstract_tfidf__beneficial,-0.021330827639273808
terms_abstract_tfidf__benefit,0.08341543338494477
terms_abstract_tfidf__benefits,0.021362724538574008
terms_abstract_tfidf__best,-0.02345352584901586
terms_abstract_tfidf__beta,-0.04470343540285345
terms_abstract_tfidf__better,0.05178770828123916
terms_abstract_tfidf__better understanding,-0.0038576650846224164
terms_abstract_tfidf__bias,-0.027184608574158664
terms_abstract_tfidf__biased,-0.0735673711548478
terms_abstract_tfidf__biases,-0.006571654410320701
terms_abstract_tfidf__bilaterally,0.06246249456989703
terms_abstract_tfidf__bilinguals,0.03056123470523704
terms_abstract_tfidf__binding,0.12589589114192634
terms_abstract_tfidf__biological,-0.016406736919763496
terms_abstract_tfidf__biomarker,-0.08812843398874219
terms_abstract_tfidf__biomarkers,-0.07102973570671191
terms_abstract_tfidf__bipolar,-0.004875742447919958
terms_abstract_tfidf__bipolar disorder,0.0014830654370532302
terms_abstract_tfidf__blind,-0.032461306968363204
terms_abstract_tfidf__block,0.04558377788441002
terms_abstract_tfidf__block design,0.05936562430667112
terms_abstract_tfidf__blocked,0.08573260342105254
terms_abstract_tfidf__blocks,0.04235305568205303
terms_abstract_tfidf__blood,-0.012755558485561107
terms_abstract_tfidf__blood flow,-0.05692864752552449
terms_abstract_tfidf__blood oxygen,-0.021818924682557247
terms_abstract_tfidf__blood oxygenation,0.018163806855749396
terms_abstract_tfidf__bodily,-0.03560785914125332
terms_abstract_tfidf__body,-0.0027435611239746
terms_abstract_tfidf__bold,0.016351395941886303
terms_abstract_tfidf__bold response,0.03504446011109214
terms_abstract_tfidf__bold responses,0.06754801656967112
terms_abstract_tfidf__bold signal,-0.00244929993170305
terms_abstract_tfidf__bold signals,0.009814581150722923
terms_abstract_tfidf__brains,-0.09100158583468547
terms_abstract_tfidf__brainstem,0.05519012227857611
terms_abstract_tfidf__brief,-0.04655517176432469
terms_abstract_tfidf__broad,0.05016424514138002
terms_abstract_tfidf__broader,-0.027658713640690703
terms_abstract_tfidf__broca,0.04452881070573925
terms_abstract_tfidf__brodmann,-0.05574023303093597
terms_abstract_tfidf__brodmann ba,0.005828110386030991
terms_abstract_tfidf__button,-0.005824761163121548
terms_abstract_tfidf__calculated,-0.04400062056637044
terms_abstract_tfidf__calculation,0.06964537558035244
terms_abstract_tfidf__called,-0.057110431696468934
terms_abstract_tfidf__callosum,-0.03502360363603601
terms_abstract_tfidf__candidate,-0.04249180527961086
terms_abstract_tfidf__canonical,0.017868635183721056
terms_abstract_tfidf__capacity,-0.014879610917729364
terms_abstract_tfidf__capture,-0.052140013255210824
terms_abstract_tfidf__carried,0.08226742642787929
terms_abstract_tfidf__carriers,-0.000658181046967218
terms_abstract_tfidf__case,-0.0118171381153851
terms_abstract_tfidf__cases,-0.0629127229766728
terms_abstract_tfidf__categorical,0.047943444334081015
terms_abstract_tfidf__categories,0.040481897933288706
terms_abstract_tfidf__categorization,0.034906928560341624
terms_abstract_tfidf__category,0.046557997601670224
terms_abstract_tfidf__caudal,-0.003713453491988605
terms_abstract_tfidf__caudate,0.19391967613243744
terms_abstract_tfidf__caudate nucleus,0.1998434540963771
terms_abstract_tfidf__causal,0.00521258304105494
terms_abstract_tfidf__causal modeling,0.08825271111802005
terms_abstract_tfidf__causality,-0.0840368479954615
terms_abstract_tfidf__cause,0.0003166130549351479
terms_abstract_tfidf__caused,-0.016774892295878568
terms_abstract_tfidf__causes,-0.08082739255622338
terms_abstract_tfidf__center,0.02945603471253858
terms_abstract_tfidf__centered,-0.03622913522300699
terms_abstract_tfidf__central,-0.05011021334352518
terms_abstract_tfidf__central role,-0.007781344748349301
terms_abstract_tfidf__cerebellar,-0.004489157941562661
terms_abstract_tfidf__cerebellum,-0.002849428235211804
terms_abstract_tfidf__cerebral,-0.04540449482900845
terms_abstract_tfidf__cerebral blood,-0.05991121597257803
terms_abstract_tfidf__cerebral cortex,-0.05580344142772352
terms_abstract_tfidf__certain,0.030797483310212058
terms_abstract_tfidf__challenge,-0.026059640370162767
terms_abstract_tfidf__challenges,-0.049200499364776544
terms_abstract_tfidf__challenging,-0.003990157847308571
terms_abstract_tfidf__change,0.05756412694747002
terms_abstract_tfidf__changed,-0.01842081604019524
terms_abstract_tfidf__changing,0.06637770828025816
terms_abstract_tfidf__character,0.004667751914290243
terms_abstract_tfidf__characteristic,-0.0123737185202152
terms_abstract_tfidf__characteristics,-0.07645194194381132
terms_abstract_tfidf__characterization,-0.0038910917943925116
terms_abstract_tfidf__characterize,0.010368212901018916
terms_abstract_tfidf__characterized,-0.06962437128188566
terms_abstract_tfidf__characterizing,-0.027252779121472646
terms_abstract_tfidf__characters,0.06421674649263348
terms_abstract_tfidf__childhood,-0.07271059254636876
terms_abstract_tfidf__children,-0.025898156986825478
terms_abstract_tfidf__children adolescents,-0.05345415792122469
terms_abstract_tfidf__chinese,0.04044908017490415
terms_abstract_tfidf__choice,0.019471841541844295
terms_abstract_tfidf__choices,0.044359808341088214
terms_abstract_tfidf__choose,-0.009626514264095328
terms_abstract_tfidf__chosen,-0.038177422653581324
terms_abstract_tfidf__chronic,-0.019083460628818653
terms_abstract_tfidf__chronic pain,0.04366066232826666
terms_abstract_tfidf__cingulate,-0.061436830259751725
terms_abstract_tfidf__cingulate cortex,-0.08006369744352115
terms_abstract_tfidf__cingulate cortices,0.02047749492528129
terms_abstract_tfidf__cingulate gyrus,-0.05372388363498089
terms_abstract_tfidf__circuit,0.0927672784352487
terms_abstract_tfidf__circuitry,0.13272180839025985
terms_abstract_tfidf__circuits,0.05739140055663796
terms_abstract_tfidf__clarify,-0.06935437233638285
terms_abstract_tfidf__class,-0.06670388098572191
terms_abstract_tfidf__classic,-0.03522966536812794
terms_abstract_tfidf__classical,-0.0131618973034923
terms_abstract_tfidf__classification,0.08496928940667339
terms_abstract_tfidf__classified,0.013366415126935576
terms_abstract_tfidf__clear,0.06414256157451295
terms_abstract_tfidf__clearly,0.11433243692918178
terms_abstract_tfidf__clinical,-0.11644164911302482
terms_abstract_tfidf__clinically,-0.01978290819996818
terms_abstract_tfidf__clips,-0.043670789117896694
terms_abstract_tfidf__close,-0.028646770202358673
terms_abstract_tfidf__closed,-0.06788373400019067
terms_abstract_tfidf__closely,-0.018219720326271564
terms_abstract_tfidf__cluster,-0.07042897891924207
terms_abstract_tfidf__clustering,-0.03161208824200536
terms_abstract_tfidf__clusters,-0.016591154532924212
terms_abstract_tfidf__code,-0.0025277846771409895
terms_abstract_tfidf__coding,0.04558681166135095
terms_abstract_tfidf__cognition,-0.12484001621033285
terms_abstract_tfidf__cognitive,-0.0600158739334024
terms_abstract_tfidf__cognitive control,0.051399922290635246
terms_abstract_tfidf__cognitive deficits,0.06064286525293013
terms_abstract_tfidf__cognitive emotional,-0.05640692162165682
terms_abstract_tfidf__cognitive function,-0.03739994484090839
terms_abstract_tfidf__cognitive functions,-0.05089022686792749
terms_abstract_tfidf__cognitive impairment,-0.00476396739350182
terms_abstract_tfidf__cognitive neuroscience,-0.015892440067831262
terms_abstract_tfidf__cognitive performance,-0.020367070921544043
terms_abstract_tfidf__cognitive processes,-0.007647364390396315
terms_abstract_tfidf__cognitive task,-0.07916526851369407
terms_abstract_tfidf__cognitive tasks,-0.04104507943444896
terms_abstract_tfidf__cognitively,-0.03292300875279384
terms_abstract_tfidf__coherence,-0.08541560829264036
terms_abstract_tfidf__coherent,-0.07039611153169176
terms_abstract_tfidf__cohort,-0.021812415800185732
terms_abstract_tfidf__collected,0.028342405140157973
terms_abstract_tfidf__collectively,0.011712526806343878
terms_abstract_tfidf__color,0.04462041602394662
terms_abstract_tfidf__combination,0.051245935158812615
terms_abstract_tfidf__combinations,0.01260455337023641
terms_abstract_tfidf__combined,0.030590618083267226
terms_abstract_tfidf__combining,-0.030224739209267902
terms_abstract_tfidf__common,0.023776066889488492
terms_abstract_tfidf__commonly,-0.002611789885821772
terms_abstract_tfidf__communication,-0.06270020790285358
terms_abstract_tfidf__community,0.007599331309233181
terms_abstract_tfidf__comparable,0.00027317246169002114
terms_abstract_tfidf__compare,-0.04706269993932565
terms_abstract_tfidf__comparing,-0.01739788047143676
terms_abstract_tfidf__comparisons,0.050375220494599145
terms_abstract_tfidf__compatible,-0.004492361214716791
terms_abstract_tfidf__compensate,0.03106105111673002
terms_abstract_tfidf__compensation,0.013895780332900199
terms_abstract_tfidf__compensatory,0.043195472213799865
terms_abstract_tfidf__competing,0.03651666338183826
terms_abstract_tfidf__competition,0.07724378750941838
terms_abstract_tfidf__complementary,-0.04692617000540338
terms_abstract_tfidf__complete,-0.0961000140522257
terms_abstract_tfidf__completed,-0.02810034185675494
terms_abstract_tfidf__completely,0.019529679587248588
terms_abstract_tfidf__complex,0.012105442393481302
terms_abstract_tfidf__complexity,0.022696049318883662
terms_abstract_tfidf__component,-0.07673871165046055
terms_abstract_tfidf__component ica,-0.11404211088434753
terms_abstract_tfidf__components,-0.008008342594922772
terms_abstract_tfidf__composed,0.010442055895240552
terms_abstract_tfidf__comprehension,-0.0666566779906998
terms_abstract_tfidf__comprehensive,-0.0022246726773287673
terms_abstract_tfidf__comprised,0.013855274601320178
terms_abstract_tfidf__compromised,-0.014226498185015876
terms_abstract_tfidf__compulsive,0.06409176817848412
terms_abstract_tfidf__compulsive disorder,0.046328401925457605
terms_abstract_tfidf__computation,-0.04468804482020826
terms_abstract_tfidf__computational,0.05362632604692848
terms_abstract_tfidf__computed,-0.033221950582323384
terms_abstract_tfidf__concentration,0.05564622396310812
terms_abstract_tfidf__concept,-0.08075228006310545
terms_abstract_tfidf__concepts,-0.031176093122802815
terms_abstract_tfidf__conceptual,-0.033930223825355765
terms_abstract_tfidf__concerning,-0.0913388700732232
terms_abstract_tfidf__conclude,-0.0020970051879427394
terms_abstract_tfidf__conclusion,0.002803621058130585
terms_abstract_tfidf__concomitant,0.01858175570921755
terms_abstract_tfidf__concrete,-0.07361296174743341
terms_abstract_tfidf__concurrent,-0.020975567505416584
terms_abstract_tfidf__concurrently,0.07404369194501262
terms_abstract_tfidf__condition,0.01762794686853709
terms_abstract_tfidf__conditioned,0.036957194930523934
terms_abstract_tfidf__conditioning,0.024033455041686736
terms_abstract_tfidf__conditions,0.0677982206869404
terms_abstract_tfidf__conductance,-0.007341528671817665
terms_abstract_tfidf__conducted,0.005886759248932084
terms_abstract_tfidf__confidence,-0.00013421517573490314
terms_abstract_tfidf__confirm,-0.06617543328854143
terms_abstract_tfidf__confirmed,0.012146885615220374
terms_abstract_tfidf__conflict,0.07670463269099133
terms_abstract_tfidf__conflicting,0.0700800955472401
terms_abstract_tfidf__confounding,-0.0029715399941661136
terms_abstract_tfidf__congruency,0.058446937100029746
terms_abstract_tfidf__congruent,0.03151594868572452
terms_abstract_tfidf__congruent incongruent,0.026887180762788825
terms_abstract_tfidf__conjunction,-0.014689019594447673
terms_abstract_tfidf__connected,-0.04170188397547566
terms_abstract_tfidf__connection,-0.027200009515948663
terms_abstract_tfidf__connections,-0.046344346494138475
terms_abstract_tfidf__connectivity,-0.11194546349640802
terms_abstract_tfidf__connectivity amygdala,-0.004920498641154247
terms_abstract_tfidf__connectivity analyses,0.04630921626396111
terms_abstract_tfidf__connectivity anterior,-0.06933046485451219
terms_abstract_tfidf__connectivity fc,-0.058241905255495156
terms_abstract_tfidf__connectivity networks,-0.09009639380456223
terms_abstract_tfidf__connectivity patterns,-0.09313969021287215
terms_abstract_tfidf__connectivity posterior,-0.11969270468046375
terms_abstract_tfidf__connectivity rsfc,-0.11032566615539811
terms_abstract_tfidf__connectivity using,-0.011525116525477682
terms_abstract_tfidf__conscious,0.10294987918653722
terms_abstract_tfidf__consciousness,-0.05617277986305647
terms_abstract_tfidf__consecutive,-0.029126698841107523
terms_abstract_tfidf__consequence,0.06460383895678247
terms_abstract_tfidf__consequences,-0.04574150903525849
terms_abstract_tfidf__consequently,-0.05767899267380179
terms_abstract_tfidf__consider,-0.022000255342546807
terms_abstract_tfidf__considerable,0.01531889438771341
terms_abstract_tfidf__considered,-0.04907503094337648
terms_abstract_tfidf__considering,-0.0867064326011477
terms_abstract_tfidf__consisted,0.038326093486820006
terms_abstract_tfidf__consistency,-0.0257197793354772
terms_abstract_tfidf__consistently,-0.02528010059610815
terms_abstract_tfidf__consisting,0.028330492791268255
terms_abstract_tfidf__consists,-0.058695410907242104
terms_abstract_tfidf__consolidation,0.008961152763764732
terms_abstract_tfidf__constant,-0.016619988554068547
terms_abstract_tfidf__constitute,0.06336703103356221
terms_abstract_tfidf__constrained,-0.051712185049970466
terms_abstract_tfidf__constraints,-0.08711145324285181
terms_abstract_tfidf__construct,-0.11735546114674714
terms_abstract_tfidf__constructed,-0.01762155972168299
terms_abstract_tfidf__construction,-0.08208164069935882
terms_abstract_tfidf__consumption,-0.043234375993306345
terms_abstract_tfidf__contain,-0.03939397941612054
terms_abstract_tfidf__contained,-0.07319344542770671
terms_abstract_tfidf__containing,-0.0017925790165316468
terms_abstract_tfidf__contains,0.03518952585130659
terms_abstract_tfidf__content,-0.08950192860217815
terms_abstract_tfidf__contents,-0.040165429779999304
terms_abstract_tfidf__context,0.032044255862819136
terms_abstract_tfidf__contexts,-0.04882555518415118
terms_abstract_tfidf__contextual,0.010385812109127968
terms_abstract_tfidf__contingent,0.03475746932265252
terms_abstract_tfidf__continuous,-0.09172178985769153
terms_abstract_tfidf__continuously,-0.06029191461834486
terms_abstract_tfidf__contralateral,-0.00812481451584243
terms_abstract_tfidf__contrary,-0.03451368127568718
terms_abstract_tfidf__contrast,0.040410106501852956
terms_abstract_tfidf__contrasted,0.034692545403512354
terms_abstract_tfidf__contrasting,-0.02449426641508492
terms_abstract_tfidf__contrasts,0.029313800104833393
terms_abstract_tfidf__contribute,0.013144396283808875
terms_abstract_tfidf__contributed,-0.023870349326724164
terms_abstract_tfidf__contributes,0.03367852499202283
terms_abstract_tfidf__contributing,0.03010785812564481
terms_abstract_tfidf__contribution,0.08182891837875629
terms_abstract_tfidf__contributions,0.033163384157274295
terms_abstract_tfidf__control,0.05552345988369195
terms_abstract_tfidf__control condition,0.0594266292859944
terms_abstract_tfidf__control conditions,0.0006295040771032752
terms_abstract_tfidf__control group,0.024336085567002883
terms_abstract_tfidf__control groups,-0.031520967600904407
terms_abstract_tfidf__control network,-0.05545447262489941
terms_abstract_tfidf__control processes,0.08014119173160808
terms_abstract_tfidf__control task,0.0518522273943354
terms_abstract_tfidf__controlled,0.016071502660779103
terms_abstract_tfidf__controlling,-0.028143548191980127
terms_abstract_tfidf__controls,-0.059072723475746707
terms_abstract_tfidf__controls hc,-0.07321647748744038
terms_abstract_tfidf__controls hcs,-0.0833931046898334
terms_abstract_tfidf__controls using,-0.043285043524677
terms_abstract_tfidf__controversial,0.031216078105949053
terms_abstract_tfidf__conventional,-0.07404390717507825
terms_abstract_tfidf__convergence,0.05119244314458304
terms_abstract_tfidf__converging,0.0542058361821903
terms_abstract_tfidf__conversely,0.024489029285712532
terms_abstract_tfidf__conveyed,-0.0531303407619116
terms_abstract_tfidf__coordinates,-0.005322783950901986
terms_abstract_tfidf__coordination,-0.00032432721828512664
terms_abstract_tfidf__core,0.008901578433062678
terms_abstract_tfidf__corpus,-0.03960933308602547
terms_abstract_tfidf__corpus callosum,-0.03502360363603601
terms_abstract_tfidf__correct,0.10496565463418203
terms_abstract_tfidf__corrected,-0.08528729360970924
terms_abstract_tfidf__correction,-0.0297377534296481
terms_abstract_tfidf__correctly,0.013999900824594066
terms_abstract_tfidf__correlate,0.05067143027881787
terms_abstract_tfidf__correlated,0.002879703000719674
terms_abstract_tfidf__correlated negatively,-0.04217739014276316
terms_abstract_tfidf__correlated positively,-0.004021798369506787
terms_abstract_tfidf__correlates,-0.030833573889758173
terms_abstract_tfidf__correlating,0.04584569398789881
terms_abstract_tfidf__correlation,-0.10861773418788204
terms_abstract_tfidf__correlation analyses,-0.003932483344503746
terms_abstract_tfidf__correlations,-0.05959224214362236
terms_abstract_tfidf__correspond,0.007171381592448349
terms_abstract_tfidf__corresponded,0.01219631269049629
terms_abstract_tfidf__correspondence,-0.087664909911585
terms_abstract_tfidf__corresponding,-0.06532380454571317
terms_abstract_tfidf__cortex acc,-0.010972916773598752
terms_abstract_tfidf__cortex amygdala,0.05989649960796732
terms_abstract_tfidf__cortex anterior,-0.008333532172894365
terms_abstract_tfidf__cortex ba,0.013669136247507633
terms_abstract_tfidf__cortex bilaterally,0.008594855974305059
terms_abstract_tfidf__cortex cerebellum,-0.01417590624820575
terms_abstract_tfidf__cortex dacc,-0.0032545555296905823
terms_abstract_tfidf__cortex dlpfc,0.03685117070480214
terms_abstract_tfidf__cortex dmpfc,-0.15363422671995378
terms_abstract_tfidf__cortex dorsal,0.007927173652692169
terms_abstract_tfidf__cortex dorsolateral,0.03253204549324689
terms_abstract_tfidf__cortex frontal,0.016356617496878147
terms_abstract_tfidf__cortex hippocampus,0.036221907028571636
terms_abstract_tfidf__cortex inferior,0.0296573297222734
terms_abstract_tfidf__cortex insula,0.024951084307885646
terms_abstract_tfidf__cortex involved,-0.0355801432634504
terms_abstract_tfidf__cortex lateral,-0.027607729559903055
terms_abstract_tfidf__cortex m1,-0.04639338409599597
terms_abstract_tfidf__cortex medial,-0.045931372978481814
terms_abstract_tfidf__cortex middle,-0.044716806001943984
terms_abstract_tfidf__cortex mpfc,-0.1749155482383671
terms_abstract_tfidf__cortex ofc,-0.050750242816625206
terms_abstract_tfidf__cortex parietal,0.06633647845322296
terms_abstract_tfidf__cortex pcc,-0.1685889105151321
terms_abstract_tfidf__cortex pfc,-0.004205770954136148
terms_abstract_tfidf__cortex posterior,-0.19102344050577647
terms_abstract_tfidf__cortex ppc,-0.01139887450696639
terms_abstract_tfidf__cortex precuneus,-0.11244296628351062
terms_abstract_tfidf__cortex suggest,-0.006411057629806343
terms_abstract_tfidf__cortex superior,-0.12389576631370434
terms_abstract_tfidf__cortex supplementary,-0.0008938666388948281
terms_abstract_tfidf__cortex thalamus,0.18114251135958384
terms_abstract_tfidf__cortex ventral,-0.028634006585391964
terms_abstract_tfidf__cortex vlpfc,-0.05886236159377142
terms_abstract_tfidf__cortex vmpfc,-0.14593571518414722
terms_abstract_tfidf__cortical,-0.028605879760285804
terms_abstract_tfidf__cortical involved,-0.013339222375729477
terms_abstract_tfidf__cortical network,0.017365240880044108
terms_abstract_tfidf__cortical networks,-0.0583531631158204
terms_abstract_tfidf__cortical subcortical,0.1813985868759528
terms_abstract_tfidf__cortical thickness,-0.16216214403356916
terms_abstract_tfidf__cortices,0.014438114265310099
terms_abstract_tfidf__cortico,0.13130635891470624
terms_abstract_tfidf__cost,0.010796171567508053
terms_abstract_tfidf__costs,-0.00018727009020023282
terms_abstract_tfidf__coupled,-0.029350691097026493
terms_abstract_tfidf__coupling,-0.02903310712080742
terms_abstract_tfidf__course,-0.024284930036265723
terms_abstract_tfidf__courses,0.00744209650556565
terms_abstract_tfidf__covariance,0.012795952205257246
terms_abstract_tfidf__covaried,-0.01397101239320253
terms_abstract_tfidf__covert,0.03410159115508808
terms_abstract_tfidf__craving,-0.002251103397915827
terms_abstract_tfidf__created,-0.006782391089392047
terms_abstract_tfidf__criteria,0.011903682025731782
terms_abstract_tfidf__critical,0.01969142466877626
terms_abstract_tfidf__critical role,0.029040154669603253
terms_abstract_tfidf__critically,0.04354613285090528
terms_abstract_tfidf__cross,-0.015551879917470922
terms_abstract_tfidf__cross modal,0.0424135927780185
terms_abstract_tfidf__cross sectional,-0.06667700400592923
terms_abstract_tfidf__crossover,0.020455241749114464
terms_abstract_tfidf__crucial,0.002268187013639765
terms_abstract_tfidf__crucial role,0.02057295001382008
terms_abstract_tfidf__crucially,0.007696874407949441
terms_abstract_tfidf__crus,-0.055801521496406624
terms_abstract_tfidf__cue,0.10881803121753421
terms_abstract_tfidf__cued,0.05383900156997843
terms_abstract_tfidf__cues,0.08361335962223314
terms_abstract_tfidf__cuneus,-0.05341950504768456
terms_abstract_tfidf__current,-0.02172525094802119
terms_abstract_tfidf__current functional,0.01915092984280237
terms_abstract_tfidf__currently,-0.07742950602859812
terms_abstract_tfidf__dacc,0.007174946444455371
terms_abstract_tfidf__daily,-0.047034505331282235
terms_abstract_tfidf__daily life,-0.047842762288736795
terms_abstract_tfidf__damage,-0.04490533576292581
terms_abstract_tfidf__dataset,-0.05593274151512398
terms_abstract_tfidf__datasets,-0.051168187012947515
terms_abstract_tfidf__date,-0.04489351471111279
terms_abstract_tfidf__day,0.016045338681588407
terms_abstract_tfidf__days,-0.03156715643606977
terms_abstract_tfidf__deactivated,-0.05868654909364233
terms_abstract_tfidf__deactivation,-0.05765861982703815
terms_abstract_tfidf__deactivations,-0.062150135455504324
terms_abstract_tfidf__debate,0.05442893169168911
terms_abstract_tfidf__debated,0.03843808306964325
terms_abstract_tfidf__decision,0.017817639617090944
terms_abstract_tfidf__decision making,0.00627437720840926
terms_abstract_tfidf__decision task,-0.00915335125915263
terms_abstract_tfidf__decisions,0.004259650006153696
terms_abstract_tfidf__decline,0.03705553781164126
terms_abstract_tfidf__declines,0.0075277551769291325
terms_abstract_tfidf__decoding,-0.02141072444831721
terms_abstract_tfidf__decreases,-0.06117210097134482
terms_abstract_tfidf__decreasing,0.006414085299877339
terms_abstract_tfidf__deep,-0.04422950711948435
terms_abstract_tfidf__default,-0.19561007628007818
terms_abstract_tfidf__default mode,-0.19718245367320325
terms_abstract_tfidf__default network,-0.15178959205943232
terms_abstract_tfidf__deficient,0.03150742411058849
terms_abstract_tfidf__deficit,0.012195941277865576
terms_abstract_tfidf__deficit hyperactivity,0.000992499894132881
terms_abstract_tfidf__deficits,0.0021368869089366414
terms_abstract_tfidf__define,0.05941496446175642
terms_abstract_tfidf__defined,-0.04810312083355429
terms_abstract_tfidf__degree,-0.028113378133913743
terms_abstract_tfidf__degrees,0.009830256375748421
terms_abstract_tfidf__delay,0.11045506898740676
terms_abstract_tfidf__delayed,0.07705659272498921
terms_abstract_tfidf__delivered,0.01928620936147529
terms_abstract_tfidf__demand,-0.0167955392816276
terms_abstract_tfidf__demanding,0.02584956363670836
terms_abstract_tfidf__demands,0.06249873160655896
terms_abstract_tfidf__dementia,0.025668086523650203
terms_abstract_tfidf__demonstrate,0.05117145197774794
terms_abstract_tfidf__demonstrated,0.046356998206745555
terms_abstract_tfidf__demonstrates,0.009647578986710065
terms_abstract_tfidf__demonstrating,0.006774120522469662
terms_abstract_tfidf__density,-0.035191231317036
terms_abstract_tfidf__depend,0.010474734658763765
terms_abstract_tfidf__depended,-0.003249399111776798
terms_abstract_tfidf__dependence,-0.022057438571980958
terms_abstract_tfidf__depending,0.021463029073778995
terms_abstract_tfidf__depends,-0.038081612632416606
terms_abstract_tfidf__depicting,-0.020835970660950623
terms_abstract_tfidf__depressed,-0.0541090057175262
terms_abstract_tfidf__depression,-0.06319860684311726
terms_abstract_tfidf__depressive,-0.06692308746092275
terms_abstract_tfidf__depressive disorder,-0.049203636674945574
terms_abstract_tfidf__deprivation,0.03658002587626689
terms_abstract_tfidf__depth,-0.00962329502228093
terms_abstract_tfidf__derived,0.0014483849110745808
terms_abstract_tfidf__described,0.028717889589364803
terms_abstract_tfidf__describing,-0.09033359890922099
terms_abstract_tfidf__design,0.030807057839887294
terms_abstract_tfidf__designed,0.008381081451213558
terms_abstract_tfidf__designs,0.07524850751377316
terms_abstract_tfidf__despite,-0.02146811432852948
terms_abstract_tfidf__detailed,0.02008454221612371
terms_abstract_tfidf__details,-0.02415960832694391
terms_abstract_tfidf__detect,0.009554859809924706
terms_abstract_tfidf__detected,0.013678646219680256
terms_abstract_tfidf__detecting,0.05635898543001182
terms_abstract_tfidf__detection,0.03223573166065157
terms_abstract_tfidf__detection task,0.026188273078762262
terms_abstract_tfidf__determine,-0.026645812412276437
terms_abstract_tfidf__determined,0.031359098374579814
terms_abstract_tfidf__determining,0.008674843466940436
terms_abstract_tfidf__develop,-0.0323588411010947
terms_abstract_tfidf__developed,0.03784868977519921
terms_abstract_tfidf__developing,-0.10844896719566684
terms_abstract_tfidf__development,-0.050759754961643325
terms_abstract_tfidf__developmental,-0.02477133426020133
terms_abstract_tfidf__diagnosed,-0.04062207990508354
terms_abstract_tfidf__diagnosis,-0.06308048809178686
terms_abstract_tfidf__diagnostic,-0.04675096273144371
terms_abstract_tfidf__did,0.024995429204551233
terms_abstract_tfidf__did differ,-0.006713064599238435
terms_abstract_tfidf__differ,0.006758180342973683
terms_abstract_tfidf__differed,0.021875835981909626
terms_abstract_tfidf__difference,-0.06285690549256212
terms_abstract_tfidf__differential,0.08037352183957276
terms_abstract_tfidf__differentially,0.06512455639127684
terms_abstract_tfidf__differentiate,0.06801663163570232
terms_abstract_tfidf__differentiated,-0.018303832065085252
terms_abstract_tfidf__differentiation,-0.017112367191975536
terms_abstract_tfidf__differently,-0.030319921159979318
terms_abstract_tfidf__differing,0.00458708074882337
terms_abstract_tfidf__differs,0.016739735503122025
terms_abstract_tfidf__difficult,0.06833262426187382
terms_abstract_tfidf__difficulties,-0.06747326858739076
terms_abstract_tfidf__difficulty,0.040022400435302155
terms_abstract_tfidf__diffusion,-0.012506412041611629
terms_abstract_tfidf__diffusion tensor,-0.01817083792254992
terms_abstract_tfidf__digit,-0.0052695045194752575
terms_abstract_tfidf__dimension,0.03672319166542104
terms_abstract_tfidf__dimensional,-0.04076111352791651
terms_abstract_tfidf__dimensions,0.02129159781327404
terms_abstract_tfidf__diminished,0.04237078941402518
terms_abstract_tfidf__direct,0.004861606495106286
terms_abstract_tfidf__direct evidence,0.08583632816441471
terms_abstract_tfidf__directed,-0.047029414488082746
terms_abstract_tfidf__direction,-0.0016867719797326367
terms_abstract_tfidf__directions,-0.0575881878378744
terms_abstract_tfidf__directly,0.00289385869443352
terms_abstract_tfidf__disability,-0.06824034960246646
terms_abstract_tfidf__discrete,0.055334444048988386
terms_abstract_tfidf__discriminate,0.015713108025390717
terms_abstract_tfidf__discriminated,0.030858960538746528
terms_abstract_tfidf__discrimination,0.08571804034808118
terms_abstract_tfidf__discrimination task,0.05576196347536357
terms_abstract_tfidf__discriminative,-0.017626256902393386
terms_abstract_tfidf__discuss,-0.10500664470272182
terms_abstract_tfidf__discussed,-0.05106352225739198
terms_abstract_tfidf__discussion,-0.04155945686666964
terms_abstract_tfidf__disease,0.011932529483954932
terms_abstract_tfidf__disease ad,-0.054629906575328215
terms_abstract_tfidf__disease pd,0.05606946191704675
terms_abstract_tfidf__diseases,-0.0011726030350931633
terms_abstract_tfidf__disentangle,0.0375517992152039
terms_abstract_tfidf__disgust,0.025639321372760947
terms_abstract_tfidf__disorder,-0.04362348007116096
terms_abstract_tfidf__disorder adhd,-0.014911728518932903
terms_abstract_tfidf__disorder mdd,-0.05868849978046042
terms_abstract_tfidf__disorder ocd,0.020461206121041513
terms_abstract_tfidf__disorder ptsd,-0.01444246103394158
terms_abstract_tfidf__disorders,-0.04206778222310761
terms_abstract_tfidf__display,0.05186164262642897
terms_abstract_tfidf__displayed,0.045354832869895174
terms_abstract_tfidf__displays,-0.021369421244052285
terms_abstract_tfidf__disrupted,-0.06891716353420949
terms_abstract_tfidf__disruption,-0.04827264557101451
terms_abstract_tfidf__dissociable,0.006591578904941894
terms_abstract_tfidf__dissociate,0.1028687587859209
terms_abstract_tfidf__dissociated,0.05678724870769897
terms_abstract_tfidf__dissociation,-0.009790591845852122
terms_abstract_tfidf__distance,0.025945007417563785
terms_abstract_tfidf__distinction,-0.07260019795790462
terms_abstract_tfidf__distinguish,-0.05561120976163812
terms_abstract_tfidf__distinguished,0.042849352923889084
terms_abstract_tfidf__distraction,0.10378273374547232
terms_abstract_tfidf__distractor,0.07467201591103186
terms_abstract_tfidf__distractors,0.05605355072936702
terms_abstract_tfidf__distress,-0.027273386856236113
terms_abstract_tfidf__distributed,0.05182846451977488
terms_abstract_tfidf__distributed network,0.0415191735550955
terms_abstract_tfidf__distribution,-0.015201795677187565
terms_abstract_tfidf__disturbances,-0.001019951940462214
terms_abstract_tfidf__disturbed,0.011174483975812305
terms_abstract_tfidf__divergent,-0.013389235516755332
terms_abstract_tfidf__diverse,0.0032241513535369204
terms_abstract_tfidf__divided,-0.006299232013252548
terms_abstract_tfidf__dlpfc,0.03381508209422062
terms_abstract_tfidf__dmn,-0.19792450007030332
terms_abstract_tfidf__dmpfc,-0.16783213854518528
terms_abstract_tfidf__documented,0.00402742428856549
terms_abstract_tfidf__does,-0.031817204686324055
terms_abstract_tfidf__domain,0.03721202214178408
terms_abstract_tfidf__domain general,-0.012235117049842707
terms_abstract_tfidf__domains,-0.005505748345441225
terms_abstract_tfidf__dominance,0.03638207719783731
terms_abstract_tfidf__dominant,0.013394155727534874
terms_abstract_tfidf__dopamine,0.1856812941839515
terms_abstract_tfidf__dopaminergic,0.13472432806368834
terms_abstract_tfidf__dorsal,-0.05175710749112863
terms_abstract_tfidf__dorsal anterior,-0.05319600760599575
terms_abstract_tfidf__dorsal attention,-0.06992779513798107
terms_abstract_tfidf__dorsal medial,-0.1603224123528232
terms_abstract_tfidf__dorsal premotor,-0.060940017417441435
terms_abstract_tfidf__dorsal striatum,0.1761524798788702
terms_abstract_tfidf__dorsal ventral,0.024924006843634217
terms_abstract_tfidf__dorsolateral,0.051477143129075385
terms_abstract_tfidf__dorsolateral pfc,-0.013534789748499608
terms_abstract_tfidf__dorsolateral prefrontal,0.058847665668840386
terms_abstract_tfidf__dorsomedial,-0.12100441070079344
terms_abstract_tfidf__dorsomedial prefrontal,-0.1208593415550848
terms_abstract_tfidf__dose,0.0500937929362982
terms_abstract_tfidf__dot,-0.011868352814886669
terms_abstract_tfidf__double,-0.016401134145043687
terms_abstract_tfidf__double blind,-0.002849490748897329
terms_abstract_tfidf__drive,0.019865574073749604
terms_abstract_tfidf__driven,-0.015002824856856552
terms_abstract_tfidf__driving,0.07923581366133493
terms_abstract_tfidf__drug,0.06037160436671273
terms_abstract_tfidf__drugs,0.08676310032785162
terms_abstract_tfidf__dti,-0.01699700328288406
terms_abstract_tfidf__dual,0.015936053542605806
terms_abstract_tfidf__duration,0.03974021532561448
terms_abstract_tfidf__dynamic,0.03014612784447469
terms_abstract_tfidf__dynamic causal,0.07666567885274274
terms_abstract_tfidf__dynamically,0.09262446313839492
terms_abstract_tfidf__dynamics,0.0009671877443299145
terms_abstract_tfidf__dysfunction,0.0044484138474065295
terms_abstract_tfidf__dysfunctional,0.026226860359236288
terms_abstract_tfidf__dysfunctions,0.029560150209416644
terms_abstract_tfidf__dyslexia,0.003793589429689092
terms_abstract_tfidf__dysregulation,-0.018571909431716185
terms_abstract_tfidf__earlier,-0.007560476640782124
terms_abstract_tfidf__early,0.028471583437373136
terms_abstract_tfidf__early stage,0.12326979045588264
terms_abstract_tfidf__early stages,0.07783498025631479
terms_abstract_tfidf__early visual,-0.04712832348663761
terms_abstract_tfidf__easy,0.007015993229870639
terms_abstract_tfidf__eating,0.03169537926720944
terms_abstract_tfidf__echo,-0.044701370204281124
terms_abstract_tfidf__economic,-0.0022478832621600805
terms_abstract_tfidf__education,-0.0853827433374051
terms_abstract_tfidf__eeg,-0.0687867968098789
terms_abstract_tfidf__effect,0.005268011887419484
terms_abstract_tfidf__effective,0.004403188910001202
terms_abstract_tfidf__effective connectivity,0.05900277239550357
terms_abstract_tfidf__effectively,-0.020224084477528596
terms_abstract_tfidf__effects,0.031031100907629904
terms_abstract_tfidf__efficacy,0.06734610404893987
terms_abstract_tfidf__efficiency,-0.02113355911275922
terms_abstract_tfidf__efficient,0.0336053131278686
terms_abstract_tfidf__effort,0.04731641272063913
terms_abstract_tfidf__effortful,0.009876923630463169
terms_abstract_tfidf__eighteen,0.07733660721689439
terms_abstract_tfidf__elderly,-0.04373553330210666
terms_abstract_tfidf__electrical,0.0018975440880065967
terms_abstract_tfidf__electroencephalography,-0.09637794828654622
terms_abstract_tfidf__electroencephalography eeg,-0.08061112835847899
terms_abstract_tfidf__electrophysiological,0.010088233428026701
terms_abstract_tfidf__elements,-0.006154562523018576
terms_abstract_tfidf__elevated,0.03798636037159185
terms_abstract_tfidf__elicit,0.022543614931885468
terms_abstract_tfidf__elicited,0.024610676054121216
terms_abstract_tfidf__elicits,-0.04256852152854224
terms_abstract_tfidf__elucidate,0.005573347309362402
terms_abstract_tfidf__elucidated,-0.0383559237603437
terms_abstract_tfidf__elusive,0.023361069191524343
terms_abstract_tfidf__embedded,-0.06676067212262185
terms_abstract_tfidf__emerge,-0.0003193768306754251
terms_abstract_tfidf__emerged,-0.037114967507050296
terms_abstract_tfidf__emergence,0.014741377920768661
terms_abstract_tfidf__emerging,-0.0491952347251018
terms_abstract_tfidf__emission,-0.012270153512194465
terms_abstract_tfidf__emission tomography,-0.0013985624011134457
terms_abstract_tfidf__emotion,-0.043244497599651155
terms_abstract_tfidf__emotion regulation,-0.06717565829169446
terms_abstract_tfidf__emotional,-0.05308669198550985
terms_abstract_tfidf__emotional faces,0.022323699618555383
terms_abstract_tfidf__emotional information,0.01798434158154523
terms_abstract_tfidf__emotional responses,-0.04728572853455155
terms_abstract_tfidf__emotional stimuli,-0.04249968017766008
terms_abstract_tfidf__emotional valence,-0.04529217212008089
terms_abstract_tfidf__emotionally,-0.019533094643379576
terms_abstract_tfidf__emotions,-0.08443728178677697
terms_abstract_tfidf__empathic,-0.04717347617182344
terms_abstract_tfidf__empathy,-0.05057159007544299
terms_abstract_tfidf__emphasize,0.010085607365415828
terms_abstract_tfidf__empirical,0.018510008119677304
terms_abstract_tfidf__employed,-0.01653185445467357
terms_abstract_tfidf__employing,0.02590408339109747
terms_abstract_tfidf__enable,-0.0038971046017457324
terms_abstract_tfidf__enabled,0.013889852226385524
terms_abstract_tfidf__enables,-0.042336670933493754
terms_abstract_tfidf__encode,0.054822188781303766
terms_abstract_tfidf__encoded,0.0142000892841761
terms_abstract_tfidf__encoding,0.08544121038334064
terms_abstract_tfidf__encoding retrieval,0.08284527594277089
terms_abstract_tfidf__encompassing,-0.008698792199790112
terms_abstract_tfidf__end,0.012585541056014332
terms_abstract_tfidf__endogenous,0.024931411520886442
terms_abstract_tfidf__engage,0.013490055503673597
terms_abstract_tfidf__engaged,0.015441889410938828
terms_abstract_tfidf__engagement,0.05327273152901105
terms_abstract_tfidf__engages,0.035722828265038656
terms_abstract_tfidf__engaging,-0.012669540812781238
terms_abstract_tfidf__english,0.002400504130813378
terms_abstract_tfidf__enhance,0.015302736190487248
terms_abstract_tfidf__enhancement,0.03895695372602611
terms_abstract_tfidf__enhances,-0.007324846970109998
terms_abstract_tfidf__enhancing,0.12177526974351863
terms_abstract_tfidf__entire,0.04336605184257586
terms_abstract_tfidf__environment,0.01753705079662093
terms_abstract_tfidf__environmental,0.039349406410579005
terms_abstract_tfidf__environments,-0.014692278716505724
terms_abstract_tfidf__epilepsy,0.03543721584887529
terms_abstract_tfidf__episode,-0.048583864519035756
terms_abstract_tfidf__episodes,-0.020120825575678153
terms_abstract_tfidf__episodic,-0.039823365699505966
terms_abstract_tfidf__episodic memory,-0.027809868102758588
terms_abstract_tfidf__equal,0.08158755743753743
terms_abstract_tfidf__equally,0.08116543435931584
terms_abstract_tfidf__equivalent,0.052471354862651275
terms_abstract_tfidf__erp,0.03738949321408134
terms_abstract_tfidf__error,0.08669383129893297
terms_abstract_tfidf__errors,0.09512055419551786
terms_abstract_tfidf__especially,0.008598886653006526
terms_abstract_tfidf__essential,-0.03226298580226486
terms_abstract_tfidf__establish,0.006979473537687313
terms_abstract_tfidf__established,-0.013084318008845788
terms_abstract_tfidf__estimate,-0.01686684362103298
terms_abstract_tfidf__estimated,-0.05423603165074071
terms_abstract_tfidf__estimates,-0.015433147439819961
terms_abstract_tfidf__estimation,0.016500681848336276
terms_abstract_tfidf__et,-0.021551187756335227
terms_abstract_tfidf__et al,-0.03516592726598636
terms_abstract_tfidf__evaluate,-0.07730097322970499
terms_abstract_tfidf__evaluated,-0.07364686119875505
terms_abstract_tfidf__evaluating,-0.05124847949124692
terms_abstract_tfidf__evaluation,-0.1032929045946416
terms_abstract_tfidf__evaluations,-0.14787573945835783
terms_abstract_tfidf__event,0.1027394298096968
terms_abstract_tfidf__event design,0.024766850825676895
terms_abstract_tfidf__event functional,0.1344981111865152
terms_abstract_tfidf__event potential,0.00636088099404138
terms_abstract_tfidf__event potentials,0.014535294347726973
terms_abstract_tfidf__events,-0.02370315687706443
terms_abstract_tfidf__everyday,-0.03374553966574919
terms_abstract_tfidf__everyday life,0.002017971334194425
terms_abstract_tfidf__evidence,0.10942004787040446
terms_abstract_tfidf__evidence suggests,-0.01430897329246583
terms_abstract_tfidf__evidenced,-0.012219016030537502
terms_abstract_tfidf__evident,-0.024373011118183137
terms_abstract_tfidf__evoke,0.017265894174560426
terms_abstract_tfidf__evoked,-0.019553137213351876
terms_abstract_tfidf__evolution,0.03571072754862602
terms_abstract_tfidf__exact,0.01537536128518133
terms_abstract_tfidf__examination,-0.07725365870192011
terms_abstract_tfidf__examining,-0.03150876580157989
terms_abstract_tfidf__example,-0.050038666058421236
terms_abstract_tfidf__excessive,-0.0044244221232305325
terms_abstract_tfidf__exclusively,-0.037513808729297896
terms_abstract_tfidf__executed,-0.014710714180223962
terms_abstract_tfidf__execution,0.019783812429384335
terms_abstract_tfidf__executive,0.03846048158122723
terms_abstract_tfidf__executive control,-0.009837471518570427
terms_abstract_tfidf__executive function,0.04642831587963723
terms_abstract_tfidf__executive functions,0.06272351837411476
terms_abstract_tfidf__exert,0.005390554458353757
terms_abstract_tfidf__exhibit,-0.055052623365828814
terms_abstract_tfidf__exhibited,-0.0014498757039958818
terms_abstract_tfidf__exhibited greater,0.051337001001377607
terms_abstract_tfidf__exhibiting,-0.05760533242201118
terms_abstract_tfidf__exist,0.004298089356378478
terms_abstract_tfidf__existence,0.02826516333634553
terms_abstract_tfidf__existing,-0.00813235080520531
terms_abstract_tfidf__exists,-0.00749712027020731
terms_abstract_tfidf__expectancy,0.07657879664775759
terms_abstract_tfidf__expectation,0.07036340182189067
terms_abstract_tfidf__expectations,-0.026919387758910476
terms_abstract_tfidf__expected,0.05949309272662688
terms_abstract_tfidf__experience,-0.02050275339956932
terms_abstract_tfidf__experienced,-0.007169898005542179
terms_abstract_tfidf__experiences,-0.0472247694514227
terms_abstract_tfidf__experiencing,-0.029643541013198525
terms_abstract_tfidf__experiment,0.03609112592879689
terms_abstract_tfidf__experimental,0.0012360988018505943
terms_abstract_tfidf__experimental conditions,-0.0923675022494293
terms_abstract_tfidf__experimentally,-0.05939108665505513
terms_abstract_tfidf__experiments,0.019835097752317465
terms_abstract_tfidf__expertise,-0.017138551097953526
terms_abstract_tfidf__explain,-0.0205418320073727
terms_abstract_tfidf__explained,-0.02379677007236749
terms_abstract_tfidf__explanation,0.0014098075363612864
terms_abstract_tfidf__explicit,-0.06695768544276788
terms_abstract_tfidf__explicitly,-0.046495824807332546
terms_abstract_tfidf__exploration,0.025919037843267462
terms_abstract_tfidf__exploratory,-0.037523571042782346
terms_abstract_tfidf__explore,-0.09750115902114291
terms_abstract_tfidf__explored,-0.07082418941211603
terms_abstract_tfidf__exploring,0.019055604324057337
terms_abstract_tfidf__exposed,-0.00533245322111632
terms_abstract_tfidf__exposure,-0.04458619492966141
terms_abstract_tfidf__expressed,-0.031569960656035304
terms_abstract_tfidf__expression,0.049076869880199
terms_abstract_tfidf__expressions,0.029858847152034473
terms_abstract_tfidf__extend,-0.029902903017536613
terms_abstract_tfidf__extended,0.003759391741512754
terms_abstract_tfidf__extending,-0.0459230406397589
terms_abstract_tfidf__extends,-0.027284423087224317
terms_abstract_tfidf__extension,-0.04588430965586371
terms_abstract_tfidf__extensive,-0.012256358844781904
terms_abstract_tfidf__extensively,-0.024176801415158503
terms_abstract_tfidf__extent,0.02873243827063579
terms_abstract_tfidf__external,-0.043470233201091134
terms_abstract_tfidf__externally,-0.019413053286233342
terms_abstract_tfidf__extinction,0.04190456203185111
terms_abstract_tfidf__extra,0.06052561034094523
terms_abstract_tfidf__extract,-0.008204467374105422
terms_abstract_tfidf__extracted,-0.03877685960292592
terms_abstract_tfidf__extrastriate,0.026849092282970336
terms_abstract_tfidf__eye,0.031181373113765724
terms_abstract_tfidf__eye field,-0.00429319111274106
terms_abstract_tfidf__eye fields,0.029565829702969774
terms_abstract_tfidf__eye movement,0.005661545545786047
terms_abstract_tfidf__eye movements,0.04097568869213493
terms_abstract_tfidf__eyes,-0.06329042161065541
terms_abstract_tfidf__fa,-0.02010486043105185
terms_abstract_tfidf__face,0.04904314024399383
terms_abstract_tfidf__face ffa,0.025010095954268886
terms_abstract_tfidf__face recognition,0.01913270650825679
terms_abstract_tfidf__faces,0.0367650678335169
terms_abstract_tfidf__facial,0.015126712335175768
terms_abstract_tfidf__facial expression,0.01941943390356476
terms_abstract_tfidf__facial expressions,0.02462970656732789
terms_abstract_tfidf__facilitate,-0.02983046223681356
terms_abstract_tfidf__facilitated,-0.03585890064064994
terms_abstract_tfidf__facilitates,-0.007482550002845041
terms_abstract_tfidf__facilitation,0.04279745300214061
terms_abstract_tfidf__fact,-0.06765038505187532
terms_abstract_tfidf__factor,0.02164098196069309
terms_abstract_tfidf__factorial,0.008624087212346799
terms_abstract_tfidf__factorial design,-0.02437031400472329
terms_abstract_tfidf__factors,0.03138700054491338
terms_abstract_tfidf__failed,0.06469406025340628
terms_abstract_tfidf__failure,0.035870979762707964
terms_abstract_tfidf__false,-0.017535154798843926
terms_abstract_tfidf__familiar,0.033023583745242474
terms_abstract_tfidf__familiarity,-0.011329884862079953
terms_abstract_tfidf__family,-0.017489668968068455
terms_abstract_tfidf__far,-0.033137634490209934
terms_abstract_tfidf__fasciculus,0.011448825216524926
terms_abstract_tfidf__fashion,0.02909856592250782
terms_abstract_tfidf__fast,-0.0011888676283712532
terms_abstract_tfidf__faster,0.05316408397772687
terms_abstract_tfidf__fc,-0.06216194311686641
terms_abstract_tfidf__fear,0.01653710253559542
terms_abstract_tfidf__fearful,0.017847143461254062
terms_abstract_tfidf__fearful faces,0.0057948889780896
terms_abstract_tfidf__feature,0.01704715272793432
terms_abstract_tfidf__features,-0.027768912923085885
terms_abstract_tfidf__feedback,0.10756539711311328
terms_abstract_tfidf__feeling,-0.06659525599435727
terms_abstract_tfidf__feelings,-0.04283459276533184
terms_abstract_tfidf__female,-0.028055671432975215
terms_abstract_tfidf__females,-0.008405892842081151
terms_abstract_tfidf__fewer,0.01324289536625015
terms_abstract_tfidf__ffa,0.0373143195578629
terms_abstract_tfidf__fiber,-0.023576952706871317
terms_abstract_tfidf__field,-0.042817602162316885
terms_abstract_tfidf__fields,0.013039220920084717
terms_abstract_tfidf__final,-0.0222958364845268
terms_abstract_tfidf__finally,0.04343449738554436
terms_abstract_tfidf__fine,0.02469146921023694
terms_abstract_tfidf__finger,-0.004701057887541193
terms_abstract_tfidf__finger movements,-0.020591617943085366
terms_abstract_tfidf__finger tapping,0.00982049388166908
terms_abstract_tfidf__fixation,0.02163736439303906
terms_abstract_tfidf__fixed,0.020183123976462523
terms_abstract_tfidf__flexibility,0.02718593473572595
terms_abstract_tfidf__flexible,0.05444515048853588
terms_abstract_tfidf__flexibly,0.057100234571805436
terms_abstract_tfidf__flow,-0.07363787505156989
terms_abstract_tfidf__fluctuation,-0.09833861290026455
terms_abstract_tfidf__fluctuations,-0.09209422745829487
terms_abstract_tfidf__fluency,-0.004173269429232087
terms_abstract_tfidf__focal,-0.06162861726174
terms_abstract_tfidf__foci,-0.0395134068360888
terms_abstract_tfidf__focus,-0.03470417294434227
terms_abstract_tfidf__focused,-0.03142287749050557
terms_abstract_tfidf__focusing,0.032796657027020545
terms_abstract_tfidf__follow,-0.0341383668800726
terms_abstract_tfidf__followed,0.021048581241515082
terms_abstract_tfidf__following,0.08424344884304297
terms_abstract_tfidf__food,0.0398824406998797
terms_abstract_tfidf__foot,-0.02505889265537002
terms_abstract_tfidf__force,0.005010560511083327
terms_abstract_tfidf__form,-0.0005746862171097361
terms_abstract_tfidf__formation,0.07670933294334488
terms_abstract_tfidf__formed,-0.008992716610928996
terms_abstract_tfidf__forms,0.04809835407275879
terms_abstract_tfidf__forward,0.012437142583244746
terms_abstract_tfidf__fourteen,0.018578937077801987
terms_abstract_tfidf__fractional,-0.04302413446296926
terms_abstract_tfidf__fractional anisotropy,-0.013210053607623609
terms_abstract_tfidf__framework,-0.03424787034024512
terms_abstract_tfidf__free,-0.07300467970546713
terms_abstract_tfidf__frequencies,-0.05805578441235841
terms_abstract_tfidf__frequency,-0.08854575147191283
terms_abstract_tfidf__frequency fluctuations,-0.06632613851886145
terms_abstract_tfidf__frequent,-0.010160601560037974
terms_abstract_tfidf__frequently,0.013782709978230546
terms_abstract_tfidf__frontal,0.022525417413054607
terms_abstract_tfidf__frontal cortex,0.08115081554158872
terms_abstract_tfidf__frontal cortices,0.0012822358376647692
terms_abstract_tfidf__frontal eye,0.016913743347956627
terms_abstract_tfidf__frontal gyri,-0.02738535415830062
terms_abstract_tfidf__frontal gyrus,-0.00824564307641566
terms_abstract_tfidf__frontal lobe,-0.0446712104876753
terms_abstract_tfidf__frontal lobes,0.09812502958338547
terms_abstract_tfidf__frontal operculum,0.06372751400260297
terms_abstract_tfidf__frontal parietal,0.02639355307767008
terms_abstract_tfidf__frontal temporal,-0.028386033732980015
terms_abstract_tfidf__fronto,0.08030954309318004
terms_abstract_tfidf__fronto parietal,0.0350964837370834
terms_abstract_tfidf__fronto striatal,0.16742426681706382
terms_abstract_tfidf__fronto temporal,-0.034344166458442967
terms_abstract_tfidf__frontoparietal,0.06740467841321356
terms_abstract_tfidf__frontoparietal network,0.07744292726590221
terms_abstract_tfidf__frontopolar,-0.07440375737680001
terms_abstract_tfidf__frontotemporal,0.013398330734325847
terms_abstract_tfidf__fully,0.0114907639143423
terms_abstract_tfidf__function,-0.014140652176327486
terms_abstract_tfidf__functional abnormalities,-0.000514679339319083
terms_abstract_tfidf__functional connections,-0.008112937988124147
terms_abstract_tfidf__functional connectivity,-0.122379161519246
terms_abstract_tfidf__functional coupling,-0.0035864419460047182
terms_abstract_tfidf__functional magnetic,0.14447691143095184
terms_abstract_tfidf__functional network,-0.03389203321964727
terms_abstract_tfidf__functional networks,-0.12271436596609214
terms_abstract_tfidf__functional neuroanatomy,0.05913162667417256
terms_abstract_tfidf__functional organization,-0.05440253439342865
terms_abstract_tfidf__functional role,0.07111009228500931
terms_abstract_tfidf__functional structural,0.0683285092848598
terms_abstract_tfidf__functionally,-0.08541039052780885
terms_abstract_tfidf__functionally connected,-0.02075266003387036
terms_abstract_tfidf__functioning,-0.10351614077599408
terms_abstract_tfidf__functions,0.006047561444735794
terms_abstract_tfidf__fundamental,0.030236962787348748
terms_abstract_tfidf__furthermore,-0.007249610886206126
terms_abstract_tfidf__fusiform,0.043560414174492926
terms_abstract_tfidf__fusiform face,0.043931363235038615
terms_abstract_tfidf__fusiform gyri,0.014851484233348268
terms_abstract_tfidf__fusiform gyrus,0.06236339214337885
terms_abstract_tfidf__future,-0.10845205798973037
terms_abstract_tfidf__gain,0.10475694833832529
terms_abstract_tfidf__gains,0.13051907193584747
terms_abstract_tfidf__gambling,-0.01768428104926201
terms_abstract_tfidf__game,0.02727362629415205
terms_abstract_tfidf__gamma,-0.040314059148629344
terms_abstract_tfidf__ganglia,0.20839953743777145
terms_abstract_tfidf__gap,-0.020824623050016266
terms_abstract_tfidf__gaze,-0.013630406352329398
terms_abstract_tfidf__gender,-0.09644151910589074
terms_abstract_tfidf__gene,0.03251048962421289
terms_abstract_tfidf__general,0.08022118573108264
terms_abstract_tfidf__general linear,-0.026130224721501904
terms_abstract_tfidf__generalized,-0.03564765067086833
terms_abstract_tfidf__generally,0.037264357141361955
terms_abstract_tfidf__generate,-0.07883637550812048
terms_abstract_tfidf__generated,0.0237836069998517
terms_abstract_tfidf__generating,-0.016567074855827958
terms_abstract_tfidf__generation,0.02237124699404422
terms_abstract_tfidf__genes,-0.029515832599752864
terms_abstract_tfidf__genetic,-0.004813925475497535
terms_abstract_tfidf__genetic risk,0.0067339350125351196
terms_abstract_tfidf__genotype,0.0637046311250398
terms_abstract_tfidf__german,0.004528792160199916
terms_abstract_tfidf__gestures,0.008593512350864444
terms_abstract_tfidf__given,0.03553827890596403
terms_abstract_tfidf__global,-0.07694532703645851
terms_abstract_tfidf__globus,0.10491276044259239
terms_abstract_tfidf__globus pallidus,0.10522960649662781
terms_abstract_tfidf__gm,-0.012394804689456458
terms_abstract_tfidf__gm volume,-0.013866339016211326
terms_abstract_tfidf__goal,-0.03158110082782141
terms_abstract_tfidf__goal directed,-0.004878493540626642
terms_abstract_tfidf__goals,-0.014348167425898822
terms_abstract_tfidf__good,-0.05634737972491193
terms_abstract_tfidf__gradient,-0.04269098916916935
terms_abstract_tfidf__granger,-0.049973397618275635
terms_abstract_tfidf__graph,-0.06329903629869024
terms_abstract_tfidf__grasping,-0.02798341409751722
terms_abstract_tfidf__gray,-0.039763855373256767
terms_abstract_tfidf__gray matter,-0.05031790888204162
terms_abstract_tfidf__great,-0.08806464908114975
terms_abstract_tfidf__greater,0.08686548925645861
terms_abstract_tfidf__greater extent,0.056606782810431557
terms_abstract_tfidf__greatest,-0.042803061632211196
terms_abstract_tfidf__grey,0.0029851986564279026
terms_abstract_tfidf__grey matter,-0.008261640234172543
terms_abstract_tfidf__group,-0.051027327577430524
terms_abstract_tfidf__group comparisons,0.06479336911290719
terms_abstract_tfidf__group healthy,-0.06311627072036957
terms_abstract_tfidf__group level,-0.03127087785520023
terms_abstract_tfidf__groups,-0.08771692140269138
terms_abstract_tfidf__growing,0.00678042181633318
terms_abstract_tfidf__guide,0.029540658248293213
terms_abstract_tfidf__guided,-0.008544701819905463
terms_abstract_tfidf__gyri,-0.07201097915358026
terms_abstract_tfidf__gyrus,-0.026226542249758945
terms_abstract_tfidf__gyrus anterior,-0.011081507885088345
terms_abstract_tfidf__gyrus ba,0.016429863407814407
terms_abstract_tfidf__gyrus cerebellum,-0.11074717950301424
terms_abstract_tfidf__gyrus ifg,0.03171826836839325
terms_abstract_tfidf__gyrus inferior,-0.014871854970373983
terms_abstract_tfidf__gyrus insula,0.017736177965060333
terms_abstract_tfidf__gyrus medial,-0.06661387948668655
terms_abstract_tfidf__gyrus mfg,0.023048184282293493
terms_abstract_tfidf__gyrus middle,-0.046883145705452434
terms_abstract_tfidf__gyrus posterior,-0.08176222974096976
terms_abstract_tfidf__gyrus precuneus,-0.10361403069252284
terms_abstract_tfidf__gyrus stg,-0.008767042818997674
terms_abstract_tfidf__gyrus superior,-0.004998589670567641
terms_abstract_tfidf__half,0.018436189796070767
terms_abstract_tfidf__hand,-0.018995130511471347
terms_abstract_tfidf__hand movements,-0.03194022695111393
terms_abstract_tfidf__handed,0.021681464914962374
terms_abstract_tfidf__handedness,-0.03505294056897143
terms_abstract_tfidf__hands,-0.020384117103667308
terms_abstract_tfidf__happy,-0.021487332584553234
terms_abstract_tfidf__happy faces,-0.04987309604635896
terms_abstract_tfidf__having,0.0631273916886239
terms_abstract_tfidf__hc,-0.061092319021750115
terms_abstract_tfidf__hcs,-0.06625579880762311
terms_abstract_tfidf__head,0.013339244944579552
terms_abstract_tfidf__health,-0.05965968365640969
terms_abstract_tfidf__healthy,0.0006502220868358704
terms_abstract_tfidf__healthy adults,0.060780378567529825
terms_abstract_tfidf__healthy control,0.016569794222062974
terms_abstract_tfidf__healthy controls,-0.06996763500820635
terms_abstract_tfidf__healthy handed,-0.04069309714955732
terms_abstract_tfidf__healthy human,0.052566716961946654
terms_abstract_tfidf__healthy individuals,-0.014025210772427932
terms_abstract_tfidf__healthy male,0.04638550101715872
terms_abstract_tfidf__healthy volunteers,0.05206067672209145
terms_abstract_tfidf__healthy young,0.014333921182629324
terms_abstract_tfidf__heard,0.00959216760263049
terms_abstract_tfidf__hearing,0.056673980846937796
terms_abstract_tfidf__heart,-0.034906117116644236
terms_abstract_tfidf__heart rate,-0.02074007932163798
terms_abstract_tfidf__heightened,0.05485959567525218
terms_abstract_tfidf__held,-0.011083989113545677
terms_abstract_tfidf__help,-0.04036740001696254
terms_abstract_tfidf__hemisphere,0.0325130978170776
terms_abstract_tfidf__hemispheres,0.029957312955303333
terms_abstract_tfidf__hemispheric,0.03267349048220372
terms_abstract_tfidf__hemodynamic,0.025910068604763716
terms_abstract_tfidf__hemodynamic response,0.03225564299212123
terms_abstract_tfidf__hemodynamic responses,-0.02315212348364308
terms_abstract_tfidf__heschl,0.008287456802614246
terms_abstract_tfidf__heschl gyrus,0.005959181264762996
terms_abstract_tfidf__heterogeneity,-0.012016949424585198
terms_abstract_tfidf__heterogeneous,0.012701145314743938
terms_abstract_tfidf__hierarchical,-0.04113803529299948
terms_abstract_tfidf__hierarchy,0.06703626393871139
terms_abstract_tfidf__high,-0.03642482465073516
terms_abstract_tfidf__high frequency,-0.050286982112928605
terms_abstract_tfidf__high functioning,-0.06726653180748014
terms_abstract_tfidf__high level,-0.020825598683102728
terms_abstract_tfidf__high low,-0.03927376638556716
terms_abstract_tfidf__high resolution,-0.050521179533859144
terms_abstract_tfidf__high risk,-0.01965853234418879
terms_abstract_tfidf__higher,-0.020199151594409135
terms_abstract_tfidf__higher level,-0.04433120003615664
terms_abstract_tfidf__higher levels,0.015905431902875355
terms_abstract_tfidf__higher order,0.04335277786924645
terms_abstract_tfidf__highest,-0.030666074596055144
terms_abstract_tfidf__highlight,-0.040868902248231385
terms_abstract_tfidf__highlighted,0.04203685006320081
terms_abstract_tfidf__highlights,-0.041348326509120154
terms_abstract_tfidf__highly,-0.054815640394775
terms_abstract_tfidf__hippocampal,0.06159777845128852
terms_abstract_tfidf__hippocampus,0.057426009629953145
terms_abstract_tfidf__history,0.011380418965399498
terms_abstract_tfidf__hoc,-0.043923413002638176
terms_abstract_tfidf__homogeneity,-0.11578716788204992
terms_abstract_tfidf__homogeneity reho,-0.12533580221666799
terms_abstract_tfidf__hub,-0.04489761727493912
terms_abstract_tfidf__hubs,-0.1007005531158078
terms_abstract_tfidf__hum,-0.012776646610278644
terms_abstract_tfidf__hum mapp,-0.01696964062823281
terms_abstract_tfidf__human,0.04840964789103161
terms_abstract_tfidf__humans,0.10904945988191511
terms_abstract_tfidf__hyperactivation,0.07197223187654703
terms_abstract_tfidf__hyperactivity,-0.002214462343050835
terms_abstract_tfidf__hyperactivity disorder,-0.011859042216053793
terms_abstract_tfidf__hypoactivation,0.07243858415254081
terms_abstract_tfidf__hypothalamus,0.06488384225367573
terms_abstract_tfidf__hypotheses,-0.04425085121634684
terms_abstract_tfidf__hypothesize,0.013274821338552395
terms_abstract_tfidf__hypothesized,-0.005825570740535512
terms_abstract_tfidf__hz,-0.023415765228150677
terms_abstract_tfidf__ica,-0.12385730023898783
terms_abstract_tfidf__idea,-0.010323166559830114
terms_abstract_tfidf__identical,0.006602259746142026
terms_abstract_tfidf__identification,0.019490734489860145
terms_abstract_tfidf__identified,-0.03378834729933403
terms_abstract_tfidf__identify,-0.05816202397418196
terms_abstract_tfidf__identifying,-0.07820826969820946
terms_abstract_tfidf__identity,0.05262879490567168
terms_abstract_tfidf__ifg,0.017329125425519107
terms_abstract_tfidf__ii,-0.042152309587869495
terms_abstract_tfidf__iii,-0.009999677185080975
terms_abstract_tfidf__illness,-0.06434619090241643
terms_abstract_tfidf__illusion,5.709815366185322e-05
terms_abstract_tfidf__illustrate,-0.0058855778482844465
terms_abstract_tfidf__image,-0.060513737218001275
terms_abstract_tfidf__imagery,-0.010281074785668098
terms_abstract_tfidf__images,-0.01666007992770389
terms_abstract_tfidf__images acquired,-0.024377959866562673
terms_abstract_tfidf__imagine,-0.025996619856114865
terms_abstract_tfidf__imagined,-0.06246910159562284
terms_abstract_tfidf__imitation,-0.01326591732594681
terms_abstract_tfidf__immediate,0.03954600552384491
terms_abstract_tfidf__immediately,-0.0012721513750436017
terms_abstract_tfidf__impact,0.025345840193628955
terms_abstract_tfidf__impacts,0.03660627376241828
terms_abstract_tfidf__impaired,-0.06902752560754305
terms_abstract_tfidf__impairment,-0.041032937385407704
terms_abstract_tfidf__impairments,-0.07191290100462039
terms_abstract_tfidf__implementation,0.06819838980623841
terms_abstract_tfidf__implemented,0.024540343405350905
terms_abstract_tfidf__implicate,0.016468258554953718
terms_abstract_tfidf__implicated,0.009477676048217993
terms_abstract_tfidf__implications,0.005429086385806651
terms_abstract_tfidf__implications understanding,-0.044295451834319925
terms_abstract_tfidf__implicit,-0.12152391380434038
terms_abstract_tfidf__imply,0.024300283515486052
terms_abstract_tfidf__importance,-0.005616962109291771
terms_abstract_tfidf__important,0.006231184493067386
terms_abstract_tfidf__important role,0.012590475261210472
terms_abstract_tfidf__importantly,-0.008618723534469203
terms_abstract_tfidf__improve,-0.02988567373191287
terms_abstract_tfidf__improved,-0.025975426900484825
terms_abstract_tfidf__improvement,-0.026015182364016606
terms_abstract_tfidf__improvements,-0.03510707544640926
terms_abstract_tfidf__improves,-0.030707382253070292
terms_abstract_tfidf__impulsive,0.01838880315584164
terms_abstract_tfidf__impulsivity,0.030911407378171257
terms_abstract_tfidf__incentive,0.1631178674458952
terms_abstract_tfidf__incentive delay,0.15482099702915314
terms_abstract_tfidf__incidental,-0.053383538518062115
terms_abstract_tfidf__include,-0.013629502540412026
terms_abstract_tfidf__included,0.037516309317880414
terms_abstract_tfidf__includes,0.03493543983102019
terms_abstract_tfidf__incongruent,0.03835679591032039
terms_abstract_tfidf__inconsistent,0.019727725379474984
terms_abstract_tfidf__incorrect,0.03400946112142727
terms_abstract_tfidf__increases,0.019486005251676847
terms_abstract_tfidf__increasing,0.07605670610621436
terms_abstract_tfidf__increasingly,-0.0034363802650169213
terms_abstract_tfidf__independent,-0.11495399991768561
terms_abstract_tfidf__independent component,-0.1242125911129413
terms_abstract_tfidf__independently,0.002197055250789006
terms_abstract_tfidf__index,-0.038349815217043746
terms_abstract_tfidf__index finger,-0.029859129047333715
terms_abstract_tfidf__indexed,-0.026015377068875353
terms_abstract_tfidf__indicate,0.012902486263497354
terms_abstract_tfidf__indicated,0.022854980498532008
terms_abstract_tfidf__indicates,0.03519246969506558
terms_abstract_tfidf__indicating,0.07184704737446124
terms_abstract_tfidf__indices,-0.016463961027993388
terms_abstract_tfidf__indirect,0.026747127848621034
terms_abstract_tfidf__individual,-0.031918116442265804
terms_abstract_tfidf__individual variability,0.05460169942773493
terms_abstract_tfidf__individually,0.004724891275655067
terms_abstract_tfidf__individuals,-0.09401322844745803
terms_abstract_tfidf__induce,-0.000771809026874727
terms_abstract_tfidf__induced,0.0024908947423009824
terms_abstract_tfidf__induces,-0.02506975996152404
terms_abstract_tfidf__inducing,-0.004436080254063354
terms_abstract_tfidf__induction,0.004148380700183954
terms_abstract_tfidf__infer,-0.062384668814893775
terms_abstract_tfidf__inference,-0.14152880462738535
terms_abstract_tfidf__inferences,-0.11273469519643843
terms_abstract_tfidf__inferior,0.04212511098723496
terms_abstract_tfidf__inferior frontal,0.0613305926290358
terms_abstract_tfidf__inferior middle,0.030014174126570602
terms_abstract_tfidf__inferior occipital,-0.01151918968802987
terms_abstract_tfidf__inferior parietal,-0.021244248417664327
terms_abstract_tfidf__inferior prefrontal,0.04572528354721276
terms_abstract_tfidf__inferior superior,0.009932653571979918
terms_abstract_tfidf__inferior temporal,0.0688736663495489
terms_abstract_tfidf__influence,0.046931823299035336
terms_abstract_tfidf__influenced,-0.038663067056173644
terms_abstract_tfidf__influences,0.005139860237744439
terms_abstract_tfidf__inform,-0.07924947630698441
terms_abstract_tfidf__information,0.009627211757239155
terms_abstract_tfidf__inhibit,0.07205137220320325
terms_abstract_tfidf__inhibition,0.0788026768504243
terms_abstract_tfidf__inhibitory,0.013689417402990837
terms_abstract_tfidf__inhibitory control,0.024893493572233964
terms_abstract_tfidf__initial,0.013804053753665831
terms_abstract_tfidf__initially,-0.02472078231789216
terms_abstract_tfidf__initiation,-0.03842142435195205
terms_abstract_tfidf__injury,-0.04344405787670748
terms_abstract_tfidf__input,0.04485045356390521
terms_abstract_tfidf__inputs,0.029700744382190395
terms_abstract_tfidf__insight,-0.04224691672124304
terms_abstract_tfidf__insights,-0.04560538263606079
terms_abstract_tfidf__instead,-0.01310589164618178
terms_abstract_tfidf__instructed,-0.01351984546941945
terms_abstract_tfidf__instruction,0.015330492319532374
terms_abstract_tfidf__instructions,-0.052094310444197225
terms_abstract_tfidf__insula,0.07547331186750927
terms_abstract_tfidf__insula anterior,0.10316065403211817
terms_abstract_tfidf__insula inferior,0.038684705363767884
terms_abstract_tfidf__insular,0.049001182391648176
terms_abstract_tfidf__insular cortex,0.07216817903831
terms_abstract_tfidf__intact,0.001827008572251562
terms_abstract_tfidf__integrate,0.10770161434711382
terms_abstract_tfidf__integrated,-0.011139327822201221
terms_abstract_tfidf__integrating,-0.015727077635116254
terms_abstract_tfidf__integration,-0.030425475874169078
terms_abstract_tfidf__integrative,-0.029136483870540093
terms_abstract_tfidf__integrity,-0.08535758694378402
terms_abstract_tfidf__intelligence,-0.06492241062555086
terms_abstract_tfidf__intense,0.023546238347659735
terms_abstract_tfidf__intensity,0.032826577025720206
terms_abstract_tfidf__intention,-0.1593165147795011
terms_abstract_tfidf__intentional,-0.0967256686444382
terms_abstract_tfidf__intentions,-0.11596393100885692
terms_abstract_tfidf__inter,-0.09763888996388231
terms_abstract_tfidf__inter individual,-0.004227086162661346
terms_abstract_tfidf__interact,0.013317007122251813
terms_abstract_tfidf__interacting,0.020406640038934366
terms_abstract_tfidf__interaction,0.004848491015564528
terms_abstract_tfidf__interactions,-0.02474398151185654
terms_abstract_tfidf__interactive,-0.038267253433440104
terms_abstract_tfidf__interacts,-0.012463304284611162
terms_abstract_tfidf__interestingly,0.05065890798777429
terms_abstract_tfidf__interference,0.07838397389341949
terms_abstract_tfidf__interhemispheric,-0.07012910821041274
terms_abstract_tfidf__intermediate,0.0022268783826178444
terms_abstract_tfidf__internal,-0.07036254153805122
terms_abstract_tfidf__internally,-0.03686379850090603
terms_abstract_tfidf__interoceptive,-0.018038226034250607
terms_abstract_tfidf__interpersonal,-0.07677798268986404
terms_abstract_tfidf__interplay,0.04093111845655146
terms_abstract_tfidf__interpret,-0.008403136627588736
terms_abstract_tfidf__interpretation,-0.007617749335134875
terms_abstract_tfidf__interpreted,-0.033552582027964156
terms_abstract_tfidf__interval,0.021782165798903307
terms_abstract_tfidf__intervals,-8.466062631880943e-05
terms_abstract_tfidf__intervention,0.01572698564622533
terms_abstract_tfidf__interventions,-0.05790934868494541
terms_abstract_tfidf__intra,-0.046195291277064454
terms_abstract_tfidf__intraparietal,0.03723380300053677
terms_abstract_tfidf__intraparietal sulcus,0.04191418401628799
terms_abstract_tfidf__intrinsic,-0.13478792569721273
terms_abstract_tfidf__intrinsic functional,-0.10305803732871269
terms_abstract_tfidf__introduced,-0.0188126347674264
terms_abstract_tfidf__introduction,-0.04911017798604541
terms_abstract_tfidf__invariant,0.019844621303416812
terms_abstract_tfidf__invasive,-0.013132258071440575
terms_abstract_tfidf__inventory,-0.0691471175555002
terms_abstract_tfidf__inverse,-0.03366945234345894
terms_abstract_tfidf__inversely,-0.02055970339218016
terms_abstract_tfidf__investigates,0.06193935823968371
terms_abstract_tfidf__investigating,-0.03746677125098988
terms_abstract_tfidf__investigation,-0.07775730470306827
terms_abstract_tfidf__investigations,-0.028126794884524308
terms_abstract_tfidf__involve,0.017212465467472043
terms_abstract_tfidf__involved,0.05406313709471398
terms_abstract_tfidf__involved cognitive,-0.00044470665940826997
terms_abstract_tfidf__involvement,0.1367752755886153
terms_abstract_tfidf__involves,0.019541118596628746
terms_abstract_tfidf__involving,0.04361845327365266
terms_abstract_tfidf__ipl,-0.005502582021341489
terms_abstract_tfidf__ips,0.05049803113127711
terms_abstract_tfidf__ipsilateral,-0.020103142409992437
terms_abstract_tfidf__iq,-0.052918006100109764
terms_abstract_tfidf__irrelevant,0.08175667139083917
terms_abstract_tfidf__irrespective,-0.0023124591378872942
terms_abstract_tfidf__isolate,-0.00953702224079124
terms_abstract_tfidf__isolated,0.0061113351892734934
terms_abstract_tfidf__issue,-0.029551796166989025
terms_abstract_tfidf__issues,-0.02105800651651314
terms_abstract_tfidf__item,0.033742872300767675
terms_abstract_tfidf__items,0.05757899794982879
terms_abstract_tfidf__iv,-0.02915915466972365
terms_abstract_tfidf__joint,-0.018333687167284292
terms_abstract_tfidf__judge,-0.06475541328188908
terms_abstract_tfidf__judged,-0.000565679362622507
terms_abstract_tfidf__judgment,-0.05420316250318388
terms_abstract_tfidf__judgment task,-0.022500262779360753
terms_abstract_tfidf__judgments,-0.07924296255463274
terms_abstract_tfidf__junction,-0.11064198938729537
terms_abstract_tfidf__junction tpj,-0.09616738534677025
terms_abstract_tfidf__just,-0.01177611619531935
terms_abstract_tfidf__key,-0.05479426187558907
terms_abstract_tfidf__key role,-0.04210231852497254
terms_abstract_tfidf__kinds,0.037465409643620835
terms_abstract_tfidf__know,-0.03476019725391326
terms_abstract_tfidf__knowledge,-0.04508777938895307
terms_abstract_tfidf__known,0.02101227612202784
terms_abstract_tfidf__known involved,-0.012143273364221701
terms_abstract_tfidf__labeling,-0.03577281838242789
terms_abstract_tfidf__laboratory,-0.009393091572440523
terms_abstract_tfidf__lack,0.006844342954509297
terms_abstract_tfidf__lacking,0.035264388397720704
terms_abstract_tfidf__language,0.011846253166865914
terms_abstract_tfidf__language comprehension,-0.05157344052102297
terms_abstract_tfidf__language network,0.024527126895653825
terms_abstract_tfidf__languages,0.039291718714680186
terms_abstract_tfidf__large,-0.014171736037854777
terms_abstract_tfidf__large sample,0.013009470851574395
terms_abstract_tfidf__large scale,0.01041989387033569
terms_abstract_tfidf__largely,-0.030881962609443824
terms_abstract_tfidf__largely unknown,-0.03729481298728253
terms_abstract_tfidf__larger,0.07502861772380165
terms_abstract_tfidf__late,0.0047805011062732015
terms_abstract_tfidf__latencies,0.020863952105936202
terms_abstract_tfidf__latency,0.011871769349994883
terms_abstract_tfidf__later,0.0252685351347316
terms_abstract_tfidf__lateral,-0.016444578432802927
terms_abstract_tfidf__lateral frontal,0.046036507511410654
terms_abstract_tfidf__lateral medial,-0.021397740406945302
terms_abstract_tfidf__lateral occipital,0.006264353517842236
terms_abstract_tfidf__lateral orbitofrontal,-0.009839163612232749
terms_abstract_tfidf__lateral parietal,-0.09457232632153557
terms_abstract_tfidf__lateral prefrontal,0.029848121415761687
terms_abstract_tfidf__lateral temporal,-0.06155265964050741
terms_abstract_tfidf__laterality,0.017589705771891426
terms_abstract_tfidf__lateralization,0.06877444014195357
terms_abstract_tfidf__lateralized,0.04092060827892561
terms_abstract_tfidf__lead,-0.0035387888729057765
terms_abstract_tfidf__leading,0.007384288188729685
terms_abstract_tfidf__leads,-0.05300430780198078
terms_abstract_tfidf__learn,0.017003397164211096
terms_abstract_tfidf__learned,0.06936464263750064
terms_abstract_tfidf__learning,0.14315735603639904
terms_abstract_tfidf__learning task,0.12755708634882093
terms_abstract_tfidf__led,0.009094737090197499
terms_abstract_tfidf__length,-0.01745638539914727
terms_abstract_tfidf__lesion,-0.055861088521014034
terms_abstract_tfidf__lesions,-0.05948383548401113
terms_abstract_tfidf__lesser,0.047845207907553734
terms_abstract_tfidf__letter,0.04679786611982107
terms_abstract_tfidf__letters,0.04051722388641505
terms_abstract_tfidf__level,-0.021110593751946675
terms_abstract_tfidf__level bold,-0.0023519918727269522
terms_abstract_tfidf__level signal,0.052171566773168566
terms_abstract_tfidf__levels,-0.04317108945655461
terms_abstract_tfidf__lexical,0.0314289365620947
terms_abstract_tfidf__lexical decision,0.012271225830439275
terms_abstract_tfidf__life,-0.08764686459013314
terms_abstract_tfidf__light,-0.008691945231026201
terms_abstract_tfidf__like,-0.016733328180124955
terms_abstract_tfidf__likelihood,0.1140589699444961
terms_abstract_tfidf__likely,0.06135650654049973
terms_abstract_tfidf__limb,-0.07600823259483909
terms_abstract_tfidf__limbic,0.036042901053790155
terms_abstract_tfidf__limitations,-0.06253401075755707
terms_abstract_tfidf__limited,0.04883159981654007
terms_abstract_tfidf__line,0.04376077480490366
terms_abstract_tfidf__linear,-0.08313475875212104
terms_abstract_tfidf__linear model,-0.00796338829986079
terms_abstract_tfidf__linearly,-0.05503361246630824
terms_abstract_tfidf__lingual,-0.04888372248262117
terms_abstract_tfidf__lingual gyrus,-0.0731119613721779
terms_abstract_tfidf__linguistic,0.0034257500720383696
terms_abstract_tfidf__link,-0.011668742594185034
terms_abstract_tfidf__linked,0.001138905698894783
terms_abstract_tfidf__linking,0.004014065788048006
terms_abstract_tfidf__links,-0.008457975704043566
terms_abstract_tfidf__list,0.041059989591443156
terms_abstract_tfidf__listened,-0.03452678506289206
terms_abstract_tfidf__listening,-0.009294167601849585
terms_abstract_tfidf__literature,-0.042680991014876275
terms_abstract_tfidf__little,-0.06900455193058734
terms_abstract_tfidf__little known,-0.004083543600925411
terms_abstract_tfidf__load,0.05400620664330917
terms_abstract_tfidf__lobe,-0.014831781891039987
terms_abstract_tfidf__lobe mtl,0.04963141808055051
terms_abstract_tfidf__lobes,0.03436776172304714
terms_abstract_tfidf__lobule,-0.04000111435879263
terms_abstract_tfidf__lobule ipl,0.038829934740213554
terms_abstract_tfidf__lobules,-0.010494576852533027
terms_abstract_tfidf__local,-0.1059298453681679
terms_abstract_tfidf__localization,-0.020275384749584978
terms_abstract_tfidf__localize,-0.034196550446499566
terms_abstract_tfidf__localized,-0.046532497612875846
terms_abstract_tfidf__located,-0.02999146316510417
terms_abstract_tfidf__location,0.014007404498512841
terms_abstract_tfidf__locations,-0.00784458969897774
terms_abstract_tfidf__locus,0.03700671167918949
terms_abstract_tfidf__long,-0.05054860152437079
terms_abstract_tfidf__long term,0.041451094477982176
terms_abstract_tfidf__longer,0.057759548531135844
terms_abstract_tfidf__longitudinal,-0.017492465830650273
terms_abstract_tfidf__loop,0.10060310069973155
terms_abstract_tfidf__loss,0.06000813333357083
terms_abstract_tfidf__losses,0.12911997455037091
terms_abstract_tfidf__low,-0.04631926095036203
terms_abstract_tfidf__low frequency,-0.09580232733860657
terms_abstract_tfidf__low high,0.011900771172727252
terms_abstract_tfidf__low level,-0.011119058409230076
terms_abstract_tfidf__lower,-0.02605165601075192
terms_abstract_tfidf__m1,-0.042414142312056466
terms_abstract_tfidf__machine,-0.03299671923693992
terms_abstract_tfidf__magnetic,0.11446119211689076
terms_abstract_tfidf__magnetic resonance,0.12509818311769202
terms_abstract_tfidf__magnetic stimulation,-0.021315713410169853
terms_abstract_tfidf__magnetoencephalography,-0.09063293073152251
terms_abstract_tfidf__magnitude,0.05389375124971715
terms_abstract_tfidf__main,0.07879944689831422
terms_abstract_tfidf__main effect,0.037090089578304786
terms_abstract_tfidf__mainly,-0.06748734286000946
terms_abstract_tfidf__maintain,0.07378644182967825
terms_abstract_tfidf__maintained,0.094412440628029
terms_abstract_tfidf__maintaining,-0.0233668311696865
terms_abstract_tfidf__maintenance,0.06497160798908043
terms_abstract_tfidf__major,-0.05119097891466118
terms_abstract_tfidf__major depression,-0.02580551650955962
terms_abstract_tfidf__major depressive,-0.05255192753892327
terms_abstract_tfidf__majority,0.012902411998619513
terms_abstract_tfidf__make,0.015759622950957973
terms_abstract_tfidf__making,-0.03693229992272166
terms_abstract_tfidf__male,-0.006755311311943514
terms_abstract_tfidf__male female,-0.02245049073803962
terms_abstract_tfidf__males,-0.048583488221453947
terms_abstract_tfidf__manifest,-0.011131117721828903
terms_abstract_tfidf__manipulated,0.04120869677344524
terms_abstract_tfidf__manipulating,-0.0001133263211198603
terms_abstract_tfidf__manipulation,0.07748839720551667
terms_abstract_tfidf__manipulations,0.08806786808494353
terms_abstract_tfidf__manner,0.025408588642720265
terms_abstract_tfidf__manual,-0.020945977507485315
terms_abstract_tfidf__map,-0.015660647719070258
terms_abstract_tfidf__mapp,-0.017839523160769723
terms_abstract_tfidf__mapped,-0.06775018366949695
terms_abstract_tfidf__mapping,-0.06570410740694552
terms_abstract_tfidf__maps,-0.016522872953328837
terms_abstract_tfidf__marked,0.038407614044853544
terms_abstract_tfidf__marker,-0.08244702473471653
terms_abstract_tfidf__markers,-0.033527619699340636
terms_abstract_tfidf__masked,0.05701355935706129
terms_abstract_tfidf__mass,-0.01056990371274753
terms_abstract_tfidf__match,-0.009800037855100498
terms_abstract_tfidf__matching,0.07319261026939493
terms_abstract_tfidf__matching task,0.04146204718226085
terms_abstract_tfidf__material,0.006844611079594482
terms_abstract_tfidf__materials,-0.02519298631944866
terms_abstract_tfidf__matrix,0.04467153869227887
terms_abstract_tfidf__matter,-0.042803542166515725
terms_abstract_tfidf__matter density,-0.004997781452246829
terms_abstract_tfidf__matter gm,-0.01522811513048918
terms_abstract_tfidf__matter volume,-0.04874019559198922
terms_abstract_tfidf__matter volumes,-0.07049713225394867
terms_abstract_tfidf__maturation,-0.0012634027110275156
terms_abstract_tfidf__maximal,-0.03515899616569537
terms_abstract_tfidf__maximum,-0.04859705193754024
terms_abstract_tfidf__mci,0.0011743054913018565
terms_abstract_tfidf__mdd,-0.046778965929941144
terms_abstract_tfidf__mean,-0.05974923364832925
terms_abstract_tfidf__mean age,-0.010195398870912021
terms_abstract_tfidf__meaning,-0.013915407741424727
terms_abstract_tfidf__meaningful,-0.03445605737147469
terms_abstract_tfidf__means,-0.04946914548750252
terms_abstract_tfidf__measure,-0.03887837120389064
terms_abstract_tfidf__measurement,-0.07579380415339952
terms_abstract_tfidf__measurements,-0.04623488138740996
terms_abstract_tfidf__measures,-0.032106175594341646
terms_abstract_tfidf__measuring,0.00024046365269297584
terms_abstract_tfidf__mechanism,-0.03058701086314651
terms_abstract_tfidf__mechanisms,0.12520474677776833
terms_abstract_tfidf__mechanisms involved,0.048166154323686095
terms_abstract_tfidf__mechanisms underlying,0.014543311523359468
terms_abstract_tfidf__medial,-0.11608085174431652
terms_abstract_tfidf__medial frontal,-0.08165624225950653
terms_abstract_tfidf__medial lateral,-0.04183318423409415
terms_abstract_tfidf__medial orbitofrontal,-0.026192906536036356
terms_abstract_tfidf__medial pfc,-0.08934516993715844
terms_abstract_tfidf__medial prefrontal,-0.16337936858480914
terms_abstract_tfidf__medial superior,-0.060849679645745364
terms_abstract_tfidf__medial temporal,0.05756916722983315
terms_abstract_tfidf__median,-0.004992935443170025
terms_abstract_tfidf__mediate,0.10476632416081377
terms_abstract_tfidf__mediated,0.05621941686259092
terms_abstract_tfidf__mediates,0.026300794636169432
terms_abstract_tfidf__mediating,0.08230845449706188
terms_abstract_tfidf__medication,-0.03853876825097983
terms_abstract_tfidf__meg,-0.0804736019176988
terms_abstract_tfidf__memories,-0.05348816008321708
terms_abstract_tfidf__memory,0.053821388699128746
terms_abstract_tfidf__memory encoding,0.12171295854010045
terms_abstract_tfidf__memory load,0.012846119114717046
terms_abstract_tfidf__memory performance,0.03033231947764951
terms_abstract_tfidf__memory processes,0.08609628608779663
terms_abstract_tfidf__memory retrieval,-0.009742955973548573
terms_abstract_tfidf__memory task,0.06963186737609553
terms_abstract_tfidf__memory tasks,0.06730090185309524
terms_abstract_tfidf__memory test,-0.013467614392590033
terms_abstract_tfidf__memory wm,0.07855172059261492
terms_abstract_tfidf__men,0.03751136582875543
terms_abstract_tfidf__men women,0.020439020001145784
terms_abstract_tfidf__mental,-0.15952989764715397
terms_abstract_tfidf__mental imagery,0.02791958262121352
terms_abstract_tfidf__mental state,-0.13023595811871813
terms_abstract_tfidf__mental states,-0.18771952483334123
terms_abstract_tfidf__mentalizing,-0.15854632408848088
terms_abstract_tfidf__mesial,0.036556205547450975
terms_abstract_tfidf__mesolimbic,0.17461369543499675
terms_abstract_tfidf__met,-0.03221025692735807
terms_abstract_tfidf__metabolic,-0.08357210684958966
terms_abstract_tfidf__metabolism,-0.09100022577219566
terms_abstract_tfidf__method,-0.048048425385312954
terms_abstract_tfidf__methodological,0.035593467079623506
terms_abstract_tfidf__methodology,0.017083892485648604
terms_abstract_tfidf__methodology principal,0.039696474159498014
terms_abstract_tfidf__methods,-0.0634103502914987
terms_abstract_tfidf__methods functional,0.03481859582592911
terms_abstract_tfidf__mfg,-0.017203580414979203
terms_abstract_tfidf__mg,0.05003410302207982
terms_abstract_tfidf__mid,0.09191749418918735
terms_abstract_tfidf__midbrain,0.11893780312712769
terms_abstract_tfidf__middle,-0.055001077796958134
terms_abstract_tfidf__middle cingulate,-0.039784185326639174
terms_abstract_tfidf__middle frontal,0.013970709213572038
terms_abstract_tfidf__middle inferior,0.022691262957455258
terms_abstract_tfidf__middle occipital,-0.019974824918428394
terms_abstract_tfidf__middle superior,-0.024419587390253572
terms_abstract_tfidf__middle temporal,-0.07273702959701156
terms_abstract_tfidf__midline,-0.16730780548826196
terms_abstract_tfidf__mild,-0.007610368763021925
terms_abstract_tfidf__mild cognitive,-0.002851301196208855
terms_abstract_tfidf__min,-0.05918466970925505
terms_abstract_tfidf__mind,-0.19490071718338323
terms_abstract_tfidf__mind tom,-0.17975781584342018
terms_abstract_tfidf__minimal,0.032290364746952474
terms_abstract_tfidf__mirror,-0.04433652912878474
terms_abstract_tfidf__mirror neuron,-0.0430516436138319
terms_abstract_tfidf__mixed,-0.06433829842361555
terms_abstract_tfidf__mm,-0.03501572764028572
terms_abstract_tfidf__mnemonic,0.005327036999290317
terms_abstract_tfidf__modal,0.024356683485140772
terms_abstract_tfidf__modalities,0.005755090884238618
terms_abstract_tfidf__modality,0.055210010812224916
terms_abstract_tfidf__mode,-0.19969310424816783
terms_abstract_tfidf__mode network,-0.19327503443017333
terms_abstract_tfidf__model,0.10402178076916663
terms_abstract_tfidf__modeling,0.12250737098111643
terms_abstract_tfidf__models,0.0478212389441525
terms_abstract_tfidf__moderate,-0.061622598224215695
terms_abstract_tfidf__modified,0.019136337774088262
terms_abstract_tfidf__modulate,-0.006266239307915114
terms_abstract_tfidf__modulated,-0.050176353562532625
terms_abstract_tfidf__modulates,0.03429738265546426
terms_abstract_tfidf__modulating,0.017559405543444262
terms_abstract_tfidf__modulation,0.060197326506498894
terms_abstract_tfidf__modulations,0.030993864813771883
terms_abstract_tfidf__modulatory,0.11124316226802143
terms_abstract_tfidf__monetary,0.12349625582474695
terms_abstract_tfidf__monetary incentive,0.160400270774915
terms_abstract_tfidf__monetary reward,0.12730855681833161
terms_abstract_tfidf__money,0.061309723997756
terms_abstract_tfidf__monitor,0.026698360765998293
terms_abstract_tfidf__monitored,0.06839109865896896
terms_abstract_tfidf__monitoring,0.018044754625870272
terms_abstract_tfidf__monkey,0.01637517499085022
terms_abstract_tfidf__monkeys,0.043777749322304126
terms_abstract_tfidf__months,-0.022623898248251433
terms_abstract_tfidf__mood,-0.03887809241255376
terms_abstract_tfidf__moral,-0.14087527229164515
terms_abstract_tfidf__morphological,-0.04722211687954557
terms_abstract_tfidf__morphology,-0.08760451724519643
terms_abstract_tfidf__morphometry,-0.04901199293869679
terms_abstract_tfidf__morphometry vbm,-0.011661774706531394
terms_abstract_tfidf__motion,-0.0313752948100861
terms_abstract_tfidf__motivation,0.1385114593982922
terms_abstract_tfidf__motivational,0.1404084315409997
terms_abstract_tfidf__motor,0.021300231618808445
terms_abstract_tfidf__motor control,0.0014419875619053409
terms_abstract_tfidf__motor cortex,-0.018431224537626825
terms_abstract_tfidf__motor function,-0.008771069486533977
terms_abstract_tfidf__motor imagery,-0.027251134483350918
terms_abstract_tfidf__motor network,-0.032044180764544364
terms_abstract_tfidf__motor performance,-0.03017408026344112
terms_abstract_tfidf__motor pre,0.04596079912900626
terms_abstract_tfidf__motor premotor,0.016032081621794706
terms_abstract_tfidf__motor response,0.07886407197099293
terms_abstract_tfidf__motor responses,0.06761051534121482
terms_abstract_tfidf__motor sma,0.020204386057278756
terms_abstract_tfidf__motor task,0.0020856879696397996
terms_abstract_tfidf__movement,-0.004470543079243494
terms_abstract_tfidf__movements,-0.006911643386851089
terms_abstract_tfidf__moving,-0.004755295842830847
terms_abstract_tfidf__mpfc,-0.16887221503829863
terms_abstract_tfidf__mr,-0.006654237322635017
terms_abstract_tfidf__ms,-0.01994766836272399
terms_abstract_tfidf__mt,-0.010498931502007581
terms_abstract_tfidf__mtg,-0.08861827811144343
terms_abstract_tfidf__mtl,0.05419187126082837
terms_abstract_tfidf__multi,-0.05796930692748641
terms_abstract_tfidf__multimodal,-0.07300391774031187
terms_abstract_tfidf__multiple,-0.022773640234576984
terms_abstract_tfidf__multiple comparisons,0.006636400610921829
terms_abstract_tfidf__multiple sclerosis,-0.0090077337519332
terms_abstract_tfidf__multisensory,0.046006737421952916
terms_abstract_tfidf__multivariate,-0.04527434491623407
terms_abstract_tfidf__multivariate pattern,-0.02150834350123523
terms_abstract_tfidf__muscle,0.0017698080799074245
terms_abstract_tfidf__music,-0.022918710506521525
terms_abstract_tfidf__musical,-0.044474289656168474
terms_abstract_tfidf__musicians,0.0069948339593741355
terms_abstract_tfidf__naive,0.03426217658509091
terms_abstract_tfidf__names,-0.02775692001348774
terms_abstract_tfidf__naming,0.03112217703784648
terms_abstract_tfidf__native,0.03272980882229943
terms_abstract_tfidf__natural,-0.020933591509196554
terms_abstract_tfidf__naturalistic,-0.058134425511160666
terms_abstract_tfidf__nature,-0.0014161060669642517
terms_abstract_tfidf__navigation,0.06358190586732047
terms_abstract_tfidf__near,-0.00395365386462206
terms_abstract_tfidf__necessary,-0.04039526526452691
terms_abstract_tfidf__need,0.03921466176848445
terms_abstract_tfidf__needed,0.010568093958878179
terms_abstract_tfidf__needs,0.09802158861011692
terms_abstract_tfidf__negative,-0.039331567135090256
terms_abstract_tfidf__negative affect,-0.03690634516743575
terms_abstract_tfidf__negative correlation,-0.06498120165322231
terms_abstract_tfidf__negative correlations,-0.06975383801641799
terms_abstract_tfidf__negative emotional,0.029630163594047222
terms_abstract_tfidf__negative emotions,-0.0009496997372656115
terms_abstract_tfidf__negative feedback,0.10773854663914721
terms_abstract_tfidf__negative neutral,-0.03253614815617791
terms_abstract_tfidf__negative positive,-0.032807483194322966
terms_abstract_tfidf__negatively,-0.07030389963234951
terms_abstract_tfidf__negatively correlated,-0.0029077762628471216
terms_abstract_tfidf__negativity,-0.04113165797442376
terms_abstract_tfidf__neocortical,0.05904955890524585
terms_abstract_tfidf__nerve,-0.023792124572167773
terms_abstract_tfidf__nervous,-0.08222515645822219
terms_abstract_tfidf__network,-0.0490745898002721
terms_abstract_tfidf__network connectivity,-0.0807169623333937
terms_abstract_tfidf__network dmn,-0.20244528223931937
terms_abstract_tfidf__network involved,0.02051311624936494
terms_abstract_tfidf__networks,-0.07907970700279895
terms_abstract_tfidf__networks involved,-0.026935681909689282
terms_abstract_tfidf__neuro,-0.05618978932778519
terms_abstract_tfidf__neuroanatomical,-0.03763941690692768
terms_abstract_tfidf__neuroanatomy,0.05524682831832351
terms_abstract_tfidf__neurobiological,-0.025164822333585045
terms_abstract_tfidf__neurobiology,-0.04321393477314066
terms_abstract_tfidf__neurocognitive,-0.061671283185551824
terms_abstract_tfidf__neurodegenerative,0.030504880229940513
terms_abstract_tfidf__neurodevelopmental,-0.05995082324337273
terms_abstract_tfidf__neurofunctional,-0.012752165550853622
terms_abstract_tfidf__neurological,-0.07424748251549539
terms_abstract_tfidf__neuron,-0.04266577805121973
terms_abstract_tfidf__neuronal,0.07473731366991589
terms_abstract_tfidf__neurons,0.054533542720247345
terms_abstract_tfidf__neurophysiological,0.023565867615569835
terms_abstract_tfidf__neuropsychiatric,-0.05798619877262429
terms_abstract_tfidf__neuropsychological,-0.03029949209993818
terms_abstract_tfidf__neuroscience,-0.07807332194360106
terms_abstract_tfidf__neutral,0.014930476065792802
terms_abstract_tfidf__neutral faces,0.03346760930535563
terms_abstract_tfidf__neutral pictures,0.010154580824829233
terms_abstract_tfidf__neutral stimuli,0.029346133423959614
terms_abstract_tfidf__new,0.022809604694613402
terms_abstract_tfidf__new insights,-0.02929555666577615
terms_abstract_tfidf__newly,-0.004504174711604857
terms_abstract_tfidf__nineteen,-0.038068810541412264
terms_abstract_tfidf__nociceptive,0.060058003882459424
terms_abstract_tfidf__node,-0.09554708989141553
terms_abstract_tfidf__nodes,-0.03817591530986798
terms_abstract_tfidf__nogo,0.02378551971847181
terms_abstract_tfidf__noise,-0.021023661204937857
terms_abstract_tfidf__non,-0.060859808767557456
terms_abstract_tfidf__normal,0.019388633679680918
terms_abstract_tfidf__normal controls,0.0038875123415151626
terms_abstract_tfidf__normalized,-0.04097526349186572
terms_abstract_tfidf__normally,-0.006600099995171896
terms_abstract_tfidf__notably,-0.021297546053751962
terms_abstract_tfidf__noted,-0.04758698377813235
terms_abstract_tfidf__notion,0.060212413598905765
terms_abstract_tfidf__nouns,-0.025876426652931564
terms_abstract_tfidf__novel,0.1055762532019002
terms_abstract_tfidf__novelty,0.12704878562461305
terms_abstract_tfidf__noxious,0.054670461764969994
terms_abstract_tfidf__nuclei,0.10986506418850268
terms_abstract_tfidf__nucleus,0.1987780166297755
terms_abstract_tfidf__nucleus accumbens,0.15615293903872438
terms_abstract_tfidf__number,0.046412137979888024
terms_abstract_tfidf__numbers,0.05208440163180343
terms_abstract_tfidf__numerical,0.05635707454847855
terms_abstract_tfidf__numerous,0.014104239498006666
terms_abstract_tfidf__object,0.01987176287210695
terms_abstract_tfidf__object recognition,0.02541681613545189
terms_abstract_tfidf__objective,-0.025915726898876036
terms_abstract_tfidf__objectives,-0.0481656969309329
terms_abstract_tfidf__objects,0.02743972112712879
terms_abstract_tfidf__observation,-0.04560914190767161
terms_abstract_tfidf__observations,0.03457769864332778
terms_abstract_tfidf__observer,-0.029691656017970695
terms_abstract_tfidf__observers,-0.07721668915473591
terms_abstract_tfidf__observing,-0.05344831315102843
terms_abstract_tfidf__obsessive,0.04591781081456258
terms_abstract_tfidf__obsessive compulsive,0.0425279788904743
terms_abstract_tfidf__obtain,-0.022178442436742368
terms_abstract_tfidf__obtained,-0.05243985861012075
terms_abstract_tfidf__occipital,-0.01443499468624361
terms_abstract_tfidf__occipital cortex,0.005360578769339552
terms_abstract_tfidf__occipital gyrus,-0.03223301606573481
terms_abstract_tfidf__occipital lobe,-0.09115116084794835
terms_abstract_tfidf__occipital parietal,-0.03521030306384256
terms_abstract_tfidf__occipital temporal,0.023582515998377192
terms_abstract_tfidf__occipito,0.05582328316502916
terms_abstract_tfidf__occipito temporal,0.05363278139832932
terms_abstract_tfidf__occipitotemporal,0.030834227165044383
terms_abstract_tfidf__occipitotemporal cortex,0.020751891898918275
terms_abstract_tfidf__occur,-0.04734226345451202
terms_abstract_tfidf__occurred,0.05373913706124861
terms_abstract_tfidf__occurrence,0.04011416326570514
terms_abstract_tfidf__occurring,0.01955754939874283
terms_abstract_tfidf__occurs,-0.04156475241778417
terms_abstract_tfidf__ocd,0.019949962479456903
terms_abstract_tfidf__oddball,0.07849447700490265
terms_abstract_tfidf__ofc,-0.05426765221742255
terms_abstract_tfidf__offer,-0.02073197721864195
terms_abstract_tfidf__offers,-0.05246271540004257
terms_abstract_tfidf__old,-0.015247003431866107
terms_abstract_tfidf__older,0.0041810778791125875
terms_abstract_tfidf__older adults,-0.001365625154648624
terms_abstract_tfidf__olfactory,0.038220791654266624
terms_abstract_tfidf__ones,0.07340740613578264
terms_abstract_tfidf__ongoing,0.007762090535635251
terms_abstract_tfidf__online,-0.005087466380363369
terms_abstract_tfidf__onset,-0.04755483383745309
terms_abstract_tfidf__open,-0.06411656347858352
terms_abstract_tfidf__operation,0.024791975130709916
terms_abstract_tfidf__operations,0.07527704166713092
terms_abstract_tfidf__opercular,0.05021242542150167
terms_abstract_tfidf__opercularis,0.05356303245260528
terms_abstract_tfidf__operculum,0.04320309249990925
terms_abstract_tfidf__opportunity,-0.019471517846318745
terms_abstract_tfidf__opposed,-0.05937044503755736
terms_abstract_tfidf__opposite,-0.05474542876677335
terms_abstract_tfidf__optimal,0.006017802758283985
terms_abstract_tfidf__optimized,-0.025838152380117083
terms_abstract_tfidf__options,-0.03355825722793875
terms_abstract_tfidf__oral,0.086116971948596
terms_abstract_tfidf__orbital,-0.024905289141916993
terms_abstract_tfidf__orbitofrontal,-0.02625071289602951
terms_abstract_tfidf__orbitofrontal cortex,-0.012862228979483309
terms_abstract_tfidf__order,0.03471967885585017
terms_abstract_tfidf__organization,-0.046694782299041296
terms_abstract_tfidf__organized,-0.1203462020084524
terms_abstract_tfidf__orientation,-0.013784163541566979
terms_abstract_tfidf__oriented,-0.06930599670840241
terms_abstract_tfidf__orienting,0.021439772523868663
terms_abstract_tfidf__origin,-0.051381767668177356
terms_abstract_tfidf__original,0.03803324729511395
terms_abstract_tfidf__orthographic,0.06488455380043455
terms_abstract_tfidf__oscillations,-0.061941034059640174
terms_abstract_tfidf__outcome,0.038510755123553134
terms_abstract_tfidf__outcomes,0.008811527393260398
terms_abstract_tfidf__output,0.028841099250226914
terms_abstract_tfidf__outside,0.04049783692764702
terms_abstract_tfidf__outside scanner,0.08528416739778628
terms_abstract_tfidf__overall,-0.014465886437780117
terms_abstract_tfidf__overcome,0.007031778332769145
terms_abstract_tfidf__overlap,0.039617755713943555
terms_abstract_tfidf__overlapped,0.03383547033628585
terms_abstract_tfidf__overlapping,0.048296928298160825
terms_abstract_tfidf__overt,0.013819670721257594
terms_abstract_tfidf__oxygen,-0.030519345936759215
terms_abstract_tfidf__oxygen level,-0.019999635730724132
terms_abstract_tfidf__oxygenation,0.01792772281364641
terms_abstract_tfidf__oxygenation level,0.013133432307825673
terms_abstract_tfidf__paced,0.03048049157495113
terms_abstract_tfidf__pain,0.056675562517961825
terms_abstract_tfidf__painful,0.051648980582181314
terms_abstract_tfidf__pair,0.06933066464832982
terms_abstract_tfidf__paired,0.0074466596508859706
terms_abstract_tfidf__pairs,0.034553905677732914
terms_abstract_tfidf__pallidus,0.10522960649662781
terms_abstract_tfidf__paper,-0.08321571404547053
terms_abstract_tfidf__paradigm,0.11649865338968025
terms_abstract_tfidf__paradigms,0.0004246305641566206
terms_abstract_tfidf__parahippocampal,0.011435720705358584
terms_abstract_tfidf__parahippocampal cortex,0.052983067160502766
terms_abstract_tfidf__parahippocampal gyrus,0.005548914068452004
terms_abstract_tfidf__parahippocampus,0.018092722059030848
terms_abstract_tfidf__paralimbic,-0.007296376346035358
terms_abstract_tfidf__parallel,0.05049915186525624
terms_abstract_tfidf__parameter,0.1101237406016678
terms_abstract_tfidf__parameters,-0.059645123643504154
terms_abstract_tfidf__parametric,0.016869961636253573
terms_abstract_tfidf__parametric mapping,-0.016230122939427376
terms_abstract_tfidf__parametrically,-0.0401916319754612
terms_abstract_tfidf__parietal,-0.02732822453582825
terms_abstract_tfidf__parietal cortex,-0.002395498071093544
terms_abstract_tfidf__parietal cortices,0.02184743592795
terms_abstract_tfidf__parietal frontal,0.02387460429288183
terms_abstract_tfidf__parietal junction,-0.1325975063077469
terms_abstract_tfidf__parietal lobe,-0.046633175979158926
terms_abstract_tfidf__parietal lobes,-0.010634347262000207
terms_abstract_tfidf__parietal lobule,-0.02040623113608483
terms_abstract_tfidf__parietal lobules,0.053238473953835165
terms_abstract_tfidf__parietal network,0.055024804407873974
terms_abstract_tfidf__parietal occipital,-0.03534690160477289
terms_abstract_tfidf__parietal temporal,-0.046842653219520164
terms_abstract_tfidf__parieto,-0.027068292556610453
terms_abstract_tfidf__parieto occipital,-0.042077489678459236
terms_abstract_tfidf__parkinson,0.06643556892292375
terms_abstract_tfidf__parkinson disease,0.06825980417719715
terms_abstract_tfidf__pars,0.04803366577921826
terms_abstract_tfidf__pars opercularis,0.05338450289990714
terms_abstract_tfidf__partial,-0.08624627039257338
terms_abstract_tfidf__partially,0.004606310936160844
terms_abstract_tfidf__participant,-0.1262253407761381
terms_abstract_tfidf__participate,-0.04179600694169049
terms_abstract_tfidf__participated,-0.015104918767799243
terms_abstract_tfidf__particular,0.020449268790170172
terms_abstract_tfidf__particularly,0.07613725719077556
terms_abstract_tfidf__partly,-0.00851666031472894
terms_abstract_tfidf__partner,0.022180035531040886
terms_abstract_tfidf__parts,-0.001596644148526387
terms_abstract_tfidf__passive,-0.022766981854727687
terms_abstract_tfidf__passive viewing,0.004828316921811326
terms_abstract_tfidf__passively,-0.028121424085747165
terms_abstract_tfidf__past,-0.08819406487770172
terms_abstract_tfidf__pathological,-0.04944819003672186
terms_abstract_tfidf__pathology,-0.07150286502502429
terms_abstract_tfidf__pathophysiological,-0.01944992414697445
terms_abstract_tfidf__pathophysiology,-0.006232845482440575
terms_abstract_tfidf__pathway,0.07543359238067286
terms_abstract_tfidf__pathways,0.048329483076428724
terms_abstract_tfidf__patient,-0.06032876513922864
terms_abstract_tfidf__patient group,-0.015051800121814382
terms_abstract_tfidf__patient groups,-0.033146416991528295
terms_abstract_tfidf__pattern,0.054499334892844094
terms_abstract_tfidf__patterns,-0.032876993001243915
terms_abstract_tfidf__pcc,-0.16361189440259477
terms_abstract_tfidf__pd,0.04191898326974334
terms_abstract_tfidf__peak,-0.032236928246702275
terms_abstract_tfidf__people,-0.11648084842225338
terms_abstract_tfidf__perceive,0.017008083417583423
terms_abstract_tfidf__perceived,0.04026935849417631
terms_abstract_tfidf__perceiving,-0.04198890870635535
terms_abstract_tfidf__percept,0.11642864347128591
terms_abstract_tfidf__perception,0.04564745207300081
terms_abstract_tfidf__perceptual,0.04288483534981957
terms_abstract_tfidf__perform,0.015516674736227915
terms_abstract_tfidf__performance,0.050187061998787794
terms_abstract_tfidf__performance task,0.03116539232572428
terms_abstract_tfidf__performances,-0.01199571932044337
terms_abstract_tfidf__performing,0.02182224321232866
terms_abstract_tfidf__perfusion,-0.03698097711296003
terms_abstract_tfidf__periaqueductal,0.041974069867859086
terms_abstract_tfidf__period,0.1038780401836756
terms_abstract_tfidf__periodicals,-0.016435792530076748
terms_abstract_tfidf__periods,0.01418305460125936
terms_abstract_tfidf__peripheral,-0.00925292972550963
terms_abstract_tfidf__persistent,0.016330592168289255
terms_abstract_tfidf__person,-0.13743405344617735
terms_abstract_tfidf__personal,-0.13824437729435224
terms_abstract_tfidf__personality,-0.050560120675202595
terms_abstract_tfidf__personality traits,-0.04609828468832223
terms_abstract_tfidf__persons,-0.017826752152381088
terms_abstract_tfidf__perspective,-0.1395325478237186
terms_abstract_tfidf__pet,0.029933711010743307
terms_abstract_tfidf__pfc,-0.01984636102132834
terms_abstract_tfidf__pharmacological,0.08578148934020119
terms_abstract_tfidf__phase,0.0976750533799337
terms_abstract_tfidf__phases,0.07954441029372214
terms_abstract_tfidf__phenomena,0.020557191169468976
terms_abstract_tfidf__phenomenon,0.0020786235907572985
terms_abstract_tfidf__phenotype,0.04226622447726128
terms_abstract_tfidf__phonological,0.06187659878139203
terms_abstract_tfidf__photographs,-0.04777240671167803
terms_abstract_tfidf__physical,-0.11008964007196861
terms_abstract_tfidf__physiological,0.011565049061238859
terms_abstract_tfidf__picture,0.05562227645515242
terms_abstract_tfidf__pictures,0.03250945947813008
terms_abstract_tfidf__pitch,0.03278210556781078
terms_abstract_tfidf__place,-0.029772550722059983
terms_abstract_tfidf__placebo,0.046805655032436465
terms_abstract_tfidf__placebo controlled,-0.004349548969879388
terms_abstract_tfidf__planning,0.03828675561590929
terms_abstract_tfidf__planum,0.046715534015427176
terms_abstract_tfidf__planum temporale,0.05183696145044542
terms_abstract_tfidf__plasticity,-0.05219557007924724
terms_abstract_tfidf__play,0.031293020365104625
terms_abstract_tfidf__play important,-0.012127414831479435
terms_abstract_tfidf__play role,0.044907278597914636
terms_abstract_tfidf__played,0.03349520495942173
terms_abstract_tfidf__playing,0.038874912997119725
terms_abstract_tfidf__plays,0.031782651813023796
terms_abstract_tfidf__plays important,0.01405127299802911
terms_abstract_tfidf__plays role,0.037653112687846
terms_abstract_tfidf__pleasant,0.009532688602413741
terms_abstract_tfidf__point,-0.04698550422805489
terms_abstract_tfidf__pointing,0.026673167790181942
terms_abstract_tfidf__points,-0.021315319713095894
terms_abstract_tfidf__pole,-0.092772287057538
terms_abstract_tfidf__polymorphism,0.06651582508781552
terms_abstract_tfidf__poor,-0.02893662858939385
terms_abstract_tfidf__poorer,-0.019301540782550645
terms_abstract_tfidf__poorly,0.012836390166045224
terms_abstract_tfidf__poorly understood,0.027721891616083648
terms_abstract_tfidf__population,-0.11317317630205305
terms_abstract_tfidf__populations,-0.08656483857722594
terms_abstract_tfidf__portion,-0.034201647096926725
terms_abstract_tfidf__portions,-0.08437231721843896
terms_abstract_tfidf__position,0.0011461370786252706
terms_abstract_tfidf__positive,-0.071057723917791
terms_abstract_tfidf__positive correlation,-0.05631987483906591
terms_abstract_tfidf__positive correlations,-0.07561987189212406
terms_abstract_tfidf__positive negative,-0.05436932521242034
terms_abstract_tfidf__positively,-0.007870534835039978
terms_abstract_tfidf__positively correlated,0.029867789708213802
terms_abstract_tfidf__positron,-0.0032727010472391915
terms_abstract_tfidf__positron emission,-0.003220879880857953
terms_abstract_tfidf__possibility,0.012234139649175278
terms_abstract_tfidf__possible,-0.10954421199062854
terms_abstract_tfidf__possibly,0.11210122770022632
terms_abstract_tfidf__post,-0.09023735922204794
terms_abstract_tfidf__post hoc,-0.04246093962636699
terms_abstract_tfidf__postcentral,-0.08111888591527192
terms_abstract_tfidf__postcentral gyrus,-0.09003286180001867
terms_abstract_tfidf__posterior,-0.10546081151095471
terms_abstract_tfidf__posterior anterior,-0.06661586420921403
terms_abstract_tfidf__posterior cingulate,-0.1547426288708443
terms_abstract_tfidf__posterior inferior,0.04461585073740259
terms_abstract_tfidf__posterior insula,0.03953950926119944
terms_abstract_tfidf__posterior middle,-0.035118832951419245
terms_abstract_tfidf__posterior parietal,0.013269378522936463
terms_abstract_tfidf__posterior superior,0.024253543191536556
terms_abstract_tfidf__posterior temporal,0.0033015334945315044
terms_abstract_tfidf__posttraumatic,-0.009943657440880228
terms_abstract_tfidf__potential,-0.055736658582445656
terms_abstract_tfidf__potentially,-0.022959547725913895
terms_abstract_tfidf__potentials,-0.037436425115502645
terms_abstract_tfidf__power,-0.06253802350601974
terms_abstract_tfidf__powerful,0.010815399639762172
terms_abstract_tfidf__ppc,-0.008406953534237161
terms_abstract_tfidf__ppi,0.0339450328437293
terms_abstract_tfidf__practice,-0.05519060521486361
terms_abstract_tfidf__pre,0.07661339953090684
terms_abstract_tfidf__pre post,0.013670523801185185
terms_abstract_tfidf__pre sma,0.08174674594508843
terms_abstract_tfidf__pre supplementary,0.05824176404821538
terms_abstract_tfidf__preceded,0.04238902185639105
terms_abstract_tfidf__preceding,0.02617512022395924
terms_abstract_tfidf__precentral,-0.044109083948805236
terms_abstract_tfidf__precentral gyrus,-0.0322275856851861
terms_abstract_tfidf__precise,-3.7101940916180477e-06
terms_abstract_tfidf__precuneus,-0.16447350499241326
terms_abstract_tfidf__precuneus posterior,-0.1113610285086662
terms_abstract_tfidf__predict,-0.0419146360608829
terms_abstract_tfidf__predicted,0.04026679099547306
terms_abstract_tfidf__predicting,0.09818741337407778
terms_abstract_tfidf__prediction,0.07408405774163848
terms_abstract_tfidf__prediction error,0.15100698100279691
terms_abstract_tfidf__predictions,0.03829771392977455
terms_abstract_tfidf__predictive,-0.0092633885953054
terms_abstract_tfidf__predictors,0.07152766398153378
terms_abstract_tfidf__predicts,0.03171981196273214
terms_abstract_tfidf__predominantly,0.04975755564050328
terms_abstract_tfidf__preference,-0.012158455916440125
terms_abstract_tfidf__preferences,-0.014125040997140213
terms_abstract_tfidf__preferential,0.11250886183549248
terms_abstract_tfidf__preferentially,-0.04529123990714366
terms_abstract_tfidf__prefrontal,-0.049419610925674706
terms_abstract_tfidf__prefrontal cortex,-0.07304021373695492
terms_abstract_tfidf__prefrontal cortical,0.013991335021768279
terms_abstract_tfidf__prefrontal cortices,0.019976133255735634
terms_abstract_tfidf__prefrontal parietal,0.059207276856374065
terms_abstract_tfidf__preliminary,-0.06833421270412028
terms_abstract_tfidf__premotor,0.02266516608719157
terms_abstract_tfidf__premotor cortex,-0.004685194467663217
terms_abstract_tfidf__preparation,0.0750209629638269
terms_abstract_tfidf__preparatory,0.03747755554442108
terms_abstract_tfidf__presence,-0.050383081330939786
terms_abstract_tfidf__presentation,0.12533731697393685
terms_abstract_tfidf__presentations,0.00988234554728849
terms_abstract_tfidf__presented,0.0013290614609233963
terms_abstract_tfidf__presenting,-0.03389935742737216
terms_abstract_tfidf__preserved,-0.04214514821587447
terms_abstract_tfidf__press,0.017987605088489157
terms_abstract_tfidf__pressure,0.06322869501709953
terms_abstract_tfidf__presumably,0.016133856823653987
terms_abstract_tfidf__previous,-0.0038578642015336803
terms_abstract_tfidf__previous functional,0.008646159325030453
terms_abstract_tfidf__previous reports,-0.026992492416196966
terms_abstract_tfidf__previous research,0.005550746365642724
terms_abstract_tfidf__previous shown,0.01176232880572487
terms_abstract_tfidf__previous work,-0.06300054459266806
terms_abstract_tfidf__primarily,-0.038772082622284314
terms_abstract_tfidf__primary,-0.01908282651347265
terms_abstract_tfidf__primary auditory,0.004440157908272023
terms_abstract_tfidf__primary motor,-0.03131326826944308
terms_abstract_tfidf__primary secondary,0.038315037138655715
terms_abstract_tfidf__primary sensorimotor,-0.07160198608120005
terms_abstract_tfidf__primary somatosensory,-0.017372597651959993
terms_abstract_tfidf__primary visual,-0.011542544376234485
terms_abstract_tfidf__primates,0.125821271780637
terms_abstract_tfidf__prime,-0.014408105971153698
terms_abstract_tfidf__priming,-0.021543914495098102
terms_abstract_tfidf__principal,0.00229803448306992
terms_abstract_tfidf__principle,0.0040753276261395665
terms_abstract_tfidf__prior,-0.00309318469459305
terms_abstract_tfidf__priori,0.020569302442516136
terms_abstract_tfidf__probabilistic,0.031573408408732066
terms_abstract_tfidf__probability,0.060077777223102945
terms_abstract_tfidf__probably,-0.01208007144031282
terms_abstract_tfidf__probe,0.12187633512587978
terms_abstract_tfidf__problem,0.00031215156775073037
terms_abstract_tfidf__problems,0.0131393803370022
terms_abstract_tfidf__procedure,-0.02792141918915031
terms_abstract_tfidf__procedures,0.12328701711474266
terms_abstract_tfidf__process,0.025323537253904294
terms_abstract_tfidf__processed,-0.035799901266941374
terms_abstract_tfidf__processes,0.029137569844013504
terms_abstract_tfidf__processes involved,-0.0062198709211190055
terms_abstract_tfidf__processes underlying,0.014728345524456154
terms_abstract_tfidf__produce,-0.014943494671667123
terms_abstract_tfidf__produced,0.0380415858687906
terms_abstract_tfidf__producing,0.03233989291100453
terms_abstract_tfidf__production,0.035086962606656114
terms_abstract_tfidf__profile,-0.03447664955465097
terms_abstract_tfidf__profiles,0.05091384265742877
terms_abstract_tfidf__progression,0.003721989329077219
terms_abstract_tfidf__progressive,0.023408471296843546
terms_abstract_tfidf__prolonged,0.05206969174530075
terms_abstract_tfidf__prominent,0.02329775341241457
terms_abstract_tfidf__promising,-0.04557095972510026
terms_abstract_tfidf__pronounced,-0.0006963247607763991
terms_abstract_tfidf__proper,0.027525329231175632
terms_abstract_tfidf__properties,-0.029790867179228964
terms_abstract_tfidf__proportion,0.0491413998401734
terms_abstract_tfidf__propose,0.016641595794221437
terms_abstract_tfidf__proposed,-0.01228108567259001
terms_abstract_tfidf__prospective,-0.028329973387665887
terms_abstract_tfidf__protocol,0.05034277609025455
terms_abstract_tfidf__provide,0.06569135146007364
terms_abstract_tfidf__provide evidence,0.047674935443761855
terms_abstract_tfidf__provide new,0.035352606480856794
terms_abstract_tfidf__provide novel,0.05148433396797873
terms_abstract_tfidf__provided,0.04062043202557663
terms_abstract_tfidf__provides,-0.0429403051113742
terms_abstract_tfidf__provides evidence,0.004668699554683952
terms_abstract_tfidf__providing,-0.0280133905655401
terms_abstract_tfidf__pseudowords,0.10770590860998022
terms_abstract_tfidf__psts,0.012395225614180192
terms_abstract_tfidf__psychiatric,-0.03382822794982341
terms_abstract_tfidf__psychiatric disorders,0.03447306711006701
terms_abstract_tfidf__psychological,-0.09643241359541269
terms_abstract_tfidf__psychopathology,0.029040701510803676
terms_abstract_tfidf__psychophysical,0.07033424509074987
terms_abstract_tfidf__psychophysiological,0.011532987613249033
terms_abstract_tfidf__psychophysiological interaction,0.021092711680635895
terms_abstract_tfidf__psychosis,-0.06312796761611124
terms_abstract_tfidf__psychotic,-0.052869553572150625
terms_abstract_tfidf__ptsd,-0.025752209054792752
terms_abstract_tfidf__published,0.07360055395176097
terms_abstract_tfidf__punishment,0.08329797684372688
terms_abstract_tfidf__pure,0.04835558098049256
terms_abstract_tfidf__purpose,-0.011560265901279516
terms_abstract_tfidf__putamen,0.1694935854073185
terms_abstract_tfidf__putative,0.10899777815622665
terms_abstract_tfidf__quality,-0.04437155934869911
terms_abstract_tfidf__quantified,0.008869280554263972
terms_abstract_tfidf__quantify,-0.07402665131762526
terms_abstract_tfidf__quantitative,0.028202126744751987
terms_abstract_tfidf__question,-0.013363397645399833
terms_abstract_tfidf__questionnaire,-0.009589005955057071
terms_abstract_tfidf__questions,-0.03423360314170665
terms_abstract_tfidf__random,0.04612021566610194
terms_abstract_tfidf__random effects,0.05518567262111079
terms_abstract_tfidf__randomized,-0.024788956432353414
terms_abstract_tfidf__randomly,-0.001166674272206242
terms_abstract_tfidf__range,-0.05516917280849906
terms_abstract_tfidf__ranging,-0.0312778927915349
terms_abstract_tfidf__rapid,0.08627867340432514
terms_abstract_tfidf__rapidly,0.11022584235881669
terms_abstract_tfidf__rare,-0.008723506543693223
terms_abstract_tfidf__rarely,-0.020093279941958166
terms_abstract_tfidf__rate,0.029023003305536716
terms_abstract_tfidf__rated,-0.001195740535666129
terms_abstract_tfidf__rates,-0.014830791306061268
terms_abstract_tfidf__rating,-0.0828677449288127
terms_abstract_tfidf__ratings,0.03445442863053197
terms_abstract_tfidf__ratio,-0.05759029592470533
terms_abstract_tfidf__rationale,-0.01916216517699841
terms_abstract_tfidf__reach,-0.05065848781774616
terms_abstract_tfidf__reaching,-0.06454101817206026
terms_abstract_tfidf__reaction,0.08451364408376778
terms_abstract_tfidf__reaction time,0.11833531708394437
terms_abstract_tfidf__reaction times,0.005340236181550958
terms_abstract_tfidf__reactions,-0.03422105806940417
terms_abstract_tfidf__reactivity,0.01580555799779604
terms_abstract_tfidf__read,-0.05202222384360687
terms_abstract_tfidf__readers,0.012297931211704126
terms_abstract_tfidf__reading,0.010178546132000572
terms_abstract_tfidf__real,-0.018628188076165102
terms_abstract_tfidf__real time,0.005031299712534828
terms_abstract_tfidf__real world,-0.025374402501225767
terms_abstract_tfidf__reality,-0.027330026135326518
terms_abstract_tfidf__reappraisal,-0.026346289429561767
terms_abstract_tfidf__reasoning,-0.08918671578776728
terms_abstract_tfidf__recall,0.020192264398376222
terms_abstract_tfidf__receive,0.01520513164267248
terms_abstract_tfidf__received,0.03297654018071811
terms_abstract_tfidf__receiving,0.09089970138357137
terms_abstract_tfidf__recently,-0.06802496323022852
terms_abstract_tfidf__receptor,0.09550441273969579
terms_abstract_tfidf__recognition,0.042496674171301756
terms_abstract_tfidf__recognition memory,0.058611236043855944
terms_abstract_tfidf__recognition task,0.0008610044258137407
terms_abstract_tfidf__recognize,0.050660237720654554
terms_abstract_tfidf__recognized,0.03145675900249968
terms_abstract_tfidf__recognizing,0.015411498392176369
terms_abstract_tfidf__recollection,-0.04470332331020189
terms_abstract_tfidf__recorded,-0.02659569415227481
terms_abstract_tfidf__recording,-0.02048200675646206
terms_abstract_tfidf__recordings,0.06106306228413556
terms_abstract_tfidf__recovery,-0.11959482208771935
terms_abstract_tfidf__recruit,-0.026845248922848782
terms_abstract_tfidf__recruited,0.002821817581524352
terms_abstract_tfidf__recruitment,0.013065382496071101
terms_abstract_tfidf__recruits,-0.06709196890810423
terms_abstract_tfidf__reduce,-0.03416411829017312
terms_abstract_tfidf__reduces,0.00399145003070547
terms_abstract_tfidf__reducing,-0.012927169205302244
terms_abstract_tfidf__reduction,0.019669252816212672
terms_abstract_tfidf__reductions,0.03875819330324202
terms_abstract_tfidf__reference,-0.15786764945503554
terms_abstract_tfidf__referential,-0.21296988652379828
terms_abstract_tfidf__referred,0.018081783233376596
terms_abstract_tfidf__refers,-0.0664797781389006
terms_abstract_tfidf__reflect,-0.02129793445834125
terms_abstract_tfidf__reflected,-0.0009411464557777499
terms_abstract_tfidf__reflecting,-0.010924232089001954
terms_abstract_tfidf__reflects,-0.0662286446670919
terms_abstract_tfidf__regard,0.05754760840322627
terms_abstract_tfidf__regarding,0.013044997681448822
terms_abstract_tfidf__regardless,0.013930853124600654
terms_abstract_tfidf__regional,-0.0488735483931624
terms_abstract_tfidf__regional cerebral,-0.038458379481569833
terms_abstract_tfidf__regional gray,-0.04432967481579323
terms_abstract_tfidf__regional homogeneity,-0.12661949959029783
terms_abstract_tfidf__regular,0.03638020790919965
terms_abstract_tfidf__regulate,-0.028201841892157842
terms_abstract_tfidf__regulating,0.021991761921458325
terms_abstract_tfidf__regulation,-0.0567582994830872
terms_abstract_tfidf__regulatory,0.004082804810014019
terms_abstract_tfidf__rehabilitation,-0.006985231609639231
terms_abstract_tfidf__rehearsal,0.03354124782353135
terms_abstract_tfidf__reho,-0.125866112985254
terms_abstract_tfidf__reinforcement,0.09555332128394613
terms_abstract_tfidf__reinforcement learning,0.09578274347935561
terms_abstract_tfidf__relate,-0.07706322159175784
terms_abstract_tfidf__relates,0.04597281596534233
terms_abstract_tfidf__relation,-0.0274557430551081
terms_abstract_tfidf__relational,0.05782306623741531
terms_abstract_tfidf__relations,-0.03577965557938416
terms_abstract_tfidf__relationship,-0.0779524255769635
terms_abstract_tfidf__relationships,-0.09796429341635267
terms_abstract_tfidf__relatively,0.011607365634921315
terms_abstract_tfidf__relevance,-0.002178544899475473
terms_abstract_tfidf__relevant,-0.03609897864307545
terms_abstract_tfidf__relevant information,-0.009739095930069231
terms_abstract_tfidf__reliability,-0.022988361366923546
terms_abstract_tfidf__reliable,-0.021901078861373248
terms_abstract_tfidf__reliably,-0.05379665815662038
terms_abstract_tfidf__reliance,0.04871513358882594
terms_abstract_tfidf__relied,0.019792760119329633
terms_abstract_tfidf__relies,-0.03928039783793638
terms_abstract_tfidf__rely,0.04175290004436782
terms_abstract_tfidf__remain,-0.026036406597556138
terms_abstract_tfidf__remain unclear,-0.021445537599642323
terms_abstract_tfidf__remained,0.04972105067892229
terms_abstract_tfidf__remaining,-0.04349909097717731
terms_abstract_tfidf__remarkably,-0.019914502756485365
terms_abstract_tfidf__remember,0.043925759412624325
terms_abstract_tfidf__remembered,-0.0037439349561328777
terms_abstract_tfidf__remembering,-0.07194084574249501
terms_abstract_tfidf__remote,-0.025881453959089785
terms_abstract_tfidf__reorganization,-0.05404313459428802
terms_abstract_tfidf__repeat,0.0454074963722421
terms_abstract_tfidf__repeated,0.046096541619540056
terms_abstract_tfidf__repeatedly,-0.014510749532968341
terms_abstract_tfidf__repetition,0.008685775693138236
terms_abstract_tfidf__repetition suppression,-0.021506891310458503
terms_abstract_tfidf__repetitive,-0.01024468306021571
terms_abstract_tfidf__replicate,-0.013100674624952431
terms_abstract_tfidf__replicated,-0.015019720047476768
terms_abstract_tfidf__report,0.055859037734809235
terms_abstract_tfidf__reported,-0.060167376794456336
terms_abstract_tfidf__reports,0.02322395406382037
terms_abstract_tfidf__represent,-0.07059787742101994
terms_abstract_tfidf__representation,-0.04247447701217414
terms_abstract_tfidf__representational,-0.044865831259473805
terms_abstract_tfidf__representations,-0.004474769801271466
terms_abstract_tfidf__represented,-0.06612818088557268
terms_abstract_tfidf__representing,-0.026920350165266744
terms_abstract_tfidf__represents,-0.0018381198928938258
terms_abstract_tfidf__require,-0.05368806317893949
terms_abstract_tfidf__required,0.10972864113612414
terms_abstract_tfidf__requirements,0.0738995945464596
terms_abstract_tfidf__requires,0.055661127655657616
terms_abstract_tfidf__requiring,0.020150482089922678
terms_abstract_tfidf__research,-0.0910575400970972
terms_abstract_tfidf__research suggests,-0.02312865170967983
terms_abstract_tfidf__researchers,0.007800798981691856
terms_abstract_tfidf__residual,-0.053112588416042335
terms_abstract_tfidf__resolution,-0.03791004107043354
terms_abstract_tfidf__resolve,-0.041683007579008884
terms_abstract_tfidf__resonance,0.12394893772525663
terms_abstract_tfidf__resonance experiment,0.04006381401118138
terms_abstract_tfidf__resonance healthy,0.06395427162846164
terms_abstract_tfidf__resonance images,-0.02554107710831629
terms_abstract_tfidf__resonance measure,0.03525394336685978
terms_abstract_tfidf__resonance performing,0.10914707421200803
terms_abstract_tfidf__resonance rs,-0.11688551763189693
terms_abstract_tfidf__resonance scans,-0.08240933396025768
terms_abstract_tfidf__resources,0.03839102738741341
terms_abstract_tfidf__respect,0.02650653431031422
terms_abstract_tfidf__respective,-0.04014130348977744
terms_abstract_tfidf__respectively,-0.048381932597060556
terms_abstract_tfidf__respond,0.024751483613695627
terms_abstract_tfidf__responded,0.04324062818293649
terms_abstract_tfidf__responding,0.04278555775578819
terms_abstract_tfidf__responds,-0.012544079180218985
terms_abstract_tfidf__response,0.159900791513099
terms_abstract_tfidf__response inhibition,0.08516248770800701
terms_abstract_tfidf__response selection,0.08086118167867117
terms_abstract_tfidf__response time,0.03697381691119151
terms_abstract_tfidf__response times,0.12233909654056718
terms_abstract_tfidf__responses,0.08898830359511968
terms_abstract_tfidf__responsible,0.011049417147290849
terms_abstract_tfidf__responsive,-0.0017133106551816865
terms_abstract_tfidf__responsiveness,0.081079574354136
terms_abstract_tfidf__rest,-0.12792442392248943
terms_abstract_tfidf__resting,-0.1793946171935031
terms_abstract_tfidf__resting state,-0.17228843504928573
terms_abstract_tfidf__restricted,-0.09081161119899198
terms_abstract_tfidf__result,0.0659352876736108
terms_abstract_tfidf__resulted,-0.013555853604454614
terms_abstract_tfidf__resulting,-0.011611018888878397
terms_abstract_tfidf__retention,0.005115702958194671
terms_abstract_tfidf__retrieval,0.019777967269513357
terms_abstract_tfidf__retrieved,-0.013525882564541371
terms_abstract_tfidf__retrosplenial,-0.04733503358472153
terms_abstract_tfidf__retrosplenial cortex,-0.03727222267989179
terms_abstract_tfidf__reveal,0.045970382275492605
terms_abstract_tfidf__revealing,-0.049624397855838415
terms_abstract_tfidf__reveals,0.017546845165752056
terms_abstract_tfidf__reversal,0.04697079688157054
terms_abstract_tfidf__reverse,-0.04566547717387272
terms_abstract_tfidf__reversed,-0.05401664350951929
terms_abstract_tfidf__reward,0.09745384625949023
terms_abstract_tfidf__reward anticipation,0.1217334928118635
terms_abstract_tfidf__rewarding,0.10237477981835436
terms_abstract_tfidf__rewards,0.10417905354275672
terms_abstract_tfidf__rhythm,0.02581343993561414
terms_abstract_tfidf__rich,0.006119131099347017
terms_abstract_tfidf__rise,-0.031679512993006274
terms_abstract_tfidf__risk,-0.013664920303826059
terms_abstract_tfidf__risk taking,0.04726005817234612
terms_abstract_tfidf__risky,0.025561176183519295
terms_abstract_tfidf__robust,-0.004193511400707736
terms_abstract_tfidf__roi,-0.05838173668172281
terms_abstract_tfidf__rois,-0.002693249189581611
terms_abstract_tfidf__role,0.13555667424806478
terms_abstract_tfidf__roles,0.03041533334560693
terms_abstract_tfidf__rostral,-0.06228157593244635
terms_abstract_tfidf__rostral anterior,-0.07348948977593825
terms_abstract_tfidf__rotation,-0.027413967800406
terms_abstract_tfidf__rs,-0.12214431364049144
terms_abstract_tfidf__rsfc,-0.09776648591483392
terms_abstract_tfidf__rt,0.06905064477573253
terms_abstract_tfidf__rule,0.07184231857997486
terms_abstract_tfidf__rules,0.048123395282827205
terms_abstract_tfidf__run,0.0020033536243348354
terms_abstract_tfidf__runs,-0.0014976770571836465
terms_abstract_tfidf__s1,-0.018595600128457786
terms_abstract_tfidf__saccade,-0.00872804714814539
terms_abstract_tfidf__saccades,0.03154179792608646
terms_abstract_tfidf__sad,-0.03571113256715431
terms_abstract_tfidf__salience,-0.03848503901166409
terms_abstract_tfidf__salience network,-0.05756335259728861
terms_abstract_tfidf__salient,0.01403267545126323
terms_abstract_tfidf__sample,-0.06168695118297058
terms_abstract_tfidf__samples,-0.020679863381994023
terms_abstract_tfidf__sampling,0.0684454184631153
terms_abstract_tfidf__scale,-0.08077592019012181
terms_abstract_tfidf__scales,-0.08681793359258322
terms_abstract_tfidf__scalp,-0.0355043621133061
terms_abstract_tfidf__scan,-0.10437206099314264
terms_abstract_tfidf__scanned,0.0915345000055776
terms_abstract_tfidf__scanned using,-0.017056193648438002
terms_abstract_tfidf__scanner,-0.010267222768751756
terms_abstract_tfidf__scanning,-0.007332739533666631
terms_abstract_tfidf__scans,-0.09129057206174725
terms_abstract_tfidf__scene,-0.02571421977470118
terms_abstract_tfidf__scenes,0.015453405741857565
terms_abstract_tfidf__schizophrenia,-0.06073734210744
terms_abstract_tfidf__schizophrenic,-0.0444822155519098
terms_abstract_tfidf__sclerosis,0.02049601282201254
terms_abstract_tfidf__score,-0.05046641401725905
terms_abstract_tfidf__scores,-0.06432379496045063
terms_abstract_tfidf__sd,0.08623916524635311
terms_abstract_tfidf__se,0.08777524714376868
terms_abstract_tfidf__search,0.01432163273616252
terms_abstract_tfidf__second,0.054253745202414626
terms_abstract_tfidf__secondary,0.03300744312472539
terms_abstract_tfidf__secondary somatosensory,0.027560398818097066
terms_abstract_tfidf__sectional,-0.06667700400592923
terms_abstract_tfidf__seed,-0.12411046371229773
terms_abstract_tfidf__seeds,-0.01914389196955197
terms_abstract_tfidf__seeking,0.1499901562453395
terms_abstract_tfidf__seen,0.0393110695024173
terms_abstract_tfidf__segregated,0.04625569925867568
terms_abstract_tfidf__segregation,0.05716219679259128
terms_abstract_tfidf__select,-0.02027657693925505
terms_abstract_tfidf__selected,-0.03775498664742998
terms_abstract_tfidf__selection,0.04336979240928059
terms_abstract_tfidf__selective,0.062164811757576544
terms_abstract_tfidf__selective attention,0.035200939272136765
terms_abstract_tfidf__selectively,0.056117561805138
terms_abstract_tfidf__selectivity,0.012448411110225686
terms_abstract_tfidf__self,-0.15230687826474512
terms_abstract_tfidf__self referential,-0.21277588124650806
terms_abstract_tfidf__self report,-0.0001947559475343412
terms_abstract_tfidf__self reported,-0.0028093949153449294
terms_abstract_tfidf__semantic,-0.019078674026349638
terms_abstract_tfidf__semantic memory,0.009973327287998804
terms_abstract_tfidf__semantically,-0.008068486953223939
terms_abstract_tfidf__semantics,0.03443373657028149
terms_abstract_tfidf__sensation,0.08280221312286543
terms_abstract_tfidf__sensations,0.047514560415154894
terms_abstract_tfidf__sense,0.03490556554114797
terms_abstract_tfidf__sensitive,0.04162862201201662
terms_abstract_tfidf__sensitivity,0.06886315448745915
terms_abstract_tfidf__sensorimotor,-0.03966966432691704
terms_abstract_tfidf__sensorimotor cortex,-0.054752490989792194
terms_abstract_tfidf__sensorimotor network,-0.07906901936726314
terms_abstract_tfidf__sensory,-0.020261128891057387
terms_abstract_tfidf__sensory information,-0.05128807580801149
terms_abstract_tfidf__sensory motor,-0.07615507729067253
terms_abstract_tfidf__sentence,-0.040513828809354085
terms_abstract_tfidf__sentence comprehension,-0.045796452416874966
terms_abstract_tfidf__sentences,-0.03900356236218573
terms_abstract_tfidf__separable,0.008617206227933093
terms_abstract_tfidf__separate,0.03856842091414423
terms_abstract_tfidf__separated,0.022405471908441468
terms_abstract_tfidf__separately,-0.033493384999699206
terms_abstract_tfidf__separation,-0.02026020283337343
terms_abstract_tfidf__sequence,0.03696725046196173
terms_abstract_tfidf__sequences,0.09861635415119245
terms_abstract_tfidf__sequential,0.006139971749590902
terms_abstract_tfidf__serial,0.0587778171662295
terms_abstract_tfidf__series,0.0016514994402944115
terms_abstract_tfidf__serotonin,-0.0009679186262616157
terms_abstract_tfidf__serve,0.004918126676732203
terms_abstract_tfidf__served,0.08123062751296374
terms_abstract_tfidf__serves,0.017535833021381137
terms_abstract_tfidf__session,0.010213916664628567
terms_abstract_tfidf__sessions,0.003711462216103304
terms_abstract_tfidf__set,0.059804309099631185
terms_abstract_tfidf__sets,0.0362961370519979
terms_abstract_tfidf__setting,0.08737216665126726
terms_abstract_tfidf__settings,-0.011008410495084222
terms_abstract_tfidf__seven,-0.002841149324577423
terms_abstract_tfidf__seventeen,-0.010331856571952118
terms_abstract_tfidf__severe,-0.004679576952622342
terms_abstract_tfidf__severity,-0.0430760939467064
terms_abstract_tfidf__sex,-0.02439033449481444
terms_abstract_tfidf__sexual,0.0861113139254256
terms_abstract_tfidf__sham,-0.06122060145510364
terms_abstract_tfidf__shape,0.061905056036482636
terms_abstract_tfidf__shaped,0.016878088303598625
terms_abstract_tfidf__shapes,0.017966454104344567
terms_abstract_tfidf__share,0.05484083702118941
terms_abstract_tfidf__shared,0.06118220004617758
terms_abstract_tfidf__shed,-0.018474591297773072
terms_abstract_tfidf__shed light,-0.014725009332628512
terms_abstract_tfidf__shift,0.12615845220497363
terms_abstract_tfidf__shifted,0.045349915476728765
terms_abstract_tfidf__shifting,0.1163439679710893
terms_abstract_tfidf__shifts,0.058986619173448614
terms_abstract_tfidf__short,-0.03449013157140304
terms_abstract_tfidf__short term,0.014453937355988456
terms_abstract_tfidf__shorter,-0.0033884135160150135
terms_abstract_tfidf__showing,0.035594147147185576
terms_abstract_tfidf__shown,-0.03914397928982817
terms_abstract_tfidf__shows,-0.06561616955859713
terms_abstract_tfidf__si,0.0002226790795915014
terms_abstract_tfidf__sided,0.03176855682779828
terms_abstract_tfidf__sighted,-0.028598222737642526
terms_abstract_tfidf__sign,0.045941922604336834
terms_abstract_tfidf__signal,0.04333210804974382
terms_abstract_tfidf__signal change,-0.016178121386757966
terms_abstract_tfidf__signal task,0.10383811993439672
terms_abstract_tfidf__signaling,0.11844639391940343
terms_abstract_tfidf__signals,0.041145532945798646
terms_abstract_tfidf__signature,0.005504518541416249
terms_abstract_tfidf__significance,-0.0023284035054159124
terms_abstract_tfidf__significance statement,-0.019517476188417374
terms_abstract_tfidf__signs,0.018133635160520266
terms_abstract_tfidf__sii,0.020661420092396392
terms_abstract_tfidf__silent,0.02549790802829385
terms_abstract_tfidf__similarities,0.01569928320724379
terms_abstract_tfidf__similarity,0.023265110978196033
terms_abstract_tfidf__similarly,0.020683850927678663
terms_abstract_tfidf__simple,0.007049952525685142
terms_abstract_tfidf__simply,0.08080512236192473
terms_abstract_tfidf__simulated,-0.04798905174212031
terms_abstract_tfidf__simulation,-0.1051671491496481
terms_abstract_tfidf__simultaneous,0.05090851167784348
terms_abstract_tfidf__simultaneous eeg,0.0018290998385093317
terms_abstract_tfidf__simultaneously,-0.012390760627978763
terms_abstract_tfidf__single,-0.0007343871506657377
terms_abstract_tfidf__single subject,-0.059663718914800094
terms_abstract_tfidf__single trial,-0.007084046955202736
terms_abstract_tfidf__site,0.08335238880922005
terms_abstract_tfidf__sites,0.0016978351599006994
terms_abstract_tfidf__situation,-0.023126373112293812
terms_abstract_tfidf__situations,-0.045899765736494964
terms_abstract_tfidf__sixteen,0.0059504190670715195
terms_abstract_tfidf__size,-0.007049491839430118
terms_abstract_tfidf__sizes,0.029995117110650577
terms_abstract_tfidf__skill,-0.01426962561125462
terms_abstract_tfidf__skills,-0.02548874160845304
terms_abstract_tfidf__skin,-0.006166352289946254
terms_abstract_tfidf__skin conductance,-0.005999403513025216
terms_abstract_tfidf__sleep,0.044779199445838594
terms_abstract_tfidf__slow,-0.058104126891525824
terms_abstract_tfidf__slower,0.02519836200979202
terms_abstract_tfidf__sma,0.04786487684478616
terms_abstract_tfidf__small,0.02527922388445121
terms_abstract_tfidf__smaller,0.0016258184530442608
terms_abstract_tfidf__smokers,-0.08675802172585334
terms_abstract_tfidf__smoking,-0.07529960205215722
terms_abstract_tfidf__sn,-0.03481983703211537
terms_abstract_tfidf__social,-0.1268007107448453
terms_abstract_tfidf__social cognition,-0.147804754093544
terms_abstract_tfidf__social cognitive,-0.12265577586864684
terms_abstract_tfidf__social interaction,-0.05057593201767501
terms_abstract_tfidf__social interactions,-0.07424923378557169
terms_abstract_tfidf__socially,-0.08060263914624698
terms_abstract_tfidf__software,-0.06061692099935107
terms_abstract_tfidf__solving,-0.03824604759102604
terms_abstract_tfidf__somatosensory,-0.02463086064300316
terms_abstract_tfidf__somatosensory cortex,-0.04349473462023846
terms_abstract_tfidf__somatosensory cortices,0.02940584783830225
terms_abstract_tfidf__sought,-0.06796875100463126
terms_abstract_tfidf__sound,0.010776397127955044
terms_abstract_tfidf__sounds,-0.013231890442859119
terms_abstract_tfidf__source,-0.07209135995242315
terms_abstract_tfidf__sources,-0.0017816411459997844
terms_abstract_tfidf__space,-0.035319146953929056
terms_abstract_tfidf__span,-0.004050253045676062
terms_abstract_tfidf__sparse,-0.0034744882361198402
terms_abstract_tfidf__spatial,-0.011313936350532024
terms_abstract_tfidf__spatial attention,0.004151774994145063
terms_abstract_tfidf__spatial information,0.019470648056429056
terms_abstract_tfidf__spatial temporal,-0.0508350325386581
terms_abstract_tfidf__spatially,-0.0528646640617451
terms_abstract_tfidf__spatiotemporal,-0.03150034564836548
terms_abstract_tfidf__speaker,-0.025805616717363897
terms_abstract_tfidf__speakers,0.0051485816809041405
terms_abstract_tfidf__speaking,0.09523819382441592
terms_abstract_tfidf__special,-0.03286942813678716
terms_abstract_tfidf__specialization,0.043196292903934015
terms_abstract_tfidf__specialized,0.0849922075109838
terms_abstract_tfidf__species,0.12449544654461223
terms_abstract_tfidf__specifically,0.04814589985465575
terms_abstract_tfidf__specificity,-0.011545320001547276
terms_abstract_tfidf__specified,0.005681252038245648
terms_abstract_tfidf__spectral,-0.0010889760606962264
terms_abstract_tfidf__spectrum,-0.09513573775209035
terms_abstract_tfidf__spectrum disorder,-0.06875988642265084
terms_abstract_tfidf__spectrum disorders,-0.08390789394814928
terms_abstract_tfidf__speech,-0.013034039190362848
terms_abstract_tfidf__speech perception,-0.012687515439696763
terms_abstract_tfidf__speech production,0.03923672195524978
terms_abstract_tfidf__speed,-0.04705718450089506
terms_abstract_tfidf__spin,-0.026783265546820523
terms_abstract_tfidf__spin labeling,-0.030221632573462016
terms_abstract_tfidf__spinal,0.002573005295458512
terms_abstract_tfidf__spl,-0.028229179311087177
terms_abstract_tfidf__spoken,0.005941195790206872
terms_abstract_tfidf__spontaneous,-0.15534110591623418
terms_abstract_tfidf__stable,-0.0345805275560435
terms_abstract_tfidf__stage,0.041475590127404635
terms_abstract_tfidf__stages,0.06312263454999377
terms_abstract_tfidf__standard,-0.02568311459739416
terms_abstract_tfidf__standardized,-0.02813390003528398
terms_abstract_tfidf__state,-0.1669358596211799
terms_abstract_tfidf__state connectivity,-0.08437289526820815
terms_abstract_tfidf__state functional,-0.15299372480498558
terms_abstract_tfidf__state networks,-0.1268266099767771
terms_abstract_tfidf__statement,-0.023079428166477026
terms_abstract_tfidf__states,-0.1449532109344744
terms_abstract_tfidf__static,0.02934165271729824
terms_abstract_tfidf__statistics,-0.0011155362488188332
terms_abstract_tfidf__status,-0.07420726678590064
terms_abstract_tfidf__step,0.014375934458022571
terms_abstract_tfidf__stg,-0.01510400711588319
terms_abstract_tfidf__stimulated,0.03239901661459163
terms_abstract_tfidf__stimulation,-0.001214916677573889
terms_abstract_tfidf__stimulation tms,-0.036222212222270775
terms_abstract_tfidf__stimuli,0.09787363908456136
terms_abstract_tfidf__stimuli presented,-0.00869097305200203
terms_abstract_tfidf__stimulus,0.09715474621882692
terms_abstract_tfidf__stimulus driven,0.026699134801676985
terms_abstract_tfidf__stimulus response,0.07085044455660841
terms_abstract_tfidf__stop,0.11509707949191247
terms_abstract_tfidf__stop signal,0.099383317360351
terms_abstract_tfidf__storage,0.07660178286851957
terms_abstract_tfidf__stored,0.04484973478146101
terms_abstract_tfidf__strategic,-0.00033793843440566506
terms_abstract_tfidf__strategies,0.03662019005311493
terms_abstract_tfidf__strategy,0.021387898838729467
terms_abstract_tfidf__stream,0.03646851245570181
terms_abstract_tfidf__streams,0.011600935023703442
terms_abstract_tfidf__strength,-0.0163444092756972
terms_abstract_tfidf__stress,-0.017046593517879027
terms_abstract_tfidf__stress disorder,-0.01380560858039862
terms_abstract_tfidf__striatal,0.20752256417594414
terms_abstract_tfidf__striatum,0.11763243766837132
terms_abstract_tfidf__striking,-0.04977529324162131
terms_abstract_tfidf__stroke,-0.10220621620984811
terms_abstract_tfidf__strong,0.053843318182658965
terms_abstract_tfidf__strongest,0.027658541823404468
terms_abstract_tfidf__strongly,0.021679591405262797
terms_abstract_tfidf__stroop,0.06612020942661344
terms_abstract_tfidf__stroop task,0.033840995847635724
terms_abstract_tfidf__structural,-0.039367857773734756
terms_abstract_tfidf__structural functional,-0.04096116406686418
terms_abstract_tfidf__structural magnetic,-0.03904803632233656
terms_abstract_tfidf__structure,-0.00871038653720937
terms_abstract_tfidf__structure function,-0.006620923503462908
terms_abstract_tfidf__structures,0.08815370032576395
terms_abstract_tfidf__structures involved,0.060554635732839424
terms_abstract_tfidf__sts,0.0008951884335771602
terms_abstract_tfidf__students,0.01274891069581364
terms_abstract_tfidf__studied,0.06000039793500966
terms_abstract_tfidf__studying,-0.09459164806094177
terms_abstract_tfidf__sub,-0.009449898660501615
terms_abstract_tfidf__subcortical,0.19403480677779708
terms_abstract_tfidf__subcortical structures,0.12558246493334563
terms_abstract_tfidf__subgenual,-0.0006876717827169163
terms_abstract_tfidf__subject,-0.07915464833166652
terms_abstract_tfidf__subjective,-0.0021977798239012493
terms_abstract_tfidf__subregions,0.04306714214400813
terms_abstract_tfidf__subsequent,0.07718496255355659
terms_abstract_tfidf__subsequent memory,0.049412768876515564
terms_abstract_tfidf__subsequently,0.05766733565453358
terms_abstract_tfidf__subserve,-0.03411507437603015
terms_abstract_tfidf__subserved,-0.04065089511189413
terms_abstract_tfidf__subserving,-0.007086902148695315
terms_abstract_tfidf__subset,0.0424932579761173
terms_abstract_tfidf__substance,0.02886660517349972
terms_abstract_tfidf__substantia,0.11894718908203973
terms_abstract_tfidf__substantial,-0.04908973820722031
terms_abstract_tfidf__substantially,0.0316976638977148
terms_abstract_tfidf__substrate,0.030485310917497833
terms_abstract_tfidf__substrates,0.03793572297204286
terms_abstract_tfidf__subtle,-0.03679032731167383
terms_abstract_tfidf__subtraction,0.06212593907417054
terms_abstract_tfidf__success,0.026129091494279475
terms_abstract_tfidf__successful,0.0739246082469802
terms_abstract_tfidf__successfully,0.0721090133880013
terms_abstract_tfidf__successive,0.003930620286422593
terms_abstract_tfidf__suffering,0.024659430154797934
terms_abstract_tfidf__sufficient,0.014958831908304389
terms_abstract_tfidf__suggest,0.005513493550863413
terms_abstract_tfidf__suggest functional,0.06592771227429613
terms_abstract_tfidf__suggested,-0.027411336218645558
terms_abstract_tfidf__suggesting,-0.02783290997017308
terms_abstract_tfidf__suggests,-0.039617661977268945
terms_abstract_tfidf__sulci,-0.03159581563469145
terms_abstract_tfidf__sulcus,0.015146639719625462
terms_abstract_tfidf__sulcus ips,0.06426785292012341
terms_abstract_tfidf__sulcus sts,0.014703799931199087
terms_abstract_tfidf__sum,0.050939589844718275
terms_abstract_tfidf__summary,-0.04630393326070657
terms_abstract_tfidf__superior,-0.03730583655439849
terms_abstract_tfidf__superior frontal,-0.10514195955613
terms_abstract_tfidf__superior inferior,0.019736557610376293
terms_abstract_tfidf__superior middle,-0.018451411879607253
terms_abstract_tfidf__superior parietal,-0.005340947421506741
terms_abstract_tfidf__superior temporal,-0.018952694640623546
terms_abstract_tfidf__supplementary,0.03238976155159533
terms_abstract_tfidf__supplementary motor,0.03955894812387428
terms_abstract_tfidf__supported,0.031921318032316834
terms_abstract_tfidf__supporting,-0.00017756999476050583
terms_abstract_tfidf__supports,-0.005201387780921948
terms_abstract_tfidf__suppressed,0.014052824556494639
terms_abstract_tfidf__suppression,-0.04991001898060401
terms_abstract_tfidf__supramarginal,-0.04562906311622393
terms_abstract_tfidf__supramarginal gyrus,-0.04284286411037907
terms_abstract_tfidf__surface,-0.13570833606205152
terms_abstract_tfidf__surprisingly,-0.044186063623801196
terms_abstract_tfidf__surrounding,-0.07037261491878376
terms_abstract_tfidf__susceptibility,-0.01948337641501484
terms_abstract_tfidf__sustained,0.06679297152846109
terms_abstract_tfidf__sustained attention,0.03357138835944282
terms_abstract_tfidf__switch,0.0771405770659875
terms_abstract_tfidf__switching,0.0870573986491104
terms_abstract_tfidf__symbolic,0.04014904910565816
terms_abstract_tfidf__symptom,0.00956683439115174
terms_abstract_tfidf__symptom severity,-0.007988287407822956
terms_abstract_tfidf__symptoms,-0.044673444467896735
terms_abstract_tfidf__synchronization,-0.06490615119907997
terms_abstract_tfidf__syndrome,-0.030353585517005666
terms_abstract_tfidf__syntactic,-0.006896710250099199
terms_abstract_tfidf__systematic,0.006571279362214223
terms_abstract_tfidf__systematically,-0.02137492160932965
terms_abstract_tfidf__systems,0.06380998418323205
terms_abstract_tfidf__systems involved,0.0005254896935979428
terms_abstract_tfidf__t1,-0.026918053314352996
terms_abstract_tfidf__t1 weighted,-0.05116769046281333
terms_abstract_tfidf__tactile,0.006149924536305247
terms_abstract_tfidf__taken,-0.01777498962429597
terms_abstract_tfidf__taken suggest,0.054564404457365455
terms_abstract_tfidf__taking,-0.03775623234429723
terms_abstract_tfidf__tapping,0.006922223005053184
terms_abstract_tfidf__target,0.05470085954422942
terms_abstract_tfidf__target detection,0.05776589750494653
terms_abstract_tfidf__targeted,-0.037537073274002845
terms_abstract_tfidf__targets,0.0307510725900406
terms_abstract_tfidf__task,0.09986424862709145
terms_abstract_tfidf__task conditions,0.06775371647655558
terms_abstract_tfidf__task demands,0.06318736019620513
terms_abstract_tfidf__task difficulty,0.07811388995602946
terms_abstract_tfidf__task functional,-0.01176016104624166
terms_abstract_tfidf__task induced,-0.13111926097614549
terms_abstract_tfidf__task involving,0.01154441362127131
terms_abstract_tfidf__task irrelevant,0.1132427425119657
terms_abstract_tfidf__task performance,0.03703148353233245
terms_abstract_tfidf__task positive,-0.09963407941368659
terms_abstract_tfidf__task relevant,0.07409933800863885
terms_abstract_tfidf__task required,0.05884424462164814
terms_abstract_tfidf__task task,0.046222688309783676
terms_abstract_tfidf__task using,0.02830124006743546
terms_abstract_tfidf__tasks,0.052387958207381416
terms_abstract_tfidf__taste,0.058326486781622534
terms_abstract_tfidf__td,-0.051187510679859674
terms_abstract_tfidf__technique,-0.08754234411170934
terms_abstract_tfidf__techniques,-0.07385076894559145
terms_abstract_tfidf__tegmental,0.12825056573106108
terms_abstract_tfidf__temporal,-0.009607552510013408
terms_abstract_tfidf__temporal cortex,0.038806842636888474
terms_abstract_tfidf__temporal cortices,-0.014166782455572428
terms_abstract_tfidf__temporal frontal,0.01602222113369349
terms_abstract_tfidf__temporal gyri,-0.02311848986553657
terms_abstract_tfidf__temporal gyrus,-0.05730609716087784
terms_abstract_tfidf__temporal inferior,0.0410684902994192
terms_abstract_tfidf__temporal lobe,0.02729101104301703
terms_abstract_tfidf__temporal lobes,0.00578362333366306
terms_abstract_tfidf__temporal occipital,0.029199460643878208
terms_abstract_tfidf__temporal parietal,-0.07715011233077437
terms_abstract_tfidf__temporal pole,-0.07571523244132777
terms_abstract_tfidf__temporal sulcus,-0.011445452463504938
terms_abstract_tfidf__temporale,0.05183696145044542
terms_abstract_tfidf__temporally,-0.06793617612445962
terms_abstract_tfidf__temporo,-0.0851305051931157
terms_abstract_tfidf__temporo parietal,-0.09995860822019761
terms_abstract_tfidf__temporoparietal,-0.13159391564767703
terms_abstract_tfidf__temporoparietal junction,-0.133331082888822
terms_abstract_tfidf__tend,-0.03934010217891181
terms_abstract_tfidf__tendency,-0.03940250687334873
terms_abstract_tfidf__tensor,-0.02436566792805771
terms_abstract_tfidf__tensor dti,-0.011048433753793307
terms_abstract_tfidf__term,0.029042623209512192
terms_abstract_tfidf__term memory,0.06359721542851121
terms_abstract_tfidf__terms,-0.0010973439827594265
terms_abstract_tfidf__tesla,0.029093113953069967
terms_abstract_tfidf__test,0.010313178634354917
terms_abstract_tfidf__tested,0.02995917824006591
terms_abstract_tfidf__testing,-0.03920809318148818
terms_abstract_tfidf__tests,-0.029002807943861852
terms_abstract_tfidf__thalamic,0.15527834035103405
terms_abstract_tfidf__thalamus,0.17505093614092834
terms_abstract_tfidf__theoretical,0.005269259687339302
terms_abstract_tfidf__theories,0.039092951963298456
terms_abstract_tfidf__theory,-0.15020099909299534
terms_abstract_tfidf__theory mind,-0.1934282819165886
terms_abstract_tfidf__therapeutic,-0.025183632390529728
terms_abstract_tfidf__therapy,-0.004933320721328709
terms_abstract_tfidf__thickness,-0.1655561195761144
terms_abstract_tfidf__thinking,-0.14650171038307822
terms_abstract_tfidf__thirteen,0.008771621643394014
terms_abstract_tfidf__thirty,-0.08421466664651339
terms_abstract_tfidf__thought,-0.024956774027514114
terms_abstract_tfidf__thoughts,-0.15954781921701083
terms_abstract_tfidf__threat,0.02386314526679694
terms_abstract_tfidf__threatening,0.018797309203344156
terms_abstract_tfidf__threshold,0.015420416684036183
terms_abstract_tfidf__time,0.02554681785802453
terms_abstract_tfidf__time course,0.02680420681456753
terms_abstract_tfidf__time courses,0.005037792143883896
terms_abstract_tfidf__time points,-0.04354990790322314
terms_abstract_tfidf__time series,-0.0018720353395180673
terms_abstract_tfidf__time task,0.11053444195195075
terms_abstract_tfidf__times,0.04830399964279493
terms_abstract_tfidf__timing,0.0441744380645865
terms_abstract_tfidf__tissue,0.0031335820002595704
terms_abstract_tfidf__tms,-0.020430109463980904
terms_abstract_tfidf__tom,-0.17752039239444306
terms_abstract_tfidf__tomography,-0.04569537976390948
terms_abstract_tfidf__tomography pet,0.0477093792824921
terms_abstract_tfidf__tone,0.03686117355111912
terms_abstract_tfidf__tones,0.060403898493173014
terms_abstract_tfidf__took,-0.0645231239658586
terms_abstract_tfidf__tool,-0.03954385267989037
terms_abstract_tfidf__tools,-0.01485478163579481
terms_abstract_tfidf__total,-0.05591342531450578
terms_abstract_tfidf__touch,-0.01900354448044984
terms_abstract_tfidf__tpj,-0.11647101427545858
terms_abstract_tfidf__track,0.04261930762413826
terms_abstract_tfidf__tracking,0.021464644203485008
terms_abstract_tfidf__tract,-0.016609592733073476
terms_abstract_tfidf__tractography,-0.019506788302726865
terms_abstract_tfidf__tracts,-0.03723489321056653
terms_abstract_tfidf__traditional,-0.03404918844151175
terms_abstract_tfidf__traditionally,0.04041072404435403
terms_abstract_tfidf__trained,0.010019771664436409
terms_abstract_tfidf__training,-0.02902039415947228
terms_abstract_tfidf__trait,-0.07082359170938829
terms_abstract_tfidf__traits,-0.08261914853234137
terms_abstract_tfidf__trajectories,0.048100666387492004
terms_abstract_tfidf__transcranial,-0.04429525490598065
terms_abstract_tfidf__transcranial magnetic,-0.024150427884753058
terms_abstract_tfidf__transfer,0.007750383367371978
terms_abstract_tfidf__transformation,-0.03255501920961602
terms_abstract_tfidf__transient,0.02301369068638177
terms_abstract_tfidf__transition,0.08076590003504214
terms_abstract_tfidf__trauma,-0.04085807358987235
terms_abstract_tfidf__traumatic,-0.02227958494365599
terms_abstract_tfidf__treated,-0.01912348291551594
terms_abstract_tfidf__treatment,-0.01694119712994684
terms_abstract_tfidf__treatments,0.02549130731144507
terms_abstract_tfidf__trend,-0.003539030998165254
terms_abstract_tfidf__trial,0.08288376275436725
terms_abstract_tfidf__trial trial,0.004926535033527847
terms_abstract_tfidf__trials,0.08863767200230575
terms_abstract_tfidf__trigger,0.04169178853839611
terms_abstract_tfidf__triggered,0.029382125281616486
terms_abstract_tfidf__true,-0.008726342289843744
terms_abstract_tfidf__turn,0.06490990222583813
terms_abstract_tfidf__twice,-0.012290234962521017
terms_abstract_tfidf__type,0.005831955362944633
terms_abstract_tfidf__types,0.008732569225059477
terms_abstract_tfidf__typical,-0.0017642433520314441
terms_abstract_tfidf__typically,0.017590355258746186
terms_abstract_tfidf__typically developing,-0.05662978387192555
terms_abstract_tfidf__unaffected,-0.02848703094306877
terms_abstract_tfidf__uncertain,0.08133068233238075
terms_abstract_tfidf__uncertainty,0.04125178476419766
terms_abstract_tfidf__unclear,-0.04833789797416528
terms_abstract_tfidf__undergoing,-0.009374895520950494
terms_abstract_tfidf__undergoing functional,0.014245590111812844
terms_abstract_tfidf__underlie,0.007622723844548548
terms_abstract_tfidf__underlies,0.04279020425695791
terms_abstract_tfidf__underlying,-0.01590905932210389
terms_abstract_tfidf__underlying mechanisms,0.006783450160664913
terms_abstract_tfidf__underpinning,-0.015275061857027223
terms_abstract_tfidf__underpinnings,-0.02384517779839816
terms_abstract_tfidf__understand,-0.0749143857966739
terms_abstract_tfidf__understanding,-0.1486585642647846
terms_abstract_tfidf__understood,-0.005061662585412446
terms_abstract_tfidf__unexpected,0.0893437183840871
terms_abstract_tfidf__unfamiliar,-0.0015551480878355825
terms_abstract_tfidf__unilateral,-0.04840075288922126
terms_abstract_tfidf__unimodal,0.0005166841422635146
terms_abstract_tfidf__unique,0.023593893953486322
terms_abstract_tfidf__uniquely,-0.0643238147366454
terms_abstract_tfidf__univariate,0.008338763726204722
terms_abstract_tfidf__unknown,-0.04544413410342809
terms_abstract_tfidf__unlike,0.020899932848965554
terms_abstract_tfidf__unmedicated,0.019967183814155437
terms_abstract_tfidf__unpleasant,0.05869706077451057
terms_abstract_tfidf__unrelated,-0.007850610543850762
terms_abstract_tfidf__upcoming,0.06473079545550654
terms_abstract_tfidf__updating,0.049730645147161225
terms_abstract_tfidf__upper,-0.05719702379683499
terms_abstract_tfidf__use,-0.01262604066869769
terms_abstract_tfidf__use functional,0.003479485052488905
terms_abstract_tfidf__useful,-0.09245919756603545
terms_abstract_tfidf__users,0.009847149288216304
terms_abstract_tfidf__uses,-0.016083746084280093
terms_abstract_tfidf__using,-0.00986204144262379
terms_abstract_tfidf__using event,0.06403089010348408
terms_abstract_tfidf__using functional,0.12448103205191659
terms_abstract_tfidf__using resting,-0.11056460334664847
terms_abstract_tfidf__using voxel,-0.017816834181724587
terms_abstract_tfidf__usually,-0.03962379999515475
terms_abstract_tfidf__utility,-0.07460406900180858
terms_abstract_tfidf__utilized,-0.0019005183773721473
terms_abstract_tfidf__v1,-0.017312983663836427
terms_abstract_tfidf__v5,-0.014433689243773643
terms_abstract_tfidf__valence,-0.032265603228544985
terms_abstract_tfidf__valid,-0.02259492137686608
terms_abstract_tfidf__validated,-0.1139604010823209
terms_abstract_tfidf__validity,0.0035507903320508905
terms_abstract_tfidf__valuable,-0.007696833777775436
terms_abstract_tfidf__value,0.016782473979313477
terms_abstract_tfidf__values,-0.07987481190229535
terms_abstract_tfidf__variability,-0.031859609696743285
terms_abstract_tfidf__variable,-0.06660157596625753
terms_abstract_tfidf__variables,-0.044498003963780786
terms_abstract_tfidf__variance,0.02130739803392325
terms_abstract_tfidf__variant,0.09697702358232264
terms_abstract_tfidf__variation,-0.016189338511119603
terms_abstract_tfidf__variations,0.0012753434013230449
terms_abstract_tfidf__varied,0.03489499000623559
terms_abstract_tfidf__varies,-0.023562069980717096
terms_abstract_tfidf__variety,0.0014624130624607888
terms_abstract_tfidf__various,-0.05529018152658143
terms_abstract_tfidf__vary,-0.015066324921393133
terms_abstract_tfidf__varying,-0.017489446636732235
terms_abstract_tfidf__vbm,-0.004773494002196406
terms_abstract_tfidf__vector,-0.04477208500032406
terms_abstract_tfidf__ventral,0.08040782368163556
terms_abstract_tfidf__ventral anterior,-0.03775245388200822
terms_abstract_tfidf__ventral dorsal,0.04686904833497883
terms_abstract_tfidf__ventral medial,-0.10510739163112198
terms_abstract_tfidf__ventral premotor,-0.012451283035246044
terms_abstract_tfidf__ventral striatum,0.056320702260829573
terms_abstract_tfidf__ventral tegmental,0.12773579473006064
terms_abstract_tfidf__ventral visual,0.0394965733240219
terms_abstract_tfidf__ventrolateral,0.057262612246982224
terms_abstract_tfidf__ventrolateral prefrontal,0.04482046375658154
terms_abstract_tfidf__ventromedial,-0.10227227612309196
terms_abstract_tfidf__ventromedial prefrontal,-0.1037512190258746
terms_abstract_tfidf__verb,-0.0424301974859077
terms_abstract_tfidf__verbal,0.014135245403454365
terms_abstract_tfidf__verbal fluency,-0.023231868410209758
terms_abstract_tfidf__verbal working,0.031161497018422305
terms_abstract_tfidf__verbs,-0.02128957591642912
terms_abstract_tfidf__vermis,-0.0069385152150080575
terms_abstract_tfidf__version,0.06609260867044359
terms_abstract_tfidf__versus,0.017981189166269923
terms_abstract_tfidf__vi,-0.03125384203945591
terms_abstract_tfidf__video,-0.01888125499629553
terms_abstract_tfidf__video clips,-0.026978540484345108
terms_abstract_tfidf__videos,-0.058657382093606165
terms_abstract_tfidf__view,-0.022790122155656706
terms_abstract_tfidf__viewed,-0.022728621863601615
terms_abstract_tfidf__viewing,-0.028504866088707847
terms_abstract_tfidf__violations,-0.09638747250097056
terms_abstract_tfidf__virtual,0.04737417114862278
terms_abstract_tfidf__vision,0.005688821585013991
terms_abstract_tfidf__visual,0.013431538493926797
terms_abstract_tfidf__visual attention,-0.005014928905477669
terms_abstract_tfidf__visual auditory,0.006024592948538331
terms_abstract_tfidf__visual cortex,0.007308510196818173
terms_abstract_tfidf__visual cortices,-0.014835415528538055
terms_abstract_tfidf__visual field,-0.037993634077638394
terms_abstract_tfidf__visual information,0.03396222101091475
terms_abstract_tfidf__visual motion,0.011036986128759007
terms_abstract_tfidf__visual perception,-0.0037981049842534128
terms_abstract_tfidf__visual stimuli,0.02281495025308916
terms_abstract_tfidf__visual stimulus,-0.017427547021575424
terms_abstract_tfidf__visual stream,0.024030399784530535
terms_abstract_tfidf__visual word,0.056340320775423364
terms_abstract_tfidf__visually,0.00855198337864924
terms_abstract_tfidf__visually presented,0.04776603426494136
terms_abstract_tfidf__visuo,0.030978876925368277
terms_abstract_tfidf__visuo spatial,0.020906592960954228
terms_abstract_tfidf__visuomotor,-0.03425096798929817
terms_abstract_tfidf__visuospatial,-0.02116210754383058
terms_abstract_tfidf__vivo,0.06679218368482925
terms_abstract_tfidf__vlpfc,-0.029601538729351524
terms_abstract_tfidf__vmpfc,-0.13516352139474866
terms_abstract_tfidf__vocal,0.03686830571808197
terms_abstract_tfidf__voice,0.00300665299457001
terms_abstract_tfidf__volume,-0.020641042062558856
terms_abstract_tfidf__volumes,-0.024742371492840982
terms_abstract_tfidf__volumetric,-0.04336225356726887
terms_abstract_tfidf__voluntary,-0.013581074525386096
terms_abstract_tfidf__volunteers,0.04192243464561457
terms_abstract_tfidf__voxel,-0.047249347562319965
terms_abstract_tfidf__voxel morphometry,-0.04868884206906134
terms_abstract_tfidf__voxel wise,-0.005480633788101816
terms_abstract_tfidf__voxels,-0.059601270052735876
terms_abstract_tfidf__voxelwise,-0.03705605092617813
terms_abstract_tfidf__vs,-0.013291365317853283
terms_abstract_tfidf__vulnerability,-0.014991464107017901
terms_abstract_tfidf__watched,0.014010722237533831
terms_abstract_tfidf__watching,-0.02578721322751426
terms_abstract_tfidf__way,-0.034031025468475154
terms_abstract_tfidf__ways,-0.07738039133235404
terms_abstract_tfidf__weak,0.018306693290316766
terms_abstract_tfidf__weaker,-0.03187285364557583
terms_abstract_tfidf__week,-0.09043606903676887
terms_abstract_tfidf__weeks,-0.03789520519438025
terms_abstract_tfidf__weight,-0.036888935953589136
terms_abstract_tfidf__weighted,-0.013821166713388282
terms_abstract_tfidf__whilst,-0.020572782273134124
terms_abstract_tfidf__white,-0.04400054630519231
terms_abstract_tfidf__white matter,-0.04238698608399336
terms_abstract_tfidf__wide,-0.0621948234910777
terms_abstract_tfidf__widely,-0.007601005791987769
terms_abstract_tfidf__widespread,0.022406613593113266
terms_abstract_tfidf__wiley,-0.024584090007829025
terms_abstract_tfidf__wiley periodicals,-0.016435792530076748
terms_abstract_tfidf__window,-0.023261405343083925
terms_abstract_tfidf__wise,-0.04170489168027843
terms_abstract_tfidf__wm,0.05782370960674969
terms_abstract_tfidf__wm task,0.0595067045565202
terms_abstract_tfidf__women,0.021080502979337293
terms_abstract_tfidf__word,0.029053541563995942
terms_abstract_tfidf__word form,0.059754735608788655
terms_abstract_tfidf__word pairs,-0.017289119678224836
terms_abstract_tfidf__word recognition,0.035128535003192525
terms_abstract_tfidf__words,0.009869555520410434
terms_abstract_tfidf__work,-0.02612448394573333
terms_abstract_tfidf__working,0.07956446132151716
terms_abstract_tfidf__working memory,0.08210463950246803
terms_abstract_tfidf__world,-0.05273864736451456
terms_abstract_tfidf__worse,-0.03668943010253697
terms_abstract_tfidf__written,0.007572286304785024
terms_abstract_tfidf__year,0.01915664862048148
terms_abstract_tfidf__year old,0.005355144070038252
terms_abstract_tfidf__years,-0.07798946417531584
terms_abstract_tfidf__years old,-0.0411505898866991
terms_abstract_tfidf__yield,0.018781035888993342
terms_abstract_tfidf__yielded,-0.04461111007176674
terms_abstract_tfidf__young,-0.013511802075467498
terms_abstract_tfidf__young adults,0.005810945757275086
terms_abstract_tfidf__young healthy,0.03637639931807729
terms_abstract_tfidf__young older,0.0071570997536186025
terms_abstract_tfidf__younger,0.016603623126420202
terms_abstract_tfidf__younger adults,-0.012989199494165953
terms_abstract_tfidf__youth,-0.021821406229060664
terms_abstract_tfidf__zone,0.008662723727321544
