feature,r
terms_abstract_tfidf__001,-0.024846999041848925
terms_abstract_tfidf__01,-0.00498119446533291
terms_abstract_tfidf__05,0.042620872099569156
terms_abstract_tfidf__10,0.018910224650636045
terms_abstract_tfidf__100,0.006478242447671775
terms_abstract_tfidf__11,0.044444709977742594
terms_abstract_tfidf__12,0.013946244875177085
terms_abstract_tfidf__12 healthy,-0.0015093639330594254
terms_abstract_tfidf__13,0.018319192316179223
terms_abstract_tfidf__14,-0.00565385542514664
terms_abstract_tfidf__14 healthy,0.000657543278587504
terms_abstract_tfidf__15,0.0500457651290694
terms_abstract_tfidf__15 healthy,0.007433389296201539
terms_abstract_tfidf__16,-0.007999583022987677
terms_abstract_tfidf__16 healthy,-0.028271663243938185
terms_abstract_tfidf__17,-0.02644575048005671
terms_abstract_tfidf__18,-0.012981142368061992
terms_abstract_tfidf__18 healthy,0.007370286971096006
terms_abstract_tfidf__19,-0.0813936314429336
terms_abstract_tfidf__20,-0.0611651256969504
terms_abstract_tfidf__20 healthy,-0.08090829849533868
terms_abstract_tfidf__200,0.05872929245930421
terms_abstract_tfidf__2014,-0.04780174046444328
terms_abstract_tfidf__21,0.0041764766078286825
terms_abstract_tfidf__22,-0.01062231543646996
terms_abstract_tfidf__23,-0.03647437364911978
terms_abstract_tfidf__24,-0.017941690746079007
terms_abstract_tfidf__25,-0.058508551996824316
terms_abstract_tfidf__26,0.021286907503161773
terms_abstract_tfidf__27,-0.020619482422885728
terms_abstract_tfidf__28,0.01814364503407037
terms_abstract_tfidf__29,-0.02708597237376394
terms_abstract_tfidf__30,0.014177303229584342
terms_abstract_tfidf__31,-0.02978624366999143
terms_abstract_tfidf__32,-0.05048984985481506
terms_abstract_tfidf__33,0.01812780327827892
terms_abstract_tfidf__34,-0.044932521437932874
terms_abstract_tfidf__35,-0.017242672078580382
terms_abstract_tfidf__36,0.06349709638533552
terms_abstract_tfidf__37,0.045301885837228766
terms_abstract_tfidf__38,0.011732632480777211
terms_abstract_tfidf__39,-0.03498965835534663
terms_abstract_tfidf__3d,-0.03220408294875458
terms_abstract_tfidf__3t,0.01225904740392502
terms_abstract_tfidf__40,0.027943089452883003
terms_abstract_tfidf__41,0.03209957396330835
terms_abstract_tfidf__42,0.03074625334857343
terms_abstract_tfidf__43,0.04206775666288644
terms_abstract_tfidf__44,0.09162831780795842
terms_abstract_tfidf__45,0.08386983918949745
terms_abstract_tfidf__46,0.02485416035658664
terms_abstract_tfidf__47,0.05433260333155916
terms_abstract_tfidf__48,0.0027506702953331097
terms_abstract_tfidf__49,-0.006270563352150431
terms_abstract_tfidf__50,-0.0052553443650033916
terms_abstract_tfidf__60,0.039417850301307775
terms_abstract_tfidf__70,-0.022739370092002956
terms_abstract_tfidf__75,-0.02712068106382472
terms_abstract_tfidf__80,0.022860290032990626
terms_abstract_tfidf__90,-0.046618485442596266
terms_abstract_tfidf__aberrant,-0.07580595258336514
terms_abstract_tfidf__abilities,0.02551823563559227
terms_abstract_tfidf__ability,0.06014443661819552
terms_abstract_tfidf__able,0.04371473972628109
terms_abstract_tfidf__abnormal,-0.05317507214977328
terms_abstract_tfidf__abnormalities,-0.04110973629362295
terms_abstract_tfidf__abnormality,0.029300186547009992
terms_abstract_tfidf__absence,0.01642046698295048
terms_abstract_tfidf__absent,0.04896545228485832
terms_abstract_tfidf__abstract,0.023328485727584097
terms_abstract_tfidf__abuse,-0.05823970248949514
terms_abstract_tfidf__acc,-0.028281509593534107
terms_abstract_tfidf__access,0.04320123223602634
terms_abstract_tfidf__accompanied,-0.007224657816512959
terms_abstract_tfidf__accordance,-0.018881134549316336
terms_abstract_tfidf__according,0.022823968406842914
terms_abstract_tfidf__accordingly,-0.0017368004369977803
terms_abstract_tfidf__account,0.014026059992831618
terms_abstract_tfidf__accounted,0.01293865355249049
terms_abstract_tfidf__accounts,0.04123007993458975
terms_abstract_tfidf__accumbens,-0.11844948729857947
terms_abstract_tfidf__accuracy,-0.022390538214196044
terms_abstract_tfidf__accurate,-0.0029684105711451415
terms_abstract_tfidf__accurately,0.0030775764357059174
terms_abstract_tfidf__achieve,-0.013360510881600177
terms_abstract_tfidf__achieved,-0.026716159962451736
terms_abstract_tfidf__acoustic,0.12645572703463806
terms_abstract_tfidf__acquired,0.021223164749455306
terms_abstract_tfidf__acquisition,0.08225676035770803
terms_abstract_tfidf__act,0.01712741274088613
terms_abstract_tfidf__action,0.03036083041274503
terms_abstract_tfidf__action observation,0.00031072254215444404
terms_abstract_tfidf__actions,0.03652068683297362
terms_abstract_tfidf__activate,0.032808039121016035
terms_abstract_tfidf__activates,0.0514123014130888
terms_abstract_tfidf__activations,0.03989566053000878
terms_abstract_tfidf__active,0.005661236240723792
terms_abstract_tfidf__actively,-0.0015070095245803582
terms_abstract_tfidf__activities,0.039705902998404485
terms_abstract_tfidf__acts,0.03562920451277758
terms_abstract_tfidf__actual,-0.021005646369844172
terms_abstract_tfidf__actually,-0.02389591481813525
terms_abstract_tfidf__acute,-0.018745560285211717
terms_abstract_tfidf__ad,-0.05163322810600036
terms_abstract_tfidf__adaptation,0.03238230619393299
terms_abstract_tfidf__adapted,0.008418892915240247
terms_abstract_tfidf__adaptive,-0.04713202878400178
terms_abstract_tfidf__add,-0.0002966528646142453
terms_abstract_tfidf__addiction,-0.1241525206537554
terms_abstract_tfidf__addition,-0.042121883296490026
terms_abstract_tfidf__additional,0.05718052573903429
terms_abstract_tfidf__additionally,0.004922954881311767
terms_abstract_tfidf__addressed,-0.010464575836781162
terms_abstract_tfidf__adhd,-0.034736861538005634
terms_abstract_tfidf__adjacent,0.061845086672875256
terms_abstract_tfidf__administered,0.0063653648859474405
terms_abstract_tfidf__administration,-0.051225328752340864
terms_abstract_tfidf__adolescence,-0.12600260497571572
terms_abstract_tfidf__adolescent,-0.047765115332632925
terms_abstract_tfidf__adolescents,-0.10039554344375022
terms_abstract_tfidf__adopted,0.05030594684227629
terms_abstract_tfidf__adult,-0.011121520522471453
terms_abstract_tfidf__adulthood,-0.03183901964881259
terms_abstract_tfidf__adults,-0.042566808367682
terms_abstract_tfidf__advance,-0.015065165050202861
terms_abstract_tfidf__advanced,0.03724867050113985
terms_abstract_tfidf__advances,0.059521453172544224
terms_abstract_tfidf__advantage,0.05600858064992319
terms_abstract_tfidf__affect,-0.0394098344711635
terms_abstract_tfidf__affected,0.035429280491325967
terms_abstract_tfidf__affecting,0.08687757199252479
terms_abstract_tfidf__affective,0.013117418719098885
terms_abstract_tfidf__affects,-0.02819809866554711
terms_abstract_tfidf__age,-0.068715657392757
terms_abstract_tfidf__age controls,0.05814611146667728
terms_abstract_tfidf__age gender,-0.03254198727968491
terms_abstract_tfidf__age groups,-0.021410736034014423
terms_abstract_tfidf__age healthy,0.03169106916924384
terms_abstract_tfidf__age sex,-0.014444317335174952
terms_abstract_tfidf__aged,-0.009611176322411761
terms_abstract_tfidf__agent,0.008090069176409538
terms_abstract_tfidf__ages,-0.08427986011611177
terms_abstract_tfidf__aging,-0.11944092648282442
terms_abstract_tfidf__agreement,0.010099694892294021
terms_abstract_tfidf__aim,0.041132256403324956
terms_abstract_tfidf__aimed,-0.07525181108651552
terms_abstract_tfidf__aims,0.0006157970158324053
terms_abstract_tfidf__al,0.011360193493027852
terms_abstract_tfidf__alcohol,-0.0004023210183645928
terms_abstract_tfidf__alff,-0.030604313961382905
terms_abstract_tfidf__algorithm,0.02961955609701561
terms_abstract_tfidf__allele,-0.07391245304572029
terms_abstract_tfidf__allocation,-0.07734553772690356
terms_abstract_tfidf__allow,0.038830176142826835
terms_abstract_tfidf__allowed,0.06503434941391945
terms_abstract_tfidf__allowing,0.0036809759078373742
terms_abstract_tfidf__allows,0.043419634958729685
terms_abstract_tfidf__alpha,0.016136991637399234
terms_abstract_tfidf__alter,0.01562300740859836
terms_abstract_tfidf__alteration,-0.035357774348214376
terms_abstract_tfidf__alterations,-0.051576888661383866
terms_abstract_tfidf__altered,-0.06253621329863225
terms_abstract_tfidf__alternating,0.05421089191285211
terms_abstract_tfidf__alternative,-0.0686734850229693
terms_abstract_tfidf__alters,-0.04780477228731387
terms_abstract_tfidf__alzheimer,-0.036140232212904785
terms_abstract_tfidf__alzheimer disease,-0.03806273007536209
terms_abstract_tfidf__ambiguous,0.002563662112705241
terms_abstract_tfidf__amnestic,-0.0576559040015379
terms_abstract_tfidf__amplitude,0.03440941794015982
terms_abstract_tfidf__amplitude low,-0.020077640777378954
terms_abstract_tfidf__amplitudes,0.044687955168193946
terms_abstract_tfidf__amygdala,-0.03726874090809936
terms_abstract_tfidf__amygdala anterior,0.013118996362300815
terms_abstract_tfidf__amygdala hippocampus,-0.024183122801823814
terms_abstract_tfidf__amygdala insula,-0.025074787376424917
terms_abstract_tfidf__amygdala response,-0.03207173326947034
terms_abstract_tfidf__amygdala responses,0.02670086909764736
terms_abstract_tfidf__analysed,0.06447947031343691
terms_abstract_tfidf__analyses,0.0010892141736818805
terms_abstract_tfidf__analyze,0.024607939846646484
terms_abstract_tfidf__analyzed,0.04338429212849998
terms_abstract_tfidf__analyzed using,0.06705436894616602
terms_abstract_tfidf__analyzing,0.008245081066105192
terms_abstract_tfidf__anatomical,0.07441403513855312
terms_abstract_tfidf__anatomically,-0.006704235440462023
terms_abstract_tfidf__anatomy,0.05014825675935559
terms_abstract_tfidf__anger,-0.010019432411302546
terms_abstract_tfidf__angry,0.011174006801235252
terms_abstract_tfidf__angular,-0.08150218029238518
terms_abstract_tfidf__angular gyrus,-0.08810553487457519
terms_abstract_tfidf__animal,-0.05606676202235732
terms_abstract_tfidf__animals,-0.024417178281248283
terms_abstract_tfidf__anisotropy,-0.03617870192556133
terms_abstract_tfidf__anisotropy fa,-0.03353035499631631
terms_abstract_tfidf__anterior,-0.005116279514766335
terms_abstract_tfidf__anterior cingulate,-0.036234973377246994
terms_abstract_tfidf__anterior hippocampus,-0.082049150559922
terms_abstract_tfidf__anterior insula,0.06655311951337076
terms_abstract_tfidf__anterior insular,0.10933563082683286
terms_abstract_tfidf__anterior intraparietal,0.039222719958059045
terms_abstract_tfidf__anterior medial,-0.12972769586304556
terms_abstract_tfidf__anterior posterior,-0.10013954582227763
terms_abstract_tfidf__anterior prefrontal,-0.015619608538953098
terms_abstract_tfidf__anterior superior,0.11407589760466381
terms_abstract_tfidf__anterior temporal,0.13630928865202388
terms_abstract_tfidf__anti,-0.014691045553975698
terms_abstract_tfidf__anticipation,-0.14821964194961507
terms_abstract_tfidf__anticipatory,-0.07079352041040002
terms_abstract_tfidf__anxiety,-0.04492324159953223
terms_abstract_tfidf__anxiety disorders,-0.00725540016367958
terms_abstract_tfidf__apart,0.10254463433471347
terms_abstract_tfidf__aphasia,0.16768270433213006
terms_abstract_tfidf__apparent,0.03310272071756689
terms_abstract_tfidf__appear,-0.0002258723046701471
terms_abstract_tfidf__appeared,0.011998296778135084
terms_abstract_tfidf__appears,-0.03497742160832327
terms_abstract_tfidf__application,0.02114752252724292
terms_abstract_tfidf__applied,0.10917465468162042
terms_abstract_tfidf__apply,-0.035942860610845624
terms_abstract_tfidf__applying,-0.02171411038693255
terms_abstract_tfidf__appraisal,-0.06624500632268096
terms_abstract_tfidf__approach,-0.060876375481754244
terms_abstract_tfidf__approaches,-0.0027357104873319167
terms_abstract_tfidf__appropriate,0.034886515968599464
terms_abstract_tfidf__approximately,0.04531232907777636
terms_abstract_tfidf__architecture,-0.01586180979414484
terms_abstract_tfidf__argue,0.057488654059307684
terms_abstract_tfidf__arise,-0.011619433951926229
terms_abstract_tfidf__arithmetic,-0.029997592831101955
terms_abstract_tfidf__arm,0.07358254815649005
terms_abstract_tfidf__arousal,-0.06536160742623424
terms_abstract_tfidf__arterial,-0.0012033215561196994
terms_abstract_tfidf__arterial spin,0.0003108975028795392
terms_abstract_tfidf__articulatory,0.11638930597376258
terms_abstract_tfidf__asd,-0.035081748859437795
terms_abstract_tfidf__asked,0.02597410647875039
terms_abstract_tfidf__aspect,0.025147853758735482
terms_abstract_tfidf__aspects,0.06551732321022674
terms_abstract_tfidf__assess,-0.02875043836873705
terms_abstract_tfidf__assessed,-0.058443226179465096
terms_abstract_tfidf__assessed using,0.012820325523275167
terms_abstract_tfidf__assessing,-0.04840173162561829
terms_abstract_tfidf__assessment,-2.3398253106065585e-05
terms_abstract_tfidf__assessments,-0.051461476237630886
terms_abstract_tfidf__assigned,-0.0525836708449781
terms_abstract_tfidf__association,-0.01118374755054447
terms_abstract_tfidf__associations,-0.09917042453909362
terms_abstract_tfidf__associative,-0.13830345258615562
terms_abstract_tfidf__assume,0.06212617761090417
terms_abstract_tfidf__assumed,-0.04997517732853193
terms_abstract_tfidf__assumption,0.0767693208541557
terms_abstract_tfidf__asymmetry,0.0733931733870782
terms_abstract_tfidf__atrophy,0.024133412461794145
terms_abstract_tfidf__attempt,-0.009945878640857522
terms_abstract_tfidf__attempted,0.025169552975187283
terms_abstract_tfidf__attend,0.04209373507070864
terms_abstract_tfidf__attended,0.014453791080010815
terms_abstract_tfidf__attending,0.028527120277074304
terms_abstract_tfidf__attention,-0.0466598441398024
terms_abstract_tfidf__attention deficit,-0.039413901095664026
terms_abstract_tfidf__attention network,-0.05543535526135529
terms_abstract_tfidf__attention task,-0.03268758472300785
terms_abstract_tfidf__attentional,-0.006312119797653128
terms_abstract_tfidf__attentional control,0.002550082327575729
terms_abstract_tfidf__attenuated,-0.05773693808250411
terms_abstract_tfidf__attenuation,-0.10685711271497195
terms_abstract_tfidf__attributed,-0.036511101223370826
terms_abstract_tfidf__attributes,0.08085706853987523
terms_abstract_tfidf__attribution,0.009060846044640285
terms_abstract_tfidf__atypical,-0.044485222123162416
terms_abstract_tfidf__audiovisual,0.09519213539450287
terms_abstract_tfidf__auditory,0.18430863003616454
terms_abstract_tfidf__auditory cortex,0.1429143958992718
terms_abstract_tfidf__auditory stimuli,0.11953459044337275
terms_abstract_tfidf__auditory visual,0.09462842133959636
terms_abstract_tfidf__autism,-0.04012314430866946
terms_abstract_tfidf__autism spectrum,-0.025971260030797763
terms_abstract_tfidf__autobiographical,-0.1359214805813218
terms_abstract_tfidf__autobiographical memory,-0.17550953609279363
terms_abstract_tfidf__automated,0.042190181214133225
terms_abstract_tfidf__automatic,-0.008950389349633908
terms_abstract_tfidf__automatically,0.020038603905413115
terms_abstract_tfidf__autonomic,0.03842546707194001
terms_abstract_tfidf__available,0.03094990057356031
terms_abstract_tfidf__average,0.04658034828154412
terms_abstract_tfidf__aversive,-0.0030001272517496793
terms_abstract_tfidf__avoid,0.009031340993522263
terms_abstract_tfidf__avoidance,-0.14069033185852356
terms_abstract_tfidf__awareness,0.05813698152425723
terms_abstract_tfidf__away,-0.06677212626290421
terms_abstract_tfidf__axis,-0.029812119972377676
terms_abstract_tfidf__ba,0.1301278310226472
terms_abstract_tfidf__ba 44,0.07048668732379515
terms_abstract_tfidf__background,-0.053298632330263315
terms_abstract_tfidf__balance,0.004502995523659984
terms_abstract_tfidf__band,0.016424373117930383
terms_abstract_tfidf__bands,0.01659232640240438
terms_abstract_tfidf__basal,-0.056369850395693914
terms_abstract_tfidf__basal ganglia,-0.0601560597587606
terms_abstract_tfidf__baseline,-0.029308359327669682
terms_abstract_tfidf__bases,0.028793063433715935
terms_abstract_tfidf__basic,0.06465587615642662
terms_abstract_tfidf__basis,0.03906187682849949
terms_abstract_tfidf__bayesian,0.027902685916633814
terms_abstract_tfidf__beginning,0.04143151952936609
terms_abstract_tfidf__behavior,-0.10947382980463644
terms_abstract_tfidf__behavioral,-0.04854270446342475
terms_abstract_tfidf__behavioral evidence,0.012508877062264903
terms_abstract_tfidf__behavioral level,-0.061885123954259415
terms_abstract_tfidf__behavioral measures,0.009985667227422114
terms_abstract_tfidf__behavioral performance,-0.0023011398405767625
terms_abstract_tfidf__behavioral responses,-0.06501594057997455
terms_abstract_tfidf__behaviorally,-0.034391670988694105
terms_abstract_tfidf__behaviors,-0.12288493686999429
terms_abstract_tfidf__behaviour,0.01340001498393394
terms_abstract_tfidf__behavioural,0.046916827011045055
terms_abstract_tfidf__belief,0.012143237116460587
terms_abstract_tfidf__beliefs,-0.043687750372672036
terms_abstract_tfidf__believed,-0.004169752966091627
terms_abstract_tfidf__beneficial,-0.05879272270817428
terms_abstract_tfidf__benefit,-0.05808344521234304
terms_abstract_tfidf__benefits,-0.025832257855600768
terms_abstract_tfidf__best,0.016753245941596443
terms_abstract_tfidf__beta,0.012331001398691775
terms_abstract_tfidf__better,-0.09721646071367165
terms_abstract_tfidf__better understanding,0.012860660558542401
terms_abstract_tfidf__bias,-0.04901893203358281
terms_abstract_tfidf__biased,-0.03170383162616738
terms_abstract_tfidf__biases,-0.04823593098800781
terms_abstract_tfidf__bilaterally,0.08064332887964651
terms_abstract_tfidf__bilinguals,0.06844259294879255
terms_abstract_tfidf__binding,-0.03747542244384052
terms_abstract_tfidf__biological,-0.01566678770965634
terms_abstract_tfidf__biomarker,-0.04540254085528154
terms_abstract_tfidf__biomarkers,-0.06406535715837623
terms_abstract_tfidf__bipolar,-0.039565026075203256
terms_abstract_tfidf__bipolar disorder,-0.03807341096304691
terms_abstract_tfidf__blind,-0.03546220566005915
terms_abstract_tfidf__block,0.03081205751847809
terms_abstract_tfidf__block design,0.017924459569922127
terms_abstract_tfidf__blocked,-0.02460306965757034
terms_abstract_tfidf__blocks,0.08440875090280048
terms_abstract_tfidf__blood,0.009763486816863473
terms_abstract_tfidf__blood flow,0.03717525309438245
terms_abstract_tfidf__blood oxygen,-0.010273048384308054
terms_abstract_tfidf__blood oxygenation,0.0017518054590795547
terms_abstract_tfidf__bodily,0.09141847700504929
terms_abstract_tfidf__body,0.05615391854291505
terms_abstract_tfidf__bold,0.027758614257837235
terms_abstract_tfidf__bold response,0.05639179861771637
terms_abstract_tfidf__bold responses,-0.024129597854379754
terms_abstract_tfidf__bold signal,0.011299749143316003
terms_abstract_tfidf__bold signals,-0.011925454214877377
terms_abstract_tfidf__brains,0.03952725766525544
terms_abstract_tfidf__brainstem,0.021876446550917417
terms_abstract_tfidf__brief,0.05143315243267224
terms_abstract_tfidf__broad,-0.08030691684876808
terms_abstract_tfidf__broader,-0.060653442391946734
terms_abstract_tfidf__broca,0.17109083747374873
terms_abstract_tfidf__brodmann,0.12079228716928217
terms_abstract_tfidf__brodmann ba,0.10685834034058776
terms_abstract_tfidf__button,-0.049296455729599474
terms_abstract_tfidf__calculated,0.027226449698965826
terms_abstract_tfidf__calculation,-0.016779368592444388
terms_abstract_tfidf__called,0.005950138222762206
terms_abstract_tfidf__callosum,-0.013917624348256956
terms_abstract_tfidf__candidate,0.02070543368400359
terms_abstract_tfidf__canonical,-0.02973374447104637
terms_abstract_tfidf__capacity,-0.01575134799689706
terms_abstract_tfidf__capture,0.004779031908319436
terms_abstract_tfidf__carried,-0.0030443989973976304
terms_abstract_tfidf__carriers,-0.07532892547754873
terms_abstract_tfidf__case,0.03451220576301507
terms_abstract_tfidf__cases,0.06178092253967157
terms_abstract_tfidf__categorical,0.011560579421660196
terms_abstract_tfidf__categories,-0.022201100495589907
terms_abstract_tfidf__categorization,0.0763726296086621
terms_abstract_tfidf__category,-0.01953771550034865
terms_abstract_tfidf__caudal,0.04783824206265949
terms_abstract_tfidf__caudate,-0.11529073066235095
terms_abstract_tfidf__caudate nucleus,-0.11449607053305763
terms_abstract_tfidf__causal,0.038242889835554655
terms_abstract_tfidf__causal modeling,0.04788616444916788
terms_abstract_tfidf__causality,-0.03461724180317173
terms_abstract_tfidf__cause,-0.012785311613865048
terms_abstract_tfidf__caused,0.0042046264707931835
terms_abstract_tfidf__causes,0.036026760684081206
terms_abstract_tfidf__center,0.08297342645955968
terms_abstract_tfidf__centered,0.01059620649713346
terms_abstract_tfidf__central,0.025469335630826775
terms_abstract_tfidf__central role,-0.016311173316733225
terms_abstract_tfidf__cerebellar,0.0010829725931079343
terms_abstract_tfidf__cerebellum,0.0657944256729151
terms_abstract_tfidf__cerebral,0.09684608074930479
terms_abstract_tfidf__cerebral blood,0.018608479401768133
terms_abstract_tfidf__cerebral cortex,0.09973334471425659
terms_abstract_tfidf__certain,0.009399445268965807
terms_abstract_tfidf__challenge,-0.02134811835368066
terms_abstract_tfidf__challenges,0.06915304741475183
terms_abstract_tfidf__challenging,-0.050887924556791954
terms_abstract_tfidf__change,-0.027809376340817683
terms_abstract_tfidf__changed,-0.06947756557172206
terms_abstract_tfidf__changing,0.0008980146701047649
terms_abstract_tfidf__character,-0.0014629206912711561
terms_abstract_tfidf__characteristic,-0.01342026772754259
terms_abstract_tfidf__characteristics,0.007065593985197911
terms_abstract_tfidf__characterization,-0.02996895626709834
terms_abstract_tfidf__characterize,-0.02615400899125615
terms_abstract_tfidf__characterized,-0.08855920868211303
terms_abstract_tfidf__characterizing,-0.05622003292652687
terms_abstract_tfidf__characters,0.0069314526930811535
terms_abstract_tfidf__childhood,-0.04831734876907973
terms_abstract_tfidf__children,0.008440397258220014
terms_abstract_tfidf__children adolescents,-0.06308645880906438
terms_abstract_tfidf__chinese,0.058389814017760805
terms_abstract_tfidf__choice,-0.0917595953510468
terms_abstract_tfidf__choices,-0.0788181895168184
terms_abstract_tfidf__choose,-0.05043914846944182
terms_abstract_tfidf__chosen,-0.023219566107937687
terms_abstract_tfidf__chronic,0.0076048292798139875
terms_abstract_tfidf__chronic pain,-0.005716412482508643
terms_abstract_tfidf__cingulate,-0.07842469141627938
terms_abstract_tfidf__cingulate cortex,-0.08453529125747054
terms_abstract_tfidf__cingulate cortices,0.017655636714671928
terms_abstract_tfidf__cingulate gyrus,-0.08001605599192084
terms_abstract_tfidf__circuit,-0.05405276969820509
terms_abstract_tfidf__circuitry,-0.10184567656917476
terms_abstract_tfidf__circuits,-0.04367181784215326
terms_abstract_tfidf__clarify,-0.04340848840144034
terms_abstract_tfidf__class,0.08469607722405997
terms_abstract_tfidf__classic,-0.0074756168004543625
terms_abstract_tfidf__classical,0.07104198891660063
terms_abstract_tfidf__classification,-0.019329109019372365
terms_abstract_tfidf__classified,0.03312417771527634
terms_abstract_tfidf__clear,-0.019419438803604642
terms_abstract_tfidf__clearly,0.021372095978250332
terms_abstract_tfidf__clinical,0.036768247495389705
terms_abstract_tfidf__clinically,-0.03128921213909745
terms_abstract_tfidf__clips,-0.005657345475058969
terms_abstract_tfidf__close,0.01767142679087262
terms_abstract_tfidf__closed,0.0023419395195263554
terms_abstract_tfidf__closely,0.029538390300109213
terms_abstract_tfidf__cluster,0.018321633558605024
terms_abstract_tfidf__clustering,-0.040884626541772856
terms_abstract_tfidf__clusters,0.04913683151795082
terms_abstract_tfidf__code,0.022222765814410766
terms_abstract_tfidf__coding,0.03845739702057986
terms_abstract_tfidf__cognition,-0.07140349717947071
terms_abstract_tfidf__cognitive,-0.04075781317480207
terms_abstract_tfidf__cognitive control,-0.028518688136554147
terms_abstract_tfidf__cognitive deficits,0.01650945991262578
terms_abstract_tfidf__cognitive emotional,-0.0374428417824796
terms_abstract_tfidf__cognitive function,0.03342466773325685
terms_abstract_tfidf__cognitive functions,0.04537472125834572
terms_abstract_tfidf__cognitive impairment,-0.048736088780638245
terms_abstract_tfidf__cognitive neuroscience,0.042440026118052795
terms_abstract_tfidf__cognitive performance,-0.06405195099973844
terms_abstract_tfidf__cognitive processes,-0.04182803723141158
terms_abstract_tfidf__cognitive task,-0.07930866700252358
terms_abstract_tfidf__cognitive tasks,-0.124724862558684
terms_abstract_tfidf__cognitively,-0.049053698636498805
terms_abstract_tfidf__coherence,-0.03318191768776648
terms_abstract_tfidf__coherent,-0.02739650890031478
terms_abstract_tfidf__cohort,0.042087427452665256
terms_abstract_tfidf__collected,-0.04441965750610103
terms_abstract_tfidf__collectively,-0.02202345569601168
terms_abstract_tfidf__color,-0.055299910007774566
terms_abstract_tfidf__combination,0.04183884810276624
terms_abstract_tfidf__combinations,0.015073482568489414
terms_abstract_tfidf__combined,0.04068342089012552
terms_abstract_tfidf__combining,-0.02348657954852587
terms_abstract_tfidf__common,0.010479322926527907
terms_abstract_tfidf__commonly,-0.06420126723747127
terms_abstract_tfidf__communication,0.057439615801020534
terms_abstract_tfidf__community,0.02957257803152492
terms_abstract_tfidf__comparable,0.04420979028502634
terms_abstract_tfidf__compare,-0.0021082977178994433
terms_abstract_tfidf__comparing,0.07232634174793216
terms_abstract_tfidf__comparisons,-0.06348276610960556
terms_abstract_tfidf__compatible,0.05226371536106118
terms_abstract_tfidf__compensate,0.08541366089987189
terms_abstract_tfidf__compensation,-0.01301702427944643
terms_abstract_tfidf__compensatory,-0.00740836154297027
terms_abstract_tfidf__competing,-0.007824732244485516
terms_abstract_tfidf__competition,-0.012265279991234173
terms_abstract_tfidf__complementary,0.019464305609792454
terms_abstract_tfidf__complete,0.0574658128601108
terms_abstract_tfidf__completed,-0.07982219518757272
terms_abstract_tfidf__completely,-0.030242039537262268
terms_abstract_tfidf__complex,-0.007553300099301178
terms_abstract_tfidf__complexity,0.10121540935162686
terms_abstract_tfidf__component,-0.06264068678077217
terms_abstract_tfidf__component ica,-0.08174596242355958
terms_abstract_tfidf__components,-0.04081071748332426
terms_abstract_tfidf__composed,-0.03150052381854862
terms_abstract_tfidf__comprehension,0.125752695378225
terms_abstract_tfidf__comprehensive,0.08001970490721022
terms_abstract_tfidf__comprised,-0.07755645906833245
terms_abstract_tfidf__compromised,-0.030244076969788588
terms_abstract_tfidf__compulsive,-0.04248112390247578
terms_abstract_tfidf__compulsive disorder,-0.02559111126052253
terms_abstract_tfidf__computation,-0.027873503946889526
terms_abstract_tfidf__computational,-0.026915992143104025
terms_abstract_tfidf__computed,-0.07927628566515947
terms_abstract_tfidf__concentration,-0.048561816742872105
terms_abstract_tfidf__concept,-0.026658105381271467
terms_abstract_tfidf__concepts,0.02985946369921061
terms_abstract_tfidf__conceptual,0.03316038723369419
terms_abstract_tfidf__concerning,-0.010919254071341186
terms_abstract_tfidf__conclude,0.06425473157465485
terms_abstract_tfidf__conclusion,0.02356704974208886
terms_abstract_tfidf__concomitant,0.06788833855514322
terms_abstract_tfidf__concrete,0.0175407549792544
terms_abstract_tfidf__concurrent,0.006477874963108041
terms_abstract_tfidf__concurrently,-0.0398409593953084
terms_abstract_tfidf__condition,-0.03252571271396084
terms_abstract_tfidf__conditioned,-0.0267819855975007
terms_abstract_tfidf__conditioning,0.008209384525141958
terms_abstract_tfidf__conditions,-0.018277270712063993
terms_abstract_tfidf__conductance,0.012574831738605052
terms_abstract_tfidf__conducted,0.030492431843286413
terms_abstract_tfidf__confidence,-0.08856458612908562
terms_abstract_tfidf__confirm,-0.00583276373141017
terms_abstract_tfidf__confirmed,0.03340030408179591
terms_abstract_tfidf__conflict,-0.022568227422754498
terms_abstract_tfidf__conflicting,0.06609645737588118
terms_abstract_tfidf__confounding,-0.02888518582576089
terms_abstract_tfidf__congruency,0.04864128917160751
terms_abstract_tfidf__congruent,0.09266093131421187
terms_abstract_tfidf__congruent incongruent,0.12660801246905196
terms_abstract_tfidf__conjunction,-0.02404980010094999
terms_abstract_tfidf__connected,-0.021790036518033667
terms_abstract_tfidf__connection,0.005678141760053916
terms_abstract_tfidf__connections,-0.018398744279477283
terms_abstract_tfidf__connectivity,-0.12544448183271076
terms_abstract_tfidf__connectivity amygdala,-0.043264775825520276
terms_abstract_tfidf__connectivity analyses,-0.034492379566089394
terms_abstract_tfidf__connectivity anterior,-0.042068427155609156
terms_abstract_tfidf__connectivity fc,-0.10586116213001667
terms_abstract_tfidf__connectivity networks,-0.05755031182928208
terms_abstract_tfidf__connectivity patterns,-0.05133653843429475
terms_abstract_tfidf__connectivity posterior,-0.042619733036698214
terms_abstract_tfidf__connectivity rsfc,0.01840271147716078
terms_abstract_tfidf__connectivity using,-0.02983381592781782
terms_abstract_tfidf__conscious,-0.031845885563517334
terms_abstract_tfidf__consciousness,-0.06557481541867022
terms_abstract_tfidf__consecutive,0.025259288863867767
terms_abstract_tfidf__consequence,0.00158457542229945
terms_abstract_tfidf__consequences,-0.03528856470517025
terms_abstract_tfidf__consequently,-0.024273023524167017
terms_abstract_tfidf__consider,-0.00850126874339381
terms_abstract_tfidf__considerable,0.0156357313013228
terms_abstract_tfidf__considered,-0.0021559347661526283
terms_abstract_tfidf__considering,-0.011036350734090638
terms_abstract_tfidf__consisted,0.02729623028064623
terms_abstract_tfidf__consistency,-0.04677535770461181
terms_abstract_tfidf__consistently,-0.032375988821311534
terms_abstract_tfidf__consisting,0.0988865722374427
terms_abstract_tfidf__consists,0.0333619922947958
terms_abstract_tfidf__consolidation,-0.10068820561877044
terms_abstract_tfidf__constant,-0.018254305831872188
terms_abstract_tfidf__constitute,-0.04127261725664457
terms_abstract_tfidf__constrained,-0.03328660259193215
terms_abstract_tfidf__constraints,0.04856419523244513
terms_abstract_tfidf__construct,-0.04298759699530414
terms_abstract_tfidf__constructed,-0.06006935040685562
terms_abstract_tfidf__construction,-0.06978683429004741
terms_abstract_tfidf__consumption,-0.05496060025246669
terms_abstract_tfidf__contain,0.04940728537147882
terms_abstract_tfidf__contained,0.015702333611398143
terms_abstract_tfidf__containing,0.09342877683924196
terms_abstract_tfidf__contains,-0.015018317887660403
terms_abstract_tfidf__content,-0.0038811366271164715
terms_abstract_tfidf__contents,0.013883539280438983
terms_abstract_tfidf__context,-0.01903344024402144
terms_abstract_tfidf__contexts,-0.07423584443053108
terms_abstract_tfidf__contextual,-0.061658143107536235
terms_abstract_tfidf__contingent,-0.04728602787738381
terms_abstract_tfidf__continuous,0.029085447470017806
terms_abstract_tfidf__continuously,0.010819383886887437
terms_abstract_tfidf__contralateral,0.10719741514855091
terms_abstract_tfidf__contrary,0.08422794955623246
terms_abstract_tfidf__contrast,0.003758392380797129
terms_abstract_tfidf__contrasted,-0.0649697796189292
terms_abstract_tfidf__contrasting,-0.03667948341562423
terms_abstract_tfidf__contrasts,0.017515906327794723
terms_abstract_tfidf__contribute,-0.07536263493898213
terms_abstract_tfidf__contributed,-0.04824858025875386
terms_abstract_tfidf__contributes,-0.021180009089017935
terms_abstract_tfidf__contributing,-0.0018963155788874761
terms_abstract_tfidf__contribution,0.05404039831726047
terms_abstract_tfidf__contributions,-0.1103824701163792
terms_abstract_tfidf__control,0.04432269934187656
terms_abstract_tfidf__control condition,-0.0007841763455914891
terms_abstract_tfidf__control conditions,0.025748713660779424
terms_abstract_tfidf__control group,0.007646291222061879
terms_abstract_tfidf__control groups,0.020636194752283118
terms_abstract_tfidf__control network,-0.00031611131094128205
terms_abstract_tfidf__control processes,0.010080439763187237
terms_abstract_tfidf__control task,0.03423221186438824
terms_abstract_tfidf__controlled,0.03560753523055012
terms_abstract_tfidf__controlling,0.036765133907741256
terms_abstract_tfidf__controls,-0.007441668957638522
terms_abstract_tfidf__controls hc,-0.04697967233701096
terms_abstract_tfidf__controls hcs,0.04255375385400858
terms_abstract_tfidf__controls using,-0.0018120102507853677
terms_abstract_tfidf__controversial,0.058993997682911664
terms_abstract_tfidf__conventional,0.038728261688821694
terms_abstract_tfidf__convergence,0.018529840435520434
terms_abstract_tfidf__converging,0.06527549390881512
terms_abstract_tfidf__conversely,-0.047728738078338086
terms_abstract_tfidf__conveyed,0.06710489041449273
terms_abstract_tfidf__coordinates,-0.008493519294442815
terms_abstract_tfidf__coordination,0.026258679222588163
terms_abstract_tfidf__core,-0.03429055332797077
terms_abstract_tfidf__corpus,-0.012120124798544556
terms_abstract_tfidf__corpus callosum,-0.013917624348256956
terms_abstract_tfidf__correct,-0.07522667523623454
terms_abstract_tfidf__corrected,0.03402775692979498
terms_abstract_tfidf__correction,0.044763057710482265
terms_abstract_tfidf__correctly,0.00413948437668881
terms_abstract_tfidf__correlate,-0.0207120275693931
terms_abstract_tfidf__correlated,-0.08797705203475974
terms_abstract_tfidf__correlated negatively,-0.0691568583030685
terms_abstract_tfidf__correlated positively,-0.06768964816821137
terms_abstract_tfidf__correlates,-0.03985171414424388
terms_abstract_tfidf__correlating,0.004245275224689411
terms_abstract_tfidf__correlation,-0.035728583949858686
terms_abstract_tfidf__correlation analyses,0.029716571648680603
terms_abstract_tfidf__correlations,-0.055480147966507604
terms_abstract_tfidf__correspond,0.0475936466140543
terms_abstract_tfidf__corresponded,-0.03290515072362998
terms_abstract_tfidf__correspondence,0.05926461835858586
terms_abstract_tfidf__corresponding,0.03370581710240149
terms_abstract_tfidf__cortex acc,-0.03994585833805436
terms_abstract_tfidf__cortex amygdala,-0.03333953359823729
terms_abstract_tfidf__cortex anterior,0.016544907775407233
terms_abstract_tfidf__cortex ba,0.050395528786234565
terms_abstract_tfidf__cortex bilaterally,0.05383221861680602
terms_abstract_tfidf__cortex cerebellum,0.04895571639648367
terms_abstract_tfidf__cortex dacc,-0.024722859056053863
terms_abstract_tfidf__cortex dlpfc,-0.019193992335364278
terms_abstract_tfidf__cortex dmpfc,-0.04247720035309824
terms_abstract_tfidf__cortex dorsal,0.028115862925799272
terms_abstract_tfidf__cortex dorsolateral,-0.029334544742362162
terms_abstract_tfidf__cortex frontal,0.05108211908907173
terms_abstract_tfidf__cortex hippocampus,-0.04685496864264824
terms_abstract_tfidf__cortex inferior,0.07369748398493635
terms_abstract_tfidf__cortex insula,0.08836460682014517
terms_abstract_tfidf__cortex involved,0.09231181283088212
terms_abstract_tfidf__cortex lateral,0.04113303228631549
terms_abstract_tfidf__cortex m1,0.06849048698524855
terms_abstract_tfidf__cortex medial,-0.11088231043664477
terms_abstract_tfidf__cortex middle,-0.018924075964133542
terms_abstract_tfidf__cortex mpfc,-0.10342678225119453
terms_abstract_tfidf__cortex ofc,-0.0150902396180478
terms_abstract_tfidf__cortex parietal,0.04850983641924953
terms_abstract_tfidf__cortex pcc,-0.17206677629282238
terms_abstract_tfidf__cortex pfc,0.022106615912897983
terms_abstract_tfidf__cortex posterior,-0.08401992301579335
terms_abstract_tfidf__cortex ppc,-0.0015725464013952493
terms_abstract_tfidf__cortex precuneus,-0.17400901385951562
terms_abstract_tfidf__cortex suggest,0.008895978348168531
terms_abstract_tfidf__cortex superior,0.031351939324052336
terms_abstract_tfidf__cortex supplementary,0.04741301222877063
terms_abstract_tfidf__cortex thalamus,-0.02172527037082045
terms_abstract_tfidf__cortex ventral,-0.05263649145325826
terms_abstract_tfidf__cortex vlpfc,0.0259224472199803
terms_abstract_tfidf__cortex vmpfc,-0.12177677726327867
terms_abstract_tfidf__cortical,0.10231274079581042
terms_abstract_tfidf__cortical involved,0.021735701925406
terms_abstract_tfidf__cortical network,0.05202090246223153
terms_abstract_tfidf__cortical networks,-0.01632950789004214
terms_abstract_tfidf__cortical subcortical,-0.01604763406446298
terms_abstract_tfidf__cortical thickness,0.08532197866232145
terms_abstract_tfidf__cortices,0.1047037897945094
terms_abstract_tfidf__cortico,-0.06633344395311029
terms_abstract_tfidf__cost,-0.012432814776944499
terms_abstract_tfidf__costs,-0.002226009047551121
terms_abstract_tfidf__coupled,0.0043870485536756775
terms_abstract_tfidf__coupling,-0.06239536566853873
terms_abstract_tfidf__course,-0.012056884062673127
terms_abstract_tfidf__courses,0.05580622371338569
terms_abstract_tfidf__covariance,-0.008058021068014912
terms_abstract_tfidf__covaried,-0.0071356456080690295
terms_abstract_tfidf__covert,0.07510116516899164
terms_abstract_tfidf__craving,-0.09692669908346527
terms_abstract_tfidf__created,-0.01825490674477604
terms_abstract_tfidf__criteria,-0.007435773296113968
terms_abstract_tfidf__critical,0.014457262096834697
terms_abstract_tfidf__critical role,-0.017223758622733464
terms_abstract_tfidf__critically,-0.016822652157036298
terms_abstract_tfidf__cross,0.040985897100932804
terms_abstract_tfidf__cross modal,0.11135411535584094
terms_abstract_tfidf__cross sectional,-0.04863064339965258
terms_abstract_tfidf__crossover,0.039474853311757686
terms_abstract_tfidf__crucial,0.0027016042470587058
terms_abstract_tfidf__crucial role,-0.007093894174182829
terms_abstract_tfidf__crucially,0.05369988547019739
terms_abstract_tfidf__crus,0.012300155235844155
terms_abstract_tfidf__cue,-0.07917321926244285
terms_abstract_tfidf__cued,-0.05040751771476484
terms_abstract_tfidf__cues,-0.10638782938871515
terms_abstract_tfidf__cuneus,-0.058076480868913254
terms_abstract_tfidf__current,-0.07983292875381041
terms_abstract_tfidf__current functional,-0.07460490267872796
terms_abstract_tfidf__currently,0.029092054841034092
terms_abstract_tfidf__dacc,-0.03424518120228585
terms_abstract_tfidf__daily,0.015756582328474485
terms_abstract_tfidf__daily life,-0.010006341649128205
terms_abstract_tfidf__damage,0.022858006502563085
terms_abstract_tfidf__dataset,-0.03555634988384168
terms_abstract_tfidf__datasets,0.03762861465731028
terms_abstract_tfidf__date,-0.03037828319645973
terms_abstract_tfidf__day,-0.05561265271596987
terms_abstract_tfidf__days,0.018752302336719706
terms_abstract_tfidf__deactivated,-0.08739723153973396
terms_abstract_tfidf__deactivation,-0.1860729579537823
terms_abstract_tfidf__deactivations,-0.14124165469434807
terms_abstract_tfidf__debate,-0.0029909540406648943
terms_abstract_tfidf__debated,-0.0012483113987028535
terms_abstract_tfidf__decision,-0.07253375793579736
terms_abstract_tfidf__decision making,-0.11209969443704348
terms_abstract_tfidf__decision task,0.04357017753186321
terms_abstract_tfidf__decisions,-0.059899446928216984
terms_abstract_tfidf__decline,-0.02382806507879674
terms_abstract_tfidf__declines,-0.012665510279726521
terms_abstract_tfidf__decoding,0.10737103386637953
terms_abstract_tfidf__decreases,-0.0517059122000688
terms_abstract_tfidf__decreasing,-0.020335990229032035
terms_abstract_tfidf__deep,-0.004406388912541616
terms_abstract_tfidf__default,-0.1445900336822893
terms_abstract_tfidf__default mode,-0.14578700344359075
terms_abstract_tfidf__default network,-0.14371799771387467
terms_abstract_tfidf__deficient,-0.01832699783253649
terms_abstract_tfidf__deficit,0.0076731110328039
terms_abstract_tfidf__deficit hyperactivity,-0.04527505773105396
terms_abstract_tfidf__deficits,0.05655603759722605
terms_abstract_tfidf__define,-0.02996825054472328
terms_abstract_tfidf__defined,-0.003056109182197195
terms_abstract_tfidf__degree,-0.01314871925332504
terms_abstract_tfidf__degrees,-0.005049018013993779
terms_abstract_tfidf__delay,-0.1457051419806894
terms_abstract_tfidf__delayed,-0.07573220598730446
terms_abstract_tfidf__delivered,0.08547786200133695
terms_abstract_tfidf__demand,-0.0248014358073389
terms_abstract_tfidf__demanding,-0.07046109629826433
terms_abstract_tfidf__demands,0.01584635875174037
terms_abstract_tfidf__dementia,0.10083406350928366
terms_abstract_tfidf__demonstrate,-0.0023037158896670102
terms_abstract_tfidf__demonstrated,-0.06383095699800394
terms_abstract_tfidf__demonstrates,-0.018695023873371443
terms_abstract_tfidf__demonstrating,-0.1021629349507048
terms_abstract_tfidf__density,0.012934360616828908
terms_abstract_tfidf__depend,-0.08722148664970875
terms_abstract_tfidf__depended,-0.05203820240566626
terms_abstract_tfidf__dependence,-0.0752811853123619
terms_abstract_tfidf__depending,0.018996697610772845
terms_abstract_tfidf__depends,-0.01393810421622309
terms_abstract_tfidf__depicting,0.01837730627352831
terms_abstract_tfidf__depressed,-0.03868266343759024
terms_abstract_tfidf__depression,-0.051076368409357274
terms_abstract_tfidf__depressive,-0.03538518161989131
terms_abstract_tfidf__depressive disorder,-0.003225798475776329
terms_abstract_tfidf__deprivation,-0.011073366712690266
terms_abstract_tfidf__depth,-0.00669601519628668
terms_abstract_tfidf__derived,-0.050475391158931134
terms_abstract_tfidf__described,0.021048752524379485
terms_abstract_tfidf__describing,0.10454640413390365
terms_abstract_tfidf__design,0.038655229448971276
terms_abstract_tfidf__designed,0.016698880738407786
terms_abstract_tfidf__designs,0.0007512924122288086
terms_abstract_tfidf__despite,-0.048116054414637045
terms_abstract_tfidf__detailed,0.01930467806750586
terms_abstract_tfidf__details,-0.03912154582600422
terms_abstract_tfidf__detect,-0.016830870981420745
terms_abstract_tfidf__detected,0.047523319959695456
terms_abstract_tfidf__detecting,0.0416990534547925
terms_abstract_tfidf__detection,0.1039598957976211
terms_abstract_tfidf__detection task,0.015833309864233654
terms_abstract_tfidf__determine,0.08408037147145679
terms_abstract_tfidf__determined,0.06270370206738672
terms_abstract_tfidf__determining,-0.04398619838435732
terms_abstract_tfidf__develop,0.031651039454261856
terms_abstract_tfidf__developed,-0.006674056133444008
terms_abstract_tfidf__developing,-0.014049392021129396
terms_abstract_tfidf__development,-0.06128229821820482
terms_abstract_tfidf__developmental,-0.00439454599158342
terms_abstract_tfidf__diagnosed,0.030521168710938486
terms_abstract_tfidf__diagnosis,-0.003000959073512594
terms_abstract_tfidf__diagnostic,-0.03824506539410766
terms_abstract_tfidf__did,0.02249515493414361
terms_abstract_tfidf__did differ,0.011198983666672513
terms_abstract_tfidf__differ,0.024204261363771573
terms_abstract_tfidf__differed,-0.005429809532091956
terms_abstract_tfidf__difference,-0.021622910418803726
terms_abstract_tfidf__differential,-0.014639130764238995
terms_abstract_tfidf__differentially,-0.05837526127749015
terms_abstract_tfidf__differentiate,0.026270142373342915
terms_abstract_tfidf__differentiated,0.0030945208345355877
terms_abstract_tfidf__differentiation,-0.05799348635678007
terms_abstract_tfidf__differently,-0.04246765373855458
terms_abstract_tfidf__differing,9.491694639931736e-05
terms_abstract_tfidf__differs,-0.011723396861956293
terms_abstract_tfidf__difficult,0.011770351614623533
terms_abstract_tfidf__difficulties,0.0007224747028554854
terms_abstract_tfidf__difficulty,-0.020836089002254143
terms_abstract_tfidf__diffusion,0.020021124096457097
terms_abstract_tfidf__diffusion tensor,-0.006017138756952701
terms_abstract_tfidf__digit,-0.001753744301920477
terms_abstract_tfidf__dimension,-0.04403532279320815
terms_abstract_tfidf__dimensional,-0.06459462511675997
terms_abstract_tfidf__dimensions,-0.009744704668931176
terms_abstract_tfidf__diminished,-0.09635062449798945
terms_abstract_tfidf__direct,-0.004461220373688979
terms_abstract_tfidf__direct evidence,0.019399778827877114
terms_abstract_tfidf__directed,-0.09029663078195614
terms_abstract_tfidf__direction,0.028834465629550603
terms_abstract_tfidf__directions,-0.01970408227554689
terms_abstract_tfidf__directly,0.022945569004990007
terms_abstract_tfidf__disability,0.01050884490055143
terms_abstract_tfidf__discrete,-0.016014619177394402
terms_abstract_tfidf__discriminate,-0.01716117941328123
terms_abstract_tfidf__discriminated,0.019745996043099012
terms_abstract_tfidf__discrimination,0.050010676456031924
terms_abstract_tfidf__discrimination task,-0.0051435203426142585
terms_abstract_tfidf__discriminative,0.07981448515752221
terms_abstract_tfidf__discuss,0.0256951405956856
terms_abstract_tfidf__discussed,0.013152844452992722
terms_abstract_tfidf__discussion,0.028694213048536057
terms_abstract_tfidf__disease,-0.043401468737634695
terms_abstract_tfidf__disease ad,-0.06045789096800305
terms_abstract_tfidf__disease pd,-0.006132083710478575
terms_abstract_tfidf__diseases,-0.01586400056957083
terms_abstract_tfidf__disentangle,0.04621516891794728
terms_abstract_tfidf__disgust,-0.02699028687304204
terms_abstract_tfidf__disorder,-0.01919615918179684
terms_abstract_tfidf__disorder adhd,-0.013947970710596221
terms_abstract_tfidf__disorder mdd,-0.003800791547383987
terms_abstract_tfidf__disorder ocd,0.0016106174094998856
terms_abstract_tfidf__disorder ptsd,-0.013337136786664337
terms_abstract_tfidf__disorders,-0.09070121748276355
terms_abstract_tfidf__display,-0.0818394148736524
terms_abstract_tfidf__displayed,-0.05437111557811218
terms_abstract_tfidf__displays,-0.05561234750628565
terms_abstract_tfidf__disrupted,-0.03840016195971416
terms_abstract_tfidf__disruption,-0.017463930148843964
terms_abstract_tfidf__dissociable,-0.011361754556466491
terms_abstract_tfidf__dissociate,0.029091959930097055
terms_abstract_tfidf__dissociated,-0.020432774024960226
terms_abstract_tfidf__dissociation,0.006373796230408372
terms_abstract_tfidf__distance,-0.0005973173714873858
terms_abstract_tfidf__distinction,0.04400589070856755
terms_abstract_tfidf__distinguish,-0.06774336958264708
terms_abstract_tfidf__distinguished,-0.047820834441540554
terms_abstract_tfidf__distraction,-0.007981814661275632
terms_abstract_tfidf__distractor,-0.037137114600131124
terms_abstract_tfidf__distractors,-0.04705707106143226
terms_abstract_tfidf__distress,-0.02608812490771351
terms_abstract_tfidf__distributed,0.013287699433273629
terms_abstract_tfidf__distributed network,-0.018559719605273823
terms_abstract_tfidf__distribution,0.0753172104862932
terms_abstract_tfidf__disturbances,0.02182780884716703
terms_abstract_tfidf__disturbed,-3.457133687942044e-05
terms_abstract_tfidf__divergent,-0.013349922371097039
terms_abstract_tfidf__diverse,-0.024082068082219122
terms_abstract_tfidf__divided,0.03597297039128551
terms_abstract_tfidf__dlpfc,-0.008788992325952559
terms_abstract_tfidf__dmn,-0.15540055557109048
terms_abstract_tfidf__dmpfc,-0.026145766919299686
terms_abstract_tfidf__documented,0.03580089024044652
terms_abstract_tfidf__does,0.04354616644283388
terms_abstract_tfidf__domain,0.04401299923182135
terms_abstract_tfidf__domain general,0.08195850344356655
terms_abstract_tfidf__domains,-0.0002158213518923444
terms_abstract_tfidf__dominance,0.09827767608197838
terms_abstract_tfidf__dominant,0.05991311339197051
terms_abstract_tfidf__dopamine,-0.13851604200455434
terms_abstract_tfidf__dopaminergic,-0.08943548149171363
terms_abstract_tfidf__dorsal,-0.020711984290576604
terms_abstract_tfidf__dorsal anterior,-0.020036470552241604
terms_abstract_tfidf__dorsal attention,-0.07181209409284892
terms_abstract_tfidf__dorsal medial,-0.015026795840768213
terms_abstract_tfidf__dorsal premotor,0.06844497342739266
terms_abstract_tfidf__dorsal striatum,-0.11186110594833555
terms_abstract_tfidf__dorsal ventral,0.007853252235856575
terms_abstract_tfidf__dorsolateral,0.0014359161248526698
terms_abstract_tfidf__dorsolateral pfc,-0.002448955434951487
terms_abstract_tfidf__dorsolateral prefrontal,-0.0025924034673477253
terms_abstract_tfidf__dorsomedial,-0.018332976591878745
terms_abstract_tfidf__dorsomedial prefrontal,-0.028402195124889083
terms_abstract_tfidf__dose,-0.03450160122378993
terms_abstract_tfidf__dot,-0.05391730279857721
terms_abstract_tfidf__double,-0.035127724536251424
terms_abstract_tfidf__double blind,-0.04038809793622436
terms_abstract_tfidf__drive,-0.05170099771855908
terms_abstract_tfidf__driven,-0.09481858532014283
terms_abstract_tfidf__driving,-0.08411058370315629
terms_abstract_tfidf__drug,-0.061998624105576404
terms_abstract_tfidf__drugs,-0.08354875520008445
terms_abstract_tfidf__dti,-0.006924757113893461
terms_abstract_tfidf__dual,2.4285664815749988e-06
terms_abstract_tfidf__duration,0.03048031091392685
terms_abstract_tfidf__dynamic,-0.026119641895045096
terms_abstract_tfidf__dynamic causal,0.060851317869447794
terms_abstract_tfidf__dynamically,-0.04666600931189058
terms_abstract_tfidf__dynamics,-0.06738920957943066
terms_abstract_tfidf__dysfunction,-0.1324169577122638
terms_abstract_tfidf__dysfunctional,-0.036177601326913125
terms_abstract_tfidf__dysfunctions,-0.07404821462225555
terms_abstract_tfidf__dyslexia,0.10599551521297385
terms_abstract_tfidf__dysregulation,-0.05447779323226559
terms_abstract_tfidf__earlier,0.04756972062630947
terms_abstract_tfidf__early,-0.04990011595916396
terms_abstract_tfidf__early stage,-0.03053515338444927
terms_abstract_tfidf__early stages,-0.030446996445803325
terms_abstract_tfidf__early visual,-0.04452190911851077
terms_abstract_tfidf__easy,0.010463010171876038
terms_abstract_tfidf__eating,-0.049917937831986635
terms_abstract_tfidf__echo,-0.01015360563146442
terms_abstract_tfidf__economic,-0.08936660265963087
terms_abstract_tfidf__education,0.06232972326108794
terms_abstract_tfidf__eeg,0.0565228415796624
terms_abstract_tfidf__effect,-0.05108844975827259
terms_abstract_tfidf__effective,0.002350781283082658
terms_abstract_tfidf__effective connectivity,-0.0022272936203429185
terms_abstract_tfidf__effectively,-0.009234684514030554
terms_abstract_tfidf__effects,-0.02118713416893423
terms_abstract_tfidf__efficacy,-0.002355415200669067
terms_abstract_tfidf__efficiency,-0.035261938137089055
terms_abstract_tfidf__efficient,0.015710708401522087
terms_abstract_tfidf__effort,-0.003639634208594294
terms_abstract_tfidf__effortful,0.03887588674615117
terms_abstract_tfidf__eighteen,-0.05805813318690167
terms_abstract_tfidf__elderly,-0.07509922822839471
terms_abstract_tfidf__electrical,0.15707028037347437
terms_abstract_tfidf__electroencephalography,0.06624956292360662
terms_abstract_tfidf__electroencephalography eeg,0.05818423317488804
terms_abstract_tfidf__electrophysiological,0.02055196301869678
terms_abstract_tfidf__elements,-0.04231089646383633
terms_abstract_tfidf__elevated,0.008205270657619675
terms_abstract_tfidf__elicit,0.01046765320086511
terms_abstract_tfidf__elicited,-0.02938428676924915
terms_abstract_tfidf__elicits,0.0001735801205468571
terms_abstract_tfidf__elucidate,0.03107415306429659
terms_abstract_tfidf__elucidated,0.007887837715189461
terms_abstract_tfidf__elusive,-0.010554673338203568
terms_abstract_tfidf__embedded,0.04944350260774708
terms_abstract_tfidf__emerge,0.008676009945136658
terms_abstract_tfidf__emerged,0.024551634040619077
terms_abstract_tfidf__emergence,0.06018543933051316
terms_abstract_tfidf__emerging,-0.04038147807829328
terms_abstract_tfidf__emission,0.04537979400460813
terms_abstract_tfidf__emission tomography,0.06011251177448661
terms_abstract_tfidf__emotion,-0.009330223931022561
terms_abstract_tfidf__emotion regulation,0.00996731596253332
terms_abstract_tfidf__emotional,-0.010315909753875528
terms_abstract_tfidf__emotional faces,0.006521624411278341
terms_abstract_tfidf__emotional information,-0.011390463085238839
terms_abstract_tfidf__emotional responses,-0.04622305854841285
terms_abstract_tfidf__emotional stimuli,-0.07145050253610631
terms_abstract_tfidf__emotional valence,-0.03808045838865885
terms_abstract_tfidf__emotionally,-0.016362268908805492
terms_abstract_tfidf__emotions,0.03228949103334472
terms_abstract_tfidf__empathic,0.06278166120287218
terms_abstract_tfidf__empathy,0.05765246330674853
terms_abstract_tfidf__emphasize,0.016120057973094196
terms_abstract_tfidf__empirical,-0.025504593854484017
terms_abstract_tfidf__employed,-0.0031031130281097934
terms_abstract_tfidf__employing,0.02387170877834532
terms_abstract_tfidf__enable,-0.049543638907708326
terms_abstract_tfidf__enabled,0.00899238331744251
terms_abstract_tfidf__enables,-0.032470113159995345
terms_abstract_tfidf__encode,0.010369078082936354
terms_abstract_tfidf__encoded,-0.11257634658698394
terms_abstract_tfidf__encoding,-0.09991038002244539
terms_abstract_tfidf__encoding retrieval,-0.09774211060987512
terms_abstract_tfidf__encompassing,0.023046991178734096
terms_abstract_tfidf__end,-0.001726557813834235
terms_abstract_tfidf__endogenous,-0.01527518899551483
terms_abstract_tfidf__engage,-0.052649488109565185
terms_abstract_tfidf__engaged,-0.05117134403509538
terms_abstract_tfidf__engagement,-0.040548897063358146
terms_abstract_tfidf__engages,-0.02865775208054189
terms_abstract_tfidf__engaging,0.0397764362555392
terms_abstract_tfidf__english,0.08761966396123107
terms_abstract_tfidf__enhance,-0.012037502742342086
terms_abstract_tfidf__enhancement,-0.06215841176275598
terms_abstract_tfidf__enhances,-0.005575138989664581
terms_abstract_tfidf__enhancing,-0.009847923522788347
terms_abstract_tfidf__entire,0.035365249301259734
terms_abstract_tfidf__environment,-0.07384189349675462
terms_abstract_tfidf__environmental,0.024849493366505226
terms_abstract_tfidf__environments,-0.01898673324492283
terms_abstract_tfidf__epilepsy,-0.024316733386770574
terms_abstract_tfidf__episode,-0.02677179385877023
terms_abstract_tfidf__episodes,-0.07291598508725111
terms_abstract_tfidf__episodic,-0.13436829825101454
terms_abstract_tfidf__episodic memory,-0.12013577912819695
terms_abstract_tfidf__equal,0.028148618250129973
terms_abstract_tfidf__equally,0.013871960072614816
terms_abstract_tfidf__equivalent,0.017835153428661966
terms_abstract_tfidf__erp,-0.008085055828606883
terms_abstract_tfidf__error,-0.028947414201222803
terms_abstract_tfidf__errors,-0.03348315958105275
terms_abstract_tfidf__especially,-0.012332168218177123
terms_abstract_tfidf__essential,0.06538774034940782
terms_abstract_tfidf__establish,-0.05864996814845383
terms_abstract_tfidf__established,-0.0256323271642999
terms_abstract_tfidf__estimate,-0.046195012317457075
terms_abstract_tfidf__estimated,-0.03755004681155451
terms_abstract_tfidf__estimates,-0.038237159738537994
terms_abstract_tfidf__estimation,-0.0766868109589121
terms_abstract_tfidf__et,0.0132888454633923
terms_abstract_tfidf__et al,0.0084402952920055
terms_abstract_tfidf__evaluate,0.02935930455247473
terms_abstract_tfidf__evaluated,0.021066088911714766
terms_abstract_tfidf__evaluating,-0.06553758727429192
terms_abstract_tfidf__evaluation,-0.027312993810004633
terms_abstract_tfidf__evaluations,-0.06433807078937381
terms_abstract_tfidf__event,-0.04961835339156404
terms_abstract_tfidf__event design,0.04726128400973874
terms_abstract_tfidf__event functional,-0.02591237480913458
terms_abstract_tfidf__event potential,-0.010698377563414553
terms_abstract_tfidf__event potentials,0.007478228505687268
terms_abstract_tfidf__events,-0.1249300075792707
terms_abstract_tfidf__everyday,-0.0848017300557995
terms_abstract_tfidf__everyday life,-0.020021081369736994
terms_abstract_tfidf__evidence,-0.012089191844940205
terms_abstract_tfidf__evidence suggests,-0.0033825463618492595
terms_abstract_tfidf__evidenced,-0.08234534858663418
terms_abstract_tfidf__evident,-0.02000675715931838
terms_abstract_tfidf__evoke,0.03955663922243668
terms_abstract_tfidf__evoked,0.12800612081689777
terms_abstract_tfidf__evolution,0.04443154861512819
terms_abstract_tfidf__exact,-0.07541499808925689
terms_abstract_tfidf__examination,-0.05240735344421827
terms_abstract_tfidf__examining,-0.02585585028716014
terms_abstract_tfidf__example,-0.011681403485025024
terms_abstract_tfidf__excessive,-0.00649418129143928
terms_abstract_tfidf__exclusively,0.021595285185802348
terms_abstract_tfidf__executed,0.03216381641928822
terms_abstract_tfidf__execution,0.04413965371575836
terms_abstract_tfidf__executive,-0.025317807940700925
terms_abstract_tfidf__executive control,-0.032174564249952256
terms_abstract_tfidf__executive function,-0.0403575993783887
terms_abstract_tfidf__executive functions,0.014009230876227914
terms_abstract_tfidf__exert,0.017820723040623845
terms_abstract_tfidf__exhibit,-0.015470842464867839
terms_abstract_tfidf__exhibited,-0.07926788599298591
terms_abstract_tfidf__exhibited greater,-0.023046716887248665
terms_abstract_tfidf__exhibiting,0.014864894771799073
terms_abstract_tfidf__exist,-0.0020280985104478098
terms_abstract_tfidf__existence,0.00971030543134133
terms_abstract_tfidf__existing,0.024297035708443507
terms_abstract_tfidf__exists,0.025894286400184405
terms_abstract_tfidf__expectancy,0.030939430011377767
terms_abstract_tfidf__expectation,0.016717282443760518
terms_abstract_tfidf__expectations,-0.045887201472100875
terms_abstract_tfidf__expected,-0.04687760743200825
terms_abstract_tfidf__experience,-0.03974138681962517
terms_abstract_tfidf__experienced,-0.008776885368575226
terms_abstract_tfidf__experiences,-0.11370013135003015
terms_abstract_tfidf__experiencing,-0.030439419524859485
terms_abstract_tfidf__experiment,0.02905623989085543
terms_abstract_tfidf__experimental,-0.01781284650759285
terms_abstract_tfidf__experimental conditions,0.014565153059711717
terms_abstract_tfidf__experimentally,0.025920131676550533
terms_abstract_tfidf__experiments,0.012338168292550506
terms_abstract_tfidf__expertise,0.005231596428991339
terms_abstract_tfidf__explain,-0.02912222840550543
terms_abstract_tfidf__explained,-0.0017502752496386961
terms_abstract_tfidf__explanation,-0.05485123438383845
terms_abstract_tfidf__explicit,-0.043050458160523324
terms_abstract_tfidf__explicitly,0.003093222247931666
terms_abstract_tfidf__exploration,0.06712864761004372
terms_abstract_tfidf__exploratory,-0.06223071160860009
terms_abstract_tfidf__explore,0.03852734801580886
terms_abstract_tfidf__explored,0.04221680879339292
terms_abstract_tfidf__exploring,0.08669689657909793
terms_abstract_tfidf__exposed,0.04449213345189719
terms_abstract_tfidf__exposure,-0.023112338310936613
terms_abstract_tfidf__expressed,0.06825998784205657
terms_abstract_tfidf__expression,0.02596076266455761
terms_abstract_tfidf__expressions,0.01919313919820578
terms_abstract_tfidf__extend,-0.016806987024901313
terms_abstract_tfidf__extended,-0.0692763698635986
terms_abstract_tfidf__extending,0.04518917483860158
terms_abstract_tfidf__extends,-0.023392144717396576
terms_abstract_tfidf__extension,0.03240105584619243
terms_abstract_tfidf__extensive,0.018786858819960818
terms_abstract_tfidf__extensively,0.06484398722351666
terms_abstract_tfidf__extent,-0.00478216312189357
terms_abstract_tfidf__external,-0.03171652442043995
terms_abstract_tfidf__externally,-0.003238197308169557
terms_abstract_tfidf__extinction,-0.03942011627783887
terms_abstract_tfidf__extra,-0.007075194975652596
terms_abstract_tfidf__extract,0.05476640425220969
terms_abstract_tfidf__extracted,-0.006114887384233411
terms_abstract_tfidf__extrastriate,-0.06393403718853027
terms_abstract_tfidf__eye,-0.0019335535407633369
terms_abstract_tfidf__eye field,0.008903995543662701
terms_abstract_tfidf__eye fields,-0.02280969998130326
terms_abstract_tfidf__eye movement,-0.016004404441985053
terms_abstract_tfidf__eye movements,0.01409765792762959
terms_abstract_tfidf__eyes,-0.015729461709899105
terms_abstract_tfidf__fa,-0.020846676314869764
terms_abstract_tfidf__face,-0.01382830065388447
terms_abstract_tfidf__face ffa,-0.0276953992617733
terms_abstract_tfidf__face recognition,8.031911376191607e-05
terms_abstract_tfidf__faces,-0.03320794892878101
terms_abstract_tfidf__facial,0.03489396406349692
terms_abstract_tfidf__facial expression,0.053337082287480304
terms_abstract_tfidf__facial expressions,0.0149880293186407
terms_abstract_tfidf__facilitate,0.027692654792535985
terms_abstract_tfidf__facilitated,-0.0059533086023374
terms_abstract_tfidf__facilitates,0.06059573895690892
terms_abstract_tfidf__facilitation,-0.0014341110239068755
terms_abstract_tfidf__fact,-0.06594948559557702
terms_abstract_tfidf__factor,-0.008579989788341546
terms_abstract_tfidf__factorial,0.06217782933945143
terms_abstract_tfidf__factorial design,0.04768012106013721
terms_abstract_tfidf__factors,0.024889795718982408
terms_abstract_tfidf__failed,0.03452144836454801
terms_abstract_tfidf__failure,-0.07880165477235716
terms_abstract_tfidf__false,-0.0017576425504869204
terms_abstract_tfidf__familiar,-0.08048122423563203
terms_abstract_tfidf__familiarity,-0.06618745240589735
terms_abstract_tfidf__family,-0.026134835190254183
terms_abstract_tfidf__far,-0.053088765479741305
terms_abstract_tfidf__fasciculus,0.02166629609090639
terms_abstract_tfidf__fashion,0.01717195979000743
terms_abstract_tfidf__fast,0.05752696175731971
terms_abstract_tfidf__faster,-0.044281094205904564
terms_abstract_tfidf__fc,-0.1059845431429982
terms_abstract_tfidf__fear,-0.007214816681281965
terms_abstract_tfidf__fearful,-0.0044788179565290855
terms_abstract_tfidf__fearful faces,-0.004434619801630536
terms_abstract_tfidf__feature,-0.016592094228836455
terms_abstract_tfidf__features,0.01215320173101406
terms_abstract_tfidf__feedback,-0.06330497615461747
terms_abstract_tfidf__feeling,0.009649904068179681
terms_abstract_tfidf__feelings,-0.01476036086372027
terms_abstract_tfidf__female,-0.011916471280358549
terms_abstract_tfidf__females,-0.004304360247872837
terms_abstract_tfidf__fewer,-0.02432709347751724
terms_abstract_tfidf__ffa,-0.026677567455189805
terms_abstract_tfidf__fiber,0.04564505470194391
terms_abstract_tfidf__field,-0.017941663867819944
terms_abstract_tfidf__fields,-0.011067412884114695
terms_abstract_tfidf__final,0.0008143544549885769
terms_abstract_tfidf__finally,-0.03358223055146078
terms_abstract_tfidf__fine,0.056742649153548784
terms_abstract_tfidf__finger,0.06794059740190968
terms_abstract_tfidf__finger movements,0.04555446316226478
terms_abstract_tfidf__finger tapping,0.03258740537234
terms_abstract_tfidf__fixation,-0.04736816369021781
terms_abstract_tfidf__fixed,0.028458456375290358
terms_abstract_tfidf__flexibility,-0.025475484486922315
terms_abstract_tfidf__flexible,-0.0836658226831688
terms_abstract_tfidf__flexibly,-0.024379670080960234
terms_abstract_tfidf__flow,-0.004573300858385199
terms_abstract_tfidf__fluctuation,-0.04203781122892461
terms_abstract_tfidf__fluctuations,-0.03904198075501875
terms_abstract_tfidf__fluency,0.013627848743443773
terms_abstract_tfidf__focal,0.019804949380376677
terms_abstract_tfidf__foci,0.050928815879479616
terms_abstract_tfidf__focus,-0.03636331751177438
terms_abstract_tfidf__focused,-0.03220100386887255
terms_abstract_tfidf__focusing,0.028065699652647453
terms_abstract_tfidf__follow,0.004838598487252921
terms_abstract_tfidf__followed,-0.04483369778316441
terms_abstract_tfidf__following,-0.06748341840668225
terms_abstract_tfidf__food,-0.05729633958704203
terms_abstract_tfidf__foot,0.06860922240200983
terms_abstract_tfidf__force,0.0592427436853383
terms_abstract_tfidf__form,0.040328310571215935
terms_abstract_tfidf__formation,-0.11709332999128273
terms_abstract_tfidf__formed,0.0014196173156764032
terms_abstract_tfidf__forms,0.00993740978525193
terms_abstract_tfidf__forward,0.06064409287618596
terms_abstract_tfidf__fourteen,0.008099199228704784
terms_abstract_tfidf__fractional,-0.03917679740235119
terms_abstract_tfidf__fractional anisotropy,-0.03963057927661428
terms_abstract_tfidf__framework,-0.08656059025911644
terms_abstract_tfidf__free,0.06729709689385197
terms_abstract_tfidf__frequencies,0.0827406272233341
terms_abstract_tfidf__frequency,0.08496041356822301
terms_abstract_tfidf__frequency fluctuations,-0.031231197103436227
terms_abstract_tfidf__frequent,0.10206722380513407
terms_abstract_tfidf__frequently,-0.035776038045478624
terms_abstract_tfidf__frontal,0.11698338336349096
terms_abstract_tfidf__frontal cortex,0.058101423889473224
terms_abstract_tfidf__frontal cortices,0.05937732869701907
terms_abstract_tfidf__frontal eye,0.001282442166778542
terms_abstract_tfidf__frontal gyri,0.07547890127320558
terms_abstract_tfidf__frontal gyrus,0.1343148621982216
terms_abstract_tfidf__frontal lobe,0.0492402593350176
terms_abstract_tfidf__frontal lobes,-0.0002066974766050506
terms_abstract_tfidf__frontal operculum,0.1144133975241796
terms_abstract_tfidf__frontal parietal,-0.004036282525937594
terms_abstract_tfidf__frontal temporal,0.11407913623519023
terms_abstract_tfidf__fronto,-0.010787238095352265
terms_abstract_tfidf__fronto parietal,0.008111856989683076
terms_abstract_tfidf__fronto striatal,-0.10575861102256455
terms_abstract_tfidf__fronto temporal,0.09049600160954618
terms_abstract_tfidf__frontoparietal,-0.02835154633681538
terms_abstract_tfidf__frontoparietal network,-0.03280915711964144
terms_abstract_tfidf__frontopolar,0.031106186344215365
terms_abstract_tfidf__frontotemporal,0.16464195803720028
terms_abstract_tfidf__fully,0.014012135187521204
terms_abstract_tfidf__function,-0.03451044972047515
terms_abstract_tfidf__functional abnormalities,-0.020418338937653043
terms_abstract_tfidf__functional connections,-0.10522832127413957
terms_abstract_tfidf__functional connectivity,-0.11778241602438769
terms_abstract_tfidf__functional coupling,-0.07142760944398696
terms_abstract_tfidf__functional magnetic,-0.013427535714463281
terms_abstract_tfidf__functional network,-0.024715470310309975
terms_abstract_tfidf__functional networks,-0.06942440307072027
terms_abstract_tfidf__functional neuroanatomy,0.03469605420651041
terms_abstract_tfidf__functional organization,-0.03789331720350757
terms_abstract_tfidf__functional role,-0.003190159979694932
terms_abstract_tfidf__functional structural,0.03836655001968535
terms_abstract_tfidf__functionally,-0.013964416672164486
terms_abstract_tfidf__functionally connected,-0.04076060756172805
terms_abstract_tfidf__functioning,-0.08752429892402445
terms_abstract_tfidf__functions,0.0730621803368971
terms_abstract_tfidf__fundamental,-0.004707756476852179
terms_abstract_tfidf__furthermore,-0.014439178868076502
terms_abstract_tfidf__fusiform,-0.011049813522302852
terms_abstract_tfidf__fusiform face,-0.029005429643547697
terms_abstract_tfidf__fusiform gyri,-0.026021426091571948
terms_abstract_tfidf__fusiform gyrus,-0.0014878312584337525
terms_abstract_tfidf__future,-0.09735407739415788
terms_abstract_tfidf__gain,-0.10263582553210554
terms_abstract_tfidf__gains,-0.11403344575123037
terms_abstract_tfidf__gambling,-0.11549367150047195
terms_abstract_tfidf__game,-0.10048455912979273
terms_abstract_tfidf__gamma,0.08124035830133124
terms_abstract_tfidf__ganglia,-0.06128973258097755
terms_abstract_tfidf__gap,-0.047380602664393055
terms_abstract_tfidf__gaze,0.009321113645237744
terms_abstract_tfidf__gender,-0.005633790224374515
terms_abstract_tfidf__gene,-0.03814478773855692
terms_abstract_tfidf__general,-0.012436353680611288
terms_abstract_tfidf__general linear,0.027071289349936776
terms_abstract_tfidf__generalized,-0.09851391563473277
terms_abstract_tfidf__generally,-0.03241415553443423
terms_abstract_tfidf__generate,-0.023655004944502407
terms_abstract_tfidf__generated,-0.04433799070530538
terms_abstract_tfidf__generating,0.005913564330357308
terms_abstract_tfidf__generation,0.025315494640953548
terms_abstract_tfidf__genes,0.01242022040368397
terms_abstract_tfidf__genetic,-0.0540238515376729
terms_abstract_tfidf__genetic risk,-0.05323059276466948
terms_abstract_tfidf__genotype,-0.07154753567049241
terms_abstract_tfidf__german,0.017718114508042584
terms_abstract_tfidf__gestures,0.05255984023363929
terms_abstract_tfidf__given,-0.036459640872670264
terms_abstract_tfidf__global,-0.014163809058713903
terms_abstract_tfidf__globus,-0.01214115968536539
terms_abstract_tfidf__globus pallidus,-0.01244387478296814
terms_abstract_tfidf__gm,0.07589208231927128
terms_abstract_tfidf__gm volume,0.06874553085422393
terms_abstract_tfidf__goal,-0.0812269420701094
terms_abstract_tfidf__goal directed,-0.0987331903840174
terms_abstract_tfidf__goals,-0.06552671773398712
terms_abstract_tfidf__good,0.01836515108221076
terms_abstract_tfidf__gradient,-0.05488432198327493
terms_abstract_tfidf__granger,-0.04566589393552547
terms_abstract_tfidf__graph,-0.06725976699738319
terms_abstract_tfidf__grasping,0.03353311468112065
terms_abstract_tfidf__gray,0.06261735962365272
terms_abstract_tfidf__gray matter,0.07703640877645987
terms_abstract_tfidf__great,-0.018806367778725654
terms_abstract_tfidf__greater,-0.0362647282033359
terms_abstract_tfidf__greater extent,0.0016308528326529107
terms_abstract_tfidf__greatest,0.03196332982381024
terms_abstract_tfidf__grey,0.03426546669839676
terms_abstract_tfidf__grey matter,0.03604208845029554
terms_abstract_tfidf__group,0.03553472794811685
terms_abstract_tfidf__group comparisons,-0.08098058412910897
terms_abstract_tfidf__group healthy,-0.029969334197480043
terms_abstract_tfidf__group level,0.05085935158793344
terms_abstract_tfidf__groups,-0.027438014011574006
terms_abstract_tfidf__growing,-0.017834361156021227
terms_abstract_tfidf__guide,0.04957970392306001
terms_abstract_tfidf__guided,0.01452285155630775
terms_abstract_tfidf__gyri,0.07163979547515788
terms_abstract_tfidf__gyrus,0.11397628815936654
terms_abstract_tfidf__gyrus anterior,0.015996550102176415
terms_abstract_tfidf__gyrus ba,0.07703972691406691
terms_abstract_tfidf__gyrus cerebellum,0.0064379399510481215
terms_abstract_tfidf__gyrus ifg,0.12311972386416317
terms_abstract_tfidf__gyrus inferior,0.0699639728224306
terms_abstract_tfidf__gyrus insula,0.013614257768486335
terms_abstract_tfidf__gyrus medial,-0.03538706472622323
terms_abstract_tfidf__gyrus mfg,0.06569645788221147
terms_abstract_tfidf__gyrus middle,0.04136260962034279
terms_abstract_tfidf__gyrus posterior,-0.002099971157141825
terms_abstract_tfidf__gyrus precuneus,-0.07442499540716252
terms_abstract_tfidf__gyrus stg,0.15369849666766838
terms_abstract_tfidf__gyrus superior,0.10308232274922914
terms_abstract_tfidf__half,-0.03553596481160554
terms_abstract_tfidf__hand,0.07078344910648737
terms_abstract_tfidf__hand movements,0.07032849652847553
terms_abstract_tfidf__handed,0.09101278811573098
terms_abstract_tfidf__handedness,0.07145998204999204
terms_abstract_tfidf__hands,0.03445893488876992
terms_abstract_tfidf__happy,0.0005762919797621507
terms_abstract_tfidf__happy faces,0.05737070701859954
terms_abstract_tfidf__having,-0.009379841277131373
terms_abstract_tfidf__hc,-0.08111268717710045
terms_abstract_tfidf__hcs,0.04150049762889708
terms_abstract_tfidf__head,0.06690031388059008
terms_abstract_tfidf__health,-0.05737114077685682
terms_abstract_tfidf__healthy,0.0057397210979892085
terms_abstract_tfidf__healthy adults,0.05521791504250814
terms_abstract_tfidf__healthy control,-0.0009901322962116343
terms_abstract_tfidf__healthy controls,-0.023886613547545496
terms_abstract_tfidf__healthy handed,0.09345800839784676
terms_abstract_tfidf__healthy human,-0.0293429727254221
terms_abstract_tfidf__healthy individuals,-0.031899353315746684
terms_abstract_tfidf__healthy male,0.020630482722801415
terms_abstract_tfidf__healthy volunteers,0.041552902985069425
terms_abstract_tfidf__healthy young,-0.012997625878403156
terms_abstract_tfidf__heard,0.10581487883538622
terms_abstract_tfidf__hearing,0.10215390002483177
terms_abstract_tfidf__heart,0.035001706010204615
terms_abstract_tfidf__heart rate,0.023265119602594326
terms_abstract_tfidf__heightened,-0.09035382855415135
terms_abstract_tfidf__held,-0.004614237337535216
terms_abstract_tfidf__help,-0.08531945398517404
terms_abstract_tfidf__hemisphere,0.14691709115899385
terms_abstract_tfidf__hemispheres,0.08625771099118851
terms_abstract_tfidf__hemispheric,0.13859964683437803
terms_abstract_tfidf__hemodynamic,0.03980450743825541
terms_abstract_tfidf__hemodynamic response,0.02545561829210867
terms_abstract_tfidf__hemodynamic responses,0.05861833474487121
terms_abstract_tfidf__heschl,0.10171374485408548
terms_abstract_tfidf__heschl gyrus,0.09880610060459866
terms_abstract_tfidf__heterogeneity,0.02005214995284929
terms_abstract_tfidf__heterogeneous,-0.013259635311418192
terms_abstract_tfidf__hierarchical,0.12043820609412065
terms_abstract_tfidf__hierarchy,0.03670195744465667
terms_abstract_tfidf__high,-0.05568146523579967
terms_abstract_tfidf__high frequency,0.10182596159426756
terms_abstract_tfidf__high functioning,-0.041652060013907415
terms_abstract_tfidf__high level,-0.04009687537936817
terms_abstract_tfidf__high low,0.01180671307437546
terms_abstract_tfidf__high resolution,0.00836473653032383
terms_abstract_tfidf__high risk,-0.03019081277493865
terms_abstract_tfidf__higher,0.01789971489916545
terms_abstract_tfidf__higher level,0.09208958838644363
terms_abstract_tfidf__higher levels,-0.0004027830187871577
terms_abstract_tfidf__higher order,0.10183100497921324
terms_abstract_tfidf__highest,-0.010391151275947693
terms_abstract_tfidf__highlight,-0.03558152112869691
terms_abstract_tfidf__highlighted,-0.013390767043892275
terms_abstract_tfidf__highlights,-0.007561593786983272
terms_abstract_tfidf__highly,0.022993899335125845
terms_abstract_tfidf__hippocampal,-0.13221862731843287
terms_abstract_tfidf__hippocampus,-0.1093871263045018
terms_abstract_tfidf__history,-0.03584723394638031
terms_abstract_tfidf__hoc,0.01258474620248142
terms_abstract_tfidf__homogeneity,-0.036544902068063156
terms_abstract_tfidf__homogeneity reho,-0.04059956029425666
terms_abstract_tfidf__hub,-0.06615517539056909
terms_abstract_tfidf__hubs,-0.030574283725285867
terms_abstract_tfidf__hum,-0.05085681362445255
terms_abstract_tfidf__hum mapp,-0.046965362260403355
terms_abstract_tfidf__human,-0.017164481556458028
terms_abstract_tfidf__humans,-0.08148179094425227
terms_abstract_tfidf__hyperactivation,-0.017539102128343524
terms_abstract_tfidf__hyperactivity,-0.03830490019098136
terms_abstract_tfidf__hyperactivity disorder,-0.040033090580528445
terms_abstract_tfidf__hypoactivation,0.02030589561070593
terms_abstract_tfidf__hypothalamus,-0.07489194119004951
terms_abstract_tfidf__hypotheses,-0.039408318437050976
terms_abstract_tfidf__hypothesize,-0.0014609749776929215
terms_abstract_tfidf__hypothesized,0.06560537221168287
terms_abstract_tfidf__hz,0.0919280617695181
terms_abstract_tfidf__ica,-0.06713808289096017
terms_abstract_tfidf__idea,-0.08931613810841821
terms_abstract_tfidf__identical,0.07347651385115148
terms_abstract_tfidf__identification,-0.04643066199066737
terms_abstract_tfidf__identified,0.0003723251913245375
terms_abstract_tfidf__identify,-0.024431627552447606
terms_abstract_tfidf__identifying,0.05150380016528209
terms_abstract_tfidf__identity,0.025497257044847503
terms_abstract_tfidf__ifg,0.12001815881006131
terms_abstract_tfidf__ii,0.031074015500125916
terms_abstract_tfidf__iii,0.043367034020607854
terms_abstract_tfidf__illness,-0.029139437985767916
terms_abstract_tfidf__illusion,0.05544941012136263
terms_abstract_tfidf__illustrate,0.002526860297844441
terms_abstract_tfidf__image,0.05781944779421848
terms_abstract_tfidf__imagery,0.03990070632624316
terms_abstract_tfidf__images,-0.05423583882722587
terms_abstract_tfidf__images acquired,0.019907788530440982
terms_abstract_tfidf__imagine,0.03268140836915056
terms_abstract_tfidf__imagined,-0.025865937119519487
terms_abstract_tfidf__imitation,0.03513346683621909
terms_abstract_tfidf__immediate,-0.032887893845238554
terms_abstract_tfidf__immediately,-0.012795196446606814
terms_abstract_tfidf__impact,-0.024090469351983487
terms_abstract_tfidf__impacts,-0.044577266839801025
terms_abstract_tfidf__impaired,-0.012503565205611385
terms_abstract_tfidf__impairment,-0.007025964370629666
terms_abstract_tfidf__impairments,0.035425987153291115
terms_abstract_tfidf__implementation,-0.04991041736638375
terms_abstract_tfidf__implemented,0.006466994502759945
terms_abstract_tfidf__implicate,-0.027611251135108903
terms_abstract_tfidf__implicated,-0.05706456099149814
terms_abstract_tfidf__implications,-0.003941004137068051
terms_abstract_tfidf__implications understanding,-0.05236407895967627
terms_abstract_tfidf__implicit,-0.049662499459023304
terms_abstract_tfidf__imply,-0.018401838675881427
terms_abstract_tfidf__importance,-0.035264316179250674
terms_abstract_tfidf__important,0.03445145146786957
terms_abstract_tfidf__important role,-0.042887800800822655
terms_abstract_tfidf__importantly,-0.0715339228843019
terms_abstract_tfidf__improve,-0.017590798120684023
terms_abstract_tfidf__improved,0.02292969710476268
terms_abstract_tfidf__improvement,0.029006996731881254
terms_abstract_tfidf__improvements,0.0057864189810568996
terms_abstract_tfidf__improves,-0.04363254284874941
terms_abstract_tfidf__impulsive,-0.06756695382334542
terms_abstract_tfidf__impulsivity,-0.07135361143499655
terms_abstract_tfidf__incentive,-0.15859201578607618
terms_abstract_tfidf__incentive delay,-0.16202823790160645
terms_abstract_tfidf__incidental,-0.011407192338644142
terms_abstract_tfidf__include,0.011904139487665227
terms_abstract_tfidf__included,0.04861077318384169
terms_abstract_tfidf__includes,0.01105335131496656
terms_abstract_tfidf__incongruent,0.12746987558936285
terms_abstract_tfidf__inconsistent,-0.0028081645368198908
terms_abstract_tfidf__incorrect,-0.02532362753182616
terms_abstract_tfidf__increases,-0.08699471948914095
terms_abstract_tfidf__increasing,-0.048227933503570686
terms_abstract_tfidf__increasingly,0.02374739247384546
terms_abstract_tfidf__independent,-0.06914206136045321
terms_abstract_tfidf__independent component,-0.08086778337545873
terms_abstract_tfidf__independently,0.03472135106357325
terms_abstract_tfidf__index,0.0618191653014676
terms_abstract_tfidf__index finger,0.07223432833451296
terms_abstract_tfidf__indexed,0.018215657355281117
terms_abstract_tfidf__indicate,-0.03248786461886956
terms_abstract_tfidf__indicated,-0.007722763954303886
terms_abstract_tfidf__indicates,0.0194073091505232
terms_abstract_tfidf__indicating,-0.00770848522171286
terms_abstract_tfidf__indices,0.0842684361083111
terms_abstract_tfidf__indirect,0.023378054965399908
terms_abstract_tfidf__individual,-0.04726797993298614
terms_abstract_tfidf__individual variability,-0.0012727827536245665
terms_abstract_tfidf__individually,0.004900118179709934
terms_abstract_tfidf__individuals,-0.038955623823388526
terms_abstract_tfidf__induce,-0.024774321255908303
terms_abstract_tfidf__induced,0.006806856284475834
terms_abstract_tfidf__induces,0.060010592497317064
terms_abstract_tfidf__inducing,0.023840304806787976
terms_abstract_tfidf__induction,0.010020212559958547
terms_abstract_tfidf__infer,-0.013400094218080569
terms_abstract_tfidf__inference,0.04910846902389301
terms_abstract_tfidf__inferences,0.015035167694146555
terms_abstract_tfidf__inferior,0.1475142092301314
terms_abstract_tfidf__inferior frontal,0.13096420713481086
terms_abstract_tfidf__inferior middle,0.08387559127312384
terms_abstract_tfidf__inferior occipital,0.01205378358127189
terms_abstract_tfidf__inferior parietal,0.04894024092938315
terms_abstract_tfidf__inferior prefrontal,0.006502316514656715
terms_abstract_tfidf__inferior superior,0.0177303297609116
terms_abstract_tfidf__inferior temporal,0.07529657781993886
terms_abstract_tfidf__influence,-0.023050605553534255
terms_abstract_tfidf__influenced,-0.0365934593536997
terms_abstract_tfidf__influences,-0.0879824123560251
terms_abstract_tfidf__inform,-0.03086879254914436
terms_abstract_tfidf__information,0.0011905831060688697
terms_abstract_tfidf__inhibit,-0.014784445726534614
terms_abstract_tfidf__inhibition,0.00441585995607505
terms_abstract_tfidf__inhibitory,0.07032932261029001
terms_abstract_tfidf__inhibitory control,0.03942334440281092
terms_abstract_tfidf__initial,0.0045040304905145144
terms_abstract_tfidf__initially,-0.001446129112860606
terms_abstract_tfidf__initiation,0.013814328331688113
terms_abstract_tfidf__injury,0.0920087482799347
terms_abstract_tfidf__input,0.11389638531518292
terms_abstract_tfidf__inputs,0.06816827823318818
terms_abstract_tfidf__insight,-0.08298970193715745
terms_abstract_tfidf__insights,-0.0707352088715966
terms_abstract_tfidf__instead,-0.0032471511923787126
terms_abstract_tfidf__instructed,0.06216890285495239
terms_abstract_tfidf__instruction,-0.006371344354742889
terms_abstract_tfidf__instructions,-0.05137424223980433
terms_abstract_tfidf__insula,0.0470524163067305
terms_abstract_tfidf__insula anterior,0.03705803214482067
terms_abstract_tfidf__insula inferior,0.0556826578939802
terms_abstract_tfidf__insular,0.12364781308452151
terms_abstract_tfidf__insular cortex,0.1447921810053777
terms_abstract_tfidf__intact,-0.018346542650906378
terms_abstract_tfidf__integrate,-0.06970331057704283
terms_abstract_tfidf__integrated,0.0266494585597092
terms_abstract_tfidf__integrating,-0.04661757817997542
terms_abstract_tfidf__integration,0.10940749857286576
terms_abstract_tfidf__integrative,-0.0584645856375093
terms_abstract_tfidf__integrity,0.01813812635889074
terms_abstract_tfidf__intelligence,0.01578194794902903
terms_abstract_tfidf__intense,-0.009984758536069125
terms_abstract_tfidf__intensity,0.08551175020384799
terms_abstract_tfidf__intention,0.009918893001207069
terms_abstract_tfidf__intentional,0.02094525286179466
terms_abstract_tfidf__intentions,-9.403214529379368e-05
terms_abstract_tfidf__inter,-0.0007932960175939943
terms_abstract_tfidf__inter individual,0.03209837384025993
terms_abstract_tfidf__interact,-0.019775805224365433
terms_abstract_tfidf__interacting,-0.06857454310403047
terms_abstract_tfidf__interaction,-0.05212409838712306
terms_abstract_tfidf__interactions,-0.0832122923372937
terms_abstract_tfidf__interactive,0.02650440741802816
terms_abstract_tfidf__interacts,0.026800783764120376
terms_abstract_tfidf__interestingly,-0.03276655783868176
terms_abstract_tfidf__interference,-0.006995129876543458
terms_abstract_tfidf__interhemispheric,0.05912311360866473
terms_abstract_tfidf__intermediate,-0.003321705928113155
terms_abstract_tfidf__internal,-0.031146706241329057
terms_abstract_tfidf__internally,-0.06595969136793306
terms_abstract_tfidf__interoceptive,0.038866161692463805
terms_abstract_tfidf__interpersonal,0.08303033115328899
terms_abstract_tfidf__interplay,-0.006282378956987484
terms_abstract_tfidf__interpret,0.04763689790941319
terms_abstract_tfidf__interpretation,0.07656456892245256
terms_abstract_tfidf__interpreted,0.08277214581224682
terms_abstract_tfidf__interval,-0.004602680122223797
terms_abstract_tfidf__intervals,0.04733637440195203
terms_abstract_tfidf__intervention,-0.016206079053985335
terms_abstract_tfidf__interventions,0.0430939407655581
terms_abstract_tfidf__intra,-0.005708787449227552
terms_abstract_tfidf__intraparietal,0.00620692311628228
terms_abstract_tfidf__intraparietal sulcus,0.010113699954439148
terms_abstract_tfidf__intrinsic,-0.04091949037819571
terms_abstract_tfidf__intrinsic functional,-0.06651868068165859
terms_abstract_tfidf__introduced,0.03565374696647431
terms_abstract_tfidf__introduction,0.03868075244064624
terms_abstract_tfidf__invariant,0.019122845197214067
terms_abstract_tfidf__invasive,0.02399292326153062
terms_abstract_tfidf__inventory,0.012765938012342116
terms_abstract_tfidf__inverse,-0.06728707753906947
terms_abstract_tfidf__inversely,-0.01930944137715197
terms_abstract_tfidf__investigates,-0.0031784213857627653
terms_abstract_tfidf__investigating,-0.07944634529726362
terms_abstract_tfidf__investigation,-0.03847070788279513
terms_abstract_tfidf__investigations,-0.058889267350868475
terms_abstract_tfidf__involve,-0.022622229262933544
terms_abstract_tfidf__involved,0.05315551829264746
terms_abstract_tfidf__involved cognitive,-0.00756469819356581
terms_abstract_tfidf__involvement,0.0066094092716986715
terms_abstract_tfidf__involves,0.03174456199368372
terms_abstract_tfidf__involving,-0.05399092155182192
terms_abstract_tfidf__ipl,0.029617709770913922
terms_abstract_tfidf__ips,-0.016566127480911477
terms_abstract_tfidf__ipsilateral,0.10176873290796573
terms_abstract_tfidf__iq,0.0045884210825825125
terms_abstract_tfidf__irrelevant,-0.028581940503143142
terms_abstract_tfidf__irrespective,0.028098033094475477
terms_abstract_tfidf__isolate,0.014444403262525064
terms_abstract_tfidf__isolated,0.00742093256038441
terms_abstract_tfidf__issue,-0.010158010968769933
terms_abstract_tfidf__issues,0.02595908942256429
terms_abstract_tfidf__item,-0.0359791966004378
terms_abstract_tfidf__items,-0.11034431688882507
terms_abstract_tfidf__iv,0.00179514994843683
terms_abstract_tfidf__joint,0.04038155833935707
terms_abstract_tfidf__judge,-0.008502716045698775
terms_abstract_tfidf__judged,-0.032650365574653895
terms_abstract_tfidf__judgment,0.011627233545107748
terms_abstract_tfidf__judgment task,0.047544413346972327
terms_abstract_tfidf__judgments,-0.06425100728274588
terms_abstract_tfidf__junction,0.00596393081684649
terms_abstract_tfidf__junction tpj,0.008975499204597536
terms_abstract_tfidf__just,0.005372981199755614
terms_abstract_tfidf__key,-0.08869909257573423
terms_abstract_tfidf__key role,-0.026000462315837195
terms_abstract_tfidf__kinds,-0.04945543771552625
terms_abstract_tfidf__know,-0.06589318247445536
terms_abstract_tfidf__knowledge,0.04249760795136302
terms_abstract_tfidf__known,-0.051194663027653575
terms_abstract_tfidf__known involved,0.03975572325277615
terms_abstract_tfidf__labeling,-0.008819342332810065
terms_abstract_tfidf__laboratory,-0.1044620119575653
terms_abstract_tfidf__lack,0.06170186016841497
terms_abstract_tfidf__lacking,0.016571036186376523
terms_abstract_tfidf__language,0.16527976465774813
terms_abstract_tfidf__language comprehension,0.13369462173608546
terms_abstract_tfidf__language network,0.07252888174695529
terms_abstract_tfidf__languages,0.10428284432817063
terms_abstract_tfidf__large,-0.04168696312538918
terms_abstract_tfidf__large sample,0.001375738478983386
terms_abstract_tfidf__large scale,-0.046737306784476434
terms_abstract_tfidf__largely,-0.061679365306701754
terms_abstract_tfidf__largely unknown,-0.05601167320116796
terms_abstract_tfidf__larger,0.04518717316006784
terms_abstract_tfidf__late,-0.013729513147389641
terms_abstract_tfidf__latencies,0.0704767748071163
terms_abstract_tfidf__latency,0.04996836998233757
terms_abstract_tfidf__later,-0.03834541134051609
terms_abstract_tfidf__lateral,-0.01228174533127556
terms_abstract_tfidf__lateral frontal,0.005676058148888233
terms_abstract_tfidf__lateral medial,-0.0016348244084320516
terms_abstract_tfidf__lateral occipital,-0.055001443822727224
terms_abstract_tfidf__lateral orbitofrontal,-0.001828691991018803
terms_abstract_tfidf__lateral parietal,-0.08417038413936782
terms_abstract_tfidf__lateral prefrontal,0.012832260816661278
terms_abstract_tfidf__lateral temporal,0.03099001515031279
terms_abstract_tfidf__laterality,0.05852979326009519
terms_abstract_tfidf__lateralization,0.09458689951089921
terms_abstract_tfidf__lateralized,0.1383087351590013
terms_abstract_tfidf__lead,-0.032234572358173647
terms_abstract_tfidf__leading,-0.027191488149342566
terms_abstract_tfidf__leads,-0.01150840460576187
terms_abstract_tfidf__learn,-0.06487738050593783
terms_abstract_tfidf__learned,-0.10579687027666622
terms_abstract_tfidf__learning,-0.16017097491927051
terms_abstract_tfidf__learning task,-0.1861885846862852
terms_abstract_tfidf__led,0.06078434056801904
terms_abstract_tfidf__length,0.03605348246145198
terms_abstract_tfidf__lesion,0.14112742770740963
terms_abstract_tfidf__lesions,0.06608048718247463
terms_abstract_tfidf__lesser,0.029655148051566917
terms_abstract_tfidf__letter,-0.009434284704379852
terms_abstract_tfidf__letters,-0.014597620655601978
terms_abstract_tfidf__level,0.049990676654803126
terms_abstract_tfidf__level bold,-0.02201008020614729
terms_abstract_tfidf__level signal,-0.04250342469826061
terms_abstract_tfidf__levels,-0.052512990588908355
terms_abstract_tfidf__lexical,0.10617967889204181
terms_abstract_tfidf__lexical decision,0.07220018933035802
terms_abstract_tfidf__life,-0.07922139175454686
terms_abstract_tfidf__light,-0.05723822243486173
terms_abstract_tfidf__like,-0.007510162716363285
terms_abstract_tfidf__likelihood,-0.0340535868798367
terms_abstract_tfidf__likely,-0.017257311931348596
terms_abstract_tfidf__limb,0.06953189972315743
terms_abstract_tfidf__limbic,-0.07004731668876722
terms_abstract_tfidf__limitations,-0.02792850516088173
terms_abstract_tfidf__limited,-0.06580775190665815
terms_abstract_tfidf__line,-0.0051604165659052525
terms_abstract_tfidf__linear,-0.03541258608761263
terms_abstract_tfidf__linear model,0.02769551747980174
terms_abstract_tfidf__linearly,0.01648357438903901
terms_abstract_tfidf__lingual,-0.043826117165416914
terms_abstract_tfidf__lingual gyrus,-0.045097232572573094
terms_abstract_tfidf__linguistic,0.1468910971809022
terms_abstract_tfidf__link,-0.10870783075367103
terms_abstract_tfidf__linked,-0.08752332022063668
terms_abstract_tfidf__linking,0.024208118443114483
terms_abstract_tfidf__links,0.005846327312706675
terms_abstract_tfidf__list,-0.0005397258481833313
terms_abstract_tfidf__listened,0.14529629289248835
terms_abstract_tfidf__listening,0.16033816923715377
terms_abstract_tfidf__literature,-0.027102836763402305
terms_abstract_tfidf__little,-0.05193889538835918
terms_abstract_tfidf__little known,-0.08404100143449263
terms_abstract_tfidf__load,-0.03321673441604963
terms_abstract_tfidf__lobe,0.03377191886958553
terms_abstract_tfidf__lobe mtl,-0.07616709204372196
terms_abstract_tfidf__lobes,0.06140478433389445
terms_abstract_tfidf__lobule,0.04915680169845328
terms_abstract_tfidf__lobule ipl,0.03608591193653676
terms_abstract_tfidf__lobules,-0.016481553267409035
terms_abstract_tfidf__local,0.03279280165064653
terms_abstract_tfidf__localization,0.13212785515784745
terms_abstract_tfidf__localize,0.1094881046318929
terms_abstract_tfidf__localized,0.09242706528451922
terms_abstract_tfidf__located,0.03231022351330447
terms_abstract_tfidf__location,0.00036732116063366884
terms_abstract_tfidf__locations,-0.031348982935239134
terms_abstract_tfidf__locus,-0.020731156410798337
terms_abstract_tfidf__long,0.028046901541140833
terms_abstract_tfidf__long term,-0.005179535947982036
terms_abstract_tfidf__longer,0.014014153670389249
terms_abstract_tfidf__longitudinal,0.011158373746433898
terms_abstract_tfidf__loop,-0.0010789279888922584
terms_abstract_tfidf__loss,-0.03737586936968327
terms_abstract_tfidf__losses,-0.117538271931284
terms_abstract_tfidf__low,-0.018363171410454904
terms_abstract_tfidf__low frequency,0.03610612208029745
terms_abstract_tfidf__low high,0.00938007693937363
terms_abstract_tfidf__low level,-0.009047951397227959
terms_abstract_tfidf__lower,0.020197129540006884
terms_abstract_tfidf__m1,0.07263527249440818
terms_abstract_tfidf__machine,0.023955297478796725
terms_abstract_tfidf__magnetic,0.022019994871291013
terms_abstract_tfidf__magnetic resonance,0.012062738146877765
terms_abstract_tfidf__magnetic stimulation,0.1137828750152244
terms_abstract_tfidf__magnetoencephalography,0.14577715650947706
terms_abstract_tfidf__magnitude,-0.03270634831930966
terms_abstract_tfidf__main,0.001677206284406927
terms_abstract_tfidf__main effect,0.023715771679696004
terms_abstract_tfidf__mainly,0.03442180235896736
terms_abstract_tfidf__maintain,0.0026066403555238715
terms_abstract_tfidf__maintained,-0.06859793058431134
terms_abstract_tfidf__maintaining,0.008510782058249662
terms_abstract_tfidf__maintenance,-0.0263306382165239
terms_abstract_tfidf__major,0.0021124484541141203
terms_abstract_tfidf__major depression,-0.04597747915015884
terms_abstract_tfidf__major depressive,-0.00656348407693754
terms_abstract_tfidf__majority,0.01565059068668927
terms_abstract_tfidf__make,-0.026535521174949218
terms_abstract_tfidf__making,-0.10573819642536839
terms_abstract_tfidf__male,-0.00202924855965011
terms_abstract_tfidf__male female,-0.028463383652990358
terms_abstract_tfidf__males,-0.007117535249885159
terms_abstract_tfidf__manifest,-0.005382579160857011
terms_abstract_tfidf__manipulated,0.041026853356642974
terms_abstract_tfidf__manipulating,0.0027281619663832497
terms_abstract_tfidf__manipulation,-0.042616419095407206
terms_abstract_tfidf__manipulations,0.022380782722794382
terms_abstract_tfidf__manner,0.0036481633742806467
terms_abstract_tfidf__manual,0.07317397937460351
terms_abstract_tfidf__map,-0.00470951959031285
terms_abstract_tfidf__mapp,-0.04376090988222396
terms_abstract_tfidf__mapped,0.011435633116891412
terms_abstract_tfidf__mapping,0.14495137507397202
terms_abstract_tfidf__maps,0.06333676297546012
terms_abstract_tfidf__marked,0.003986732731733097
terms_abstract_tfidf__marker,-0.07179715984994427
terms_abstract_tfidf__markers,0.03446822118205401
terms_abstract_tfidf__masked,-0.00021454413308114384
terms_abstract_tfidf__mass,-0.02297783527411322
terms_abstract_tfidf__match,-0.023608494048290695
terms_abstract_tfidf__matching,0.03252734561220952
terms_abstract_tfidf__matching task,-0.006379803602695767
terms_abstract_tfidf__material,0.02971871128611772
terms_abstract_tfidf__materials,0.012510490795994495
terms_abstract_tfidf__matrix,0.09134370410833192
terms_abstract_tfidf__matter,0.05777311389225833
terms_abstract_tfidf__matter density,0.026590002003684398
terms_abstract_tfidf__matter gm,0.0723444704500999
terms_abstract_tfidf__matter volume,0.06146910831616331
terms_abstract_tfidf__matter volumes,0.07922234314207123
terms_abstract_tfidf__maturation,-0.03605109222938723
terms_abstract_tfidf__maximal,0.05695662415163594
terms_abstract_tfidf__maximum,0.04223955035591719
terms_abstract_tfidf__mci,-0.0507457030849157
terms_abstract_tfidf__mdd,-0.0012595601200870445
terms_abstract_tfidf__mean,-0.053054499294408884
terms_abstract_tfidf__mean age,-0.055330700828106726
terms_abstract_tfidf__meaning,0.08366156719744082
terms_abstract_tfidf__meaningful,0.06386187138300092
terms_abstract_tfidf__means,0.0008155815536262128
terms_abstract_tfidf__measure,0.0018315116647902735
terms_abstract_tfidf__measurement,0.0009884570825391538
terms_abstract_tfidf__measurements,0.04587439692762691
terms_abstract_tfidf__measures,0.046263474102004265
terms_abstract_tfidf__measuring,0.04210300988435577
terms_abstract_tfidf__mechanism,-0.05789498732372257
terms_abstract_tfidf__mechanisms,-0.0520715827470847
terms_abstract_tfidf__mechanisms involved,-0.006929607868271277
terms_abstract_tfidf__mechanisms underlying,-0.09044749100014896
terms_abstract_tfidf__medial,-0.14023416532532634
terms_abstract_tfidf__medial frontal,-0.006982064652111758
terms_abstract_tfidf__medial lateral,-0.06177368907514381
terms_abstract_tfidf__medial orbitofrontal,-0.08819923929461701
terms_abstract_tfidf__medial pfc,-0.07959913685397232
terms_abstract_tfidf__medial prefrontal,-0.12217070518010009
terms_abstract_tfidf__medial superior,-0.01502880555628732
terms_abstract_tfidf__medial temporal,-0.07840886613499654
terms_abstract_tfidf__median,0.07723283987568806
terms_abstract_tfidf__mediate,-0.04532135841988193
terms_abstract_tfidf__mediated,-0.06318580150101008
terms_abstract_tfidf__mediates,-0.007757763418663242
terms_abstract_tfidf__mediating,-0.005801995270034258
terms_abstract_tfidf__medication,0.016164013157393884
terms_abstract_tfidf__meg,0.14896843727699505
terms_abstract_tfidf__memories,-0.10621127867915836
terms_abstract_tfidf__memory,-0.09317601854755067
terms_abstract_tfidf__memory encoding,-0.08563891697355645
terms_abstract_tfidf__memory load,0.01638571926898033
terms_abstract_tfidf__memory performance,-0.08206027903964824
terms_abstract_tfidf__memory processes,-0.021642169135229334
terms_abstract_tfidf__memory retrieval,-0.12423590788267108
terms_abstract_tfidf__memory task,-0.04189069542692153
terms_abstract_tfidf__memory tasks,0.02602678067332838
terms_abstract_tfidf__memory test,-0.07525444243955652
terms_abstract_tfidf__memory wm,-0.019898734242644794
terms_abstract_tfidf__men,-0.04875046052148376
terms_abstract_tfidf__men women,-0.08099520079154336
terms_abstract_tfidf__mental,-0.06983067010891549
terms_abstract_tfidf__mental imagery,-0.027798639591152394
terms_abstract_tfidf__mental state,-0.0037225248140807733
terms_abstract_tfidf__mental states,-0.005359459219213814
terms_abstract_tfidf__mentalizing,-0.05912955776790003
terms_abstract_tfidf__mesial,-0.052334114311770076
terms_abstract_tfidf__mesolimbic,-0.1375283507497033
terms_abstract_tfidf__met,-0.10259791517031562
terms_abstract_tfidf__metabolic,-0.028186926966497033
terms_abstract_tfidf__metabolism,0.029509363532120383
terms_abstract_tfidf__method,-0.021881073255640458
terms_abstract_tfidf__methodological,0.06520570136229466
terms_abstract_tfidf__methodology,-0.025970479110268146
terms_abstract_tfidf__methodology principal,-0.04554966085694074
terms_abstract_tfidf__methods,-0.02806258232115829
terms_abstract_tfidf__methods functional,-0.02617475635560889
terms_abstract_tfidf__mfg,0.069303020021891
terms_abstract_tfidf__mg,-0.04077427547126144
terms_abstract_tfidf__mid,0.05422102938847506
terms_abstract_tfidf__midbrain,-0.06472200237418166
terms_abstract_tfidf__middle,0.11307492387984792
terms_abstract_tfidf__middle cingulate,-0.01199062298997041
terms_abstract_tfidf__middle frontal,0.061809493494430996
terms_abstract_tfidf__middle inferior,0.09193540198198387
terms_abstract_tfidf__middle occipital,-0.054456254172174326
terms_abstract_tfidf__middle superior,0.06373506635053715
terms_abstract_tfidf__middle temporal,0.08743429769504198
terms_abstract_tfidf__midline,-0.14335589631074752
terms_abstract_tfidf__mild,-0.033593461752265456
terms_abstract_tfidf__mild cognitive,-0.04907292404003135
terms_abstract_tfidf__min,0.028195455027437973
terms_abstract_tfidf__mind,-0.028306048714904077
terms_abstract_tfidf__mind tom,0.012016996907307499
terms_abstract_tfidf__minimal,-0.05493337478881743
terms_abstract_tfidf__mirror,0.04975151464824238
terms_abstract_tfidf__mirror neuron,0.03695545486980891
terms_abstract_tfidf__mixed,-0.00997229742619524
terms_abstract_tfidf__mm,-0.008813236481081848
terms_abstract_tfidf__mnemonic,-0.04292712511341037
terms_abstract_tfidf__modal,0.1124837726197155
terms_abstract_tfidf__modalities,0.0916110409904492
terms_abstract_tfidf__modality,0.13031616046374986
terms_abstract_tfidf__mode,-0.15223403023678833
terms_abstract_tfidf__mode network,-0.15356643918889096
terms_abstract_tfidf__model,0.03750994049672085
terms_abstract_tfidf__modeling,0.04140590442560043
terms_abstract_tfidf__models,-0.05474088649851046
terms_abstract_tfidf__moderate,0.012698142772573954
terms_abstract_tfidf__modified,-0.02359105934624856
terms_abstract_tfidf__modulate,-0.05351285799823903
terms_abstract_tfidf__modulated,-0.04715706961161728
terms_abstract_tfidf__modulates,-0.03718215511274497
terms_abstract_tfidf__modulating,-0.04270040357285444
terms_abstract_tfidf__modulation,-0.04433184427223502
terms_abstract_tfidf__modulations,0.02837259230974042
terms_abstract_tfidf__modulatory,-0.02773117281705994
terms_abstract_tfidf__monetary,-0.1646648379004296
terms_abstract_tfidf__monetary incentive,-0.15643764049646983
terms_abstract_tfidf__monetary reward,-0.12849373763242442
terms_abstract_tfidf__money,-0.1574644687565499
terms_abstract_tfidf__monitor,0.10215434705917154
terms_abstract_tfidf__monitored,-0.04101739908717543
terms_abstract_tfidf__monitoring,0.00705022523170195
terms_abstract_tfidf__monkey,0.049699316498177055
terms_abstract_tfidf__monkeys,-0.0015169634713276157
terms_abstract_tfidf__months,-0.001103123938239522
terms_abstract_tfidf__mood,-0.051171313702035946
terms_abstract_tfidf__moral,-0.018257666222477948
terms_abstract_tfidf__morphological,0.06502428846282912
terms_abstract_tfidf__morphology,0.13920073073651554
terms_abstract_tfidf__morphometry,0.09538438660198308
terms_abstract_tfidf__morphometry vbm,0.055697203014601876
terms_abstract_tfidf__motion,-0.01874658682204837
terms_abstract_tfidf__motivation,-0.1331238041676675
terms_abstract_tfidf__motivational,-0.11919253932048857
terms_abstract_tfidf__motor,0.08134025387814994
terms_abstract_tfidf__motor control,0.06790449823894057
terms_abstract_tfidf__motor cortex,0.08838506945141443
terms_abstract_tfidf__motor function,0.05489733237032996
terms_abstract_tfidf__motor imagery,0.06086796830853871
terms_abstract_tfidf__motor network,0.04921609380861578
terms_abstract_tfidf__motor performance,0.05929292171375775
terms_abstract_tfidf__motor pre,0.03141042945302619
terms_abstract_tfidf__motor premotor,0.04484997854576178
terms_abstract_tfidf__motor response,0.005244133646469551
terms_abstract_tfidf__motor responses,0.006674813006852301
terms_abstract_tfidf__motor sma,0.10350742897648356
terms_abstract_tfidf__motor task,0.055323601363770916
terms_abstract_tfidf__movement,0.06629765122738301
terms_abstract_tfidf__movements,0.06247227972579641
terms_abstract_tfidf__moving,0.004584895528549464
terms_abstract_tfidf__mpfc,-0.10736015843236696
terms_abstract_tfidf__mr,0.060522417656225576
terms_abstract_tfidf__ms,0.06556385486200793
terms_abstract_tfidf__mt,-0.05006747930745443
terms_abstract_tfidf__mtg,0.09764417314102049
terms_abstract_tfidf__mtl,-0.06124458902914676
terms_abstract_tfidf__multi,0.016310331008819765
terms_abstract_tfidf__multimodal,0.005642650997594967
terms_abstract_tfidf__multiple,-0.06156002587217226
terms_abstract_tfidf__multiple comparisons,0.05256265798941444
terms_abstract_tfidf__multiple sclerosis,0.03969095073159066
terms_abstract_tfidf__multisensory,0.06578972321656434
terms_abstract_tfidf__multivariate,0.008592581685101982
terms_abstract_tfidf__multivariate pattern,-0.007951489108680565
terms_abstract_tfidf__muscle,0.09011408474778157
terms_abstract_tfidf__music,0.15981276704212943
terms_abstract_tfidf__musical,0.15076152335533147
terms_abstract_tfidf__musicians,0.13553780737200585
terms_abstract_tfidf__naive,-0.03821582863634125
terms_abstract_tfidf__names,-0.0035751683093454283
terms_abstract_tfidf__naming,0.0649566182744645
terms_abstract_tfidf__native,0.08063131923431846
terms_abstract_tfidf__natural,0.09647646277474896
terms_abstract_tfidf__naturalistic,0.03329850495210046
terms_abstract_tfidf__nature,-0.045133573027685656
terms_abstract_tfidf__navigation,-0.12606362602406315
terms_abstract_tfidf__near,0.0605919280604981
terms_abstract_tfidf__necessary,0.012306855326833482
terms_abstract_tfidf__need,-0.05875503098644386
terms_abstract_tfidf__needed,-0.07487837489098792
terms_abstract_tfidf__needs,-0.004094647980525928
terms_abstract_tfidf__negative,-0.0794808558081227
terms_abstract_tfidf__negative affect,0.007879005008742212
terms_abstract_tfidf__negative correlation,-0.040161718869979365
terms_abstract_tfidf__negative correlations,0.0027541699035111317
terms_abstract_tfidf__negative emotional,-0.059761432268034986
terms_abstract_tfidf__negative emotions,0.04960497715108782
terms_abstract_tfidf__negative feedback,-0.10997578954680963
terms_abstract_tfidf__negative neutral,-0.05668383823378403
terms_abstract_tfidf__negative positive,-0.062119417770842185
terms_abstract_tfidf__negatively,-0.0889138811442589
terms_abstract_tfidf__negatively correlated,-0.09292226481439339
terms_abstract_tfidf__negativity,-0.03310885531600543
terms_abstract_tfidf__neocortical,-0.07046018689937024
terms_abstract_tfidf__nerve,0.09077186398021773
terms_abstract_tfidf__nervous,0.06708237520833182
terms_abstract_tfidf__network,-0.07896072803610095
terms_abstract_tfidf__network connectivity,-0.09074430396331191
terms_abstract_tfidf__network dmn,-0.15583649097934277
terms_abstract_tfidf__network involved,0.013563760518821936
terms_abstract_tfidf__networks,-0.08174488543768103
terms_abstract_tfidf__networks involved,0.01543843017309096
terms_abstract_tfidf__neuro,-0.0713810744151448
terms_abstract_tfidf__neuroanatomical,0.09073613876952943
terms_abstract_tfidf__neuroanatomy,0.04121494144960216
terms_abstract_tfidf__neurobiological,-0.036444782894107845
terms_abstract_tfidf__neurobiology,-0.07321964750680779
terms_abstract_tfidf__neurocognitive,-0.05320784772068283
terms_abstract_tfidf__neurodegenerative,0.08849088746874448
terms_abstract_tfidf__neurodevelopmental,-0.029728683492090627
terms_abstract_tfidf__neurofunctional,-0.03183304832178014
terms_abstract_tfidf__neurological,0.030656377763760845
terms_abstract_tfidf__neuron,0.032519419696609306
terms_abstract_tfidf__neuronal,0.021318350620018616
terms_abstract_tfidf__neurons,0.04088156989803878
terms_abstract_tfidf__neurophysiological,0.05562856966822698
terms_abstract_tfidf__neuropsychiatric,-0.02064838091066107
terms_abstract_tfidf__neuropsychological,0.027377275434057515
terms_abstract_tfidf__neuroscience,-0.027576407365007573
terms_abstract_tfidf__neutral,-0.04187382928174788
terms_abstract_tfidf__neutral faces,-0.018461038539650438
terms_abstract_tfidf__neutral pictures,-0.013672311483214886
terms_abstract_tfidf__neutral stimuli,-0.007277551161823935
terms_abstract_tfidf__new,-0.08096783918364445
terms_abstract_tfidf__new insights,-0.00020137679398707966
terms_abstract_tfidf__newly,-0.06372893161676094
terms_abstract_tfidf__nineteen,-0.01275604350221103
terms_abstract_tfidf__nociceptive,0.1009026860702462
terms_abstract_tfidf__node,-0.055309535609397005
terms_abstract_tfidf__nodes,-0.043646428625988186
terms_abstract_tfidf__nogo,-0.016218186668835097
terms_abstract_tfidf__noise,0.059690869878694056
terms_abstract_tfidf__non,0.04158885893314916
terms_abstract_tfidf__normal,0.03838656260753294
terms_abstract_tfidf__normal controls,-0.02311105297142265
terms_abstract_tfidf__normalized,-0.0441201639695064
terms_abstract_tfidf__normally,0.010960584781617681
terms_abstract_tfidf__notably,-0.010845214848155317
terms_abstract_tfidf__noted,-0.02164203815483676
terms_abstract_tfidf__notion,0.016478245423901874
terms_abstract_tfidf__nouns,0.05952004301503798
terms_abstract_tfidf__novel,-0.05377793477357455
terms_abstract_tfidf__novelty,-0.038768268607209874
terms_abstract_tfidf__noxious,0.07698648488906422
terms_abstract_tfidf__nuclei,-0.04147526968241565
terms_abstract_tfidf__nucleus,-0.11496988666265939
terms_abstract_tfidf__nucleus accumbens,-0.12053137562345631
terms_abstract_tfidf__number,-0.047046240306784164
terms_abstract_tfidf__numbers,0.01587141410473011
terms_abstract_tfidf__numerical,0.012827362012954759
terms_abstract_tfidf__numerous,-0.015596657082180235
terms_abstract_tfidf__object,-0.015070215863782462
terms_abstract_tfidf__object recognition,-0.003843307488204653
terms_abstract_tfidf__objective,0.05161564036416244
terms_abstract_tfidf__objectives,-0.02895339879785304
terms_abstract_tfidf__objects,-0.02265233851303514
terms_abstract_tfidf__observation,0.03728515184326811
terms_abstract_tfidf__observations,-0.028320306811974963
terms_abstract_tfidf__observer,-0.024800251549587943
terms_abstract_tfidf__observers,-0.019294730517518306
terms_abstract_tfidf__observing,0.04247139620830356
terms_abstract_tfidf__obsessive,-0.030391517195694846
terms_abstract_tfidf__obsessive compulsive,-0.02328956334066867
terms_abstract_tfidf__obtain,-0.06334866237942267
terms_abstract_tfidf__obtained,-0.003454511860369275
terms_abstract_tfidf__occipital,-0.06514749478404594
terms_abstract_tfidf__occipital cortex,-0.0648118720606782
terms_abstract_tfidf__occipital gyrus,-0.03348639957796766
terms_abstract_tfidf__occipital lobe,-0.04698080633533505
terms_abstract_tfidf__occipital parietal,-0.021456820209304735
terms_abstract_tfidf__occipital temporal,-0.050185452755259104
terms_abstract_tfidf__occipito,-0.03053149020807762
terms_abstract_tfidf__occipito temporal,-0.028676286821440636
terms_abstract_tfidf__occipitotemporal,-0.016427853020880564
terms_abstract_tfidf__occipitotemporal cortex,-0.018776005321698996
terms_abstract_tfidf__occur,0.006073075053491994
terms_abstract_tfidf__occurred,-0.009970355739952119
terms_abstract_tfidf__occurrence,-0.005242497649376845
terms_abstract_tfidf__occurring,0.024261726303583378
terms_abstract_tfidf__occurs,0.06176675706443493
terms_abstract_tfidf__ocd,-0.00386192737671289
terms_abstract_tfidf__oddball,0.0626596369447177
terms_abstract_tfidf__ofc,-0.03387741996608044
terms_abstract_tfidf__offer,-0.012274250814494464
terms_abstract_tfidf__offers,0.026274527713039172
terms_abstract_tfidf__old,-0.12089636677486061
terms_abstract_tfidf__older,-0.06826963365261181
terms_abstract_tfidf__older adults,-0.04451411681232714
terms_abstract_tfidf__olfactory,0.03377647848421823
terms_abstract_tfidf__ones,-0.030147079593286708
terms_abstract_tfidf__ongoing,0.010249753717691365
terms_abstract_tfidf__online,-0.007575436283337801
terms_abstract_tfidf__onset,0.06717327998430013
terms_abstract_tfidf__open,-0.026323651545231704
terms_abstract_tfidf__operation,0.016118585002977196
terms_abstract_tfidf__operations,-0.01957392280701404
terms_abstract_tfidf__opercular,0.10618339134273021
terms_abstract_tfidf__opercularis,0.1286088533562212
terms_abstract_tfidf__operculum,0.16010979560104288
terms_abstract_tfidf__opportunity,-0.027200706150589376
terms_abstract_tfidf__opposed,0.014320847269224075
terms_abstract_tfidf__opposite,-0.11070830288310594
terms_abstract_tfidf__optimal,-0.033849537242972016
terms_abstract_tfidf__optimized,0.06475419604002297
terms_abstract_tfidf__options,-0.1112487553819594
terms_abstract_tfidf__oral,0.07205153712307692
terms_abstract_tfidf__orbital,-0.01813017106661878
terms_abstract_tfidf__orbitofrontal,-0.02315231599333075
terms_abstract_tfidf__orbitofrontal cortex,-0.030110504690729987
terms_abstract_tfidf__order,0.08720963005713109
terms_abstract_tfidf__organization,0.09182458431666225
terms_abstract_tfidf__organized,0.04843346453729797
terms_abstract_tfidf__orientation,-0.06999436871513992
terms_abstract_tfidf__oriented,-0.05367620974076403
terms_abstract_tfidf__orienting,0.02352255004199082
terms_abstract_tfidf__origin,0.0006101903685426904
terms_abstract_tfidf__original,-0.03777983218806
terms_abstract_tfidf__orthographic,0.03200313915576585
terms_abstract_tfidf__oscillations,-0.04924221968974721
terms_abstract_tfidf__outcome,-0.14130134297327698
terms_abstract_tfidf__outcomes,-0.15025899086172134
terms_abstract_tfidf__output,0.09390712158650659
terms_abstract_tfidf__outside,0.0008665104390690496
terms_abstract_tfidf__outside scanner,-0.030484680494388454
terms_abstract_tfidf__overall,-0.07026257014837131
terms_abstract_tfidf__overcome,-0.015241828702657018
terms_abstract_tfidf__overlap,-0.07625991788348967
terms_abstract_tfidf__overlapped,0.008578652463364908
terms_abstract_tfidf__overlapping,0.017110559018690904
terms_abstract_tfidf__overt,0.08167560216129913
terms_abstract_tfidf__oxygen,-0.01559135826093231
terms_abstract_tfidf__oxygen level,-0.011376694889077523
terms_abstract_tfidf__oxygenation,0.0056215238729829115
terms_abstract_tfidf__oxygenation level,-0.0018592133955039642
terms_abstract_tfidf__paced,0.0418606741504036
terms_abstract_tfidf__pain,0.06550874652053698
terms_abstract_tfidf__painful,0.11912009143838591
terms_abstract_tfidf__pair,0.0321457220764913
terms_abstract_tfidf__paired,0.001539476918070435
terms_abstract_tfidf__pairs,0.004459338777520103
terms_abstract_tfidf__pallidus,-0.01244387478296814
terms_abstract_tfidf__paper,-0.0003660050901734015
terms_abstract_tfidf__paradigm,-0.04945464132509288
terms_abstract_tfidf__paradigms,0.0012779403986906946
terms_abstract_tfidf__parahippocampal,-0.11832008381586262
terms_abstract_tfidf__parahippocampal cortex,-0.08477553751784431
terms_abstract_tfidf__parahippocampal gyrus,-0.11612299004214267
terms_abstract_tfidf__parahippocampus,-0.05533261072000177
terms_abstract_tfidf__paralimbic,0.03143066169587247
terms_abstract_tfidf__parallel,-0.009950820069520524
terms_abstract_tfidf__parameter,-0.04966697620041741
terms_abstract_tfidf__parameters,0.0321722262166202
terms_abstract_tfidf__parametric,0.028413907176766593
terms_abstract_tfidf__parametric mapping,0.09391157007421749
terms_abstract_tfidf__parametrically,0.03124944307556446
terms_abstract_tfidf__parietal,0.025454025359689263
terms_abstract_tfidf__parietal cortex,0.007799989510478869
terms_abstract_tfidf__parietal cortices,-0.012150884193675129
terms_abstract_tfidf__parietal frontal,-0.0005666234097238737
terms_abstract_tfidf__parietal junction,0.028575528305555424
terms_abstract_tfidf__parietal lobe,0.030884101735997004
terms_abstract_tfidf__parietal lobes,0.013722241266434293
terms_abstract_tfidf__parietal lobule,0.04114959157455695
terms_abstract_tfidf__parietal lobules,-0.020235662077901572
terms_abstract_tfidf__parietal network,-0.019759811590283755
terms_abstract_tfidf__parietal occipital,-0.0812743628167381
terms_abstract_tfidf__parietal temporal,0.042981767988030085
terms_abstract_tfidf__parieto,-0.0026883697422312794
terms_abstract_tfidf__parieto occipital,-0.04367980339932264
terms_abstract_tfidf__parkinson,-0.01909438721384286
terms_abstract_tfidf__parkinson disease,-0.01710776214406013
terms_abstract_tfidf__pars,0.14973398346615
terms_abstract_tfidf__pars opercularis,0.12803965186563862
terms_abstract_tfidf__partial,-0.036136105236447696
terms_abstract_tfidf__partially,0.048559905592739594
terms_abstract_tfidf__participant,-0.03718337101467663
terms_abstract_tfidf__participate,0.02349306316313471
terms_abstract_tfidf__participated,0.000717315944153406
terms_abstract_tfidf__particular,0.02366440899902397
terms_abstract_tfidf__particularly,-0.025678071214228305
terms_abstract_tfidf__partly,0.0007309028060142191
terms_abstract_tfidf__partner,-0.09274699320809039
terms_abstract_tfidf__parts,0.03668740252038679
terms_abstract_tfidf__passive,0.10082792798120602
terms_abstract_tfidf__passive viewing,-0.004312428816596028
terms_abstract_tfidf__passively,0.0407814709787524
terms_abstract_tfidf__past,-0.10293202768377743
terms_abstract_tfidf__pathological,-0.01946413767245248
terms_abstract_tfidf__pathology,-0.009442330212679574
terms_abstract_tfidf__pathophysiological,0.04153688377966771
terms_abstract_tfidf__pathophysiology,-0.02130926962696812
terms_abstract_tfidf__pathway,-0.000937295350481628
terms_abstract_tfidf__pathways,0.021656284952740797
terms_abstract_tfidf__patient,0.11334064831496053
terms_abstract_tfidf__patient group,0.08730581677387478
terms_abstract_tfidf__patient groups,0.053074178803531144
terms_abstract_tfidf__pattern,-0.01102287088121527
terms_abstract_tfidf__patterns,-0.035744322781231554
terms_abstract_tfidf__pcc,-0.18756497653222773
terms_abstract_tfidf__pd,-0.013030093466529122
terms_abstract_tfidf__peak,0.11345065845831091
terms_abstract_tfidf__people,-0.035873597662000954
terms_abstract_tfidf__perceive,0.06700316242934828
terms_abstract_tfidf__perceived,0.054813800599459776
terms_abstract_tfidf__perceiving,0.008830410132403923
terms_abstract_tfidf__percept,0.03281937763053157
terms_abstract_tfidf__perception,0.09391487010416563
terms_abstract_tfidf__perceptual,-0.00015072023982598136
terms_abstract_tfidf__perform,0.022427986843269666
terms_abstract_tfidf__performance,-0.038020594913224334
terms_abstract_tfidf__performance task,-0.024853284413902395
terms_abstract_tfidf__performances,-0.024731193934045922
terms_abstract_tfidf__performing,0.028806601636874287
terms_abstract_tfidf__perfusion,-0.023947762540031028
terms_abstract_tfidf__periaqueductal,-0.026954095155116927
terms_abstract_tfidf__period,-0.061510138283662454
terms_abstract_tfidf__periodicals,-0.04675421998913542
terms_abstract_tfidf__periods,-0.035125614738130806
terms_abstract_tfidf__peripheral,0.026427341730650797
terms_abstract_tfidf__persistent,-0.009991765729539913
terms_abstract_tfidf__person,-0.051455873784436175
terms_abstract_tfidf__personal,-0.10713608949039431
terms_abstract_tfidf__personality,-0.018536553167170136
terms_abstract_tfidf__personality traits,-0.040382833955310636
terms_abstract_tfidf__persons,0.006580582287042051
terms_abstract_tfidf__perspective,0.0246971874279371
terms_abstract_tfidf__pet,0.10643074412377543
terms_abstract_tfidf__pfc,-0.005785153852014838
terms_abstract_tfidf__pharmacological,-0.02147032702621609
terms_abstract_tfidf__phase,-0.058216137631684435
terms_abstract_tfidf__phases,-0.030112747312131604
terms_abstract_tfidf__phenomena,-0.019614192738726294
terms_abstract_tfidf__phenomenon,0.02654600387942618
terms_abstract_tfidf__phenotype,-0.06771762340141664
terms_abstract_tfidf__phonological,0.12175135645846188
terms_abstract_tfidf__photographs,-0.06701485872642485
terms_abstract_tfidf__physical,0.06086837399759516
terms_abstract_tfidf__physiological,-0.003697565012529248
terms_abstract_tfidf__picture,-0.018985211386872803
terms_abstract_tfidf__pictures,-0.07148186101545229
terms_abstract_tfidf__pitch,0.1704290556952861
terms_abstract_tfidf__place,-0.05124565785775417
terms_abstract_tfidf__placebo,-0.015319524155562397
terms_abstract_tfidf__placebo controlled,-0.005626727901086193
terms_abstract_tfidf__planning,0.03383058210023867
terms_abstract_tfidf__planum,0.13755657177463607
terms_abstract_tfidf__planum temporale,0.13772844733239542
terms_abstract_tfidf__plasticity,0.09877039168271885
terms_abstract_tfidf__play,-0.06699420172936746
terms_abstract_tfidf__play important,0.026631404336217777
terms_abstract_tfidf__play role,-0.03997906289817543
terms_abstract_tfidf__played,-0.019929404210044667
terms_abstract_tfidf__playing,0.024318764696917797
terms_abstract_tfidf__plays,-0.025808580031311052
terms_abstract_tfidf__plays important,-0.02824504282032489
terms_abstract_tfidf__plays role,-0.040276305978359385
terms_abstract_tfidf__pleasant,-0.007300000339216639
terms_abstract_tfidf__point,-0.009899939098233574
terms_abstract_tfidf__pointing,-0.007233602154769819
terms_abstract_tfidf__points,-0.0670584605102271
terms_abstract_tfidf__pole,0.1127998569390353
terms_abstract_tfidf__polymorphism,-0.08553181256131773
terms_abstract_tfidf__poor,0.020900830302143132
terms_abstract_tfidf__poorer,-0.04593654932437225
terms_abstract_tfidf__poorly,-0.018418630876002016
terms_abstract_tfidf__poorly understood,-0.03953881890956266
terms_abstract_tfidf__population,0.017445164274599446
terms_abstract_tfidf__populations,-0.05487203693539498
terms_abstract_tfidf__portion,0.03668620008986317
terms_abstract_tfidf__portions,0.03087366888801372
terms_abstract_tfidf__position,-0.023920018893158465
terms_abstract_tfidf__positive,-0.11260251978894324
terms_abstract_tfidf__positive correlation,0.010859491731248491
terms_abstract_tfidf__positive correlations,-0.00500824305573054
terms_abstract_tfidf__positive negative,-0.09586615690510414
terms_abstract_tfidf__positively,-0.12314697692199113
terms_abstract_tfidf__positively correlated,-0.11053140537664669
terms_abstract_tfidf__positron,0.05162238050961826
terms_abstract_tfidf__positron emission,0.0516825540003427
terms_abstract_tfidf__possibility,-0.04499356521670692
terms_abstract_tfidf__possible,0.07337794741756906
terms_abstract_tfidf__possibly,-0.01759970172929931
terms_abstract_tfidf__post,-0.01890895681075986
terms_abstract_tfidf__post hoc,0.016270322944687107
terms_abstract_tfidf__postcentral,0.09255035769095206
terms_abstract_tfidf__postcentral gyrus,0.07872354530310574
terms_abstract_tfidf__posterior,-0.04607952695274559
terms_abstract_tfidf__posterior anterior,-0.02844811556980488
terms_abstract_tfidf__posterior cingulate,-0.15280461328937198
terms_abstract_tfidf__posterior inferior,0.022571436248061242
terms_abstract_tfidf__posterior insula,0.09603503302921941
terms_abstract_tfidf__posterior middle,0.07219431472108584
terms_abstract_tfidf__posterior parietal,-0.00974324254705669
terms_abstract_tfidf__posterior superior,0.1216456044596156
terms_abstract_tfidf__posterior temporal,0.1502766480992803
terms_abstract_tfidf__posttraumatic,-0.030828752500180155
terms_abstract_tfidf__potential,-0.051670518146343124
terms_abstract_tfidf__potentially,-0.041371906469314275
terms_abstract_tfidf__potentials,0.09216949075801248
terms_abstract_tfidf__power,-0.05713244249279247
terms_abstract_tfidf__powerful,-0.024193678026425063
terms_abstract_tfidf__ppc,0.0028270442568565173
terms_abstract_tfidf__ppi,0.03461604377814273
terms_abstract_tfidf__practice,0.04152761427154764
terms_abstract_tfidf__pre,0.025078138183311123
terms_abstract_tfidf__pre post,-0.016870410026998996
terms_abstract_tfidf__pre sma,0.043986455052229145
terms_abstract_tfidf__pre supplementary,0.06730632646012775
terms_abstract_tfidf__preceded,-0.022099662919551108
terms_abstract_tfidf__preceding,-0.010676846353887704
terms_abstract_tfidf__precentral,0.11882696249091419
terms_abstract_tfidf__precentral gyrus,0.08906126722676609
terms_abstract_tfidf__precise,0.03352019954729645
terms_abstract_tfidf__precuneus,-0.1383534737680031
terms_abstract_tfidf__precuneus posterior,-0.15023933686788668
terms_abstract_tfidf__predict,0.006419080568082332
terms_abstract_tfidf__predicted,-0.06411379579866595
terms_abstract_tfidf__predicting,-0.15644457822221758
terms_abstract_tfidf__prediction,-0.080733989868464
terms_abstract_tfidf__prediction error,-0.084841102370868
terms_abstract_tfidf__predictions,0.04180404708781474
terms_abstract_tfidf__predictive,-0.0004937393357502069
terms_abstract_tfidf__predictors,-0.044723705886388423
terms_abstract_tfidf__predicts,-0.06921956762047689
terms_abstract_tfidf__predominantly,0.11938003986950858
terms_abstract_tfidf__preference,-0.10786412781848535
terms_abstract_tfidf__preferences,-0.141206690008036
terms_abstract_tfidf__preferential,0.031247408577119683
terms_abstract_tfidf__preferentially,-0.024808466650364194
terms_abstract_tfidf__prefrontal,-0.07969296485684822
terms_abstract_tfidf__prefrontal cortex,-0.08588080609063163
terms_abstract_tfidf__prefrontal cortical,-0.041163709569752224
terms_abstract_tfidf__prefrontal cortices,-0.004244097136013344
terms_abstract_tfidf__prefrontal parietal,0.018836227247440007
terms_abstract_tfidf__preliminary,-0.04931505856746585
terms_abstract_tfidf__premotor,0.09274154433111012
terms_abstract_tfidf__premotor cortex,0.10448508637225404
terms_abstract_tfidf__preparation,-0.005215136767099902
terms_abstract_tfidf__preparatory,-0.0237948927125597
terms_abstract_tfidf__presence,-0.05076217410260939
terms_abstract_tfidf__presentation,-0.03986610636211172
terms_abstract_tfidf__presentations,-0.041168681510712624
terms_abstract_tfidf__presented,0.03034325145741349
terms_abstract_tfidf__presenting,-0.005769406797496402
terms_abstract_tfidf__preserved,-0.019019109799946414
terms_abstract_tfidf__press,-0.023425160809623993
terms_abstract_tfidf__pressure,0.08953195625286882
terms_abstract_tfidf__presumably,0.03584208110271598
terms_abstract_tfidf__previous,0.014635072421467412
terms_abstract_tfidf__previous functional,-0.012439832383504738
terms_abstract_tfidf__previous reports,0.07906137248900304
terms_abstract_tfidf__previous research,-0.054878577044968506
terms_abstract_tfidf__previous shown,-0.1047767961238932
terms_abstract_tfidf__previous work,-0.02345534329878935
terms_abstract_tfidf__primarily,-0.021083133248770456
terms_abstract_tfidf__primary,0.12088752666386722
terms_abstract_tfidf__primary auditory,0.1272415414660398
terms_abstract_tfidf__primary motor,0.09637962668630529
terms_abstract_tfidf__primary secondary,0.11088687255608987
terms_abstract_tfidf__primary sensorimotor,0.05789332129207812
terms_abstract_tfidf__primary somatosensory,0.11549467253862948
terms_abstract_tfidf__primary visual,-0.07504277095129715
terms_abstract_tfidf__primates,-0.00435748383030827
terms_abstract_tfidf__prime,0.038255778134132924
terms_abstract_tfidf__priming,0.024272854668144047
terms_abstract_tfidf__principal,-0.04305243350594325
terms_abstract_tfidf__principle,0.04726764202081626
terms_abstract_tfidf__prior,-0.049243289303905154
terms_abstract_tfidf__priori,-0.014452298139614819
terms_abstract_tfidf__probabilistic,-0.06034936497104969
terms_abstract_tfidf__probability,-0.026166901527908484
terms_abstract_tfidf__probably,0.00725664580625721
terms_abstract_tfidf__probe,-0.02791769486928043
terms_abstract_tfidf__problem,-0.025724150256641206
terms_abstract_tfidf__problems,-0.041474976774499774
terms_abstract_tfidf__procedure,0.06046981249332423
terms_abstract_tfidf__procedures,-0.01807643794677166
terms_abstract_tfidf__process,-0.046437092275739514
terms_abstract_tfidf__processed,0.03290541037748287
terms_abstract_tfidf__processes,-0.04983303894699296
terms_abstract_tfidf__processes involved,0.026810310603535847
terms_abstract_tfidf__processes underlying,-0.055744101980756654
terms_abstract_tfidf__produce,0.0781332365395314
terms_abstract_tfidf__produced,0.09195424041486763
terms_abstract_tfidf__producing,0.036130149535375786
terms_abstract_tfidf__production,0.1259415808946084
terms_abstract_tfidf__profile,0.042798592095680495
terms_abstract_tfidf__profiles,0.07128124948580054
terms_abstract_tfidf__progression,-0.019324084630778966
terms_abstract_tfidf__progressive,0.07435011812173142
terms_abstract_tfidf__prolonged,0.012036502028912115
terms_abstract_tfidf__prominent,0.056733177621594987
terms_abstract_tfidf__promising,0.015255232209541227
terms_abstract_tfidf__pronounced,-0.001779665700693265
terms_abstract_tfidf__proper,0.03755128220641399
terms_abstract_tfidf__properties,0.03393106816929639
terms_abstract_tfidf__proportion,-0.05446600730737682
terms_abstract_tfidf__propose,0.008663797314774246
terms_abstract_tfidf__proposed,-0.022935009190499785
terms_abstract_tfidf__prospective,-0.06087849337003007
terms_abstract_tfidf__protocol,0.002883207282268792
terms_abstract_tfidf__provide,-0.09520958781464209
terms_abstract_tfidf__provide evidence,-0.07108790434765101
terms_abstract_tfidf__provide new,-0.03121523723846866
terms_abstract_tfidf__provide novel,-0.04978362960224305
terms_abstract_tfidf__provided,-0.07664772877831315
terms_abstract_tfidf__provides,0.007596499199534971
terms_abstract_tfidf__provides evidence,-0.018550113854170956
terms_abstract_tfidf__providing,0.05840664194930893
terms_abstract_tfidf__pseudowords,0.07887043606215441
terms_abstract_tfidf__psts,0.0737449615759408
terms_abstract_tfidf__psychiatric,-0.06802981242628929
terms_abstract_tfidf__psychiatric disorders,-0.0791532531596218
terms_abstract_tfidf__psychological,-0.02976067127869684
terms_abstract_tfidf__psychopathology,-0.019180567217576508
terms_abstract_tfidf__psychophysical,0.03991268792211426
terms_abstract_tfidf__psychophysiological,0.010962169024985417
terms_abstract_tfidf__psychophysiological interaction,-0.0037348128290000254
terms_abstract_tfidf__psychosis,-0.009778952423554189
terms_abstract_tfidf__psychotic,-0.01753691647753642
terms_abstract_tfidf__ptsd,-0.020319576188759063
terms_abstract_tfidf__published,-0.07053613344703659
terms_abstract_tfidf__punishment,-0.09930270942563962
terms_abstract_tfidf__pure,0.0645994084016031
terms_abstract_tfidf__purpose,0.015619475926485741
terms_abstract_tfidf__putamen,-0.017342218705438027
terms_abstract_tfidf__putative,-0.07882340241418921
terms_abstract_tfidf__quality,0.025029980989971102
terms_abstract_tfidf__quantified,-0.009623731354977459
terms_abstract_tfidf__quantify,0.021765419659509868
terms_abstract_tfidf__quantitative,-0.004009774648775381
terms_abstract_tfidf__question,0.0532257647728195
terms_abstract_tfidf__questionnaire,0.017788191232149888
terms_abstract_tfidf__questions,-0.036381785797333255
terms_abstract_tfidf__random,-0.052324309298471386
terms_abstract_tfidf__random effects,0.0007040375076990015
terms_abstract_tfidf__randomized,0.020746536542344027
terms_abstract_tfidf__randomly,-0.00926022536004985
terms_abstract_tfidf__range,0.04233501712280082
terms_abstract_tfidf__ranging,0.04905783894668059
terms_abstract_tfidf__rapid,-0.044124950314144186
terms_abstract_tfidf__rapidly,0.03521166980390485
terms_abstract_tfidf__rare,0.04375546912941019
terms_abstract_tfidf__rarely,-0.0648309778628326
terms_abstract_tfidf__rate,0.005476816795879644
terms_abstract_tfidf__rated,-0.04578031524488305
terms_abstract_tfidf__rates,-0.006506234529509769
terms_abstract_tfidf__rating,-0.0036925562601862107
terms_abstract_tfidf__ratings,-0.00561373264907948
terms_abstract_tfidf__ratio,0.030546046199317466
terms_abstract_tfidf__rationale,-0.008808041977095967
terms_abstract_tfidf__reach,0.027239804148967543
terms_abstract_tfidf__reaching,0.014054430838391224
terms_abstract_tfidf__reaction,-0.03195180386671902
terms_abstract_tfidf__reaction time,-0.07181073842579959
terms_abstract_tfidf__reaction times,0.028468813167928975
terms_abstract_tfidf__reactions,0.01407778783760748
terms_abstract_tfidf__reactivity,-0.05491860396544227
terms_abstract_tfidf__read,0.09123097743526666
terms_abstract_tfidf__readers,0.06575247027590299
terms_abstract_tfidf__reading,0.09508667603803707
terms_abstract_tfidf__real,-0.02468192141990915
terms_abstract_tfidf__real time,0.011910872572761943
terms_abstract_tfidf__real world,-0.1001813622698233
terms_abstract_tfidf__reality,-0.06750794991593964
terms_abstract_tfidf__reappraisal,0.058869231996378564
terms_abstract_tfidf__reasoning,-0.006926089869324693
terms_abstract_tfidf__recall,-0.0860896702316581
terms_abstract_tfidf__receive,-0.00916985894548443
terms_abstract_tfidf__received,-0.06328774588465465
terms_abstract_tfidf__receiving,0.006841547987286983
terms_abstract_tfidf__recently,-0.013924387974410415
terms_abstract_tfidf__receptor,-0.049028990798591486
terms_abstract_tfidf__recognition,-0.02514609086074808
terms_abstract_tfidf__recognition memory,-0.10559052639979973
terms_abstract_tfidf__recognition task,-0.028989956181554963
terms_abstract_tfidf__recognize,0.02179147463567425
terms_abstract_tfidf__recognized,-0.03792867952876632
terms_abstract_tfidf__recognizing,0.06254968503542764
terms_abstract_tfidf__recollection,-0.10348574276939022
terms_abstract_tfidf__recorded,0.09220166215575436
terms_abstract_tfidf__recording,0.011708410375623013
terms_abstract_tfidf__recordings,0.011215598234846315
terms_abstract_tfidf__recovery,0.08336241507837602
terms_abstract_tfidf__recruit,0.07259912687423893
terms_abstract_tfidf__recruited,0.016478767427820874
terms_abstract_tfidf__recruitment,-0.000903821363784001
terms_abstract_tfidf__recruits,0.04376161870968213
terms_abstract_tfidf__reduce,0.005765237376563075
terms_abstract_tfidf__reduces,-0.01046863363033504
terms_abstract_tfidf__reducing,-0.04745514012274554
terms_abstract_tfidf__reduction,-0.03986520878059396
terms_abstract_tfidf__reductions,-0.008369772712669166
terms_abstract_tfidf__reference,-0.06432677869703353
terms_abstract_tfidf__referential,-0.11172075712705093
terms_abstract_tfidf__referred,0.05268182241593863
terms_abstract_tfidf__refers,-0.020192294100718225
terms_abstract_tfidf__reflect,0.003544656923090202
terms_abstract_tfidf__reflected,-0.06328628004625987
terms_abstract_tfidf__reflecting,-0.05793696768418448
terms_abstract_tfidf__reflects,0.01606585101292145
terms_abstract_tfidf__regard,-0.006652023253138694
terms_abstract_tfidf__regarding,0.026670486485286794
terms_abstract_tfidf__regardless,-0.009429876084091996
terms_abstract_tfidf__regional,0.0082618209853291
terms_abstract_tfidf__regional cerebral,0.04595051712162036
terms_abstract_tfidf__regional gray,0.07005881076890576
terms_abstract_tfidf__regional homogeneity,-0.03903696152464908
terms_abstract_tfidf__regular,0.06569044608427062
terms_abstract_tfidf__regulate,0.008813106739055268
terms_abstract_tfidf__regulating,-0.03643853442481397
terms_abstract_tfidf__regulation,0.001261809175752943
terms_abstract_tfidf__regulatory,-0.006636271193310825
terms_abstract_tfidf__rehabilitation,0.03885850703084329
terms_abstract_tfidf__rehearsal,0.050487244106816244
terms_abstract_tfidf__reho,-0.03719290076263724
terms_abstract_tfidf__reinforcement,-0.14953127676765995
terms_abstract_tfidf__reinforcement learning,-0.1461329467154118
terms_abstract_tfidf__relate,0.005535465397681981
terms_abstract_tfidf__relates,0.023974020168216096
terms_abstract_tfidf__relation,-0.015386914242688227
terms_abstract_tfidf__relational,-0.037959204536667526
terms_abstract_tfidf__relations,-0.030118338762824
terms_abstract_tfidf__relationship,-0.02049244129989519
terms_abstract_tfidf__relationships,0.0036936821007014864
terms_abstract_tfidf__relatively,-0.05840898133247157
terms_abstract_tfidf__relevance,-0.10953143134345135
terms_abstract_tfidf__relevant,0.01619693088384452
terms_abstract_tfidf__relevant information,-0.004231246998949763
terms_abstract_tfidf__reliability,0.02933522872467044
terms_abstract_tfidf__reliable,0.049198252142271394
terms_abstract_tfidf__reliably,-0.009354400280612761
terms_abstract_tfidf__reliance,0.009325143373991754
terms_abstract_tfidf__relied,-0.028052154885583297
terms_abstract_tfidf__relies,0.05424068462501923
terms_abstract_tfidf__rely,-0.019220137242315725
terms_abstract_tfidf__remain,-0.047536763706023985
terms_abstract_tfidf__remain unclear,0.010290011512188117
terms_abstract_tfidf__remained,-0.044384104997696565
terms_abstract_tfidf__remaining,0.1123371337839788
terms_abstract_tfidf__remarkably,0.034755288847117795
terms_abstract_tfidf__remember,-0.05578873532002251
terms_abstract_tfidf__remembered,-0.1352861851167021
terms_abstract_tfidf__remembering,-0.1498023465580496
terms_abstract_tfidf__remote,0.06856283482532496
terms_abstract_tfidf__reorganization,0.07160961610322375
terms_abstract_tfidf__repeat,-0.09126638752653149
terms_abstract_tfidf__repeated,-0.0039687325955773
terms_abstract_tfidf__repeatedly,0.022649293776132604
terms_abstract_tfidf__repetition,0.025567638849574574
terms_abstract_tfidf__repetition suppression,-0.03021462649375109
terms_abstract_tfidf__repetitive,0.10424763223613188
terms_abstract_tfidf__replicate,0.006105454925087928
terms_abstract_tfidf__replicated,0.05429524882895421
terms_abstract_tfidf__report,-0.02205793238605177
terms_abstract_tfidf__reported,-0.031977494517320716
terms_abstract_tfidf__reports,0.03420130299726465
terms_abstract_tfidf__represent,0.015426912894163331
terms_abstract_tfidf__representation,0.04608376999986876
terms_abstract_tfidf__representational,-0.00621850818417183
terms_abstract_tfidf__representations,0.0620372184821287
terms_abstract_tfidf__represented,0.04880159147748267
terms_abstract_tfidf__representing,0.0013209377350811727
terms_abstract_tfidf__represents,0.012973429635759082
terms_abstract_tfidf__require,0.012762485253134299
terms_abstract_tfidf__required,0.016461485279120034
terms_abstract_tfidf__requirements,-0.023740403218069615
terms_abstract_tfidf__requires,-0.006543856080619882
terms_abstract_tfidf__requiring,-0.04611767551202416
terms_abstract_tfidf__research,-0.08217155522599136
terms_abstract_tfidf__research suggests,-0.06125698128384967
terms_abstract_tfidf__researchers,-0.057434508062575496
terms_abstract_tfidf__residual,-0.0579112092549408
terms_abstract_tfidf__resolution,0.07358648308060556
terms_abstract_tfidf__resolve,0.018791540054406433
terms_abstract_tfidf__resonance,0.008152418879062045
terms_abstract_tfidf__resonance experiment,0.054788535400492486
terms_abstract_tfidf__resonance healthy,-0.00024420831067061395
terms_abstract_tfidf__resonance images,0.016998248865357377
terms_abstract_tfidf__resonance measure,-0.04485762729851061
terms_abstract_tfidf__resonance performing,-0.046383796522159196
terms_abstract_tfidf__resonance rs,-0.061938278776502535
terms_abstract_tfidf__resonance scans,0.04751834802917898
terms_abstract_tfidf__resources,-0.008795536417853897
terms_abstract_tfidf__respect,-0.001526850778476215
terms_abstract_tfidf__respective,-0.029542393952339874
terms_abstract_tfidf__respectively,-0.02843985925354714
terms_abstract_tfidf__respond,0.0068492984641889895
terms_abstract_tfidf__responded,-0.00462599202430445
terms_abstract_tfidf__responding,-0.009145573244545388
terms_abstract_tfidf__responds,0.06422112943667914
terms_abstract_tfidf__response,-0.05708151971531762
terms_abstract_tfidf__response inhibition,0.012312117281360549
terms_abstract_tfidf__response selection,0.04467919906014316
terms_abstract_tfidf__response time,-0.035464238748700715
terms_abstract_tfidf__response times,0.020873894624458184
terms_abstract_tfidf__responses,-0.03928461590335444
terms_abstract_tfidf__responsible,0.07209566374886249
terms_abstract_tfidf__responsive,0.003539354751143423
terms_abstract_tfidf__responsiveness,-0.06400048916726038
terms_abstract_tfidf__rest,-0.08594474040969184
terms_abstract_tfidf__resting,-0.08460257628907458
terms_abstract_tfidf__resting state,-0.08472277302783579
terms_abstract_tfidf__restricted,-0.001952749675424662
terms_abstract_tfidf__result,0.01505389570647077
terms_abstract_tfidf__resulted,0.04533867803985488
terms_abstract_tfidf__resulting,-0.05929325643211906
terms_abstract_tfidf__retention,-0.0415041546171282
terms_abstract_tfidf__retrieval,-0.10873403146571635
terms_abstract_tfidf__retrieved,-0.07797667493726115
terms_abstract_tfidf__retrosplenial,-0.19569985552162822
terms_abstract_tfidf__retrosplenial cortex,-0.19033849179451723
terms_abstract_tfidf__reveal,-0.05330047476077013
terms_abstract_tfidf__revealing,0.05974000677848183
terms_abstract_tfidf__reveals,0.04369922063880329
terms_abstract_tfidf__reversal,-0.06519982838537378
terms_abstract_tfidf__reverse,-0.017568228854566575
terms_abstract_tfidf__reversed,-0.026073814849112788
terms_abstract_tfidf__reward,-0.15446176185854313
terms_abstract_tfidf__reward anticipation,-0.1497210467909515
terms_abstract_tfidf__rewarding,-0.1568239664776733
terms_abstract_tfidf__rewards,-0.16503356387701393
terms_abstract_tfidf__rhythm,0.07219575692461644
terms_abstract_tfidf__rich,-0.03529040255576283
terms_abstract_tfidf__rise,0.03608134232699672
terms_abstract_tfidf__risk,-0.09767276602757376
terms_abstract_tfidf__risk taking,-0.1182206287665213
terms_abstract_tfidf__risky,-0.10077063257896203
terms_abstract_tfidf__robust,-0.060866175287130696
terms_abstract_tfidf__roi,0.022562233725436205
terms_abstract_tfidf__rois,0.021804354607058662
terms_abstract_tfidf__role,-0.050041952543013996
terms_abstract_tfidf__roles,-0.02121480116474003
terms_abstract_tfidf__rostral,-0.03900625316455319
terms_abstract_tfidf__rostral anterior,-0.08655536302797529
terms_abstract_tfidf__rotation,-0.02104161033539396
terms_abstract_tfidf__rs,-0.07309116232379301
terms_abstract_tfidf__rsfc,0.009660914796692836
terms_abstract_tfidf__rt,-0.03163276387340971
terms_abstract_tfidf__rule,-0.024950593646095427
terms_abstract_tfidf__rules,-0.0036249404104275167
terms_abstract_tfidf__run,0.0353595401883404
terms_abstract_tfidf__runs,-0.014763171893189325
terms_abstract_tfidf__s1,0.1360794998470416
terms_abstract_tfidf__saccade,0.01236541545850004
terms_abstract_tfidf__saccades,-0.009451375569852113
terms_abstract_tfidf__sad,-0.047935023242263355
terms_abstract_tfidf__salience,-0.1003458952799097
terms_abstract_tfidf__salience network,-0.060259243556241994
terms_abstract_tfidf__salient,-0.027460407825065956
terms_abstract_tfidf__sample,-0.0665411728478193
terms_abstract_tfidf__samples,0.0011863092796850605
terms_abstract_tfidf__sampling,0.05684005861058101
terms_abstract_tfidf__scale,-0.02750626038496472
terms_abstract_tfidf__scales,0.01924362347043429
terms_abstract_tfidf__scalp,0.033238217776344635
terms_abstract_tfidf__scan,-0.021866833451374836
terms_abstract_tfidf__scanned,0.008564788355414788
terms_abstract_tfidf__scanned using,-0.06995423728327906
terms_abstract_tfidf__scanner,-0.020671688069256917
terms_abstract_tfidf__scanning,-0.040248935947806014
terms_abstract_tfidf__scans,0.041421993442068955
terms_abstract_tfidf__scene,-0.06243489030999459
terms_abstract_tfidf__scenes,-0.09341776426431272
terms_abstract_tfidf__schizophrenia,-0.029584481602683847
terms_abstract_tfidf__schizophrenic,-0.0030438165549483754
terms_abstract_tfidf__sclerosis,0.042317181133539626
terms_abstract_tfidf__score,-0.0222559210877718
terms_abstract_tfidf__scores,0.00876723265441472
terms_abstract_tfidf__sd,0.0507722006020274
terms_abstract_tfidf__se,-0.04904753563617741
terms_abstract_tfidf__search,-0.03319598984814593
terms_abstract_tfidf__second,0.07998878356132731
terms_abstract_tfidf__secondary,0.09682588925572308
terms_abstract_tfidf__secondary somatosensory,0.11409444369182033
terms_abstract_tfidf__sectional,-0.04863064339965258
terms_abstract_tfidf__seed,-0.05885938246815029
terms_abstract_tfidf__seeds,0.007477011227437077
terms_abstract_tfidf__seeking,-0.1400672691435476
terms_abstract_tfidf__seen,0.05536224983789278
terms_abstract_tfidf__segregated,0.009237914810324545
terms_abstract_tfidf__segregation,0.0035236134422137163
terms_abstract_tfidf__select,-0.04495666462325334
terms_abstract_tfidf__selected,0.03243732598844709
terms_abstract_tfidf__selection,0.02656458907335598
terms_abstract_tfidf__selective,0.005162856327206187
terms_abstract_tfidf__selective attention,0.026439012272876886
terms_abstract_tfidf__selectively,-0.010077388987655091
terms_abstract_tfidf__selectivity,0.011956574811761623
terms_abstract_tfidf__self,-0.13875228202002096
terms_abstract_tfidf__self referential,-0.10593765665298706
terms_abstract_tfidf__self report,-0.02839384464641467
terms_abstract_tfidf__self reported,-0.06777684722204073
terms_abstract_tfidf__semantic,0.06096192055872198
terms_abstract_tfidf__semantic memory,-0.02441341658721332
terms_abstract_tfidf__semantically,0.07012248298474942
terms_abstract_tfidf__semantics,0.0843686563259119
terms_abstract_tfidf__sensation,0.08441251159329266
terms_abstract_tfidf__sensations,0.07113845649417165
terms_abstract_tfidf__sense,-0.04155408808154498
terms_abstract_tfidf__sensitive,-0.004840322113142568
terms_abstract_tfidf__sensitivity,-0.06533054277231241
terms_abstract_tfidf__sensorimotor,0.07496755253275968
terms_abstract_tfidf__sensorimotor cortex,0.054790363009428356
terms_abstract_tfidf__sensorimotor network,0.05069312273940619
terms_abstract_tfidf__sensory,0.1272214772451173
terms_abstract_tfidf__sensory information,-0.0004683037028780047
terms_abstract_tfidf__sensory motor,0.07456670610414182
terms_abstract_tfidf__sentence,0.10345464770983441
terms_abstract_tfidf__sentence comprehension,0.0909365714513718
terms_abstract_tfidf__sentences,0.13550721608024205
terms_abstract_tfidf__separable,0.05321245569281277
terms_abstract_tfidf__separate,-0.00980324469087566
terms_abstract_tfidf__separated,-0.0009192843395261813
terms_abstract_tfidf__separately,0.028175825263269724
terms_abstract_tfidf__separation,-0.010526194292226097
terms_abstract_tfidf__sequence,0.04428689284105792
terms_abstract_tfidf__sequences,0.06785052718316864
terms_abstract_tfidf__sequential,0.04148900613570212
terms_abstract_tfidf__serial,0.00945347386985285
terms_abstract_tfidf__series,-0.03168799279103134
terms_abstract_tfidf__serotonin,-0.0376218527295137
terms_abstract_tfidf__serve,-0.029920282710339318
terms_abstract_tfidf__served,-0.024064126885413782
terms_abstract_tfidf__serves,0.027677569717509926
terms_abstract_tfidf__session,-0.048737128159463024
terms_abstract_tfidf__sessions,-0.021460415565671468
terms_abstract_tfidf__set,-0.025171855166511645
terms_abstract_tfidf__sets,-0.015315197582569941
terms_abstract_tfidf__setting,0.004301493372040056
terms_abstract_tfidf__settings,-0.0875584205349983
terms_abstract_tfidf__seven,0.012981895374991526
terms_abstract_tfidf__seventeen,0.020590249546004944
terms_abstract_tfidf__severe,-0.009154712788225501
terms_abstract_tfidf__severity,-0.020640519817791348
terms_abstract_tfidf__sex,-0.05616390972933637
terms_abstract_tfidf__sexual,-0.05907344087774661
terms_abstract_tfidf__sham,0.025594135760033505
terms_abstract_tfidf__shape,-0.0657028139937184
terms_abstract_tfidf__shaped,-0.012917845993074112
terms_abstract_tfidf__shapes,-0.037522606334449315
terms_abstract_tfidf__share,-0.0032263245383997853
terms_abstract_tfidf__shared,0.01889017797095537
terms_abstract_tfidf__shed,-0.027441442734110654
terms_abstract_tfidf__shed light,-0.024220400456095924
terms_abstract_tfidf__shift,-0.07986243855712945
terms_abstract_tfidf__shifted,0.06159798558610656
terms_abstract_tfidf__shifting,-0.0035302870138230764
terms_abstract_tfidf__shifts,-0.012330678246717281
terms_abstract_tfidf__short,0.10772903834134467
terms_abstract_tfidf__short term,0.08259566150114929
terms_abstract_tfidf__shorter,-0.03546061449773672
terms_abstract_tfidf__showing,0.026847485560449143
terms_abstract_tfidf__shown,-0.08380862370490566
terms_abstract_tfidf__shows,0.024110564642897733
terms_abstract_tfidf__si,0.10373778107810958
terms_abstract_tfidf__sided,0.12064307622094496
terms_abstract_tfidf__sighted,-0.006226939873804306
terms_abstract_tfidf__sign,0.06775834579884522
terms_abstract_tfidf__signal,0.008069891496695505
terms_abstract_tfidf__signal change,0.008372318839874066
terms_abstract_tfidf__signal task,0.0016959413733012667
terms_abstract_tfidf__signaling,-0.027570223137017555
terms_abstract_tfidf__signals,-0.019205504281132945
terms_abstract_tfidf__signature,-0.037475190192783066
terms_abstract_tfidf__significance,-0.04962483826910213
terms_abstract_tfidf__significance statement,-0.05695234932147663
terms_abstract_tfidf__signs,0.06551557186201123
terms_abstract_tfidf__sii,0.1335072687240754
terms_abstract_tfidf__silent,0.13862498731805853
terms_abstract_tfidf__similarities,-0.05302933089853672
terms_abstract_tfidf__similarity,-0.05480570597550618
terms_abstract_tfidf__similarly,-0.026966993784532368
terms_abstract_tfidf__simple,0.01803915589911142
terms_abstract_tfidf__simply,0.06782200746933575
terms_abstract_tfidf__simulated,-0.021870326474344295
terms_abstract_tfidf__simulation,0.010476532198684899
terms_abstract_tfidf__simultaneous,0.07730031512505701
terms_abstract_tfidf__simultaneous eeg,-0.0028311091067074533
terms_abstract_tfidf__simultaneously,0.06347371569819527
terms_abstract_tfidf__single,0.041149704277654714
terms_abstract_tfidf__single subject,0.03873960706013968
terms_abstract_tfidf__single trial,0.020335718732674406
terms_abstract_tfidf__site,0.06796191041669811
terms_abstract_tfidf__sites,0.045507556802523566
terms_abstract_tfidf__situation,-0.012590497252224902
terms_abstract_tfidf__situations,-0.00883163056630184
terms_abstract_tfidf__sixteen,0.012805934954680404
terms_abstract_tfidf__size,-0.04905241981890358
terms_abstract_tfidf__sizes,0.03136219698798639
terms_abstract_tfidf__skill,0.03987758310683777
terms_abstract_tfidf__skills,0.05270074226762851
terms_abstract_tfidf__skin,0.08311407244429807
terms_abstract_tfidf__skin conductance,0.010803644743118596
terms_abstract_tfidf__sleep,-0.0626168549777358
terms_abstract_tfidf__slow,0.043964153944537954
terms_abstract_tfidf__slower,0.02453098419051168
terms_abstract_tfidf__sma,0.08470685911553615
terms_abstract_tfidf__small,-0.0305266972493391
terms_abstract_tfidf__smaller,0.032088036666124725
terms_abstract_tfidf__smokers,-0.09699932150325762
terms_abstract_tfidf__smoking,-0.09698780880141905
terms_abstract_tfidf__sn,-0.09877025964706293
terms_abstract_tfidf__social,-0.03674170517012137
terms_abstract_tfidf__social cognition,-0.05946381369138152
terms_abstract_tfidf__social cognitive,0.0022337299251410088
terms_abstract_tfidf__social interaction,-0.031239565661210215
terms_abstract_tfidf__social interactions,-0.022323969583635542
terms_abstract_tfidf__socially,0.0008307415095570676
terms_abstract_tfidf__software,0.011178535646806077
terms_abstract_tfidf__solving,-0.0021442151988326015
terms_abstract_tfidf__somatosensory,0.11643299082506302
terms_abstract_tfidf__somatosensory cortex,0.12534180382150054
terms_abstract_tfidf__somatosensory cortices,0.10327019400371606
terms_abstract_tfidf__sought,-0.01112660095019985
terms_abstract_tfidf__sound,0.13011294151245587
terms_abstract_tfidf__sounds,0.1622258408994077
terms_abstract_tfidf__source,0.050593503558290766
terms_abstract_tfidf__sources,0.04199749108675872
terms_abstract_tfidf__space,-0.012591906718783692
terms_abstract_tfidf__span,0.038650653622030795
terms_abstract_tfidf__sparse,0.027926376714058166
terms_abstract_tfidf__spatial,-0.05867090806692391
terms_abstract_tfidf__spatial attention,-0.011751993850996328
terms_abstract_tfidf__spatial information,-0.01723975940679923
terms_abstract_tfidf__spatial temporal,0.02168122934126955
terms_abstract_tfidf__spatially,0.026267395622973515
terms_abstract_tfidf__spatiotemporal,0.06486907660777552
terms_abstract_tfidf__speaker,0.131167568988227
terms_abstract_tfidf__speakers,0.11145449850544402
terms_abstract_tfidf__speaking,0.07585188936763387
terms_abstract_tfidf__special,-0.015015478270298541
terms_abstract_tfidf__specialization,0.05485494991147355
terms_abstract_tfidf__specialized,0.019463073570990037
terms_abstract_tfidf__species,-0.03824053302870462
terms_abstract_tfidf__specifically,-0.007896354935414582
terms_abstract_tfidf__specificity,-0.04645182550411591
terms_abstract_tfidf__specified,0.0031505206094997436
terms_abstract_tfidf__spectral,0.08129494188625222
terms_abstract_tfidf__spectrum,-0.017268891869332847
terms_abstract_tfidf__spectrum disorder,-0.023505683392844774
terms_abstract_tfidf__spectrum disorders,-0.0023156756948431024
terms_abstract_tfidf__speech,0.1880403050020755
terms_abstract_tfidf__speech perception,0.15956633132211365
terms_abstract_tfidf__speech production,0.1386256298148457
terms_abstract_tfidf__speed,0.003358211793053658
terms_abstract_tfidf__spin,-0.0026032140796893853
terms_abstract_tfidf__spin labeling,-0.012029761606648896
terms_abstract_tfidf__spinal,0.07848816931561964
terms_abstract_tfidf__spl,0.01000918300710303
terms_abstract_tfidf__spoken,0.13299437136474968
terms_abstract_tfidf__spontaneous,-0.040342013617208655
terms_abstract_tfidf__stable,-0.04999572159424033
terms_abstract_tfidf__stage,0.004189716321492715
terms_abstract_tfidf__stages,-0.028315036223044238
terms_abstract_tfidf__standard,0.028645218653745474
terms_abstract_tfidf__standardized,-0.017629839939459803
terms_abstract_tfidf__state,-0.06841764365026944
terms_abstract_tfidf__state connectivity,-0.03930638719780578
terms_abstract_tfidf__state functional,-0.07799558387505155
terms_abstract_tfidf__state networks,-0.04396403974046762
terms_abstract_tfidf__statement,-0.059461825867623774
terms_abstract_tfidf__states,-0.03251646340517026
terms_abstract_tfidf__static,0.004516333899523306
terms_abstract_tfidf__statistics,0.016331385550164477
terms_abstract_tfidf__status,-0.00887761766965802
terms_abstract_tfidf__step,-0.08606011574676689
terms_abstract_tfidf__stg,0.14557156541940863
terms_abstract_tfidf__stimulated,0.12227726918572011
terms_abstract_tfidf__stimulation,0.15779670275043933
terms_abstract_tfidf__stimulation tms,0.09013283969193489
terms_abstract_tfidf__stimuli,0.013520592264106164
terms_abstract_tfidf__stimuli presented,0.027956714084458448
terms_abstract_tfidf__stimulus,0.04696698310316725
terms_abstract_tfidf__stimulus driven,0.00202038161278726
terms_abstract_tfidf__stimulus response,-0.04205009399519587
terms_abstract_tfidf__stop,-0.002160387727492976
terms_abstract_tfidf__stop signal,0.00871179591015499
terms_abstract_tfidf__storage,0.030511630816319153
terms_abstract_tfidf__stored,0.05620715169485508
terms_abstract_tfidf__strategic,-0.0366130179684178
terms_abstract_tfidf__strategies,0.008496593349772244
terms_abstract_tfidf__strategy,-0.010031822211590234
terms_abstract_tfidf__stream,0.06825159434143546
terms_abstract_tfidf__streams,0.05257227985883187
terms_abstract_tfidf__strength,-0.031727515078778586
terms_abstract_tfidf__stress,-0.04008249908883052
terms_abstract_tfidf__stress disorder,-0.021250578893453574
terms_abstract_tfidf__striatal,-0.14299238738707393
terms_abstract_tfidf__striatum,-0.13979077552028413
terms_abstract_tfidf__striking,-0.028915680121506
terms_abstract_tfidf__stroke,0.11158035514480744
terms_abstract_tfidf__strong,0.02396053517177294
terms_abstract_tfidf__strongest,0.006886661127216846
terms_abstract_tfidf__strongly,0.004824477299057058
terms_abstract_tfidf__stroop,0.02568518886962179
terms_abstract_tfidf__stroop task,0.052922383790075786
terms_abstract_tfidf__structural,0.08171152532902387
terms_abstract_tfidf__structural functional,0.0013549617732811392
terms_abstract_tfidf__structural magnetic,0.055686711887976685
terms_abstract_tfidf__structure,0.07824408449386941
terms_abstract_tfidf__structure function,0.018131561101261132
terms_abstract_tfidf__structures,-0.08996397185040295
terms_abstract_tfidf__structures involved,-5.394223739100529e-06
terms_abstract_tfidf__sts,0.09729977457975146
terms_abstract_tfidf__students,-0.020080742386468665
terms_abstract_tfidf__studied,-0.0027241509413297505
terms_abstract_tfidf__studying,-0.06500915915924545
terms_abstract_tfidf__sub,0.0033906937550005622
terms_abstract_tfidf__subcortical,-0.04363490511750866
terms_abstract_tfidf__subcortical structures,-0.03659148336117481
terms_abstract_tfidf__subgenual,-0.06688183297993956
terms_abstract_tfidf__subject,0.09564287957139797
terms_abstract_tfidf__subjective,-0.0956905385127528
terms_abstract_tfidf__subregions,-0.011259272742718436
terms_abstract_tfidf__subsequent,-0.0645201470022872
terms_abstract_tfidf__subsequent memory,-0.06939241195712692
terms_abstract_tfidf__subsequently,-0.029684087348480662
terms_abstract_tfidf__subserve,-0.0025465662125144987
terms_abstract_tfidf__subserved,0.0032186647113118362
terms_abstract_tfidf__subserving,-0.02537384922993853
terms_abstract_tfidf__subset,-0.02442260546441006
terms_abstract_tfidf__substance,-0.0270754648669562
terms_abstract_tfidf__substantia,-0.11689697783421578
terms_abstract_tfidf__substantial,0.02632392564354602
terms_abstract_tfidf__substantially,0.00884222731723644
terms_abstract_tfidf__substrate,0.04971688389344908
terms_abstract_tfidf__substrates,0.055154014842886574
terms_abstract_tfidf__subtle,-0.006570854887843252
terms_abstract_tfidf__subtraction,0.04316890501592841
terms_abstract_tfidf__success,-0.025286621013592372
terms_abstract_tfidf__successful,-0.03901293905883227
terms_abstract_tfidf__successfully,-0.0640269112700396
terms_abstract_tfidf__successive,0.11513563114981623
terms_abstract_tfidf__suffering,0.0016933995888827585
terms_abstract_tfidf__sufficient,-0.0051157615183965235
terms_abstract_tfidf__suggest,-0.05593107353802342
terms_abstract_tfidf__suggest functional,0.01911332147525624
terms_abstract_tfidf__suggested,0.023049951861022336
terms_abstract_tfidf__suggesting,-0.01157423262339518
terms_abstract_tfidf__suggests,-0.02674369700795561
terms_abstract_tfidf__sulci,0.0010166001307712561
terms_abstract_tfidf__sulcus,0.08275056609835048
terms_abstract_tfidf__sulcus ips,-0.012489366949562644
terms_abstract_tfidf__sulcus sts,0.10457837658322396
terms_abstract_tfidf__sum,-0.0659975079289604
terms_abstract_tfidf__summary,-0.005392431017132834
terms_abstract_tfidf__superior,0.16114996292656267
terms_abstract_tfidf__superior frontal,0.0010227844561817956
terms_abstract_tfidf__superior inferior,0.0463434228222371
terms_abstract_tfidf__superior middle,0.07911393562732873
terms_abstract_tfidf__superior parietal,0.003803770171890378
terms_abstract_tfidf__superior temporal,0.17340848826496894
terms_abstract_tfidf__supplementary,0.0788084481247102
terms_abstract_tfidf__supplementary motor,0.08760857197843926
terms_abstract_tfidf__supported,-0.037791506565001035
terms_abstract_tfidf__supporting,-0.03994464087104678
terms_abstract_tfidf__supports,-0.007849410016289046
terms_abstract_tfidf__suppressed,-0.022246937481648552
terms_abstract_tfidf__suppression,-0.01723201681866806
terms_abstract_tfidf__supramarginal,0.10072034669310563
terms_abstract_tfidf__supramarginal gyrus,0.08892293455327316
terms_abstract_tfidf__surface,0.12620655157882116
terms_abstract_tfidf__surprisingly,-0.040509928383299046
terms_abstract_tfidf__surrounding,0.023638349760535506
terms_abstract_tfidf__susceptibility,0.02470451075939832
terms_abstract_tfidf__sustained,-0.017172707426117474
terms_abstract_tfidf__sustained attention,0.03378010873593242
terms_abstract_tfidf__switch,-0.06954493789255446
terms_abstract_tfidf__switching,-0.03950398028023634
terms_abstract_tfidf__symbolic,-0.019745792131065552
terms_abstract_tfidf__symptom,0.016449488945245717
terms_abstract_tfidf__symptom severity,-0.035284644481908004
terms_abstract_tfidf__symptoms,-0.06101796806052033
terms_abstract_tfidf__synchronization,0.04086858442615688
terms_abstract_tfidf__syndrome,0.00946430119365997
terms_abstract_tfidf__syntactic,0.1393894258423811
terms_abstract_tfidf__systematic,0.022663211528628175
terms_abstract_tfidf__systematically,0.02982710425235679
terms_abstract_tfidf__systems,-0.012051019046325656
terms_abstract_tfidf__systems involved,0.028355401772566888
terms_abstract_tfidf__t1,0.08053437057830336
terms_abstract_tfidf__t1 weighted,0.08680862090572189
terms_abstract_tfidf__tactile,0.11944144260845092
terms_abstract_tfidf__taken,0.005006873050254559
terms_abstract_tfidf__taken suggest,-0.002807135287550503
terms_abstract_tfidf__taking,-0.06170408605787301
terms_abstract_tfidf__tapping,0.04439384912803017
terms_abstract_tfidf__target,-0.004297028640818333
terms_abstract_tfidf__target detection,0.05041622155547165
terms_abstract_tfidf__targeted,-0.07329167436487254
terms_abstract_tfidf__targets,-0.04380900341891145
terms_abstract_tfidf__task,-0.07132556032794551
terms_abstract_tfidf__task conditions,-0.038810398856147656
terms_abstract_tfidf__task demands,0.020269408637935526
terms_abstract_tfidf__task difficulty,-0.05700884238164998
terms_abstract_tfidf__task functional,-0.058362369524208195
terms_abstract_tfidf__task induced,-0.08428134498013437
terms_abstract_tfidf__task involving,-0.03261952986727041
terms_abstract_tfidf__task irrelevant,-0.012552690137244707
terms_abstract_tfidf__task performance,-0.04106863322074904
terms_abstract_tfidf__task positive,-0.036026533406252156
terms_abstract_tfidf__task relevant,0.04645390858767605
terms_abstract_tfidf__task required,-0.0017435390333716359
terms_abstract_tfidf__task task,0.0036728297653799667
terms_abstract_tfidf__task using,0.037063248112131644
terms_abstract_tfidf__tasks,0.03840228496571027
terms_abstract_tfidf__taste,-0.03314640301884717
terms_abstract_tfidf__td,0.034919838179792516
terms_abstract_tfidf__technique,0.061541799036498625
terms_abstract_tfidf__techniques,0.07656162602631321
terms_abstract_tfidf__tegmental,-0.08254301692248246
terms_abstract_tfidf__temporal,0.13407353229228103
terms_abstract_tfidf__temporal cortex,0.08827944646586591
terms_abstract_tfidf__temporal cortices,0.09758148627758612
terms_abstract_tfidf__temporal frontal,0.10583094396119093
terms_abstract_tfidf__temporal gyri,0.08754746275877945
terms_abstract_tfidf__temporal gyrus,0.1605176108258587
terms_abstract_tfidf__temporal inferior,0.11807052691530455
terms_abstract_tfidf__temporal lobe,0.03366530647601557
terms_abstract_tfidf__temporal lobes,0.06725557733598339
terms_abstract_tfidf__temporal occipital,-0.010219646619736565
terms_abstract_tfidf__temporal parietal,0.02267840550659025
terms_abstract_tfidf__temporal pole,0.14335377847794534
terms_abstract_tfidf__temporal sulcus,0.12680936034409285
terms_abstract_tfidf__temporale,0.13772844733239542
terms_abstract_tfidf__temporally,0.07507242025066814
terms_abstract_tfidf__temporo,0.040522727016917046
terms_abstract_tfidf__temporo parietal,0.033013495395217016
terms_abstract_tfidf__temporoparietal,-0.033797880820706984
terms_abstract_tfidf__temporoparietal junction,-0.03953559314952218
terms_abstract_tfidf__tend,-0.0011125719286859848
terms_abstract_tfidf__tendency,-0.006169831317930961
terms_abstract_tfidf__tensor,0.00385287908503774
terms_abstract_tfidf__tensor dti,-0.012929653323226807
terms_abstract_tfidf__term,0.03780404324704892
terms_abstract_tfidf__term memory,0.006297633048524718
terms_abstract_tfidf__terms,0.016458839544586767
terms_abstract_tfidf__tesla,0.0045139971558728256
terms_abstract_tfidf__test,-0.08439757899972576
terms_abstract_tfidf__tested,0.0012739727596663224
terms_abstract_tfidf__testing,0.009535332774199493
terms_abstract_tfidf__tests,0.06340827483908236
terms_abstract_tfidf__thalamic,-0.11168155409346361
terms_abstract_tfidf__thalamus,-0.046482580681702676
terms_abstract_tfidf__theoretical,-0.042281796046927514
terms_abstract_tfidf__theories,0.009202393535597457
terms_abstract_tfidf__theory,-0.06597290243677663
terms_abstract_tfidf__theory mind,-0.022331510259799566
terms_abstract_tfidf__therapeutic,0.044908334028987244
terms_abstract_tfidf__therapy,0.005934610723242845
terms_abstract_tfidf__thickness,0.08076595583771841
terms_abstract_tfidf__thinking,-0.06919866928275747
terms_abstract_tfidf__thirteen,0.01073359038777407
terms_abstract_tfidf__thirty,-0.01629546730106177
terms_abstract_tfidf__thought,-0.035675995257197946
terms_abstract_tfidf__thoughts,-0.036352013256156
terms_abstract_tfidf__threat,-0.043565191080349744
terms_abstract_tfidf__threatening,-0.03466335683980393
terms_abstract_tfidf__threshold,0.07612396887104769
terms_abstract_tfidf__time,-0.05958797441910333
terms_abstract_tfidf__time course,0.034735716598344235
terms_abstract_tfidf__time courses,0.05073180680801672
terms_abstract_tfidf__time points,-0.02998468854164917
terms_abstract_tfidf__time series,-0.0623723959799254
terms_abstract_tfidf__time task,-0.015022166204372895
terms_abstract_tfidf__times,0.01966764203582606
terms_abstract_tfidf__timing,0.08444434211605953
terms_abstract_tfidf__tissue,0.027561458060765535
terms_abstract_tfidf__tms,0.12174549574948433
terms_abstract_tfidf__tom,0.004865990313735596
terms_abstract_tfidf__tomography,0.059952528142285015
terms_abstract_tfidf__tomography pet,0.05969548601580907
terms_abstract_tfidf__tone,0.08892565227871403
terms_abstract_tfidf__tones,0.11896361697627013
terms_abstract_tfidf__took,-0.03442575396824802
terms_abstract_tfidf__tool,0.036164614467097206
terms_abstract_tfidf__tools,0.024291924935091098
terms_abstract_tfidf__total,0.033937682903098995
terms_abstract_tfidf__touch,0.09522792173570138
terms_abstract_tfidf__tpj,-0.012141353105273546
terms_abstract_tfidf__track,-0.07825753817391684
terms_abstract_tfidf__tracking,-0.0012807715905512169
terms_abstract_tfidf__tract,0.0579490879522207
terms_abstract_tfidf__tractography,0.07671050974799458
terms_abstract_tfidf__tracts,0.034119652992878134
terms_abstract_tfidf__traditional,0.022048706779935055
terms_abstract_tfidf__traditionally,0.00965087788285332
terms_abstract_tfidf__trained,0.026960164591417018
terms_abstract_tfidf__training,0.07632824242398095
terms_abstract_tfidf__trait,-0.07535621829064731
terms_abstract_tfidf__traits,-0.03265726726988686
terms_abstract_tfidf__trajectories,-0.004553940112472093
terms_abstract_tfidf__transcranial,0.10975796944908814
terms_abstract_tfidf__transcranial magnetic,0.11360387362373733
terms_abstract_tfidf__transfer,-0.04788506672718109
terms_abstract_tfidf__transformation,0.057632326402121126
terms_abstract_tfidf__transient,0.0012118659958145943
terms_abstract_tfidf__transition,-0.09275549181414633
terms_abstract_tfidf__trauma,-0.04720064721353959
terms_abstract_tfidf__traumatic,-0.02522127711402643
terms_abstract_tfidf__treated,-0.02531306877897945
terms_abstract_tfidf__treatment,-0.04770966705871892
terms_abstract_tfidf__treatments,-0.058022136970319396
terms_abstract_tfidf__trend,0.04380582675683107
terms_abstract_tfidf__trial,-0.06645043755811246
terms_abstract_tfidf__trial trial,-0.07763530401723591
terms_abstract_tfidf__trials,-0.07040225264220876
terms_abstract_tfidf__trigger,-0.03981155332290671
terms_abstract_tfidf__triggered,0.03485403749333068
terms_abstract_tfidf__true,-0.041244565868137816
terms_abstract_tfidf__turn,-0.0004925252807467287
terms_abstract_tfidf__twice,0.03652393188911151
terms_abstract_tfidf__type,-0.041503770143689715
terms_abstract_tfidf__types,-0.00029247018303446754
terms_abstract_tfidf__typical,-0.02784348080913712
terms_abstract_tfidf__typically,-0.006753007681551623
terms_abstract_tfidf__typically developing,0.016503752250846437
terms_abstract_tfidf__unaffected,0.02355676200892988
terms_abstract_tfidf__uncertain,0.0012322739070601662
terms_abstract_tfidf__uncertainty,-0.05649583140490596
terms_abstract_tfidf__unclear,-0.020488984977687738
terms_abstract_tfidf__undergoing,-0.009785933078413528
terms_abstract_tfidf__undergoing functional,-0.034487129089912534
terms_abstract_tfidf__underlie,-0.10082202465288256
terms_abstract_tfidf__underlies,-0.00829381268507303
terms_abstract_tfidf__underlying,-0.08042167558969789
terms_abstract_tfidf__underlying mechanisms,0.03788458556315899
terms_abstract_tfidf__underpinning,-0.018636275335483714
terms_abstract_tfidf__underpinnings,-0.06314784557502542
terms_abstract_tfidf__understand,-0.04953146552062793
terms_abstract_tfidf__understanding,-0.012668133418097095
terms_abstract_tfidf__understood,-0.026529255685122162
terms_abstract_tfidf__unexpected,0.017462938840424366
terms_abstract_tfidf__unfamiliar,-0.046270872705657946
terms_abstract_tfidf__unilateral,0.03545067768497122
terms_abstract_tfidf__unimodal,0.09701547713073512
terms_abstract_tfidf__unique,-0.02798182635631133
terms_abstract_tfidf__uniquely,0.04075711464538541
terms_abstract_tfidf__univariate,0.013860177020535658
terms_abstract_tfidf__unknown,-0.02529842936029465
terms_abstract_tfidf__unlike,0.039417648133671
terms_abstract_tfidf__unmedicated,-0.056254939481725635
terms_abstract_tfidf__unpleasant,0.011918128505898755
terms_abstract_tfidf__unrelated,-0.01104297392351764
terms_abstract_tfidf__upcoming,-0.010270429603504404
terms_abstract_tfidf__updating,-0.04740130636797468
terms_abstract_tfidf__upper,0.09716996544867013
terms_abstract_tfidf__use,0.018864072000671885
terms_abstract_tfidf__use functional,0.017190604356187578
terms_abstract_tfidf__useful,-0.019074177684550487
terms_abstract_tfidf__users,-0.03598127740089614
terms_abstract_tfidf__uses,-0.011144460191082162
terms_abstract_tfidf__using,0.029292900851153814
terms_abstract_tfidf__using event,-0.022096637760651544
terms_abstract_tfidf__using functional,0.027420667440061393
terms_abstract_tfidf__using resting,-0.051531046725742144
terms_abstract_tfidf__using voxel,0.06416585880140864
terms_abstract_tfidf__usually,0.03238447857969709
terms_abstract_tfidf__utility,-0.03801493277772008
terms_abstract_tfidf__utilized,0.05615982193133846
terms_abstract_tfidf__v1,-0.04761850575795853
terms_abstract_tfidf__v5,-0.01857492738147262
terms_abstract_tfidf__valence,-0.07125721450665036
terms_abstract_tfidf__valid,0.021992657085557466
terms_abstract_tfidf__validated,0.014204457195657362
terms_abstract_tfidf__validity,-0.011732373462893492
terms_abstract_tfidf__valuable,-0.05144718796102797
terms_abstract_tfidf__value,-0.14487260228708587
terms_abstract_tfidf__values,-0.04465651544158513
terms_abstract_tfidf__variability,0.048905593275979535
terms_abstract_tfidf__variable,-0.03384857169312494
terms_abstract_tfidf__variables,-0.04348444385790325
terms_abstract_tfidf__variance,0.004953783808844458
terms_abstract_tfidf__variant,0.062046936376167414
terms_abstract_tfidf__variation,-0.0023208352349142736
terms_abstract_tfidf__variations,0.02209225866470783
terms_abstract_tfidf__varied,-0.0040281853553338215
terms_abstract_tfidf__varies,0.04785880319514007
terms_abstract_tfidf__variety,0.02087942729009804
terms_abstract_tfidf__various,-0.024508117780507183
terms_abstract_tfidf__vary,0.020418181425127017
terms_abstract_tfidf__varying,0.05380099324404962
terms_abstract_tfidf__vbm,0.05261870042184602
terms_abstract_tfidf__vector,-0.003600740125969762
terms_abstract_tfidf__ventral,-0.12997277752852293
terms_abstract_tfidf__ventral anterior,0.0039896041987097074
terms_abstract_tfidf__ventral dorsal,-0.08056134294963366
terms_abstract_tfidf__ventral medial,-0.1268432246544667
terms_abstract_tfidf__ventral premotor,0.09897901254776033
terms_abstract_tfidf__ventral striatum,-0.13266921114920105
terms_abstract_tfidf__ventral tegmental,-0.0824825883499335
terms_abstract_tfidf__ventral visual,-0.04227198490685198
terms_abstract_tfidf__ventrolateral,0.07195496083666478
terms_abstract_tfidf__ventrolateral prefrontal,0.04210067877535284
terms_abstract_tfidf__ventromedial,-0.1010823964734942
terms_abstract_tfidf__ventromedial prefrontal,-0.11247194430581843
terms_abstract_tfidf__verb,0.08778421892423831
terms_abstract_tfidf__verbal,0.07081963559711942
terms_abstract_tfidf__verbal fluency,0.011447040016401342
terms_abstract_tfidf__verbal working,0.054952039082855515
terms_abstract_tfidf__verbs,0.08312550788091398
terms_abstract_tfidf__vermis,0.012382646017992018
terms_abstract_tfidf__version,0.012792480063028404
terms_abstract_tfidf__versus,-0.09087199637219309
terms_abstract_tfidf__vi,0.007745915244999975
terms_abstract_tfidf__video,0.04291402515769358
terms_abstract_tfidf__video clips,0.016090125799498256
terms_abstract_tfidf__videos,0.0029977155201889195
terms_abstract_tfidf__view,-0.036175984240411754
terms_abstract_tfidf__viewed,-0.05865904104598292
terms_abstract_tfidf__viewing,-0.033770004171273564
terms_abstract_tfidf__violations,0.027013381952893867
terms_abstract_tfidf__virtual,-0.08568329228755986
terms_abstract_tfidf__vision,-0.021363842357954153
terms_abstract_tfidf__visual,-0.022970876565942735
terms_abstract_tfidf__visual attention,-0.04536545524161573
terms_abstract_tfidf__visual auditory,0.08004981430771084
terms_abstract_tfidf__visual cortex,-0.03931244455464684
terms_abstract_tfidf__visual cortices,-0.03916341325943457
terms_abstract_tfidf__visual field,0.001762124156503557
terms_abstract_tfidf__visual information,-0.031016366943048743
terms_abstract_tfidf__visual motion,-0.01832321804681124
terms_abstract_tfidf__visual perception,-0.029002171332504385
terms_abstract_tfidf__visual stimuli,-0.03920366284681435
terms_abstract_tfidf__visual stimulus,0.023371095673084007
terms_abstract_tfidf__visual stream,-0.04611123150318421
terms_abstract_tfidf__visual word,0.015965977477897658
terms_abstract_tfidf__visually,0.013809602179072324
terms_abstract_tfidf__visually presented,0.038264355325074
terms_abstract_tfidf__visuo,-0.02900331409657664
terms_abstract_tfidf__visuo spatial,-0.02675570829037728
terms_abstract_tfidf__visuomotor,-0.001411194141733795
terms_abstract_tfidf__visuospatial,-0.025878736341931906
terms_abstract_tfidf__vivo,-0.03781172587016002
terms_abstract_tfidf__vlpfc,0.06715873753429012
terms_abstract_tfidf__vmpfc,-0.13759244719612837
terms_abstract_tfidf__vocal,0.13123037501306406
terms_abstract_tfidf__voice,0.12288427626150662
terms_abstract_tfidf__volume,0.042623053337936215
terms_abstract_tfidf__volumes,0.05990162705397069
terms_abstract_tfidf__volumetric,-0.04798780475836285
terms_abstract_tfidf__voluntary,0.07503769874386823
terms_abstract_tfidf__volunteers,0.055609152562470995
terms_abstract_tfidf__voxel,0.06519823298379053
terms_abstract_tfidf__voxel morphometry,0.10059243155114818
terms_abstract_tfidf__voxel wise,0.009086181848332715
terms_abstract_tfidf__voxels,0.014978858173375166
terms_abstract_tfidf__voxelwise,-0.07483219971093882
terms_abstract_tfidf__vs,-0.10831048629185938
terms_abstract_tfidf__vulnerability,-0.0820442291719842
terms_abstract_tfidf__watched,-0.0011568876446516481
terms_abstract_tfidf__watching,-0.0265999444071249
terms_abstract_tfidf__way,0.015396265770372999
terms_abstract_tfidf__ways,-0.031306891079891895
terms_abstract_tfidf__weak,-0.051303868756399994
terms_abstract_tfidf__weaker,-0.07323226350075164
terms_abstract_tfidf__week,-0.022737315504643304
terms_abstract_tfidf__weeks,-0.002431602650573283
terms_abstract_tfidf__weight,-0.022479780123267394
terms_abstract_tfidf__weighted,0.0670778652873215
terms_abstract_tfidf__whilst,-0.03370692451563459
terms_abstract_tfidf__white,0.018702194905872726
terms_abstract_tfidf__white matter,0.011205534810681528
terms_abstract_tfidf__wide,-0.04314084321131569
terms_abstract_tfidf__widely,-0.01850944304869096
terms_abstract_tfidf__widespread,0.04121379631636235
terms_abstract_tfidf__wiley,-0.04685623770883795
terms_abstract_tfidf__wiley periodicals,-0.04675421998913542
terms_abstract_tfidf__window,0.08628189948771865
terms_abstract_tfidf__wise,0.02670895484092638
terms_abstract_tfidf__wm,-0.02792013074454503
terms_abstract_tfidf__wm task,-0.0481394506181469
terms_abstract_tfidf__women,-0.055487125604003915
terms_abstract_tfidf__word,0.06777724664876122
terms_abstract_tfidf__word form,0.02531905032759666
terms_abstract_tfidf__word pairs,-0.030700419377029907
terms_abstract_tfidf__word recognition,0.028439398908860367
terms_abstract_tfidf__words,0.0839930486360543
terms_abstract_tfidf__work,0.0420588549118189
terms_abstract_tfidf__working,0.017134237821681112
terms_abstract_tfidf__working memory,0.017940944251016364
terms_abstract_tfidf__world,-0.09799000387178036
terms_abstract_tfidf__worse,-0.08654710048049961
terms_abstract_tfidf__written,0.06947518231115275
terms_abstract_tfidf__year,-0.051483922513019656
terms_abstract_tfidf__year old,-0.050598824855200404
terms_abstract_tfidf__years,0.010829585246494123
terms_abstract_tfidf__years old,-0.045412337403256044
terms_abstract_tfidf__yield,0.03206623624287526
terms_abstract_tfidf__yielded,-0.013920046816117979
terms_abstract_tfidf__young,-0.06224342059561971
terms_abstract_tfidf__young adults,-0.02285174707188139
terms_abstract_tfidf__young healthy,-0.005635043609069133
terms_abstract_tfidf__young older,0.005527206637895948
terms_abstract_tfidf__younger,-0.0824321929168594
terms_abstract_tfidf__younger adults,-0.04995213571986855
terms_abstract_tfidf__youth,-0.03817610794483288
terms_abstract_tfidf__zone,0.054665019998721316
