feature,r
terms_abstract_tfidf__001,0.07659840826358313
terms_abstract_tfidf__01,0.023750123660611574
terms_abstract_tfidf__05,0.01337950474954621
terms_abstract_tfidf__10,0.1300386767358726
terms_abstract_tfidf__100,0.015031190503195372
terms_abstract_tfidf__11,-0.01940383667520014
terms_abstract_tfidf__12,0.06432071394242644
terms_abstract_tfidf__12 healthy,0.024484014081797054
terms_abstract_tfidf__13,0.07260726697521505
terms_abstract_tfidf__14,0.036678770450585846
terms_abstract_tfidf__14 healthy,-0.021708877222723886
terms_abstract_tfidf__15,-0.01669842184762622
terms_abstract_tfidf__15 healthy,0.037508808081991904
terms_abstract_tfidf__16,0.0577781500094445
terms_abstract_tfidf__16 healthy,0.027500535310117355
terms_abstract_tfidf__17,0.014232401139208461
terms_abstract_tfidf__18,0.02723703394399263
terms_abstract_tfidf__18 healthy,0.020675730462293748
terms_abstract_tfidf__19,0.037825700891754216
terms_abstract_tfidf__20,0.06297470507148673
terms_abstract_tfidf__20 healthy,0.022268457242711617
terms_abstract_tfidf__200,-0.0649976250829358
terms_abstract_tfidf__2014,-0.023343731966982452
terms_abstract_tfidf__21,0.050350414670218516
terms_abstract_tfidf__22,-0.020555036087508947
terms_abstract_tfidf__23,0.03965585271689815
terms_abstract_tfidf__24,0.06528801204079793
terms_abstract_tfidf__25,0.041640064200771015
terms_abstract_tfidf__26,-0.017427461092256524
terms_abstract_tfidf__27,0.02277513681128928
terms_abstract_tfidf__28,0.014662434479783583
terms_abstract_tfidf__29,-0.005290883840724148
terms_abstract_tfidf__30,-0.011752338221923826
terms_abstract_tfidf__31,0.061165191913520114
terms_abstract_tfidf__32,0.13072126132949777
terms_abstract_tfidf__33,0.026902186548197173
terms_abstract_tfidf__34,0.04997784243403435
terms_abstract_tfidf__35,0.04904859659538131
terms_abstract_tfidf__36,-0.039042254023345734
terms_abstract_tfidf__37,0.0015853162925605613
terms_abstract_tfidf__38,0.06248478746402345
terms_abstract_tfidf__39,0.060565677247417044
terms_abstract_tfidf__3d,-0.0691457066329831
terms_abstract_tfidf__3t,-0.002770152408554948
terms_abstract_tfidf__40,-0.016439144101349574
terms_abstract_tfidf__41,-0.0049315948761799846
terms_abstract_tfidf__42,-0.0376062173495104
terms_abstract_tfidf__43,0.0031167529179280504
terms_abstract_tfidf__44,0.00285814009395678
terms_abstract_tfidf__45,-0.023063613910800945
terms_abstract_tfidf__46,0.16900553080670616
terms_abstract_tfidf__47,0.06777221777522781
terms_abstract_tfidf__48,-0.0037208129949254636
terms_abstract_tfidf__49,0.036560566089601704
terms_abstract_tfidf__50,1.4296054516252262e-05
terms_abstract_tfidf__60,-0.03765038726234721
terms_abstract_tfidf__70,0.02380647496331852
terms_abstract_tfidf__75,-0.00220299768880977
terms_abstract_tfidf__80,-0.03351192997532039
terms_abstract_tfidf__90,-0.015203679821506498
terms_abstract_tfidf__aberrant,0.10555276327344121
terms_abstract_tfidf__abilities,-0.04534290569119682
terms_abstract_tfidf__ability,0.019318431993153043
terms_abstract_tfidf__able,-0.022650475270874666
terms_abstract_tfidf__abnormal,0.061365681774495404
terms_abstract_tfidf__abnormalities,0.049601894770910225
terms_abstract_tfidf__abnormality,0.05566147322700116
terms_abstract_tfidf__absence,-0.09643199549143838
terms_abstract_tfidf__absent,0.04227499084839917
terms_abstract_tfidf__abstract,-0.044142038292971676
terms_abstract_tfidf__abuse,0.10365278431380338
terms_abstract_tfidf__acc,0.18691671547140623
terms_abstract_tfidf__access,-0.06371469568877232
terms_abstract_tfidf__accompanied,0.000647085295818566
terms_abstract_tfidf__accordance,0.0031269754921776083
terms_abstract_tfidf__according,0.03337368076917806
terms_abstract_tfidf__accordingly,-0.0761871915348156
terms_abstract_tfidf__account,-0.02756007190842062
terms_abstract_tfidf__accounted,0.034928924024303795
terms_abstract_tfidf__accounts,-0.012355087431715777
terms_abstract_tfidf__accumbens,0.18266945354317354
terms_abstract_tfidf__accuracy,0.09661181420658037
terms_abstract_tfidf__accurate,-0.029399676116623644
terms_abstract_tfidf__accurately,0.0375404825908512
terms_abstract_tfidf__achieve,-0.002759346363601041
terms_abstract_tfidf__achieved,-0.020330477085845504
terms_abstract_tfidf__acoustic,-0.2166117971423857
terms_abstract_tfidf__acquired,-0.09023426208213481
terms_abstract_tfidf__acquisition,-0.0925636642830188
terms_abstract_tfidf__act,-0.0325947797278559
terms_abstract_tfidf__action,-0.06999566703351018
terms_abstract_tfidf__action observation,-0.12591822244698278
terms_abstract_tfidf__actions,-0.11079402197950099
terms_abstract_tfidf__activate,-0.04665632946156217
terms_abstract_tfidf__activates,-0.04880958274473456
terms_abstract_tfidf__activations,0.02408673168657683
terms_abstract_tfidf__active,-0.03307565362768421
terms_abstract_tfidf__actively,-0.001998798654611904
terms_abstract_tfidf__activities,0.0026913879098934045
terms_abstract_tfidf__acts,0.003494418357213771
terms_abstract_tfidf__actual,0.08198733097337779
terms_abstract_tfidf__actually,0.04787101478786262
terms_abstract_tfidf__acute,0.05123481863574903
terms_abstract_tfidf__ad,-0.06553483565783215
terms_abstract_tfidf__adaptation,-0.08239591394533602
terms_abstract_tfidf__adapted,0.025766422756644824
terms_abstract_tfidf__adaptive,0.17406561729972334
terms_abstract_tfidf__add,0.04178731901189945
terms_abstract_tfidf__addiction,0.15275433167950445
terms_abstract_tfidf__addition,0.05370147743584592
terms_abstract_tfidf__additional,-0.01199108922288874
terms_abstract_tfidf__additionally,-0.001797368413805992
terms_abstract_tfidf__addressed,0.012391201262270505
terms_abstract_tfidf__adhd,0.12644017572277888
terms_abstract_tfidf__adjacent,-0.1123891928429892
terms_abstract_tfidf__administered,0.05680398059422006
terms_abstract_tfidf__administration,0.056639492109834766
terms_abstract_tfidf__adolescence,0.1735972498402243
terms_abstract_tfidf__adolescent,0.15558897611620637
terms_abstract_tfidf__adolescents,0.13139956683029286
terms_abstract_tfidf__adopted,-0.05080694379499573
terms_abstract_tfidf__adult,-0.00790014096640766
terms_abstract_tfidf__adulthood,0.07231473814422325
terms_abstract_tfidf__adults,0.12900214935627388
terms_abstract_tfidf__advance,0.011607452808075817
terms_abstract_tfidf__advanced,-0.010369056628854038
terms_abstract_tfidf__advances,-0.04235923640577113
terms_abstract_tfidf__advantage,-0.13881468189960097
terms_abstract_tfidf__affect,0.030904414548807418
terms_abstract_tfidf__affected,-0.07139468569529747
terms_abstract_tfidf__affecting,-0.11307961607431576
terms_abstract_tfidf__affective,-0.004115830029471052
terms_abstract_tfidf__affects,0.02756510376801098
terms_abstract_tfidf__age,0.06325548978699079
terms_abstract_tfidf__age controls,-0.0887205202173433
terms_abstract_tfidf__age gender,0.061466163704822926
terms_abstract_tfidf__age groups,0.012542080749240346
terms_abstract_tfidf__age healthy,-0.12029673203943271
terms_abstract_tfidf__age sex,0.034835140366442086
terms_abstract_tfidf__aged,0.053608756679734616
terms_abstract_tfidf__agent,-0.07004218239039037
terms_abstract_tfidf__ages,0.07347870563183728
terms_abstract_tfidf__aging,0.13541593380344077
terms_abstract_tfidf__agreement,0.026709012229958203
terms_abstract_tfidf__aim,0.03208959788403798
terms_abstract_tfidf__aimed,0.10396366426561551
terms_abstract_tfidf__aims,0.014088607109851135
terms_abstract_tfidf__al,0.023747393596574476
terms_abstract_tfidf__alcohol,0.081344720721818
terms_abstract_tfidf__alff,-0.014164594328708332
terms_abstract_tfidf__algorithm,-0.11352431224311489
terms_abstract_tfidf__allele,0.0719439795767133
terms_abstract_tfidf__allocation,0.06863149082197886
terms_abstract_tfidf__allow,-0.09389434132795338
terms_abstract_tfidf__allowed,-0.03499320052457048
terms_abstract_tfidf__allowing,0.03177501809906654
terms_abstract_tfidf__allows,-0.00386859048222135
terms_abstract_tfidf__alpha,-0.0859772800992918
terms_abstract_tfidf__alter,0.05003233493712262
terms_abstract_tfidf__alteration,-0.04495584398780466
terms_abstract_tfidf__alterations,0.003858291135604939
terms_abstract_tfidf__altered,0.08517794039993327
terms_abstract_tfidf__alternating,-0.08420220887593402
terms_abstract_tfidf__alternative,0.018543581040010554
terms_abstract_tfidf__alters,-0.05101082710512781
terms_abstract_tfidf__alzheimer,-0.07556233569031846
terms_abstract_tfidf__alzheimer disease,-0.07000197407387188
terms_abstract_tfidf__ambiguous,-0.02616620008788215
terms_abstract_tfidf__amnestic,-0.005351676902714144
terms_abstract_tfidf__amplitude,-0.1719437712603077
terms_abstract_tfidf__amplitude low,-0.036517950994778635
terms_abstract_tfidf__amplitudes,-0.0808952607014213
terms_abstract_tfidf__amygdala,0.023848430224366987
terms_abstract_tfidf__amygdala anterior,-0.020523169278917303
terms_abstract_tfidf__amygdala hippocampus,-0.03743113799696307
terms_abstract_tfidf__amygdala insula,-0.061226738106628896
terms_abstract_tfidf__amygdala response,-0.007743202810372212
terms_abstract_tfidf__amygdala responses,-0.10575695550806512
terms_abstract_tfidf__analysed,-0.05959754401269899
terms_abstract_tfidf__analyses,-0.020589719287073708
terms_abstract_tfidf__analyze,-0.0946373683902843
terms_abstract_tfidf__analyzed,0.008645426123499425
terms_abstract_tfidf__analyzed using,0.006483943691773204
terms_abstract_tfidf__analyzing,-0.022452401542808094
terms_abstract_tfidf__anatomical,-0.10752947948448977
terms_abstract_tfidf__anatomically,-0.05910089795178959
terms_abstract_tfidf__anatomy,-0.14550902723868872
terms_abstract_tfidf__anger,-0.09723957654505791
terms_abstract_tfidf__angry,-0.08127368938368586
terms_abstract_tfidf__angular,0.023315473137487615
terms_abstract_tfidf__angular gyrus,0.029635225085879104
terms_abstract_tfidf__animal,0.019662220986074154
terms_abstract_tfidf__animals,0.021457075547491097
terms_abstract_tfidf__anisotropy,0.02833449874046795
terms_abstract_tfidf__anisotropy fa,0.026645303833045243
terms_abstract_tfidf__anterior,0.1725772057943839
terms_abstract_tfidf__anterior cingulate,0.2272589604340236
terms_abstract_tfidf__anterior hippocampus,-0.042878601408107314
terms_abstract_tfidf__anterior insula,0.14995602864772786
terms_abstract_tfidf__anterior insular,0.06615815558436927
terms_abstract_tfidf__anterior intraparietal,-0.08168840401330524
terms_abstract_tfidf__anterior medial,0.05043726736018541
terms_abstract_tfidf__anterior posterior,0.01310684719480516
terms_abstract_tfidf__anterior prefrontal,0.19788953617064076
terms_abstract_tfidf__anterior superior,-0.2214916515511931
terms_abstract_tfidf__anterior temporal,-0.20174256054283876
terms_abstract_tfidf__anti,0.008965813351302658
terms_abstract_tfidf__anticipation,0.25086917316726787
terms_abstract_tfidf__anticipatory,0.13552768522478956
terms_abstract_tfidf__anxiety,0.057323895179022345
terms_abstract_tfidf__anxiety disorders,-0.0010551141737782132
terms_abstract_tfidf__apart,-0.09197789551475263
terms_abstract_tfidf__aphasia,-0.14712429967467058
terms_abstract_tfidf__apparent,-0.06286607596622105
terms_abstract_tfidf__appear,-0.02882372591148164
terms_abstract_tfidf__appeared,-0.01803139408459408
terms_abstract_tfidf__appears,-0.0316195533297127
terms_abstract_tfidf__application,0.067965464401534
terms_abstract_tfidf__applied,-0.08525217873879641
terms_abstract_tfidf__apply,0.04312979600594223
terms_abstract_tfidf__applying,-0.011482262554260924
terms_abstract_tfidf__appraisal,0.059654287297814905
terms_abstract_tfidf__approach,-0.051561224772179795
terms_abstract_tfidf__approaches,0.03689431093772815
terms_abstract_tfidf__appropriate,-0.0024795774114171024
terms_abstract_tfidf__approximately,-0.07197603541358125
terms_abstract_tfidf__architecture,0.05606426610500336
terms_abstract_tfidf__argue,-0.10598981457898372
terms_abstract_tfidf__arise,-0.008158566234199034
terms_abstract_tfidf__arithmetic,0.1089525472394807
terms_abstract_tfidf__arm,-0.23540902634627128
terms_abstract_tfidf__arousal,0.0013411009523342002
terms_abstract_tfidf__arterial,0.037582385213962476
terms_abstract_tfidf__arterial spin,0.032816473294119144
terms_abstract_tfidf__articulatory,-0.08030941217471299
terms_abstract_tfidf__asd,-0.03651713396041953
terms_abstract_tfidf__asked,0.013651757265734863
terms_abstract_tfidf__aspect,0.033383741456723764
terms_abstract_tfidf__aspects,-0.09432934030283018
terms_abstract_tfidf__assess,0.05109476074796374
terms_abstract_tfidf__assessed,0.012467421204984869
terms_abstract_tfidf__assessed using,0.012332384034978721
terms_abstract_tfidf__assessing,0.04784021771874016
terms_abstract_tfidf__assessment,0.09431943546412644
terms_abstract_tfidf__assessments,0.006287152276909836
terms_abstract_tfidf__assigned,0.03630460872140387
terms_abstract_tfidf__association,0.005146510646629472
terms_abstract_tfidf__associations,0.10856821350557545
terms_abstract_tfidf__associative,0.032535638523017114
terms_abstract_tfidf__assume,-0.060635945529717614
terms_abstract_tfidf__assumed,-0.044530979611342225
terms_abstract_tfidf__assumption,-0.02999361768712511
terms_abstract_tfidf__asymmetry,-0.11877428857057022
terms_abstract_tfidf__atrophy,-0.06474080873548177
terms_abstract_tfidf__attempt,0.07536671388205204
terms_abstract_tfidf__attempted,-0.011384068196136837
terms_abstract_tfidf__attend,-0.07569765589672757
terms_abstract_tfidf__attended,-0.10548655384528807
terms_abstract_tfidf__attending,-0.024070716245283237
terms_abstract_tfidf__attention,0.05095560671787261
terms_abstract_tfidf__attention deficit,0.1100321257986927
terms_abstract_tfidf__attention network,0.01119409364224572
terms_abstract_tfidf__attention task,0.0861159581369035
terms_abstract_tfidf__attentional,0.07909946813869632
terms_abstract_tfidf__attentional control,0.07463736064194301
terms_abstract_tfidf__attenuated,0.11000852912856354
terms_abstract_tfidf__attenuation,-0.0009322032558142472
terms_abstract_tfidf__attributed,0.03533084003204018
terms_abstract_tfidf__attributes,-0.1135833254216698
terms_abstract_tfidf__attribution,-0.025538663949140363
terms_abstract_tfidf__atypical,0.03723424354954711
terms_abstract_tfidf__audiovisual,-0.2303351190920352
terms_abstract_tfidf__auditory,-0.23100843204284452
terms_abstract_tfidf__auditory cortex,-0.2525562402384768
terms_abstract_tfidf__auditory stimuli,-0.19691372226539083
terms_abstract_tfidf__auditory visual,-0.17275587347805824
terms_abstract_tfidf__autism,-0.07167655956448009
terms_abstract_tfidf__autism spectrum,-0.0767485030206519
terms_abstract_tfidf__autobiographical,0.051117652498147356
terms_abstract_tfidf__autobiographical memory,0.07819231394278416
terms_abstract_tfidf__automated,-0.08061984380808895
terms_abstract_tfidf__automatic,-0.05355831099947929
terms_abstract_tfidf__automatically,-0.14164108542736323
terms_abstract_tfidf__autonomic,0.03764834124987024
terms_abstract_tfidf__available,0.007147146048617132
terms_abstract_tfidf__average,-0.07329926062773838
terms_abstract_tfidf__aversive,0.08853202436012006
terms_abstract_tfidf__avoid,0.03189707006397173
terms_abstract_tfidf__avoidance,0.14171746220863576
terms_abstract_tfidf__awareness,-0.013263856595724328
terms_abstract_tfidf__away,0.01966311245157997
terms_abstract_tfidf__axis,-0.0934085467886704
terms_abstract_tfidf__ba,-0.007589355520977273
terms_abstract_tfidf__ba 44,-0.03132623365115538
terms_abstract_tfidf__background,0.12994396680315656
terms_abstract_tfidf__balance,-0.039567065181932225
terms_abstract_tfidf__band,-0.13756161210226242
terms_abstract_tfidf__bands,-0.06395929190929867
terms_abstract_tfidf__basal,0.17764560061180937
terms_abstract_tfidf__basal ganglia,0.17601293216043604
terms_abstract_tfidf__baseline,0.06162953724422793
terms_abstract_tfidf__bases,0.009837213051706
terms_abstract_tfidf__basic,-0.13208953477326915
terms_abstract_tfidf__basis,0.05265324167819052
terms_abstract_tfidf__bayesian,0.0024742639798612863
terms_abstract_tfidf__beginning,-0.0028923311390715066
terms_abstract_tfidf__behavior,0.27909076531077753
terms_abstract_tfidf__behavioral,0.20038439192068777
terms_abstract_tfidf__behavioral evidence,-0.013699555810118287
terms_abstract_tfidf__behavioral level,0.1307110448066345
terms_abstract_tfidf__behavioral measures,0.05709133737346267
terms_abstract_tfidf__behavioral performance,0.09544604484271035
terms_abstract_tfidf__behavioral responses,0.08666514982235193
terms_abstract_tfidf__behaviorally,0.07964916310005782
terms_abstract_tfidf__behaviors,0.1940894434919321
terms_abstract_tfidf__behaviour,0.08777938498519718
terms_abstract_tfidf__behavioural,-0.056148744283592546
terms_abstract_tfidf__belief,0.011996814018248172
terms_abstract_tfidf__beliefs,0.05650288243549584
terms_abstract_tfidf__believed,0.015045883911247676
terms_abstract_tfidf__beneficial,0.07103108306466195
terms_abstract_tfidf__benefit,-0.018971183206191067
terms_abstract_tfidf__benefits,0.014330851962061715
terms_abstract_tfidf__best,-0.032168168288436515
terms_abstract_tfidf__beta,-0.0886254778875288
terms_abstract_tfidf__better,0.0997353646742818
terms_abstract_tfidf__better understanding,0.04285124185631956
terms_abstract_tfidf__bias,0.03543143776683176
terms_abstract_tfidf__biased,0.02605208695262569
terms_abstract_tfidf__biases,0.05315634299462849
terms_abstract_tfidf__bilaterally,-0.09158044367539332
terms_abstract_tfidf__bilinguals,-0.02051797378320242
terms_abstract_tfidf__binding,0.015057904607472942
terms_abstract_tfidf__biological,-0.0818087086166813
terms_abstract_tfidf__biomarker,-0.009838366980928284
terms_abstract_tfidf__biomarkers,0.05834332045184473
terms_abstract_tfidf__bipolar,0.12109015742020841
terms_abstract_tfidf__bipolar disorder,0.12535503622983438
terms_abstract_tfidf__blind,-0.06456127312143638
terms_abstract_tfidf__block,0.018389220389600582
terms_abstract_tfidf__block design,0.027109906635542844
terms_abstract_tfidf__blocked,0.01712082198890008
terms_abstract_tfidf__blocks,-0.028502365649777678
terms_abstract_tfidf__blood,-0.018094992872513007
terms_abstract_tfidf__blood flow,-0.026518086187716214
terms_abstract_tfidf__blood oxygen,-0.038369597353431664
terms_abstract_tfidf__blood oxygenation,-0.001332885779893263
terms_abstract_tfidf__bodily,-0.13369654096939299
terms_abstract_tfidf__body,-0.1665161108521941
terms_abstract_tfidf__bold,-0.061546343183394574
terms_abstract_tfidf__bold response,-0.08429568455710447
terms_abstract_tfidf__bold responses,0.033078872809827464
terms_abstract_tfidf__bold signal,-0.04925567887465722
terms_abstract_tfidf__bold signals,0.044738676335551064
terms_abstract_tfidf__brains,-0.10826399487599621
terms_abstract_tfidf__brainstem,0.020614104199445458
terms_abstract_tfidf__brief,-0.06772470487992503
terms_abstract_tfidf__broad,0.15688039088338085
terms_abstract_tfidf__broader,0.010121771367733876
terms_abstract_tfidf__broca,-0.058470120187086215
terms_abstract_tfidf__brodmann,-0.01830769525844958
terms_abstract_tfidf__brodmann ba,-0.054442904710641206
terms_abstract_tfidf__button,0.04517042444883436
terms_abstract_tfidf__calculated,-0.03611845134156115
terms_abstract_tfidf__calculation,0.09809393450117929
terms_abstract_tfidf__called,-0.06607457553353863
terms_abstract_tfidf__callosum,-0.008005849225430737
terms_abstract_tfidf__candidate,-0.08525302442287194
terms_abstract_tfidf__canonical,0.06429263081972447
terms_abstract_tfidf__capacity,0.08251850916832937
terms_abstract_tfidf__capture,-0.040001076290181674
terms_abstract_tfidf__carried,0.030292993914547317
terms_abstract_tfidf__carriers,0.03555334185179369
terms_abstract_tfidf__case,-0.09960047564401862
terms_abstract_tfidf__cases,-0.08034095912090004
terms_abstract_tfidf__categorical,-0.0635500992328145
terms_abstract_tfidf__categories,-0.13093157730293273
terms_abstract_tfidf__categorization,-0.09069663743732044
terms_abstract_tfidf__category,-0.08635818920573858
terms_abstract_tfidf__caudal,-0.01818618597473135
terms_abstract_tfidf__caudate,0.28491261945415125
terms_abstract_tfidf__caudate nucleus,0.28313033039361407
terms_abstract_tfidf__causal,-0.03276720703196492
terms_abstract_tfidf__causal modeling,0.004488504643691947
terms_abstract_tfidf__causality,0.04384045950250305
terms_abstract_tfidf__cause,0.00896562260108853
terms_abstract_tfidf__caused,0.024567465000077674
terms_abstract_tfidf__causes,-0.02292159191160661
terms_abstract_tfidf__center,-0.07619622521915063
terms_abstract_tfidf__centered,-0.05805831075415481
terms_abstract_tfidf__central,-0.03412320003842199
terms_abstract_tfidf__central role,0.03519220696499342
terms_abstract_tfidf__cerebellar,0.014569492773769538
terms_abstract_tfidf__cerebellum,-0.020612148820523896
terms_abstract_tfidf__cerebral,-0.09349634927547734
terms_abstract_tfidf__cerebral blood,-0.023996324898093335
terms_abstract_tfidf__cerebral cortex,-0.0984680695421975
terms_abstract_tfidf__certain,0.07225294031273732
terms_abstract_tfidf__challenge,0.07026760070838005
terms_abstract_tfidf__challenges,-0.013693488846209871
terms_abstract_tfidf__challenging,-0.011094636802654306
terms_abstract_tfidf__change,-0.005171432686439355
terms_abstract_tfidf__changed,0.02090565242727334
terms_abstract_tfidf__changing,0.15011664790869025
terms_abstract_tfidf__character,0.08254265560675568
terms_abstract_tfidf__characteristic,0.060658930619828424
terms_abstract_tfidf__characteristics,-0.050366626517139315
terms_abstract_tfidf__characterization,-0.013385300269050038
terms_abstract_tfidf__characterize,0.0879115445553749
terms_abstract_tfidf__characterized,0.07446296182302083
terms_abstract_tfidf__characterizing,0.059983186734424515
terms_abstract_tfidf__characters,0.009975026516282333
terms_abstract_tfidf__childhood,-0.014721090459128597
terms_abstract_tfidf__children,0.03285217629244627
terms_abstract_tfidf__children adolescents,0.07460490290636379
terms_abstract_tfidf__chinese,0.011930963641814034
terms_abstract_tfidf__choice,0.253761913412862
terms_abstract_tfidf__choices,0.2576111790014716
terms_abstract_tfidf__choose,0.2023717303074362
terms_abstract_tfidf__chosen,0.046272676464833094
terms_abstract_tfidf__chronic,0.03434569196483552
terms_abstract_tfidf__chronic pain,0.088675319505839
terms_abstract_tfidf__cingulate,0.20386380172123722
terms_abstract_tfidf__cingulate cortex,0.19795240397478278
terms_abstract_tfidf__cingulate cortices,0.12084931482353092
terms_abstract_tfidf__cingulate gyrus,0.122610760343397
terms_abstract_tfidf__circuit,0.07774777264126684
terms_abstract_tfidf__circuitry,0.20990268243222024
terms_abstract_tfidf__circuits,0.12641794245962915
terms_abstract_tfidf__clarify,-0.04005089454725559
terms_abstract_tfidf__class,-0.11887090289186457
terms_abstract_tfidf__classic,0.006976667755606608
terms_abstract_tfidf__classical,-0.06989664750233342
terms_abstract_tfidf__classification,0.03019293064851857
terms_abstract_tfidf__classified,0.03365914410871267
terms_abstract_tfidf__clear,-0.03833667957633405
terms_abstract_tfidf__clearly,0.06636956574900872
terms_abstract_tfidf__clinical,-0.02803777434965377
terms_abstract_tfidf__clinically,0.031763852174616636
terms_abstract_tfidf__clips,-0.09039308866602973
terms_abstract_tfidf__close,-0.05027872303459971
terms_abstract_tfidf__closed,-0.0659817236606213
terms_abstract_tfidf__closely,-0.0547671990103663
terms_abstract_tfidf__cluster,-0.12908431954918193
terms_abstract_tfidf__clustering,0.03364719629409875
terms_abstract_tfidf__clusters,-0.09297657804555567
terms_abstract_tfidf__code,-0.0796156151277914
terms_abstract_tfidf__coding,-0.08883632557564067
terms_abstract_tfidf__cognition,0.09007117960979263
terms_abstract_tfidf__cognitive,0.21870380801963077
terms_abstract_tfidf__cognitive control,0.2931023046637887
terms_abstract_tfidf__cognitive deficits,0.04672100295435134
terms_abstract_tfidf__cognitive emotional,0.015020206149580807
terms_abstract_tfidf__cognitive function,0.034867540146235734
terms_abstract_tfidf__cognitive functions,0.028318629293063193
terms_abstract_tfidf__cognitive impairment,0.01412862940240523
terms_abstract_tfidf__cognitive neuroscience,-0.1269967053612843
terms_abstract_tfidf__cognitive performance,0.11915506301208345
terms_abstract_tfidf__cognitive processes,0.17131648818872536
terms_abstract_tfidf__cognitive task,0.03826295434516754
terms_abstract_tfidf__cognitive tasks,0.11443916808759129
terms_abstract_tfidf__cognitively,0.08646188369889303
terms_abstract_tfidf__coherence,-0.06429485176598561
terms_abstract_tfidf__coherent,-0.01971911580623235
terms_abstract_tfidf__cohort,-0.09980011875435212
terms_abstract_tfidf__collected,0.04398792304404815
terms_abstract_tfidf__collectively,0.03199069924965786
terms_abstract_tfidf__color,0.08396228564513765
terms_abstract_tfidf__combination,-0.07471668189036998
terms_abstract_tfidf__combinations,-0.06045175162899794
terms_abstract_tfidf__combined,-0.04589316367965965
terms_abstract_tfidf__combining,-0.07124845352704504
terms_abstract_tfidf__common,0.1383966592801875
terms_abstract_tfidf__commonly,-0.022027255855055137
terms_abstract_tfidf__communication,-0.16713299442725205
terms_abstract_tfidf__community,0.016015889060445855
terms_abstract_tfidf__comparable,-0.03545259685225868
terms_abstract_tfidf__compare,-0.027467026990788557
terms_abstract_tfidf__comparing,-0.06180084042958118
terms_abstract_tfidf__comparisons,0.09246349598272689
terms_abstract_tfidf__compatible,-0.1339123951351477
terms_abstract_tfidf__compensate,-0.030735059581680716
terms_abstract_tfidf__compensation,-0.03864198896513746
terms_abstract_tfidf__compensatory,0.06407312430654809
terms_abstract_tfidf__competing,0.11600004838733294
terms_abstract_tfidf__competition,0.056774812471784813
terms_abstract_tfidf__complementary,-0.09709416229766618
terms_abstract_tfidf__complete,-0.09973577263853588
terms_abstract_tfidf__completed,0.13111468403398657
terms_abstract_tfidf__completely,0.0009678503521129973
terms_abstract_tfidf__complex,-0.18353934637054264
terms_abstract_tfidf__complexity,-0.057383258480714204
terms_abstract_tfidf__component,0.06631860720622926
terms_abstract_tfidf__component ica,0.03783494664449359
terms_abstract_tfidf__components,0.0390721862692196
terms_abstract_tfidf__composed,-0.0723577743329736
terms_abstract_tfidf__comprehension,-0.13549171454749825
terms_abstract_tfidf__comprehensive,0.038690549846476546
terms_abstract_tfidf__comprised,0.04069773411942241
terms_abstract_tfidf__compromised,0.05714187807943232
terms_abstract_tfidf__compulsive,0.1631425512380904
terms_abstract_tfidf__compulsive disorder,0.13782825230695728
terms_abstract_tfidf__computation,0.055522425899308746
terms_abstract_tfidf__computational,0.009612699791907538
terms_abstract_tfidf__computed,0.040242501418328594
terms_abstract_tfidf__concentration,0.09444973079730669
terms_abstract_tfidf__concept,0.01723598587888026
terms_abstract_tfidf__concepts,-0.04184846882805307
terms_abstract_tfidf__conceptual,-0.10312682297745811
terms_abstract_tfidf__concerning,-0.00019210132156312814
terms_abstract_tfidf__conclude,-0.07793260649685342
terms_abstract_tfidf__conclusion,0.0337000504610409
terms_abstract_tfidf__concomitant,-0.11736305991418113
terms_abstract_tfidf__concrete,-0.024793202845600153
terms_abstract_tfidf__concurrent,-0.002302356567202204
terms_abstract_tfidf__concurrently,-0.0035686019382491388
terms_abstract_tfidf__condition,0.11984868297574476
terms_abstract_tfidf__conditioned,0.06531989899056999
terms_abstract_tfidf__conditioning,0.03780603272557433
terms_abstract_tfidf__conditions,0.01228455952062967
terms_abstract_tfidf__conductance,0.004952037241058801
terms_abstract_tfidf__conducted,0.07118362761229936
terms_abstract_tfidf__confidence,-0.019882199107530214
terms_abstract_tfidf__confirm,-0.037665192717460945
terms_abstract_tfidf__confirmed,-0.051785756342485396
terms_abstract_tfidf__conflict,0.2455471090945896
terms_abstract_tfidf__conflicting,0.07226421032027218
terms_abstract_tfidf__confounding,0.03490651782674159
terms_abstract_tfidf__congruency,-0.025488119872081643
terms_abstract_tfidf__congruent,-0.08600729548211102
terms_abstract_tfidf__congruent incongruent,-0.13817297808120263
terms_abstract_tfidf__conjunction,0.06899538585623585
terms_abstract_tfidf__connected,0.03113479294603132
terms_abstract_tfidf__connection,-0.011224984027962922
terms_abstract_tfidf__connections,-0.0529127343337974
terms_abstract_tfidf__connectivity,0.06832689548003403
terms_abstract_tfidf__connectivity amygdala,-0.04695702016593935
terms_abstract_tfidf__connectivity analyses,0.012337325955912252
terms_abstract_tfidf__connectivity anterior,0.006086235235670956
terms_abstract_tfidf__connectivity fc,0.032283677926719184
terms_abstract_tfidf__connectivity networks,0.08517620844885745
terms_abstract_tfidf__connectivity patterns,0.016486783114164336
terms_abstract_tfidf__connectivity posterior,-0.06221274891940055
terms_abstract_tfidf__connectivity rsfc,-0.04100151351322562
terms_abstract_tfidf__connectivity using,0.050647697055926574
terms_abstract_tfidf__conscious,0.12359255720131145
terms_abstract_tfidf__consciousness,0.014420345407652215
terms_abstract_tfidf__consecutive,-0.08995130898205049
terms_abstract_tfidf__consequence,0.030498301084797067
terms_abstract_tfidf__consequences,0.10060298929439346
terms_abstract_tfidf__consequently,-0.07316812021489218
terms_abstract_tfidf__consider,0.04301041081598159
terms_abstract_tfidf__considerable,-0.04033669717594162
terms_abstract_tfidf__considered,-0.07527386925172928
terms_abstract_tfidf__considering,0.03782964220671381
terms_abstract_tfidf__consisted,-0.02296860893983476
terms_abstract_tfidf__consistency,0.10974665299008154
terms_abstract_tfidf__consistently,0.019010000855073362
terms_abstract_tfidf__consisting,-0.0714168678528639
terms_abstract_tfidf__consists,-0.0033175780739556947
terms_abstract_tfidf__consolidation,-0.04625581832473514
terms_abstract_tfidf__constant,-0.024559713097540257
terms_abstract_tfidf__constitute,0.1044288693148081
terms_abstract_tfidf__constrained,0.0003728082089690648
terms_abstract_tfidf__constraints,-0.10327304925125859
terms_abstract_tfidf__construct,0.02997426586872426
terms_abstract_tfidf__constructed,0.05871221806607305
terms_abstract_tfidf__construction,-0.041259648515435
terms_abstract_tfidf__consumption,0.009388818788011502
terms_abstract_tfidf__contain,-0.0858183271391521
terms_abstract_tfidf__contained,-0.09822858567055007
terms_abstract_tfidf__containing,-0.1504356577813728
terms_abstract_tfidf__contains,-0.06725280493972659
terms_abstract_tfidf__content,-0.08256697418454922
terms_abstract_tfidf__contents,-0.019613373262229488
terms_abstract_tfidf__context,0.05003544295359615
terms_abstract_tfidf__contexts,0.03781255337375512
terms_abstract_tfidf__contextual,0.11695592099620124
terms_abstract_tfidf__contingent,0.057694664231098786
terms_abstract_tfidf__continuous,-0.03670412440700982
terms_abstract_tfidf__continuously,-0.08003801936717216
terms_abstract_tfidf__contralateral,-0.18055305623138032
terms_abstract_tfidf__contrary,-0.09120969177175889
terms_abstract_tfidf__contrast,-0.0066095952610224
terms_abstract_tfidf__contrasted,0.022726613725066198
terms_abstract_tfidf__contrasting,0.03391389369985413
terms_abstract_tfidf__contrasts,-0.035068888760201485
terms_abstract_tfidf__contribute,0.08591435959590622
terms_abstract_tfidf__contributed,0.05920442340455546
terms_abstract_tfidf__contributes,0.037578761096149785
terms_abstract_tfidf__contributing,0.037061260120775256
terms_abstract_tfidf__contribution,0.10387524890446553
terms_abstract_tfidf__contributions,0.1311849800044374
terms_abstract_tfidf__control,0.20942120570270215
terms_abstract_tfidf__control condition,0.09901371000843369
terms_abstract_tfidf__control conditions,-0.060844756334076974
terms_abstract_tfidf__control group,0.004819926138654623
terms_abstract_tfidf__control groups,-0.015043218641587128
terms_abstract_tfidf__control network,0.16914002621490376
terms_abstract_tfidf__control processes,0.20042090958022152
terms_abstract_tfidf__control task,0.0649142627136561
terms_abstract_tfidf__controlled,0.13567848611111633
terms_abstract_tfidf__controlling,-0.03912326480465122
terms_abstract_tfidf__controls,0.016479838500127568
terms_abstract_tfidf__controls hc,0.038258038734377005
terms_abstract_tfidf__controls hcs,-0.028858638039359025
terms_abstract_tfidf__controls using,-0.052779425199123854
terms_abstract_tfidf__controversial,-0.08008728912457769
terms_abstract_tfidf__conventional,-0.06299272734070013
terms_abstract_tfidf__convergence,-0.06390190374458994
terms_abstract_tfidf__converging,-0.10986580119909832
terms_abstract_tfidf__conversely,0.0468136451590282
terms_abstract_tfidf__conveyed,-0.1516026456792878
terms_abstract_tfidf__coordinates,-0.10498942659066807
terms_abstract_tfidf__coordination,-0.07125737957900859
terms_abstract_tfidf__core,0.006040811974487252
terms_abstract_tfidf__corpus,-0.010804674065845867
terms_abstract_tfidf__corpus callosum,-0.008005849225430737
terms_abstract_tfidf__correct,0.25973179969005056
terms_abstract_tfidf__corrected,-0.014530746335851528
terms_abstract_tfidf__correction,-0.040741478723000824
terms_abstract_tfidf__correctly,0.051285724719852675
terms_abstract_tfidf__correlate,0.048383888469343835
terms_abstract_tfidf__correlated,0.0691493674867996
terms_abstract_tfidf__correlated negatively,0.0509814571084932
terms_abstract_tfidf__correlated positively,0.07289307291980013
terms_abstract_tfidf__correlates,0.0983963551422835
terms_abstract_tfidf__correlating,-0.03828075648615165
terms_abstract_tfidf__correlation,0.002512173227298037
terms_abstract_tfidf__correlation analyses,0.0085646350337146
terms_abstract_tfidf__correlations,0.031047880186903194
terms_abstract_tfidf__correspond,-0.10708179582923036
terms_abstract_tfidf__corresponded,-0.0035067064487537027
terms_abstract_tfidf__correspondence,-0.10893717306889127
terms_abstract_tfidf__corresponding,-0.11761863980642587
terms_abstract_tfidf__cortex acc,0.18103378438626294
terms_abstract_tfidf__cortex amygdala,0.03965477102313815
terms_abstract_tfidf__cortex anterior,0.09163401046912152
terms_abstract_tfidf__cortex ba,0.04959197420608427
terms_abstract_tfidf__cortex bilaterally,-0.04624638532680079
terms_abstract_tfidf__cortex cerebellum,-0.030660214000362018
terms_abstract_tfidf__cortex dacc,0.15886358100240736
terms_abstract_tfidf__cortex dlpfc,0.24745716294725606
terms_abstract_tfidf__cortex dmpfc,0.08651089078939357
terms_abstract_tfidf__cortex dorsal,0.03852452411876907
terms_abstract_tfidf__cortex dorsolateral,0.11788923157570262
terms_abstract_tfidf__cortex frontal,0.040380476629116646
terms_abstract_tfidf__cortex hippocampus,-0.0275822492067116
terms_abstract_tfidf__cortex inferior,0.09060765014072984
terms_abstract_tfidf__cortex insula,0.04947561327975942
terms_abstract_tfidf__cortex involved,0.0011832531051254186
terms_abstract_tfidf__cortex lateral,-0.014905810949133081
terms_abstract_tfidf__cortex m1,-0.15297751057849773
terms_abstract_tfidf__cortex medial,0.10666962519296971
terms_abstract_tfidf__cortex middle,0.05608933284528426
terms_abstract_tfidf__cortex mpfc,0.08647061780652943
terms_abstract_tfidf__cortex ofc,0.07444678996124166
terms_abstract_tfidf__cortex parietal,0.07152307712308355
terms_abstract_tfidf__cortex pcc,0.07769489251171031
terms_abstract_tfidf__cortex pfc,0.19812875015196266
terms_abstract_tfidf__cortex posterior,-0.012844116926190606
terms_abstract_tfidf__cortex ppc,-0.02385349448756795
terms_abstract_tfidf__cortex precuneus,0.033972682008491795
terms_abstract_tfidf__cortex suggest,-0.017883332555935952
terms_abstract_tfidf__cortex superior,-0.0959955785847171
terms_abstract_tfidf__cortex supplementary,-0.05925474964521589
terms_abstract_tfidf__cortex thalamus,0.186072777637587
terms_abstract_tfidf__cortex ventral,0.08365516867678853
terms_abstract_tfidf__cortex vlpfc,0.04012888220665153
terms_abstract_tfidf__cortex vmpfc,0.0950357535171126
terms_abstract_tfidf__cortical,-0.15798293044013603
terms_abstract_tfidf__cortical involved,-0.08948895905550557
terms_abstract_tfidf__cortical network,-0.0425567660143875
terms_abstract_tfidf__cortical networks,0.01673502896399576
terms_abstract_tfidf__cortical subcortical,0.11136389901799036
terms_abstract_tfidf__cortical thickness,-0.18523851298918126
terms_abstract_tfidf__cortices,-0.07799121275874842
terms_abstract_tfidf__cortico,0.15638644827030604
terms_abstract_tfidf__cost,0.0670201144772712
terms_abstract_tfidf__costs,0.08609514785688965
terms_abstract_tfidf__coupled,0.004524883111707189
terms_abstract_tfidf__coupling,-0.013474012299087863
terms_abstract_tfidf__course,-0.040414095223693595
terms_abstract_tfidf__courses,-0.023567576406086723
terms_abstract_tfidf__covariance,0.0378230841177335
terms_abstract_tfidf__covaried,0.04665440773427864
terms_abstract_tfidf__covert,-0.1366357194705651
terms_abstract_tfidf__craving,0.056739428129618144
terms_abstract_tfidf__created,-0.06557596047272546
terms_abstract_tfidf__criteria,0.07167518200671706
terms_abstract_tfidf__critical,0.094035575126168
terms_abstract_tfidf__critical role,0.020649950714720897
terms_abstract_tfidf__critically,0.01639402875067786
terms_abstract_tfidf__cross,-0.09525952430202067
terms_abstract_tfidf__cross modal,-0.16722281977499487
terms_abstract_tfidf__cross sectional,-0.01582370249051378
terms_abstract_tfidf__crossover,-0.0071911509958808234
terms_abstract_tfidf__crucial,0.03483276922016282
terms_abstract_tfidf__crucial role,0.0958732350983438
terms_abstract_tfidf__crucially,-0.08114270973902911
terms_abstract_tfidf__crus,0.0051405163254690436
terms_abstract_tfidf__cue,0.17704582597535962
terms_abstract_tfidf__cued,0.0810103231101683
terms_abstract_tfidf__cues,0.05665963902145325
terms_abstract_tfidf__cuneus,0.0419843459792788
terms_abstract_tfidf__current,0.10885678744950564
terms_abstract_tfidf__current functional,0.08589299053703013
terms_abstract_tfidf__currently,-0.034139679250071345
terms_abstract_tfidf__dacc,0.19819245088694648
terms_abstract_tfidf__daily,0.07631239293613012
terms_abstract_tfidf__daily life,0.042641039091636815
terms_abstract_tfidf__damage,-0.12712606435214718
terms_abstract_tfidf__dataset,0.04484548705660671
terms_abstract_tfidf__datasets,-0.05195768319699175
terms_abstract_tfidf__date,-0.04217177039947642
terms_abstract_tfidf__day,-0.03323739327807463
terms_abstract_tfidf__days,-0.04243189565115585
terms_abstract_tfidf__deactivated,0.028564203266272594
terms_abstract_tfidf__deactivation,0.06843438381517719
terms_abstract_tfidf__deactivations,0.007651929481363021
terms_abstract_tfidf__debate,-0.00922226885547402
terms_abstract_tfidf__debated,-0.025292194668505817
terms_abstract_tfidf__decision,0.25021305733453936
terms_abstract_tfidf__decision making,0.2962129535410426
terms_abstract_tfidf__decision task,-0.07098030429123409
terms_abstract_tfidf__decisions,0.22168320382687876
terms_abstract_tfidf__decline,0.0445470768096721
terms_abstract_tfidf__declines,0.004773161480744988
terms_abstract_tfidf__decoding,-0.21453379150208968
terms_abstract_tfidf__decreases,0.005544799754620314
terms_abstract_tfidf__decreasing,0.021863992144980623
terms_abstract_tfidf__deep,-0.01352115145962836
terms_abstract_tfidf__default,0.08109000508796957
terms_abstract_tfidf__default mode,0.08464540993051936
terms_abstract_tfidf__default network,0.045050105188267166
terms_abstract_tfidf__deficient,0.07443065749667126
terms_abstract_tfidf__deficit,0.016380007214129116
terms_abstract_tfidf__deficit hyperactivity,0.10644698883996638
terms_abstract_tfidf__deficits,-0.006251019014015953
terms_abstract_tfidf__define,0.02711574831486248
terms_abstract_tfidf__defined,-0.08381380855785382
terms_abstract_tfidf__degree,-0.04130467650425228
terms_abstract_tfidf__degrees,0.01036952284491047
terms_abstract_tfidf__delay,0.18745003830299858
terms_abstract_tfidf__delayed,0.09937059823662106
terms_abstract_tfidf__delivered,-0.030903248411233406
terms_abstract_tfidf__demand,0.08079228848597256
terms_abstract_tfidf__demanding,0.15629839465275078
terms_abstract_tfidf__demands,0.13530633244909068
terms_abstract_tfidf__dementia,-0.09964419750246141
terms_abstract_tfidf__demonstrate,-0.01568696190907237
terms_abstract_tfidf__demonstrated,0.12461526884490633
terms_abstract_tfidf__demonstrates,-0.01713153311576298
terms_abstract_tfidf__demonstrating,0.03132715946062573
terms_abstract_tfidf__density,-0.04672743370519119
terms_abstract_tfidf__depend,0.10528571093846933
terms_abstract_tfidf__depended,-0.08503282535927394
terms_abstract_tfidf__dependence,0.08974196816237011
terms_abstract_tfidf__depending,-0.025543056077663082
terms_abstract_tfidf__depends,-0.017971446427034313
terms_abstract_tfidf__depicting,-0.028916897495530853
terms_abstract_tfidf__depressed,0.08267587057464254
terms_abstract_tfidf__depression,0.05102977866593815
terms_abstract_tfidf__depressive,0.04092222565384047
terms_abstract_tfidf__depressive disorder,0.02865612597806665
terms_abstract_tfidf__deprivation,-0.03032188202485305
terms_abstract_tfidf__depth,-0.08739341076392701
terms_abstract_tfidf__derived,-0.007348490393237864
terms_abstract_tfidf__described,-0.02772900622939949
terms_abstract_tfidf__describing,-0.08868910930104705
terms_abstract_tfidf__design,-0.030931310576051984
terms_abstract_tfidf__designed,-0.01646286212619299
terms_abstract_tfidf__designs,-0.04405105506214005
terms_abstract_tfidf__despite,0.01961826370781866
terms_abstract_tfidf__detailed,-0.026052641390068288
terms_abstract_tfidf__details,-0.010659398440743045
terms_abstract_tfidf__detect,0.026913661011984148
terms_abstract_tfidf__detected,-0.056025358705584775
terms_abstract_tfidf__detecting,0.04589928445199655
terms_abstract_tfidf__detection,-0.07456693782692587
terms_abstract_tfidf__detection task,-0.03034941562658985
terms_abstract_tfidf__determine,-0.11345218330061806
terms_abstract_tfidf__determined,0.023054291463971376
terms_abstract_tfidf__determining,0.04018264535650403
terms_abstract_tfidf__develop,-0.02757477666475448
terms_abstract_tfidf__developed,0.045211549516478454
terms_abstract_tfidf__developing,-0.012219921004637207
terms_abstract_tfidf__development,0.031946796105606516
terms_abstract_tfidf__developmental,0.051993116402413796
terms_abstract_tfidf__diagnosed,-0.03148074642564503
terms_abstract_tfidf__diagnosis,-0.006180099503144788
terms_abstract_tfidf__diagnostic,0.06282253844221918
terms_abstract_tfidf__did,-0.010204782626622493
terms_abstract_tfidf__did differ,0.04705161583654663
terms_abstract_tfidf__differ,0.0230065824902165
terms_abstract_tfidf__differed,0.029112959793048836
terms_abstract_tfidf__difference,-0.04111991532945776
terms_abstract_tfidf__differential,0.08399107748917395
terms_abstract_tfidf__differentially,0.1155726975536014
terms_abstract_tfidf__differentiate,0.052174781942502385
terms_abstract_tfidf__differentiated,0.026733595950682823
terms_abstract_tfidf__differentiation,0.0056377835435719855
terms_abstract_tfidf__differently,-0.010498784621680734
terms_abstract_tfidf__differing,-0.006195663188787209
terms_abstract_tfidf__differs,0.011316238424263969
terms_abstract_tfidf__difficult,0.03485128946899435
terms_abstract_tfidf__difficulties,-0.028072955922030077
terms_abstract_tfidf__difficulty,0.11782837870997143
terms_abstract_tfidf__diffusion,-0.009250062490637471
terms_abstract_tfidf__diffusion tensor,-0.0013989427914785964
terms_abstract_tfidf__digit,-0.0004309614326281567
terms_abstract_tfidf__dimension,0.05487450935713071
terms_abstract_tfidf__dimensional,-0.0619874547970696
terms_abstract_tfidf__dimensions,0.036862514389812515
terms_abstract_tfidf__diminished,0.05097662149656263
terms_abstract_tfidf__direct,-0.026322540718154874
terms_abstract_tfidf__direct evidence,0.01992855220390618
terms_abstract_tfidf__directed,0.05765840979976454
terms_abstract_tfidf__direction,-0.09060296937630558
terms_abstract_tfidf__directions,-0.1331211346595145
terms_abstract_tfidf__directly,0.008697921500152382
terms_abstract_tfidf__disability,-0.013913198953902977
terms_abstract_tfidf__discrete,0.03734676047064252
terms_abstract_tfidf__discriminate,0.05101465659183746
terms_abstract_tfidf__discriminated,-0.060855152622266685
terms_abstract_tfidf__discrimination,-0.07919717642701227
terms_abstract_tfidf__discrimination task,-0.01620102428156421
terms_abstract_tfidf__discriminative,-0.08468608160769493
terms_abstract_tfidf__discuss,-0.1013393948086406
terms_abstract_tfidf__discussed,-0.046811854635698
terms_abstract_tfidf__discussion,-0.04019934947834221
terms_abstract_tfidf__disease,0.015774480083728528
terms_abstract_tfidf__disease ad,-0.051439619006892416
terms_abstract_tfidf__disease pd,0.04430140196413432
terms_abstract_tfidf__diseases,0.019544067523321502
terms_abstract_tfidf__disentangle,0.0618086267575135
terms_abstract_tfidf__disgust,-0.012756006462554119
terms_abstract_tfidf__disorder,0.09373422717695357
terms_abstract_tfidf__disorder adhd,0.10627145191369804
terms_abstract_tfidf__disorder mdd,0.012852418203125097
terms_abstract_tfidf__disorder ocd,0.12641779093606034
terms_abstract_tfidf__disorder ptsd,0.007926160161613042
terms_abstract_tfidf__disorders,0.07384008315921717
terms_abstract_tfidf__display,0.026369470900531735
terms_abstract_tfidf__displayed,0.06183026653696912
terms_abstract_tfidf__displays,-0.03995957380997058
terms_abstract_tfidf__disrupted,0.02659307837095162
terms_abstract_tfidf__disruption,0.037951976852197415
terms_abstract_tfidf__dissociable,0.14583377699094377
terms_abstract_tfidf__dissociate,0.05620345260441716
terms_abstract_tfidf__dissociated,0.03803467188761632
terms_abstract_tfidf__dissociation,-0.027729181079994603
terms_abstract_tfidf__distance,0.01767602294263089
terms_abstract_tfidf__distinction,-0.1517673075971779
terms_abstract_tfidf__distinguish,0.07640782134779155
terms_abstract_tfidf__distinguished,0.05014815693558854
terms_abstract_tfidf__distraction,0.051424360773556256
terms_abstract_tfidf__distractor,0.07584736244914304
terms_abstract_tfidf__distractors,0.06109708746315716
terms_abstract_tfidf__distress,0.017394001104527237
terms_abstract_tfidf__distributed,0.042459412512648495
terms_abstract_tfidf__distributed network,0.011019417070421618
terms_abstract_tfidf__distribution,-0.12241675179285905
terms_abstract_tfidf__disturbances,0.018830623835259817
terms_abstract_tfidf__disturbed,0.09077869138197404
terms_abstract_tfidf__divergent,0.005370863995906818
terms_abstract_tfidf__diverse,0.016229937954277195
terms_abstract_tfidf__divided,0.025428506625402098
terms_abstract_tfidf__dlpfc,0.2488009263920319
terms_abstract_tfidf__dmn,0.06264859614974655
terms_abstract_tfidf__dmpfc,0.0688086903395537
terms_abstract_tfidf__documented,-0.03404561703490965
terms_abstract_tfidf__does,-0.05973805323068389
terms_abstract_tfidf__domain,0.02739545388736805
terms_abstract_tfidf__domain general,0.050094265499449626
terms_abstract_tfidf__domains,0.11223126742356893
terms_abstract_tfidf__dominance,-0.11596635706644626
terms_abstract_tfidf__dominant,-0.07886647372073527
terms_abstract_tfidf__dopamine,0.2616646587366157
terms_abstract_tfidf__dopaminergic,0.18569210894321464
terms_abstract_tfidf__dorsal,0.10036292180508637
terms_abstract_tfidf__dorsal anterior,0.18948645801896372
terms_abstract_tfidf__dorsal attention,0.02079900025260115
terms_abstract_tfidf__dorsal medial,0.03254351895947745
terms_abstract_tfidf__dorsal premotor,-0.13508105864082387
terms_abstract_tfidf__dorsal striatum,0.2510311802525181
terms_abstract_tfidf__dorsal ventral,0.009422433725600378
terms_abstract_tfidf__dorsolateral,0.2882201342967789
terms_abstract_tfidf__dorsolateral pfc,0.1300529224659821
terms_abstract_tfidf__dorsolateral prefrontal,0.2874646709499802
terms_abstract_tfidf__dorsomedial,0.10833414652725057
terms_abstract_tfidf__dorsomedial prefrontal,0.09271780309196229
terms_abstract_tfidf__dose,0.09009694173488576
terms_abstract_tfidf__dot,-0.03924105383550786
terms_abstract_tfidf__double,0.08073347156799829
terms_abstract_tfidf__double blind,0.0887877990946478
terms_abstract_tfidf__drive,0.06379881169961886
terms_abstract_tfidf__driven,0.07375984461215858
terms_abstract_tfidf__driving,0.03172033064244366
terms_abstract_tfidf__drug,0.16481335739241262
terms_abstract_tfidf__drugs,0.15030054359777895
terms_abstract_tfidf__dti,-0.013400306971334758
terms_abstract_tfidf__dual,-0.00634729450335554
terms_abstract_tfidf__duration,-0.011252339104411445
terms_abstract_tfidf__dynamic,-0.1067639114469465
terms_abstract_tfidf__dynamic causal,-0.0383497363288731
terms_abstract_tfidf__dynamically,0.10471942864400421
terms_abstract_tfidf__dynamics,0.028557040093381156
terms_abstract_tfidf__dysfunction,0.16559365540014925
terms_abstract_tfidf__dysfunctional,0.08200303944031156
terms_abstract_tfidf__dysfunctions,0.04247747327759768
terms_abstract_tfidf__dyslexia,-0.1194890176979517
terms_abstract_tfidf__dysregulation,0.05346673541135671
terms_abstract_tfidf__earlier,0.012392052468572822
terms_abstract_tfidf__early,-0.03662249719209163
terms_abstract_tfidf__early stage,0.09817808048334442
terms_abstract_tfidf__early stages,0.05130240899872205
terms_abstract_tfidf__early visual,-0.07278684139016024
terms_abstract_tfidf__easy,0.04117893004218316
terms_abstract_tfidf__eating,0.07339965843610878
terms_abstract_tfidf__echo,0.00994160816610967
terms_abstract_tfidf__economic,0.1445180598392263
terms_abstract_tfidf__education,-0.037340564150102645
terms_abstract_tfidf__eeg,-0.12408415787468706
terms_abstract_tfidf__effect,0.01524797729296218
terms_abstract_tfidf__effective,-0.004371870093529349
terms_abstract_tfidf__effective connectivity,0.05758073456978511
terms_abstract_tfidf__effectively,0.056416241713465376
terms_abstract_tfidf__effects,-0.0317967808162077
terms_abstract_tfidf__efficacy,0.06987478946352324
terms_abstract_tfidf__efficiency,0.0785012774796522
terms_abstract_tfidf__efficient,0.031164088827547985
terms_abstract_tfidf__effort,0.07284436678954462
terms_abstract_tfidf__effortful,0.049658926503442
terms_abstract_tfidf__eighteen,0.15049913555362004
terms_abstract_tfidf__elderly,-0.02053351309158359
terms_abstract_tfidf__electrical,-0.0872522382495463
terms_abstract_tfidf__electroencephalography,-0.08927996314922838
terms_abstract_tfidf__electroencephalography eeg,-0.09870030808036494
terms_abstract_tfidf__electrophysiological,-0.0703236197764928
terms_abstract_tfidf__elements,0.015198836566710191
terms_abstract_tfidf__elevated,-0.01563278761002478
terms_abstract_tfidf__elicit,0.026914039332230726
terms_abstract_tfidf__elicited,-0.043680221061647324
terms_abstract_tfidf__elicits,-0.04661478889877207
terms_abstract_tfidf__elucidate,0.03569034221842364
terms_abstract_tfidf__elucidated,0.011016501477732763
terms_abstract_tfidf__elusive,0.038180682893716636
terms_abstract_tfidf__embedded,-0.06864447066398606
terms_abstract_tfidf__emerge,-0.07564239702668171
terms_abstract_tfidf__emerged,-0.08057906143514901
terms_abstract_tfidf__emergence,-0.04683421132563273
terms_abstract_tfidf__emerging,-0.05446422465229194
terms_abstract_tfidf__emission,-0.00113082831540853
terms_abstract_tfidf__emission tomography,0.0048807868446645985
terms_abstract_tfidf__emotion,-0.026566450096294304
terms_abstract_tfidf__emotion regulation,0.05132483295184536
terms_abstract_tfidf__emotional,-0.004875593282088401
terms_abstract_tfidf__emotional faces,-0.02416339164369752
terms_abstract_tfidf__emotional information,-0.015780279587573286
terms_abstract_tfidf__emotional responses,0.022515520072616896
terms_abstract_tfidf__emotional stimuli,-0.01458665776209298
terms_abstract_tfidf__emotional valence,-0.06715551468626481
terms_abstract_tfidf__emotionally,-0.07238743139617479
terms_abstract_tfidf__emotions,-0.09775210215797174
terms_abstract_tfidf__empathic,-0.0041125997524051406
terms_abstract_tfidf__empathy,-0.036520754343472725
terms_abstract_tfidf__emphasize,0.003963450314806121
terms_abstract_tfidf__empirical,0.06887376588982551
terms_abstract_tfidf__employed,0.0899304116751672
terms_abstract_tfidf__employing,0.009750559354319578
terms_abstract_tfidf__enable,0.0898031331812631
terms_abstract_tfidf__enabled,-0.016626792226146908
terms_abstract_tfidf__enables,0.005327520236077739
terms_abstract_tfidf__encode,-0.10527494845345081
terms_abstract_tfidf__encoded,0.07578574657530097
terms_abstract_tfidf__encoding,0.02029172092157399
terms_abstract_tfidf__encoding retrieval,0.06902396826670708
terms_abstract_tfidf__encompassing,-0.030591954079755086
terms_abstract_tfidf__end,-0.020927930274232318
terms_abstract_tfidf__endogenous,0.06165216439004973
terms_abstract_tfidf__engage,0.06598579912591117
terms_abstract_tfidf__engaged,0.056001354240198545
terms_abstract_tfidf__engagement,0.12599553837895686
terms_abstract_tfidf__engages,-0.01958484107785981
terms_abstract_tfidf__engaging,0.008869145603049446
terms_abstract_tfidf__english,-0.06786383639351011
terms_abstract_tfidf__enhance,-0.11068063685686719
terms_abstract_tfidf__enhancement,-0.043802934334288245
terms_abstract_tfidf__enhances,-0.058046925238518815
terms_abstract_tfidf__enhancing,0.09160398733919382
terms_abstract_tfidf__entire,-0.006296156732637632
terms_abstract_tfidf__environment,-0.006918674283733906
terms_abstract_tfidf__environmental,-0.07182717114760946
terms_abstract_tfidf__environments,0.05571600943535625
terms_abstract_tfidf__epilepsy,-0.029194294394422744
terms_abstract_tfidf__episode,0.030230717193245
terms_abstract_tfidf__episodes,0.05398301678093213
terms_abstract_tfidf__episodic,0.07030294826850612
terms_abstract_tfidf__episodic memory,0.03762763620837864
terms_abstract_tfidf__equal,0.03273009773928982
terms_abstract_tfidf__equally,0.007484377043155708
terms_abstract_tfidf__equivalent,-0.07153313424725243
terms_abstract_tfidf__erp,-0.02521119451250074
terms_abstract_tfidf__error,0.26124210182176244
terms_abstract_tfidf__errors,0.263537760038422
terms_abstract_tfidf__especially,-0.0291325004979972
terms_abstract_tfidf__essential,0.01065872902076927
terms_abstract_tfidf__establish,0.07011067613593239
terms_abstract_tfidf__established,-0.02427692062664267
terms_abstract_tfidf__estimate,0.0004102226893777462
terms_abstract_tfidf__estimated,-0.036719426341922184
terms_abstract_tfidf__estimates,-0.01366615162392522
terms_abstract_tfidf__estimation,0.1275055655875235
terms_abstract_tfidf__et,0.03565806114556442
terms_abstract_tfidf__et al,0.024809560797983417
terms_abstract_tfidf__evaluate,-0.046897180154243524
terms_abstract_tfidf__evaluated,0.020263294253309704
terms_abstract_tfidf__evaluating,0.058684421937974095
terms_abstract_tfidf__evaluation,0.047514790554513284
terms_abstract_tfidf__evaluations,0.02791939179425083
terms_abstract_tfidf__event,0.10397017468012135
terms_abstract_tfidf__event design,-0.03755940222273654
terms_abstract_tfidf__event functional,0.15320208931535054
terms_abstract_tfidf__event potential,-0.0165913567760155
terms_abstract_tfidf__event potentials,-0.012791940398433512
terms_abstract_tfidf__events,0.13207703316592048
terms_abstract_tfidf__everyday,0.051033240446303724
terms_abstract_tfidf__everyday life,0.05235884204556674
terms_abstract_tfidf__evidence,-0.018120683799013455
terms_abstract_tfidf__evidence suggests,-0.07732313863675852
terms_abstract_tfidf__evidenced,-0.059166889732551325
terms_abstract_tfidf__evident,0.006378249003207576
terms_abstract_tfidf__evoke,-0.05968823990045245
terms_abstract_tfidf__evoked,-0.21156188200623624
terms_abstract_tfidf__evolution,-0.09106670848474442
terms_abstract_tfidf__exact,0.09764064749167738
terms_abstract_tfidf__examination,0.0963917543648054
terms_abstract_tfidf__examining,0.09155440466086312
terms_abstract_tfidf__example,0.014126563877443125
terms_abstract_tfidf__excessive,0.07378543880091866
terms_abstract_tfidf__exclusively,-0.02736345796775919
terms_abstract_tfidf__executed,-0.10995480086042403
terms_abstract_tfidf__execution,-0.0451487602890086
terms_abstract_tfidf__executive,0.26794180672096474
terms_abstract_tfidf__executive control,0.15714829182199042
terms_abstract_tfidf__executive function,0.17616521989898173
terms_abstract_tfidf__executive functions,0.1919240937551659
terms_abstract_tfidf__exert,0.008340155509465487
terms_abstract_tfidf__exhibit,0.06366075515633686
terms_abstract_tfidf__exhibited,0.09512761107964088
terms_abstract_tfidf__exhibited greater,0.0695114682550307
terms_abstract_tfidf__exhibiting,-0.03637345510874992
terms_abstract_tfidf__exist,0.018633207398690885
terms_abstract_tfidf__existence,-0.0696828603854437
terms_abstract_tfidf__existing,-0.01575778663620653
terms_abstract_tfidf__exists,0.03804816211160678
terms_abstract_tfidf__expectancy,0.14046802491793567
terms_abstract_tfidf__expectation,0.05114131731362428
terms_abstract_tfidf__expectations,0.020384787635636226
terms_abstract_tfidf__expected,0.059953767425924245
terms_abstract_tfidf__experience,-0.06472639954725186
terms_abstract_tfidf__experienced,0.02485446520554745
terms_abstract_tfidf__experiences,0.01179966356221343
terms_abstract_tfidf__experiencing,0.05081978557709262
terms_abstract_tfidf__experiment,-0.02086573384758655
terms_abstract_tfidf__experimental,0.01938572442766002
terms_abstract_tfidf__experimental conditions,-0.09318596587590912
terms_abstract_tfidf__experimentally,-0.029449013413359846
terms_abstract_tfidf__experiments,-0.10723796178357005
terms_abstract_tfidf__expertise,-0.11556856211155979
terms_abstract_tfidf__explain,0.06639498708182547
terms_abstract_tfidf__explained,-0.014064380693085412
terms_abstract_tfidf__explanation,0.03165734516284873
terms_abstract_tfidf__explicit,-0.03744986163873101
terms_abstract_tfidf__explicitly,0.07116890261792642
terms_abstract_tfidf__exploration,-0.0811451877013309
terms_abstract_tfidf__exploratory,0.0562019693378104
terms_abstract_tfidf__explore,-0.03196368814334448
terms_abstract_tfidf__explored,-0.052174712144448625
terms_abstract_tfidf__exploring,0.004039651355494641
terms_abstract_tfidf__exposed,-0.026907675902467253
terms_abstract_tfidf__exposure,-0.009636892758405825
terms_abstract_tfidf__expressed,-0.09883486619782145
terms_abstract_tfidf__expression,-0.09862279273144613
terms_abstract_tfidf__expressions,-0.10581449722017572
terms_abstract_tfidf__extend,-0.03564479887037563
terms_abstract_tfidf__extended,-0.04175728759136371
terms_abstract_tfidf__extending,-0.0962906886030461
terms_abstract_tfidf__extends,-0.11161719543390634
terms_abstract_tfidf__extension,-0.1345269099431465
terms_abstract_tfidf__extensive,-0.07462136159251273
terms_abstract_tfidf__extensively,-0.1027410669384633
terms_abstract_tfidf__extent,-0.014249749073287285
terms_abstract_tfidf__external,0.019523091150678025
terms_abstract_tfidf__externally,0.12353494912870873
terms_abstract_tfidf__extinction,0.046783968698044145
terms_abstract_tfidf__extra,-0.02203976153633497
terms_abstract_tfidf__extract,-0.12104095281303653
terms_abstract_tfidf__extracted,-0.08441908157089889
terms_abstract_tfidf__extrastriate,-0.06928868554211878
terms_abstract_tfidf__eye,-0.028528569909873708
terms_abstract_tfidf__eye field,0.016025471948683295
terms_abstract_tfidf__eye fields,0.023854840245613913
terms_abstract_tfidf__eye movement,-0.0214663641432713
terms_abstract_tfidf__eye movements,-0.06207782356086177
terms_abstract_tfidf__eyes,-0.10545138819154962
terms_abstract_tfidf__fa,0.017539618155875604
terms_abstract_tfidf__face,-0.12821796219678977
terms_abstract_tfidf__face ffa,-0.10426766058626874
terms_abstract_tfidf__face recognition,-0.12948789925096316
terms_abstract_tfidf__faces,-0.09062263590135813
terms_abstract_tfidf__facial,-0.12089151527985337
terms_abstract_tfidf__facial expression,-0.12470076322962159
terms_abstract_tfidf__facial expressions,-0.10863404719083274
terms_abstract_tfidf__facilitate,-0.06527100721833266
terms_abstract_tfidf__facilitated,-0.05823747114901906
terms_abstract_tfidf__facilitates,-0.01610656701877787
terms_abstract_tfidf__facilitation,0.0512219563012021
terms_abstract_tfidf__fact,0.012227989232588906
terms_abstract_tfidf__factor,0.026597214953057457
terms_abstract_tfidf__factorial,-0.1335809595310914
terms_abstract_tfidf__factorial design,-0.15319192052802222
terms_abstract_tfidf__factors,-0.04054547291243585
terms_abstract_tfidf__failed,0.08817448953295139
terms_abstract_tfidf__failure,0.12607417335245444
terms_abstract_tfidf__false,0.08348038979644899
terms_abstract_tfidf__familiar,-0.0303313618828598
terms_abstract_tfidf__familiarity,-0.053189879011053494
terms_abstract_tfidf__family,0.09766358447246104
terms_abstract_tfidf__far,0.01672007815236232
terms_abstract_tfidf__fasciculus,-0.03222438826424232
terms_abstract_tfidf__fashion,0.015353143388300475
terms_abstract_tfidf__fast,-0.05611971890647176
terms_abstract_tfidf__faster,0.012726273913646368
terms_abstract_tfidf__fc,0.02322860624009754
terms_abstract_tfidf__fear,-0.012979833158833219
terms_abstract_tfidf__fearful,-0.0978194536313648
terms_abstract_tfidf__fearful faces,-0.10934836490287075
terms_abstract_tfidf__feature,-0.017162824403669813
terms_abstract_tfidf__features,-0.14054585979708753
terms_abstract_tfidf__feedback,0.11873270842259391
terms_abstract_tfidf__feeling,-0.05960908515120345
terms_abstract_tfidf__feelings,-0.028469402093336746
terms_abstract_tfidf__female,0.021834456181475097
terms_abstract_tfidf__females,0.057290683587212864
terms_abstract_tfidf__fewer,0.07875752580831949
terms_abstract_tfidf__ffa,-0.09318812006567609
terms_abstract_tfidf__fiber,-0.03385389078958917
terms_abstract_tfidf__field,-0.0491115656818838
terms_abstract_tfidf__fields,-0.06004406052323801
terms_abstract_tfidf__final,0.04132930149588559
terms_abstract_tfidf__finally,-0.05067720110615111
terms_abstract_tfidf__fine,-0.11221736676201433
terms_abstract_tfidf__finger,-0.08632669902686733
terms_abstract_tfidf__finger movements,-0.050024249785828936
terms_abstract_tfidf__finger tapping,-0.03622229499201408
terms_abstract_tfidf__fixation,-0.024807807599803194
terms_abstract_tfidf__fixed,-0.022248697826880753
terms_abstract_tfidf__flexibility,0.14235148152484633
terms_abstract_tfidf__flexible,0.16850894514115994
terms_abstract_tfidf__flexibly,0.08431532781025602
terms_abstract_tfidf__flow,-0.03598134171992657
terms_abstract_tfidf__fluctuation,0.03213719897646577
terms_abstract_tfidf__fluctuations,0.005841417283828272
terms_abstract_tfidf__fluency,0.03596405812385482
terms_abstract_tfidf__focal,-0.0634296261255342
terms_abstract_tfidf__foci,-0.14767744265133795
terms_abstract_tfidf__focus,0.014758363877235253
terms_abstract_tfidf__focused,0.09184375267078802
terms_abstract_tfidf__focusing,-0.005221195412739762
terms_abstract_tfidf__follow,0.012346041745594378
terms_abstract_tfidf__followed,0.0003782341221969687
terms_abstract_tfidf__following,0.012974441535599207
terms_abstract_tfidf__food,0.10250559189980166
terms_abstract_tfidf__foot,-0.09564361447586302
terms_abstract_tfidf__force,-0.07302112704911884
terms_abstract_tfidf__form,-0.1084027970601548
terms_abstract_tfidf__formation,-0.01240139235941839
terms_abstract_tfidf__formed,-0.024565061569755846
terms_abstract_tfidf__forms,0.04270276801680925
terms_abstract_tfidf__forward,-0.12240285590079296
terms_abstract_tfidf__fourteen,-0.01730853553726275
terms_abstract_tfidf__fractional,0.017341320593760215
terms_abstract_tfidf__fractional anisotropy,0.03291196756169248
terms_abstract_tfidf__framework,0.05544914158434106
terms_abstract_tfidf__free,0.031829592997939554
terms_abstract_tfidf__frequencies,-0.12424878648708847
terms_abstract_tfidf__frequency,-0.15482338548115465
terms_abstract_tfidf__frequency fluctuations,-0.03897818650322184
terms_abstract_tfidf__frequent,-0.022521701519809017
terms_abstract_tfidf__frequently,0.12182061229125239
terms_abstract_tfidf__frontal,0.11349640369883748
terms_abstract_tfidf__frontal cortex,0.19458668905491777
terms_abstract_tfidf__frontal cortices,0.06971969722700849
terms_abstract_tfidf__frontal eye,0.011493465829222756
terms_abstract_tfidf__frontal gyri,0.02935829584697668
terms_abstract_tfidf__frontal gyrus,0.027663026847749603
terms_abstract_tfidf__frontal lobe,0.1045696925452142
terms_abstract_tfidf__frontal lobes,0.12639441706375013
terms_abstract_tfidf__frontal operculum,0.04385208643361913
terms_abstract_tfidf__frontal parietal,0.11773290325206978
terms_abstract_tfidf__frontal temporal,-0.06139912160419969
terms_abstract_tfidf__fronto,0.19646571216431194
terms_abstract_tfidf__fronto parietal,0.11746369571021348
terms_abstract_tfidf__fronto striatal,0.2828185241281428
terms_abstract_tfidf__fronto temporal,-0.08909610975998404
terms_abstract_tfidf__frontoparietal,0.1628054281966936
terms_abstract_tfidf__frontoparietal network,0.12125356747461183
terms_abstract_tfidf__frontopolar,0.1417576986411858
terms_abstract_tfidf__frontotemporal,-0.12597242447084037
terms_abstract_tfidf__fully,-0.056757040763157005
terms_abstract_tfidf__function,0.09561488839675118
terms_abstract_tfidf__functional abnormalities,0.0338229270815872
terms_abstract_tfidf__functional connections,0.0020881867982756853
terms_abstract_tfidf__functional connectivity,0.059483570814184504
terms_abstract_tfidf__functional coupling,0.03479654057954356
terms_abstract_tfidf__functional magnetic,0.07657902665355674
terms_abstract_tfidf__functional network,0.06436805358642153
terms_abstract_tfidf__functional networks,0.06625428455261413
terms_abstract_tfidf__functional neuroanatomy,-0.0850185890131457
terms_abstract_tfidf__functional organization,-0.008615949844006477
terms_abstract_tfidf__functional role,-0.06410446555545309
terms_abstract_tfidf__functional structural,0.008188513280801165
terms_abstract_tfidf__functionally,-0.02566852737694022
terms_abstract_tfidf__functionally connected,0.07232314892956286
terms_abstract_tfidf__functioning,0.0835811035115896
terms_abstract_tfidf__functions,0.08833040263659633
terms_abstract_tfidf__fundamental,0.015337736640780036
terms_abstract_tfidf__furthermore,0.026691064066539493
terms_abstract_tfidf__fusiform,-0.12542186196026006
terms_abstract_tfidf__fusiform face,-0.11008015303048829
terms_abstract_tfidf__fusiform gyri,-0.08304806926353986
terms_abstract_tfidf__fusiform gyrus,-0.11863783170516035
terms_abstract_tfidf__future,0.12781433464797073
terms_abstract_tfidf__gain,0.18704323105749235
terms_abstract_tfidf__gains,0.20929708385359494
terms_abstract_tfidf__gambling,0.16241402430547375
terms_abstract_tfidf__game,0.23616849302443074
terms_abstract_tfidf__gamma,-0.13222282900720858
terms_abstract_tfidf__ganglia,0.17794832369379152
terms_abstract_tfidf__gap,0.06127738123035846
terms_abstract_tfidf__gaze,-0.14961160598271817
terms_abstract_tfidf__gender,0.016642828966103113
terms_abstract_tfidf__gene,0.06760257078078898
terms_abstract_tfidf__general,0.10331218805092975
terms_abstract_tfidf__general linear,-0.10544607759696517
terms_abstract_tfidf__generalized,0.1052744033868929
terms_abstract_tfidf__generally,-0.0004600168626326441
terms_abstract_tfidf__generate,0.02760857210740548
terms_abstract_tfidf__generated,-0.022564022433922793
terms_abstract_tfidf__generating,0.00623597217989149
terms_abstract_tfidf__generation,0.001860009516552234
terms_abstract_tfidf__genes,-0.013011416625434657
terms_abstract_tfidf__genetic,0.07350204519687052
terms_abstract_tfidf__genetic risk,0.1064183411422357
terms_abstract_tfidf__genotype,0.08868622088411929
terms_abstract_tfidf__german,0.038918419403294956
terms_abstract_tfidf__gestures,-0.13881343479050437
terms_abstract_tfidf__given,0.1048032111662439
terms_abstract_tfidf__global,-0.0009636889587824163
terms_abstract_tfidf__globus,0.11390742478675515
terms_abstract_tfidf__globus pallidus,0.11413597467950475
terms_abstract_tfidf__gm,-0.07293423523772512
terms_abstract_tfidf__gm volume,-0.07193390420144426
terms_abstract_tfidf__goal,0.1367698643687685
terms_abstract_tfidf__goal directed,0.11496483331004312
terms_abstract_tfidf__goals,0.09718562779182259
terms_abstract_tfidf__good,-0.04589965914824972
terms_abstract_tfidf__gradient,0.05919600590156682
terms_abstract_tfidf__granger,0.06927867913913911
terms_abstract_tfidf__graph,0.04071476730616101
terms_abstract_tfidf__grasping,-0.1152142562687279
terms_abstract_tfidf__gray,-0.03977731253932692
terms_abstract_tfidf__gray matter,-0.05796672795770967
terms_abstract_tfidf__great,-0.025938826111725523
terms_abstract_tfidf__greater,0.07562511455254736
terms_abstract_tfidf__greater extent,-0.0047737493478975344
terms_abstract_tfidf__greatest,-0.0875497393573317
terms_abstract_tfidf__grey,-0.026937421702290455
terms_abstract_tfidf__grey matter,-0.03157890745771291
terms_abstract_tfidf__group,-0.017473846734542144
terms_abstract_tfidf__group comparisons,0.14169906872821797
terms_abstract_tfidf__group healthy,0.018786614924773962
terms_abstract_tfidf__group level,-0.05492866875724327
terms_abstract_tfidf__groups,0.034880111295422435
terms_abstract_tfidf__growing,0.06641366645029552
terms_abstract_tfidf__guide,-0.011163393877715191
terms_abstract_tfidf__guided,-0.023778290282222392
terms_abstract_tfidf__gyri,-0.1514719103442722
terms_abstract_tfidf__gyrus,-0.15034793392151713
terms_abstract_tfidf__gyrus anterior,-0.0362488386887127
terms_abstract_tfidf__gyrus ba,-0.012642118399949637
terms_abstract_tfidf__gyrus cerebellum,-0.05019463408252721
terms_abstract_tfidf__gyrus ifg,-0.0252994908299867
terms_abstract_tfidf__gyrus inferior,-0.04858083359898589
terms_abstract_tfidf__gyrus insula,0.02573942809324137
terms_abstract_tfidf__gyrus medial,0.05931542667918575
terms_abstract_tfidf__gyrus mfg,0.03343324266656535
terms_abstract_tfidf__gyrus middle,-0.03171183160749272
terms_abstract_tfidf__gyrus posterior,-0.017581030109887628
terms_abstract_tfidf__gyrus precuneus,0.02315759863889712
terms_abstract_tfidf__gyrus stg,-0.24258114214868734
terms_abstract_tfidf__gyrus superior,-0.18040175302715744
terms_abstract_tfidf__half,-0.06558593350655552
terms_abstract_tfidf__hand,-0.13512794375848766
terms_abstract_tfidf__hand movements,-0.15519839776462238
terms_abstract_tfidf__handed,-0.11027571385887083
terms_abstract_tfidf__handedness,-0.08311160713320437
terms_abstract_tfidf__hands,-0.11371566207577834
terms_abstract_tfidf__happy,-0.10779302458832905
terms_abstract_tfidf__happy faces,-0.11176691124709356
terms_abstract_tfidf__having,0.09222887807994003
terms_abstract_tfidf__hc,0.06192438320670095
terms_abstract_tfidf__hcs,-0.0031333896191829452
terms_abstract_tfidf__head,-0.0802346473069567
terms_abstract_tfidf__health,0.10708498515472673
terms_abstract_tfidf__healthy,0.05866402746685001
terms_abstract_tfidf__healthy adults,0.028544226647635305
terms_abstract_tfidf__healthy control,0.04527021790422815
terms_abstract_tfidf__healthy controls,0.04163545428779684
terms_abstract_tfidf__healthy handed,-0.12555564746561282
terms_abstract_tfidf__healthy human,0.09778646065540583
terms_abstract_tfidf__healthy individuals,0.045093416750124925
terms_abstract_tfidf__healthy male,-0.020611287051097466
terms_abstract_tfidf__healthy volunteers,0.005994549817358872
terms_abstract_tfidf__healthy young,0.06181147015970317
terms_abstract_tfidf__heard,-0.12300453513137687
terms_abstract_tfidf__hearing,-0.18702222966238038
terms_abstract_tfidf__heart,-0.026252856226400348
terms_abstract_tfidf__heart rate,-0.00608655655972418
terms_abstract_tfidf__heightened,0.04481301768851444
terms_abstract_tfidf__held,0.09064320874360245
terms_abstract_tfidf__help,0.0961570314400318
terms_abstract_tfidf__hemisphere,-0.18266264413805194
terms_abstract_tfidf__hemispheres,-0.14137120606605094
terms_abstract_tfidf__hemispheric,-0.10853935839710949
terms_abstract_tfidf__hemodynamic,-0.050724364166926925
terms_abstract_tfidf__hemodynamic response,-0.011176772957812267
terms_abstract_tfidf__hemodynamic responses,-0.08399413702659919
terms_abstract_tfidf__heschl,-0.2481929610102673
terms_abstract_tfidf__heschl gyrus,-0.24550162866636868
terms_abstract_tfidf__heterogeneity,0.023332686851413677
terms_abstract_tfidf__heterogeneous,-0.019600160165721452
terms_abstract_tfidf__hierarchical,-0.09822499904568607
terms_abstract_tfidf__hierarchy,-0.036031570654507454
terms_abstract_tfidf__high,0.03269624579427555
terms_abstract_tfidf__high frequency,-0.11560391147941454
terms_abstract_tfidf__high functioning,-0.03142564657218922
terms_abstract_tfidf__high level,0.002808933341244435
terms_abstract_tfidf__high low,0.038920905465914105
terms_abstract_tfidf__high resolution,-0.1223671713363807
terms_abstract_tfidf__high risk,0.08775124847265595
terms_abstract_tfidf__higher,0.054272664599473136
terms_abstract_tfidf__higher level,-0.10947774537786269
terms_abstract_tfidf__higher levels,-0.025331195015129367
terms_abstract_tfidf__higher order,-0.08793071844830921
terms_abstract_tfidf__highest,0.018063758278688096
terms_abstract_tfidf__highlight,-0.0349658672755759
terms_abstract_tfidf__highlighted,0.04774829114585151
terms_abstract_tfidf__highlights,-0.07886282825801673
terms_abstract_tfidf__highly,-0.05491508801940827
terms_abstract_tfidf__hippocampal,0.02303867848952493
terms_abstract_tfidf__hippocampus,0.04881747707945533
terms_abstract_tfidf__history,0.12614797786682197
terms_abstract_tfidf__hoc,-0.09172590851415417
terms_abstract_tfidf__homogeneity,-0.02179575533020967
terms_abstract_tfidf__homogeneity reho,-0.0210645758654127
terms_abstract_tfidf__hub,-0.0005356722131607863
terms_abstract_tfidf__hubs,0.012752837359582199
terms_abstract_tfidf__hum,-0.02043757667376228
terms_abstract_tfidf__hum mapp,-0.039792324155381364
terms_abstract_tfidf__human,-0.09675579442045719
terms_abstract_tfidf__humans,0.070362093271137
terms_abstract_tfidf__hyperactivation,0.0674920774851142
terms_abstract_tfidf__hyperactivity,0.09230540439965815
terms_abstract_tfidf__hyperactivity disorder,0.11098299950360915
terms_abstract_tfidf__hypoactivation,0.06315991811279498
terms_abstract_tfidf__hypothalamus,0.06737688132449776
terms_abstract_tfidf__hypotheses,0.0002551896646721878
terms_abstract_tfidf__hypothesize,-0.06731900862295997
terms_abstract_tfidf__hypothesized,0.00704989795555342
terms_abstract_tfidf__hz,-0.14647458674360408
terms_abstract_tfidf__ica,0.0349987244591133
terms_abstract_tfidf__idea,0.01818709442540204
terms_abstract_tfidf__identical,-0.08032399735764556
terms_abstract_tfidf__identification,-0.03885636675116569
terms_abstract_tfidf__identified,-0.05427570275610646
terms_abstract_tfidf__identify,-0.015872028446072012
terms_abstract_tfidf__identifying,0.008023416063335561
terms_abstract_tfidf__identity,-0.118390914618377
terms_abstract_tfidf__ifg,-0.015792058479689154
terms_abstract_tfidf__ii,-0.07280382547094352
terms_abstract_tfidf__iii,-0.08658793447798575
terms_abstract_tfidf__illness,0.03273012622858446
terms_abstract_tfidf__illusion,-0.15572689788518435
terms_abstract_tfidf__illustrate,0.02333255736754743
terms_abstract_tfidf__image,-0.15490295670956739
terms_abstract_tfidf__imagery,-0.10535028743653661
terms_abstract_tfidf__images,-0.018469174994981533
terms_abstract_tfidf__images acquired,0.021131962589476624
terms_abstract_tfidf__imagine,-0.0010689328489759521
terms_abstract_tfidf__imagined,-0.048960644240487086
terms_abstract_tfidf__imitation,-0.09066556770429395
terms_abstract_tfidf__immediate,0.08987148247328682
terms_abstract_tfidf__immediately,-0.0661499290991358
terms_abstract_tfidf__impact,0.050941145693007985
terms_abstract_tfidf__impacts,-0.0019257239040886488
terms_abstract_tfidf__impaired,0.0012483317396215707
terms_abstract_tfidf__impairment,-0.024881448064415376
terms_abstract_tfidf__impairments,-0.020078376160926194
terms_abstract_tfidf__implementation,0.18788908915034044
terms_abstract_tfidf__implemented,0.048539671677785376
terms_abstract_tfidf__implicate,0.02620079497479964
terms_abstract_tfidf__implicated,0.07287648185208143
terms_abstract_tfidf__implications,0.02993254926327657
terms_abstract_tfidf__implications understanding,-0.026503650962754755
terms_abstract_tfidf__implicit,-0.03422749889459737
terms_abstract_tfidf__imply,0.05472553068937693
terms_abstract_tfidf__importance,-0.018261024442861942
terms_abstract_tfidf__important,-0.0026546629370632823
terms_abstract_tfidf__important role,0.0016619451213112557
terms_abstract_tfidf__importantly,0.060761171181565675
terms_abstract_tfidf__improve,0.009525575646749785
terms_abstract_tfidf__improved,0.011817690380409482
terms_abstract_tfidf__improvement,-0.022770751204299278
terms_abstract_tfidf__improvements,-0.03552046181950582
terms_abstract_tfidf__improves,0.013224268339628156
terms_abstract_tfidf__impulsive,0.1827492206319596
terms_abstract_tfidf__impulsivity,0.2274071442126777
terms_abstract_tfidf__incentive,0.25191628619428613
terms_abstract_tfidf__incentive delay,0.24368790399123894
terms_abstract_tfidf__incidental,-0.019944096705225123
terms_abstract_tfidf__include,-0.018390169842175782
terms_abstract_tfidf__included,-0.0028060800480089808
terms_abstract_tfidf__includes,0.03044340818535973
terms_abstract_tfidf__incongruent,-0.07531811332103602
terms_abstract_tfidf__inconsistent,-0.0008120565916489406
terms_abstract_tfidf__incorrect,0.061924691826788905
terms_abstract_tfidf__increases,0.09863541162511066
terms_abstract_tfidf__increasing,0.0852517154500876
terms_abstract_tfidf__increasingly,-0.029662685008723242
terms_abstract_tfidf__independent,0.051695584410061696
terms_abstract_tfidf__independent component,0.03127606255774928
terms_abstract_tfidf__independently,-0.039023363822946515
terms_abstract_tfidf__index,-0.08529572526059555
terms_abstract_tfidf__index finger,-0.11764452920904424
terms_abstract_tfidf__indexed,0.02093455286208535
terms_abstract_tfidf__indicate,-0.013794324236114479
terms_abstract_tfidf__indicated,0.012923807778172815
terms_abstract_tfidf__indicates,-0.02298962147323166
terms_abstract_tfidf__indicating,0.020848302364602594
terms_abstract_tfidf__indices,-0.08025808596720374
terms_abstract_tfidf__indirect,0.022495393395415106
terms_abstract_tfidf__individual,0.014002392328723062
terms_abstract_tfidf__individual variability,0.03035700597025795
terms_abstract_tfidf__individually,0.03752501561931542
terms_abstract_tfidf__individuals,0.03139003896665274
terms_abstract_tfidf__induce,-0.021005861292716133
terms_abstract_tfidf__induced,-0.04414629593050376
terms_abstract_tfidf__induces,-0.08389167043101443
terms_abstract_tfidf__inducing,-0.009413455959031678
terms_abstract_tfidf__induction,-0.08558377195478366
terms_abstract_tfidf__infer,0.042886707298569006
terms_abstract_tfidf__inference,-0.09226743451187831
terms_abstract_tfidf__inferences,0.030714783994405668
terms_abstract_tfidf__inferior,-0.015143605318875979
terms_abstract_tfidf__inferior frontal,-0.008691600309842862
terms_abstract_tfidf__inferior middle,0.029802794112189643
terms_abstract_tfidf__inferior occipital,-0.10155103414682869
terms_abstract_tfidf__inferior parietal,0.07608750801212484
terms_abstract_tfidf__inferior prefrontal,0.07774948640837452
terms_abstract_tfidf__inferior superior,-0.004577243393592478
terms_abstract_tfidf__inferior temporal,-0.11638873255740174
terms_abstract_tfidf__influence,0.07953890989273726
terms_abstract_tfidf__influenced,0.002817267301419272
terms_abstract_tfidf__influences,-0.01445880009584387
terms_abstract_tfidf__inform,0.03519469900868158
terms_abstract_tfidf__information,-0.07001616570116334
terms_abstract_tfidf__inhibit,0.21847925635891666
terms_abstract_tfidf__inhibition,0.19449530379103494
terms_abstract_tfidf__inhibitory,0.10250817480461731
terms_abstract_tfidf__inhibitory control,0.1633758058326558
terms_abstract_tfidf__initial,-0.030363143396219375
terms_abstract_tfidf__initially,-0.0057081381280013905
terms_abstract_tfidf__initiation,0.028701312902126765
terms_abstract_tfidf__injury,-0.01594995756005205
terms_abstract_tfidf__input,-0.20630549029773698
terms_abstract_tfidf__inputs,-0.20370200310434974
terms_abstract_tfidf__insight,0.05466259082912046
terms_abstract_tfidf__insights,0.043354498481742866
terms_abstract_tfidf__instead,0.03287679330011349
terms_abstract_tfidf__instructed,0.04389480688707977
terms_abstract_tfidf__instruction,0.02228669817886736
terms_abstract_tfidf__instructions,0.07251730104260122
terms_abstract_tfidf__insula,0.08038608796148498
terms_abstract_tfidf__insula anterior,0.1400120443617075
terms_abstract_tfidf__insula inferior,0.055013382422015374
terms_abstract_tfidf__insular,0.018819888002325428
terms_abstract_tfidf__insular cortex,0.03276888398523299
terms_abstract_tfidf__intact,-0.08295659510792201
terms_abstract_tfidf__integrate,0.049750230515134414
terms_abstract_tfidf__integrated,-0.08335470383692904
terms_abstract_tfidf__integrating,-0.007075303847103677
terms_abstract_tfidf__integration,-0.22262514884613
terms_abstract_tfidf__integrative,-0.01442773810538264
terms_abstract_tfidf__integrity,-0.04230172536745766
terms_abstract_tfidf__intelligence,0.030832234542692703
terms_abstract_tfidf__intense,0.06521824962792999
terms_abstract_tfidf__intensity,-0.03864784886572065
terms_abstract_tfidf__intention,0.02201187532648091
terms_abstract_tfidf__intentional,-0.007324742070303729
terms_abstract_tfidf__intentions,0.0002786369490569909
terms_abstract_tfidf__inter,-0.01380981447065027
terms_abstract_tfidf__inter individual,-0.003720419038352403
terms_abstract_tfidf__interact,0.024041139458891414
terms_abstract_tfidf__interacting,0.014251950733780723
terms_abstract_tfidf__interaction,0.03276386073117901
terms_abstract_tfidf__interactions,-0.010716556829534457
terms_abstract_tfidf__interactive,-0.019350987910969175
terms_abstract_tfidf__interacts,-0.10509395411406683
terms_abstract_tfidf__interestingly,-0.04824956498066268
terms_abstract_tfidf__interference,0.14444957570630523
terms_abstract_tfidf__interhemispheric,-0.14156451377765364
terms_abstract_tfidf__intermediate,0.029176457155488607
terms_abstract_tfidf__internal,0.03145693582421932
terms_abstract_tfidf__internally,0.10080355872958788
terms_abstract_tfidf__interoceptive,0.008709330986877536
terms_abstract_tfidf__interpersonal,-0.024818077327534247
terms_abstract_tfidf__interplay,-0.039590983266971115
terms_abstract_tfidf__interpret,-0.038343082880750674
terms_abstract_tfidf__interpretation,-0.082210692657115
terms_abstract_tfidf__interpreted,-0.10809141687199318
terms_abstract_tfidf__interval,0.021024026146929622
terms_abstract_tfidf__intervals,-0.0042203208370233634
terms_abstract_tfidf__intervention,0.0463264738321036
terms_abstract_tfidf__interventions,-0.03657050581625989
terms_abstract_tfidf__intra,0.05722924803047286
terms_abstract_tfidf__intraparietal,-0.005568950880543251
terms_abstract_tfidf__intraparietal sulcus,-0.0023267187834058365
terms_abstract_tfidf__intrinsic,-0.010754784930971982
terms_abstract_tfidf__intrinsic functional,0.0589685634549541
terms_abstract_tfidf__introduced,0.0401525683993211
terms_abstract_tfidf__introduction,-0.04815326099829836
terms_abstract_tfidf__invariant,-0.06310442200303708
terms_abstract_tfidf__invasive,-0.05797796210958197
terms_abstract_tfidf__inventory,0.0022575322883131147
terms_abstract_tfidf__inverse,-0.006871923390644917
terms_abstract_tfidf__inversely,0.016944956680030685
terms_abstract_tfidf__investigates,0.02006319877506754
terms_abstract_tfidf__investigating,0.035507514191392864
terms_abstract_tfidf__investigation,-0.03861794277526462
terms_abstract_tfidf__investigations,0.0817165661546397
terms_abstract_tfidf__involve,0.1073494608827112
terms_abstract_tfidf__involved,0.024559389481103908
terms_abstract_tfidf__involved cognitive,0.14607959574219642
terms_abstract_tfidf__involvement,0.07199290473308209
terms_abstract_tfidf__involves,-0.057464236352886625
terms_abstract_tfidf__involving,0.12559144502331882
terms_abstract_tfidf__ipl,0.06829594585158759
terms_abstract_tfidf__ips,0.03272288017571586
terms_abstract_tfidf__ipsilateral,-0.1548686100749632
terms_abstract_tfidf__iq,-0.006050121664267202
terms_abstract_tfidf__irrelevant,0.044157659626408094
terms_abstract_tfidf__irrespective,-0.07838644071111765
terms_abstract_tfidf__isolate,-0.027645050533805206
terms_abstract_tfidf__isolated,-0.0667367527712854
terms_abstract_tfidf__issue,0.01646547143344154
terms_abstract_tfidf__issues,-0.029147811107609934
terms_abstract_tfidf__item,0.07720697442527952
terms_abstract_tfidf__items,0.09803800029481688
terms_abstract_tfidf__iv,0.05247447872451419
terms_abstract_tfidf__joint,-0.0890063949707973
terms_abstract_tfidf__judge,0.05348597594654657
terms_abstract_tfidf__judged,-0.00571469126429767
terms_abstract_tfidf__judgment,0.0481635564000581
terms_abstract_tfidf__judgment task,0.0026963072875884285
terms_abstract_tfidf__judgments,0.07880083563368617
terms_abstract_tfidf__junction,-0.0185657918020305
terms_abstract_tfidf__junction tpj,0.005779054077467802
terms_abstract_tfidf__just,-0.06671427657710692
terms_abstract_tfidf__key,0.08988011144133799
terms_abstract_tfidf__key role,-0.024271223891477588
terms_abstract_tfidf__kinds,0.0629209766581401
terms_abstract_tfidf__know,0.007460810536480281
terms_abstract_tfidf__knowledge,-0.04881282422143459
terms_abstract_tfidf__known,0.045147202403970715
terms_abstract_tfidf__known involved,-0.07513901806815444
terms_abstract_tfidf__labeling,0.04325006358709259
terms_abstract_tfidf__laboratory,0.07438781582300476
terms_abstract_tfidf__lack,0.007595320655290639
terms_abstract_tfidf__lacking,0.038259916796947485
terms_abstract_tfidf__language,-0.13244614310494554
terms_abstract_tfidf__language comprehension,-0.1557534553411189
terms_abstract_tfidf__language network,-0.05256082120196907
terms_abstract_tfidf__languages,-0.08841458025676273
terms_abstract_tfidf__large,0.050293910096135985
terms_abstract_tfidf__large sample,0.022106831157358526
terms_abstract_tfidf__large scale,0.05438271144647209
terms_abstract_tfidf__largely,0.0156719762165445
terms_abstract_tfidf__largely unknown,-0.08280024066289322
terms_abstract_tfidf__larger,-0.04235210406219299
terms_abstract_tfidf__late,-0.034913285027895896
terms_abstract_tfidf__latencies,-0.12536600316686353
terms_abstract_tfidf__latency,-0.06264587153995241
terms_abstract_tfidf__later,-0.03231355990072686
terms_abstract_tfidf__lateral,0.13275040322684759
terms_abstract_tfidf__lateral frontal,0.19669641042535865
terms_abstract_tfidf__lateral medial,0.07395094076978125
terms_abstract_tfidf__lateral occipital,-0.08436309227929502
terms_abstract_tfidf__lateral orbitofrontal,0.12202947067994749
terms_abstract_tfidf__lateral parietal,0.08283923670263164
terms_abstract_tfidf__lateral prefrontal,0.24625260535808788
terms_abstract_tfidf__lateral temporal,-0.12337271450272823
terms_abstract_tfidf__laterality,-0.11838988568050139
terms_abstract_tfidf__lateralization,-0.17950733855911666
terms_abstract_tfidf__lateralized,-0.12174700991398885
terms_abstract_tfidf__lead,0.03287718123506905
terms_abstract_tfidf__leading,-0.0020620845597887363
terms_abstract_tfidf__leads,-0.03196054769501719
terms_abstract_tfidf__learn,0.07132919948087191
terms_abstract_tfidf__learned,0.051295389805635326
terms_abstract_tfidf__learning,0.16788917102695827
terms_abstract_tfidf__learning task,0.2366498876668316
terms_abstract_tfidf__led,0.013568319080683837
terms_abstract_tfidf__length,-0.024922257394745777
terms_abstract_tfidf__lesion,-0.14912896103795553
terms_abstract_tfidf__lesions,-0.124345052747539
terms_abstract_tfidf__lesser,-0.08212748929554811
terms_abstract_tfidf__letter,0.02782345358145056
terms_abstract_tfidf__letters,-0.013445928621711999
terms_abstract_tfidf__level,-0.09642240360510113
terms_abstract_tfidf__level bold,-0.013062087105029725
terms_abstract_tfidf__level signal,-0.0077564195483936045
terms_abstract_tfidf__levels,0.032428265753514665
terms_abstract_tfidf__lexical,-0.07965227708898556
terms_abstract_tfidf__lexical decision,-0.08071663245185316
terms_abstract_tfidf__life,0.035466428344756655
terms_abstract_tfidf__light,-0.03431356331605226
terms_abstract_tfidf__like,-0.02767167779938914
terms_abstract_tfidf__likelihood,0.1345501451522684
terms_abstract_tfidf__likely,0.03603312016699356
terms_abstract_tfidf__limb,-0.18837615998241905
terms_abstract_tfidf__limbic,0.05028908076600205
terms_abstract_tfidf__limitations,0.020669804431620108
terms_abstract_tfidf__limited,0.07599164688069265
terms_abstract_tfidf__line,0.0314797569158456
terms_abstract_tfidf__linear,-0.011834583101204435
terms_abstract_tfidf__linear model,-0.0889756085486633
terms_abstract_tfidf__linearly,0.02148432753815559
terms_abstract_tfidf__lingual,-0.03297338417168396
terms_abstract_tfidf__lingual gyrus,-0.018290034493058438
terms_abstract_tfidf__linguistic,-0.12490211815377847
terms_abstract_tfidf__link,0.06142994838152637
terms_abstract_tfidf__linked,0.09880404849504452
terms_abstract_tfidf__linking,-0.0574598535412791
terms_abstract_tfidf__links,0.037587510014098734
terms_abstract_tfidf__list,0.0110268864652157
terms_abstract_tfidf__listened,-0.2124965391163118
terms_abstract_tfidf__listening,-0.22475412106180945
terms_abstract_tfidf__literature,0.009497717212096912
terms_abstract_tfidf__little,0.03553366176415523
terms_abstract_tfidf__little known,0.11590011939188971
terms_abstract_tfidf__load,0.14778183041182874
terms_abstract_tfidf__lobe,-0.13136097578068265
terms_abstract_tfidf__lobe mtl,-0.028721769298920594
terms_abstract_tfidf__lobes,-0.08787872751754353
terms_abstract_tfidf__lobule,-0.0033067626515167975
terms_abstract_tfidf__lobule ipl,0.10043390132454426
terms_abstract_tfidf__lobules,0.04053589654580306
terms_abstract_tfidf__local,-0.12050343031150289
terms_abstract_tfidf__localization,-0.20914116844523517
terms_abstract_tfidf__localize,-0.24530546350266863
terms_abstract_tfidf__localized,-0.16165916969557886
terms_abstract_tfidf__located,-0.11705135767943987
terms_abstract_tfidf__location,-0.15334776244363818
terms_abstract_tfidf__locations,-0.08080915974131973
terms_abstract_tfidf__locus,0.02674825663033202
terms_abstract_tfidf__long,-0.03675381082833822
terms_abstract_tfidf__long term,0.04237554537741105
terms_abstract_tfidf__longer,0.024911437350769214
terms_abstract_tfidf__longitudinal,-0.01610256764122618
terms_abstract_tfidf__loop,0.0729152915520505
terms_abstract_tfidf__loss,0.040950840247512756
terms_abstract_tfidf__losses,0.25510425825044364
terms_abstract_tfidf__low,0.051359565675412014
terms_abstract_tfidf__low frequency,-0.0789215019484019
terms_abstract_tfidf__low high,0.019886940907223736
terms_abstract_tfidf__low level,-0.14946751859955154
terms_abstract_tfidf__lower,0.06544598154915661
terms_abstract_tfidf__m1,-0.1430513258774978
terms_abstract_tfidf__machine,0.012458899613390287
terms_abstract_tfidf__magnetic,0.035332060287481294
terms_abstract_tfidf__magnetic resonance,0.05340580162795313
terms_abstract_tfidf__magnetic stimulation,-0.15231612255985522
terms_abstract_tfidf__magnetoencephalography,-0.24539453181739018
terms_abstract_tfidf__magnitude,0.06474809432763037
terms_abstract_tfidf__main,0.07281746891470917
terms_abstract_tfidf__main effect,0.03894697011302382
terms_abstract_tfidf__mainly,-0.05167926410042435
terms_abstract_tfidf__maintain,0.1115627090228137
terms_abstract_tfidf__maintained,0.09872649845775298
terms_abstract_tfidf__maintaining,0.07264647865354523
terms_abstract_tfidf__maintenance,0.15631819571722552
terms_abstract_tfidf__major,0.01499123024713818
terms_abstract_tfidf__major depression,0.09242424454059855
terms_abstract_tfidf__major depressive,0.03149763882856453
terms_abstract_tfidf__majority,-0.03963912983994199
terms_abstract_tfidf__make,0.16393205796990562
terms_abstract_tfidf__making,0.2675525664379269
terms_abstract_tfidf__male,-0.008865892166806779
terms_abstract_tfidf__male female,-0.040252810787208125
terms_abstract_tfidf__males,0.009720419943673578
terms_abstract_tfidf__manifest,0.0660269848598324
terms_abstract_tfidf__manipulated,-0.0005955347611252596
terms_abstract_tfidf__manipulating,0.061651443885965385
terms_abstract_tfidf__manipulation,0.05310320502947091
terms_abstract_tfidf__manipulations,0.016882349992293082
terms_abstract_tfidf__manner,0.03136444614076592
terms_abstract_tfidf__manual,-0.12078640405346448
terms_abstract_tfidf__map,-0.07707209935575204
terms_abstract_tfidf__mapp,-0.042789316578451767
terms_abstract_tfidf__mapped,-0.04463665333413395
terms_abstract_tfidf__mapping,-0.13965591417414772
terms_abstract_tfidf__maps,-0.13595555519795935
terms_abstract_tfidf__marked,-0.024979488224444502
terms_abstract_tfidf__marker,0.04021025898047038
terms_abstract_tfidf__markers,0.03885318995665734
terms_abstract_tfidf__masked,-0.01746929618778448
terms_abstract_tfidf__mass,0.014203660127335784
terms_abstract_tfidf__match,0.03498588507547449
terms_abstract_tfidf__matching,-0.020214767079680576
terms_abstract_tfidf__matching task,0.0014757510853802705
terms_abstract_tfidf__material,-0.02224221823655743
terms_abstract_tfidf__materials,-0.00572848049354503
terms_abstract_tfidf__matrix,0.02669482160863382
terms_abstract_tfidf__matter,-0.04047017600639437
terms_abstract_tfidf__matter density,-0.02636335632220647
terms_abstract_tfidf__matter gm,-0.07590344833033091
terms_abstract_tfidf__matter volume,-0.04436905334942758
terms_abstract_tfidf__matter volumes,-0.08964332959926231
terms_abstract_tfidf__maturation,0.10568441231772141
terms_abstract_tfidf__maximal,-0.04170583188931086
terms_abstract_tfidf__maximum,-0.0364126488512071
terms_abstract_tfidf__mci,-0.027602992172744832
terms_abstract_tfidf__mdd,0.01911586320680335
terms_abstract_tfidf__mean,0.049038380298397945
terms_abstract_tfidf__mean age,0.038892642582659114
terms_abstract_tfidf__meaning,-0.09687237146385236
terms_abstract_tfidf__meaningful,-0.1627013675700111
terms_abstract_tfidf__means,-0.005929958336473497
terms_abstract_tfidf__measure,0.059540866783820874
terms_abstract_tfidf__measurement,-0.04979785778174435
terms_abstract_tfidf__measurements,-0.06544605827733113
terms_abstract_tfidf__measures,-0.049947643177862315
terms_abstract_tfidf__measuring,-0.08222412821051091
terms_abstract_tfidf__mechanism,0.005208601162015288
terms_abstract_tfidf__mechanisms,0.1487328773909338
terms_abstract_tfidf__mechanisms involved,0.08056700473073622
terms_abstract_tfidf__mechanisms underlying,0.044273747256326
terms_abstract_tfidf__medial,0.1316778871792519
terms_abstract_tfidf__medial frontal,0.17592803961925693
terms_abstract_tfidf__medial lateral,0.1535788840701743
terms_abstract_tfidf__medial orbitofrontal,0.08078458995589534
terms_abstract_tfidf__medial pfc,0.0960894879993327
terms_abstract_tfidf__medial prefrontal,0.10247216695418833
terms_abstract_tfidf__medial superior,0.02011214016801106
terms_abstract_tfidf__medial temporal,-0.014185196990560733
terms_abstract_tfidf__median,-0.15004346494614051
terms_abstract_tfidf__mediate,0.07780824461473965
terms_abstract_tfidf__mediated,0.11905130379412955
terms_abstract_tfidf__mediates,0.09426146890264023
terms_abstract_tfidf__mediating,0.10552065187041891
terms_abstract_tfidf__medication,0.07950589407339091
terms_abstract_tfidf__meg,-0.27509625421987643
terms_abstract_tfidf__memories,0.01826617798402421
terms_abstract_tfidf__memory,0.15803413267448715
terms_abstract_tfidf__memory encoding,0.02187073381445738
terms_abstract_tfidf__memory load,0.1173267669312767
terms_abstract_tfidf__memory performance,0.04122331496349291
terms_abstract_tfidf__memory processes,0.04861098133156014
terms_abstract_tfidf__memory retrieval,0.1438665845337288
terms_abstract_tfidf__memory task,0.14843524123519022
terms_abstract_tfidf__memory tasks,0.08940408552066166
terms_abstract_tfidf__memory test,0.0429856714345344
terms_abstract_tfidf__memory wm,0.14605810120934956
terms_abstract_tfidf__men,0.10499278617139357
terms_abstract_tfidf__men women,0.13373554259437367
terms_abstract_tfidf__mental,0.025516502691820757
terms_abstract_tfidf__mental imagery,-0.021690742247160087
terms_abstract_tfidf__mental state,-0.010515016316061046
terms_abstract_tfidf__mental states,-0.05608723860628222
terms_abstract_tfidf__mentalizing,0.0064731737332554785
terms_abstract_tfidf__mesial,0.03887252196355198
terms_abstract_tfidf__mesolimbic,0.2312334033142381
terms_abstract_tfidf__met,0.07516352875522257
terms_abstract_tfidf__metabolic,0.006171713963400888
terms_abstract_tfidf__metabolism,-0.03620285623920299
terms_abstract_tfidf__method,-0.060453455462562825
terms_abstract_tfidf__methodological,-0.05531868654845026
terms_abstract_tfidf__methodology,0.11555250929617036
terms_abstract_tfidf__methodology principal,0.13472251600007157
terms_abstract_tfidf__methods,0.0406190529356787
terms_abstract_tfidf__methods functional,0.056241099952675684
terms_abstract_tfidf__mfg,0.0394937527803861
terms_abstract_tfidf__mg,0.13606677891947885
terms_abstract_tfidf__mid,0.041620549920049245
terms_abstract_tfidf__midbrain,0.1377516492493678
terms_abstract_tfidf__middle,-0.05507828816293078
terms_abstract_tfidf__middle cingulate,0.03006763391616145
terms_abstract_tfidf__middle frontal,0.1565239638356227
terms_abstract_tfidf__middle inferior,-0.016221581115140823
terms_abstract_tfidf__middle occipital,-0.06064585486862468
terms_abstract_tfidf__middle superior,-0.10746945485503623
terms_abstract_tfidf__middle temporal,-0.1257648427423881
terms_abstract_tfidf__midline,0.05213815944695055
terms_abstract_tfidf__mild,0.003261275025530396
terms_abstract_tfidf__mild cognitive,-0.004429160090834213
terms_abstract_tfidf__min,-0.09552356560775892
terms_abstract_tfidf__mind,-0.013607790600101961
terms_abstract_tfidf__mind tom,-0.050365908885010746
terms_abstract_tfidf__minimal,0.05092788732917021
terms_abstract_tfidf__mirror,-0.19108394109423577
terms_abstract_tfidf__mirror neuron,-0.14625066773721263
terms_abstract_tfidf__mixed,0.046737325222909055
terms_abstract_tfidf__mm,0.04129307381976148
terms_abstract_tfidf__mnemonic,0.07184592613184282
terms_abstract_tfidf__modal,-0.17609411780291187
terms_abstract_tfidf__modalities,-0.11959723037731858
terms_abstract_tfidf__modality,-0.168266809193328
terms_abstract_tfidf__mode,0.08869222508893924
terms_abstract_tfidf__mode network,0.07082638389268806
terms_abstract_tfidf__model,0.03037846041188238
terms_abstract_tfidf__modeling,0.05251718709586893
terms_abstract_tfidf__models,0.008069084782373476
terms_abstract_tfidf__moderate,-0.005842482258853638
terms_abstract_tfidf__modified,0.13802189258020667
terms_abstract_tfidf__modulate,0.06314023702722302
terms_abstract_tfidf__modulated,-0.04318116796945216
terms_abstract_tfidf__modulates,0.07945449068012782
terms_abstract_tfidf__modulating,0.10610129916596236
terms_abstract_tfidf__modulation,0.0028818180792468365
terms_abstract_tfidf__modulations,-0.11088605782251797
terms_abstract_tfidf__modulatory,0.04838166796124644
terms_abstract_tfidf__monetary,0.2825568671609987
terms_abstract_tfidf__monetary incentive,0.2447204081098206
terms_abstract_tfidf__monetary reward,0.21819847385574515
terms_abstract_tfidf__money,0.1825177095925918
terms_abstract_tfidf__monitor,0.01742975244746822
terms_abstract_tfidf__monitored,0.008986201491958522
terms_abstract_tfidf__monitoring,0.19588137911558073
terms_abstract_tfidf__monkey,-0.08374927624654385
terms_abstract_tfidf__monkeys,-0.04420484545701631
terms_abstract_tfidf__months,-0.0024345686978066035
terms_abstract_tfidf__mood,0.040584574612827676
terms_abstract_tfidf__moral,0.027451280600409977
terms_abstract_tfidf__morphological,-0.0728026846432914
terms_abstract_tfidf__morphology,-0.205415179776864
terms_abstract_tfidf__morphometry,-0.11603494812867393
terms_abstract_tfidf__morphometry vbm,-0.04851743670028853
terms_abstract_tfidf__motion,-0.16188099881122445
terms_abstract_tfidf__motivation,0.232000023996841
terms_abstract_tfidf__motivational,0.23908260045394308
terms_abstract_tfidf__motor,-0.07085046209794556
terms_abstract_tfidf__motor control,-0.07362811801913674
terms_abstract_tfidf__motor cortex,-0.14254424314348965
terms_abstract_tfidf__motor function,-0.1186920827222521
terms_abstract_tfidf__motor imagery,-0.10308473583039272
terms_abstract_tfidf__motor network,-0.07907482541793348
terms_abstract_tfidf__motor performance,-0.08967118903783763
terms_abstract_tfidf__motor pre,0.09354887185637321
terms_abstract_tfidf__motor premotor,-0.0881250783894325
terms_abstract_tfidf__motor response,0.10488411178638306
terms_abstract_tfidf__motor responses,0.06135504712677021
terms_abstract_tfidf__motor sma,-0.07955884462723671
terms_abstract_tfidf__motor task,-0.06727317113191254
terms_abstract_tfidf__movement,-0.12751569785357017
terms_abstract_tfidf__movements,-0.14047817423001757
terms_abstract_tfidf__moving,-0.11500076603486399
terms_abstract_tfidf__mpfc,0.09102300959501179
terms_abstract_tfidf__mr,-0.06724269513414857
terms_abstract_tfidf__ms,-0.08265830048964197
terms_abstract_tfidf__mt,-0.07008415599463333
terms_abstract_tfidf__mtg,-0.12035472719202328
terms_abstract_tfidf__mtl,-0.0338251329721603
terms_abstract_tfidf__multi,-0.09650739497001248
terms_abstract_tfidf__multimodal,-0.15153100848759024
terms_abstract_tfidf__multiple,0.04412702918762022
terms_abstract_tfidf__multiple comparisons,0.02151658958818596
terms_abstract_tfidf__multiple sclerosis,0.013602292637422587
terms_abstract_tfidf__multisensory,-0.19652465333723348
terms_abstract_tfidf__multivariate,-0.0692404863998476
terms_abstract_tfidf__multivariate pattern,-0.07917329063903941
terms_abstract_tfidf__muscle,-0.08609949548998062
terms_abstract_tfidf__music,-0.2097146614191017
terms_abstract_tfidf__musical,-0.19867633047267327
terms_abstract_tfidf__musicians,-0.1592707624959897
terms_abstract_tfidf__naive,0.10947903922656047
terms_abstract_tfidf__names,-0.051507231831963964
terms_abstract_tfidf__naming,-0.10922087529459434
terms_abstract_tfidf__native,-0.095902775047396
terms_abstract_tfidf__natural,-0.19669347311275084
terms_abstract_tfidf__naturalistic,-0.1711675879426349
terms_abstract_tfidf__nature,0.003367954742718516
terms_abstract_tfidf__navigation,0.032463839096100094
terms_abstract_tfidf__near,-0.07427660088915641
terms_abstract_tfidf__necessary,0.014642127506132393
terms_abstract_tfidf__need,0.13002153129813562
terms_abstract_tfidf__needed,0.08441919739672346
terms_abstract_tfidf__needs,-0.02947708906605218
terms_abstract_tfidf__negative,0.10079762388004586
terms_abstract_tfidf__negative affect,0.03805726607134611
terms_abstract_tfidf__negative correlation,0.04004172425274457
terms_abstract_tfidf__negative correlations,-0.007466493520524659
terms_abstract_tfidf__negative emotional,0.024226146272522144
terms_abstract_tfidf__negative emotions,-0.0035411259931562617
terms_abstract_tfidf__negative feedback,0.2508602757796517
terms_abstract_tfidf__negative neutral,0.01115913097279256
terms_abstract_tfidf__negative positive,0.0727242354087262
terms_abstract_tfidf__negatively,0.08309889385026617
terms_abstract_tfidf__negatively correlated,0.05635931573664304
terms_abstract_tfidf__negativity,0.04351943771015911
terms_abstract_tfidf__neocortical,0.04095030152064732
terms_abstract_tfidf__nerve,-0.07755593910546534
terms_abstract_tfidf__nervous,-0.10793299981250819
terms_abstract_tfidf__network,0.10938761771028131
terms_abstract_tfidf__network connectivity,0.07979487092970684
terms_abstract_tfidf__network dmn,0.0606409779794777
terms_abstract_tfidf__network involved,0.045356876475992625
terms_abstract_tfidf__networks,0.15727128296355095
terms_abstract_tfidf__networks involved,0.05109167760443203
terms_abstract_tfidf__neuro,0.06800906783754436
terms_abstract_tfidf__neuroanatomical,-0.07544283784759116
terms_abstract_tfidf__neuroanatomy,-0.09561587000536262
terms_abstract_tfidf__neurobiological,0.10183748206498403
terms_abstract_tfidf__neurobiology,0.0900547470163933
terms_abstract_tfidf__neurocognitive,0.06020194467394325
terms_abstract_tfidf__neurodegenerative,-0.05939951584177801
terms_abstract_tfidf__neurodevelopmental,0.061505761455641295
terms_abstract_tfidf__neurofunctional,-0.005060442724183639
terms_abstract_tfidf__neurological,-0.08050478933299221
terms_abstract_tfidf__neuron,-0.1293794904271887
terms_abstract_tfidf__neuronal,0.05193705370536918
terms_abstract_tfidf__neurons,-0.06522498164837745
terms_abstract_tfidf__neurophysiological,-0.08490015428551904
terms_abstract_tfidf__neuropsychiatric,-0.0033907844757004807
terms_abstract_tfidf__neuropsychological,-0.012924515710251234
terms_abstract_tfidf__neuroscience,-0.035756609378355265
terms_abstract_tfidf__neutral,-0.010394077868012637
terms_abstract_tfidf__neutral faces,-0.08277734232584344
terms_abstract_tfidf__neutral pictures,-0.010523451784681089
terms_abstract_tfidf__neutral stimuli,0.004176391299260688
terms_abstract_tfidf__new,0.06422989614443163
terms_abstract_tfidf__new insights,0.021539339651689044
terms_abstract_tfidf__newly,0.023918340269544515
terms_abstract_tfidf__nineteen,0.07436407132478584
terms_abstract_tfidf__nociceptive,0.012168470148588616
terms_abstract_tfidf__node,0.017399457204067128
terms_abstract_tfidf__nodes,0.04721664323834923
terms_abstract_tfidf__nogo,0.16229313030449555
terms_abstract_tfidf__noise,-0.2093630788296821
terms_abstract_tfidf__non,-0.0948278688912827
terms_abstract_tfidf__normal,-0.0737590773274879
terms_abstract_tfidf__normal controls,0.0731454500200577
terms_abstract_tfidf__normalized,-0.013084061826251108
terms_abstract_tfidf__normally,-0.059921665578383264
terms_abstract_tfidf__notably,-0.04760522101731412
terms_abstract_tfidf__noted,0.017489393140849293
terms_abstract_tfidf__notion,0.05139946533822494
terms_abstract_tfidf__nouns,-0.05046172324307303
terms_abstract_tfidf__novel,0.07279229587166695
terms_abstract_tfidf__novelty,0.0694570681193636
terms_abstract_tfidf__noxious,0.09625896798626199
terms_abstract_tfidf__nuclei,0.11531165993253095
terms_abstract_tfidf__nucleus,0.24647098161311876
terms_abstract_tfidf__nucleus accumbens,0.18907969938183006
terms_abstract_tfidf__number,0.12501334019871724
terms_abstract_tfidf__numbers,0.0800390188448777
terms_abstract_tfidf__numerical,0.06252543704196042
terms_abstract_tfidf__numerous,0.06900939915796589
terms_abstract_tfidf__object,-0.13556123618281987
terms_abstract_tfidf__object recognition,-0.12902539187283274
terms_abstract_tfidf__objective,0.014786351284628125
terms_abstract_tfidf__objectives,0.026213952739443876
terms_abstract_tfidf__objects,-0.1318820612512103
terms_abstract_tfidf__observation,-0.15857168961569937
terms_abstract_tfidf__observations,0.03992416470010051
terms_abstract_tfidf__observer,-0.09927218131897365
terms_abstract_tfidf__observers,-0.12688623463213547
terms_abstract_tfidf__observing,-0.1557197605193582
terms_abstract_tfidf__obsessive,0.14357500861871003
terms_abstract_tfidf__obsessive compulsive,0.13898551209758092
terms_abstract_tfidf__obtain,0.04992942438876392
terms_abstract_tfidf__obtained,-0.05177886062220581
terms_abstract_tfidf__occipital,-0.08781566724095469
terms_abstract_tfidf__occipital cortex,-0.06793701364884859
terms_abstract_tfidf__occipital gyrus,-0.06817653861031389
terms_abstract_tfidf__occipital lobe,-0.05991323133367821
terms_abstract_tfidf__occipital parietal,-0.05384926883378157
terms_abstract_tfidf__occipital temporal,-0.06702914698762033
terms_abstract_tfidf__occipito,-0.05911317876235439
terms_abstract_tfidf__occipito temporal,-0.05958779941166583
terms_abstract_tfidf__occipitotemporal,-0.09707816254946004
terms_abstract_tfidf__occipitotemporal cortex,-0.0935661824867058
terms_abstract_tfidf__occur,-0.03988835273975301
terms_abstract_tfidf__occurred,0.02273218080637608
terms_abstract_tfidf__occurrence,0.09259881254725583
terms_abstract_tfidf__occurring,-0.08836471873790291
terms_abstract_tfidf__occurs,-0.05159638097514799
terms_abstract_tfidf__ocd,0.1284041501802136
terms_abstract_tfidf__oddball,-0.029038535219582294
terms_abstract_tfidf__ofc,0.08886277612461409
terms_abstract_tfidf__offer,-0.012566038087188286
terms_abstract_tfidf__offers,-0.0034446398585395404
terms_abstract_tfidf__old,0.08131870780199461
terms_abstract_tfidf__older,0.09466334889130147
terms_abstract_tfidf__older adults,0.09680993973792205
terms_abstract_tfidf__olfactory,0.01362062024761775
terms_abstract_tfidf__ones,0.05772818976102096
terms_abstract_tfidf__ongoing,0.07256247040998724
terms_abstract_tfidf__online,-0.05005319324096253
terms_abstract_tfidf__onset,-0.16429642461329091
terms_abstract_tfidf__open,-0.06501709751369154
terms_abstract_tfidf__operation,0.04477761411231552
terms_abstract_tfidf__operations,0.1059808877914637
terms_abstract_tfidf__opercular,-0.06833841898706697
terms_abstract_tfidf__opercularis,-0.09306659934202972
terms_abstract_tfidf__operculum,-0.07645527606035449
terms_abstract_tfidf__opportunity,0.03482532210189586
terms_abstract_tfidf__opposed,-0.004276471405791491
terms_abstract_tfidf__opposite,0.0017525407558420688
terms_abstract_tfidf__optimal,0.124910164822035
terms_abstract_tfidf__optimized,-0.05488679299817568
terms_abstract_tfidf__options,0.1604312811449626
terms_abstract_tfidf__oral,-0.07333988555587599
terms_abstract_tfidf__orbital,0.05593803864958618
terms_abstract_tfidf__orbitofrontal,0.13424504060661857
terms_abstract_tfidf__orbitofrontal cortex,0.14244617196430068
terms_abstract_tfidf__order,0.01065179885146172
terms_abstract_tfidf__organization,-0.15519296463697194
terms_abstract_tfidf__organized,-0.08322022318821551
terms_abstract_tfidf__orientation,-0.038347178829508936
terms_abstract_tfidf__oriented,0.02843516215063364
terms_abstract_tfidf__orienting,-0.0041351390987367205
terms_abstract_tfidf__origin,-0.04893085419790695
terms_abstract_tfidf__original,0.023092032109914177
terms_abstract_tfidf__orthographic,-0.02425810776045561
terms_abstract_tfidf__oscillations,-0.020124291439823118
terms_abstract_tfidf__outcome,0.20976433890731014
terms_abstract_tfidf__outcomes,0.24514132394705193
terms_abstract_tfidf__output,-0.13116728088848462
terms_abstract_tfidf__outside,0.005127966412249295
terms_abstract_tfidf__outside scanner,0.08197825778533369
terms_abstract_tfidf__overall,-0.03744355690187806
terms_abstract_tfidf__overcome,0.04507715285990188
terms_abstract_tfidf__overlap,0.07877424405243023
terms_abstract_tfidf__overlapped,0.03077459655126538
terms_abstract_tfidf__overlapping,0.027322799161663008
terms_abstract_tfidf__overt,-0.08592927634217287
terms_abstract_tfidf__oxygen,-0.03573660255092032
terms_abstract_tfidf__oxygen level,-0.03593120772523127
terms_abstract_tfidf__oxygenation,0.005775539727605578
terms_abstract_tfidf__oxygenation level,0.014020276001293379
terms_abstract_tfidf__paced,-0.06423230493844434
terms_abstract_tfidf__pain,0.04965240633252312
terms_abstract_tfidf__painful,0.03733863073309698
terms_abstract_tfidf__pair,-0.07188798046699864
terms_abstract_tfidf__paired,-0.029811044671377542
terms_abstract_tfidf__pairs,-0.0034737550183556384
terms_abstract_tfidf__pallidus,0.11413597467950475
terms_abstract_tfidf__paper,-0.08398053107665177
terms_abstract_tfidf__paradigm,0.1243198129816696
terms_abstract_tfidf__paradigms,0.05775229995259018
terms_abstract_tfidf__parahippocampal,-0.024485232970314862
terms_abstract_tfidf__parahippocampal cortex,-0.014967953804729255
terms_abstract_tfidf__parahippocampal gyrus,-0.020339568606419188
terms_abstract_tfidf__parahippocampus,-0.025941681100120205
terms_abstract_tfidf__paralimbic,-0.01161703937081256
terms_abstract_tfidf__parallel,0.04442804212105204
terms_abstract_tfidf__parameter,0.08248389768108345
terms_abstract_tfidf__parameters,-0.09106042278701328
terms_abstract_tfidf__parametric,0.07557619771901143
terms_abstract_tfidf__parametric mapping,-0.010159511540336159
terms_abstract_tfidf__parametrically,0.0019016282641071576
terms_abstract_tfidf__parietal,0.05480010377628386
terms_abstract_tfidf__parietal cortex,0.058211280328862615
terms_abstract_tfidf__parietal cortices,0.10503053167150439
terms_abstract_tfidf__parietal frontal,0.018070231340945216
terms_abstract_tfidf__parietal junction,-0.041079568190755866
terms_abstract_tfidf__parietal lobe,-0.04530668982569706
terms_abstract_tfidf__parietal lobes,0.020382167317148328
terms_abstract_tfidf__parietal lobule,0.005314914875746762
terms_abstract_tfidf__parietal lobules,0.06009930753128168
terms_abstract_tfidf__parietal network,0.13265676690588737
terms_abstract_tfidf__parietal occipital,-0.06339319974498564
terms_abstract_tfidf__parietal temporal,-0.035637567464028415
terms_abstract_tfidf__parieto,-0.08632402948292256
terms_abstract_tfidf__parieto occipital,-0.06484215410917679
terms_abstract_tfidf__parkinson,0.057948601086788
terms_abstract_tfidf__parkinson disease,0.060541567474074395
terms_abstract_tfidf__pars,-0.0783854135629868
terms_abstract_tfidf__pars opercularis,-0.09278883400861287
terms_abstract_tfidf__partial,-0.06514186173862704
terms_abstract_tfidf__partially,-0.026070527653882892
terms_abstract_tfidf__participant,-0.05165247029998356
terms_abstract_tfidf__participate,0.007114860537942879
terms_abstract_tfidf__participated,0.07592673199814134
terms_abstract_tfidf__particular,-0.1029686980378741
terms_abstract_tfidf__particularly,0.027171439163452927
terms_abstract_tfidf__partly,0.012222916005095858
terms_abstract_tfidf__partner,0.18878300032486178
terms_abstract_tfidf__parts,-0.11504799137378142
terms_abstract_tfidf__passive,-0.24923997121357008
terms_abstract_tfidf__passive viewing,-0.046957215976546826
terms_abstract_tfidf__passively,-0.15170779326141556
terms_abstract_tfidf__past,0.06508077792764427
terms_abstract_tfidf__pathological,-0.006418474471312028
terms_abstract_tfidf__pathology,0.015978762158084383
terms_abstract_tfidf__pathophysiological,-0.009768765965644105
terms_abstract_tfidf__pathophysiology,0.09602779620222762
terms_abstract_tfidf__pathway,-0.06253807493792991
terms_abstract_tfidf__pathways,-0.02152398089303468
terms_abstract_tfidf__patient,-0.14659600882182672
terms_abstract_tfidf__patient group,-0.013947665588134005
terms_abstract_tfidf__patient groups,-0.04423532748090077
terms_abstract_tfidf__pattern,0.005126043804435614
terms_abstract_tfidf__patterns,-0.002714249373368228
terms_abstract_tfidf__pcc,0.0896494628162384
terms_abstract_tfidf__pd,0.05357868494268447
terms_abstract_tfidf__peak,-0.17832137333962728
terms_abstract_tfidf__people,0.015929640422244463
terms_abstract_tfidf__perceive,-0.11464775095966889
terms_abstract_tfidf__perceived,-0.11916422968301288
terms_abstract_tfidf__perceiving,-0.1635231576077952
terms_abstract_tfidf__percept,-0.0721263104918246
terms_abstract_tfidf__perception,-0.2436933334823025
terms_abstract_tfidf__perceptual,-0.11739542210581475
terms_abstract_tfidf__perform,0.04168422746404922
terms_abstract_tfidf__performance,0.16072818530746935
terms_abstract_tfidf__performance task,0.07797005251093014
terms_abstract_tfidf__performances,0.006671980027697882
terms_abstract_tfidf__performing,0.0021185174517545083
terms_abstract_tfidf__perfusion,0.0192997215968006
terms_abstract_tfidf__periaqueductal,0.057100350795376474
terms_abstract_tfidf__period,0.12480671394053991
terms_abstract_tfidf__periodicals,-0.03710005536426955
terms_abstract_tfidf__periods,0.024662996979881578
terms_abstract_tfidf__peripheral,-0.08302306096318238
terms_abstract_tfidf__persistent,0.028365690595075516
terms_abstract_tfidf__person,-0.028625754093210234
terms_abstract_tfidf__personal,0.06725437906676254
terms_abstract_tfidf__personality,0.06428904622507126
terms_abstract_tfidf__personality traits,0.04730642807649518
terms_abstract_tfidf__persons,0.011610748412584686
terms_abstract_tfidf__perspective,0.039200750593223546
terms_abstract_tfidf__pet,-0.0807435934319222
terms_abstract_tfidf__pfc,0.2076467418229825
terms_abstract_tfidf__pharmacological,0.16428378305301475
terms_abstract_tfidf__phase,0.04989997896322201
terms_abstract_tfidf__phases,0.04690022764762745
terms_abstract_tfidf__phenomena,-0.004560420385329422
terms_abstract_tfidf__phenomenon,-0.06362587126029227
terms_abstract_tfidf__phenotype,0.06841910399356962
terms_abstract_tfidf__phonological,-0.0874727645408635
terms_abstract_tfidf__photographs,-0.01955566239513212
terms_abstract_tfidf__physical,-0.14873613980978495
terms_abstract_tfidf__physiological,0.035828733891253205
terms_abstract_tfidf__picture,-0.013619499113870224
terms_abstract_tfidf__pictures,0.044462550378553164
terms_abstract_tfidf__pitch,-0.19241241823271335
terms_abstract_tfidf__place,-0.017956158815353517
terms_abstract_tfidf__placebo,0.11861129362486261
terms_abstract_tfidf__placebo controlled,0.08675511610051653
terms_abstract_tfidf__planning,0.008103778515019606
terms_abstract_tfidf__planum,-0.23282762907153254
terms_abstract_tfidf__planum temporale,-0.22744193337374374
terms_abstract_tfidf__plasticity,-0.20946808834362207
terms_abstract_tfidf__play,0.05991401091096338
terms_abstract_tfidf__play important,-0.06807084695633729
terms_abstract_tfidf__play role,0.03584918583670597
terms_abstract_tfidf__played,0.08711145597997651
terms_abstract_tfidf__playing,0.006408698355895022
terms_abstract_tfidf__plays,0.0076641276411857666
terms_abstract_tfidf__plays important,0.0017670653087349549
terms_abstract_tfidf__plays role,0.06136619884060449
terms_abstract_tfidf__pleasant,-0.029487149754333638
terms_abstract_tfidf__point,-0.0457550966725021
terms_abstract_tfidf__pointing,0.016584031022281717
terms_abstract_tfidf__points,0.011524628590335727
terms_abstract_tfidf__pole,-0.12071025344484082
terms_abstract_tfidf__polymorphism,0.10068068262705783
terms_abstract_tfidf__poor,0.0431586809462236
terms_abstract_tfidf__poorer,0.06518641041217237
terms_abstract_tfidf__poorly,0.04178057597970627
terms_abstract_tfidf__poorly understood,0.04343890519455129
terms_abstract_tfidf__population,-0.09670945395914875
terms_abstract_tfidf__populations,-0.06803392021770048
terms_abstract_tfidf__portion,-0.105110649539871
terms_abstract_tfidf__portions,0.026841731228424034
terms_abstract_tfidf__position,-0.10548127593662272
terms_abstract_tfidf__positive,0.08308780181454063
terms_abstract_tfidf__positive correlation,-0.03221483549127921
terms_abstract_tfidf__positive correlations,-0.06441529001314968
terms_abstract_tfidf__positive negative,0.07835992022459701
terms_abstract_tfidf__positively,0.1219691442590771
terms_abstract_tfidf__positively correlated,0.10658945697953516
terms_abstract_tfidf__positron,0.007727876339462412
terms_abstract_tfidf__positron emission,0.008204184181611606
terms_abstract_tfidf__possibility,-0.04438018196039627
terms_abstract_tfidf__possible,-0.10815489391579482
terms_abstract_tfidf__possibly,0.08570428583124043
terms_abstract_tfidf__post,-0.05938928473397671
terms_abstract_tfidf__post hoc,-0.10156662947683606
terms_abstract_tfidf__postcentral,-0.184549413008749
terms_abstract_tfidf__postcentral gyrus,-0.16554016065813051
terms_abstract_tfidf__posterior,-0.10392438199618258
terms_abstract_tfidf__posterior anterior,-0.09299464402610351
terms_abstract_tfidf__posterior cingulate,0.10292194581905459
terms_abstract_tfidf__posterior inferior,0.005925297858909243
terms_abstract_tfidf__posterior insula,-0.07534904523987113
terms_abstract_tfidf__posterior middle,-0.11764460161450668
terms_abstract_tfidf__posterior parietal,0.0026234182829254155
terms_abstract_tfidf__posterior superior,-0.20630973601034777
terms_abstract_tfidf__posterior temporal,-0.15514170142263414
terms_abstract_tfidf__posttraumatic,-0.01429554851283027
terms_abstract_tfidf__potential,0.05331721857842543
terms_abstract_tfidf__potentially,0.0302585107344195
terms_abstract_tfidf__potentials,-0.14329444436917602
terms_abstract_tfidf__power,-0.07456121718964906
terms_abstract_tfidf__powerful,0.01938365367541662
terms_abstract_tfidf__ppc,-0.025183249850541416
terms_abstract_tfidf__ppi,0.011203392583410878
terms_abstract_tfidf__practice,-0.0987666388249706
terms_abstract_tfidf__pre,0.07824769217721338
terms_abstract_tfidf__pre post,-0.04692428091632848
terms_abstract_tfidf__pre sma,0.10420635622156188
terms_abstract_tfidf__pre supplementary,0.11399797506229457
terms_abstract_tfidf__preceded,0.03816587264500489
terms_abstract_tfidf__preceding,0.06858837998372533
terms_abstract_tfidf__precentral,-0.13449852535491613
terms_abstract_tfidf__precentral gyrus,-0.072284795086552
terms_abstract_tfidf__precise,-0.03330113689132373
terms_abstract_tfidf__precuneus,0.04895121227933901
terms_abstract_tfidf__precuneus posterior,0.08835095148629228
terms_abstract_tfidf__predict,-0.007658004773459545
terms_abstract_tfidf__predicted,0.09299565045332209
terms_abstract_tfidf__predicting,0.11974184085632354
terms_abstract_tfidf__prediction,0.1649319361828163
terms_abstract_tfidf__prediction error,0.2424988255940397
terms_abstract_tfidf__predictions,0.006213387341153741
terms_abstract_tfidf__predictive,-0.022487125557423573
terms_abstract_tfidf__predictors,0.0004558120897615556
terms_abstract_tfidf__predicts,0.06986783070836154
terms_abstract_tfidf__predominantly,-0.0344792115648958
terms_abstract_tfidf__preference,0.004060794464678443
terms_abstract_tfidf__preferences,0.14198402159664777
terms_abstract_tfidf__preferential,-0.00819009855000134
terms_abstract_tfidf__preferentially,-0.04099311692846224
terms_abstract_tfidf__prefrontal,0.30436465988149963
terms_abstract_tfidf__prefrontal cortex,0.2857099505801524
terms_abstract_tfidf__prefrontal cortical,0.15744472819140967
terms_abstract_tfidf__prefrontal cortices,0.17289418898369224
terms_abstract_tfidf__prefrontal parietal,0.2051224010336783
terms_abstract_tfidf__preliminary,-0.008371968205718606
terms_abstract_tfidf__premotor,-0.10785108030428246
terms_abstract_tfidf__premotor cortex,-0.14300687948206584
terms_abstract_tfidf__preparation,0.048703343527632066
terms_abstract_tfidf__preparatory,0.06022368105894785
terms_abstract_tfidf__presence,-0.07927565435020893
terms_abstract_tfidf__presentation,-0.002840570313383667
terms_abstract_tfidf__presentations,-0.008418718833582774
terms_abstract_tfidf__presented,-0.14213882574933387
terms_abstract_tfidf__presenting,-0.0583775872464813
terms_abstract_tfidf__preserved,-0.08257709042310842
terms_abstract_tfidf__press,0.018163499765941407
terms_abstract_tfidf__pressure,0.026362585928693828
terms_abstract_tfidf__presumably,-0.04064942480065543
terms_abstract_tfidf__previous,0.041194676874009795
terms_abstract_tfidf__previous functional,0.015551746944110647
terms_abstract_tfidf__previous reports,-0.11289626773071457
terms_abstract_tfidf__previous research,0.06005469291800371
terms_abstract_tfidf__previous shown,0.1064246041961002
terms_abstract_tfidf__previous work,-8.886150395145862e-05
terms_abstract_tfidf__primarily,-0.004566943824290819
terms_abstract_tfidf__primary,-0.20288036829003078
terms_abstract_tfidf__primary auditory,-0.2552151248434766
terms_abstract_tfidf__primary motor,-0.1446072600817856
terms_abstract_tfidf__primary secondary,-0.09501270641478705
terms_abstract_tfidf__primary sensorimotor,-0.14130788910827974
terms_abstract_tfidf__primary somatosensory,-0.16157569535786875
terms_abstract_tfidf__primary visual,-0.04902997996848372
terms_abstract_tfidf__primates,0.03789554283149432
terms_abstract_tfidf__prime,-0.08212719491602659
terms_abstract_tfidf__priming,-0.0759382567458406
terms_abstract_tfidf__principal,0.09573120321046878
terms_abstract_tfidf__principle,-0.09466407712001138
terms_abstract_tfidf__prior,0.06724946700853056
terms_abstract_tfidf__priori,0.050540444774805356
terms_abstract_tfidf__probabilistic,0.11193300378220902
terms_abstract_tfidf__probability,0.11631890381643717
terms_abstract_tfidf__probably,-0.03975038235769494
terms_abstract_tfidf__probe,0.11390600372018507
terms_abstract_tfidf__problem,0.12151111759146084
terms_abstract_tfidf__problems,0.1476449544531689
terms_abstract_tfidf__procedure,-0.08473993234429802
terms_abstract_tfidf__procedures,0.09412599259477018
terms_abstract_tfidf__process,0.10605444866654086
terms_abstract_tfidf__processed,-0.15749867628507355
terms_abstract_tfidf__processes,0.18449437911460045
terms_abstract_tfidf__processes involved,0.07651506249929181
terms_abstract_tfidf__processes underlying,0.08627779297356428
terms_abstract_tfidf__produce,-0.10070136850314533
terms_abstract_tfidf__produced,-0.10503686456904031
terms_abstract_tfidf__producing,-0.09058009792053856
terms_abstract_tfidf__production,-0.16700522946677712
terms_abstract_tfidf__profile,-0.048396428039581864
terms_abstract_tfidf__profiles,-0.0694425989487748
terms_abstract_tfidf__progression,0.02058059299828572
terms_abstract_tfidf__progressive,-0.019679464252476592
terms_abstract_tfidf__prolonged,-0.03262503143656448
terms_abstract_tfidf__prominent,-0.020619207653701118
terms_abstract_tfidf__promising,0.005954201554759149
terms_abstract_tfidf__pronounced,-0.03728097543421512
terms_abstract_tfidf__proper,-0.047782888928480725
terms_abstract_tfidf__properties,-0.20261509737193054
terms_abstract_tfidf__proportion,0.1386217312410547
terms_abstract_tfidf__propose,-0.031312414027070794
terms_abstract_tfidf__proposed,0.06867147278823962
terms_abstract_tfidf__prospective,0.1194852778518086
terms_abstract_tfidf__protocol,0.0022077013060395304
terms_abstract_tfidf__provide,0.1297154489574177
terms_abstract_tfidf__provide evidence,0.050761760546950106
terms_abstract_tfidf__provide new,0.05453930856565086
terms_abstract_tfidf__provide novel,0.06498422937036621
terms_abstract_tfidf__provided,0.08642557876042015
terms_abstract_tfidf__provides,-0.08061541580229929
terms_abstract_tfidf__provides evidence,0.01933966368319112
terms_abstract_tfidf__providing,-0.10699171114673371
terms_abstract_tfidf__pseudowords,-0.1191272188514795
terms_abstract_tfidf__psts,-0.17467465501216747
terms_abstract_tfidf__psychiatric,0.11493796920562552
terms_abstract_tfidf__psychiatric disorders,0.1339378874974515
terms_abstract_tfidf__psychological,0.05068803947740062
terms_abstract_tfidf__psychopathology,0.10247576482721028
terms_abstract_tfidf__psychophysical,-0.035703884531815784
terms_abstract_tfidf__psychophysiological,0.02777922423917315
terms_abstract_tfidf__psychophysiological interaction,0.06293444139851406
terms_abstract_tfidf__psychosis,0.04571292817632161
terms_abstract_tfidf__psychotic,0.032373623099425625
terms_abstract_tfidf__ptsd,0.003504912878718167
terms_abstract_tfidf__published,0.11033730575688618
terms_abstract_tfidf__punishment,0.2162410057577603
terms_abstract_tfidf__pure,-0.0691913976765474
terms_abstract_tfidf__purpose,-0.04948623196236936
terms_abstract_tfidf__putamen,0.11783323558290235
terms_abstract_tfidf__putative,0.082419927262483
terms_abstract_tfidf__quality,-0.10169282769671831
terms_abstract_tfidf__quantified,0.0005303405622407195
terms_abstract_tfidf__quantify,-0.07160555923032119
terms_abstract_tfidf__quantitative,0.08395001784407835
terms_abstract_tfidf__question,0.008239860377935322
terms_abstract_tfidf__questionnaire,0.0937680035737721
terms_abstract_tfidf__questions,0.03361859468354549
terms_abstract_tfidf__random,0.04026903713690759
terms_abstract_tfidf__random effects,0.04828882702429148
terms_abstract_tfidf__randomized,-0.0316414665393406
terms_abstract_tfidf__randomly,-0.017375780635509104
terms_abstract_tfidf__range,-0.0406083110554062
terms_abstract_tfidf__ranging,-0.03804170757498002
terms_abstract_tfidf__rapid,0.04643578981934187
terms_abstract_tfidf__rapidly,-0.01572844772063751
terms_abstract_tfidf__rare,-0.05787804965742823
terms_abstract_tfidf__rarely,0.0727106294874292
terms_abstract_tfidf__rate,0.0497689523706646
terms_abstract_tfidf__rated,-0.007602677130649006
terms_abstract_tfidf__rates,0.02734217870970419
terms_abstract_tfidf__rating,0.002908175112320769
terms_abstract_tfidf__ratings,0.05410393305668417
terms_abstract_tfidf__ratio,-0.03686918586066447
terms_abstract_tfidf__rationale,0.014644362889573905
terms_abstract_tfidf__reach,-0.055096634316636466
terms_abstract_tfidf__reaching,-0.06957348699493905
terms_abstract_tfidf__reaction,0.13034345358113575
terms_abstract_tfidf__reaction time,0.1957563664017028
terms_abstract_tfidf__reaction times,0.0023242759424982667
terms_abstract_tfidf__reactions,0.025501227769506057
terms_abstract_tfidf__reactivity,0.015946038866058554
terms_abstract_tfidf__read,-0.062224592871887335
terms_abstract_tfidf__readers,-0.017333009429416027
terms_abstract_tfidf__reading,-0.09776997086307859
terms_abstract_tfidf__real,-0.03544215288708012
terms_abstract_tfidf__real time,-0.053335268396737
terms_abstract_tfidf__real world,0.045292339827470794
terms_abstract_tfidf__reality,0.08271161252493639
terms_abstract_tfidf__reappraisal,0.08618626115555103
terms_abstract_tfidf__reasoning,0.14040127063278643
terms_abstract_tfidf__recall,0.05587262389143635
terms_abstract_tfidf__receive,0.0592750623598302
terms_abstract_tfidf__received,0.15055569542444758
terms_abstract_tfidf__receiving,0.17258793633302438
terms_abstract_tfidf__recently,-0.0058653649868921414
terms_abstract_tfidf__receptor,0.17567955391063841
terms_abstract_tfidf__recognition,-0.07906487811395324
terms_abstract_tfidf__recognition memory,0.13166651088511896
terms_abstract_tfidf__recognition task,-0.009963111251862654
terms_abstract_tfidf__recognize,-0.13455722448453927
terms_abstract_tfidf__recognized,-0.028298019021543743
terms_abstract_tfidf__recognizing,-0.09369173596871
terms_abstract_tfidf__recollection,0.039641202886059664
terms_abstract_tfidf__recorded,-0.11705369321793421
terms_abstract_tfidf__recording,-0.02000789594970153
terms_abstract_tfidf__recordings,-0.07928376519241637
terms_abstract_tfidf__recovery,-0.16563588639039156
terms_abstract_tfidf__recruit,0.006663470380300586
terms_abstract_tfidf__recruited,0.054939849368030244
terms_abstract_tfidf__recruitment,0.023511228122948542
terms_abstract_tfidf__recruits,-0.021953188950410006
terms_abstract_tfidf__reduce,0.03131045467946961
terms_abstract_tfidf__reduces,0.08323133418638641
terms_abstract_tfidf__reducing,0.11581744984092912
terms_abstract_tfidf__reduction,0.043131091607837006
terms_abstract_tfidf__reductions,0.0626281224609494
terms_abstract_tfidf__reference,-0.0015610385405570512
terms_abstract_tfidf__referential,0.05456458955688258
terms_abstract_tfidf__referred,-0.10611965502509504
terms_abstract_tfidf__refers,-0.0019924719610288225
terms_abstract_tfidf__reflect,-0.019852331515684402
terms_abstract_tfidf__reflected,0.054030072867567336
terms_abstract_tfidf__reflecting,0.04701040572306111
terms_abstract_tfidf__reflects,-0.06320454873020193
terms_abstract_tfidf__regard,0.06034737461508206
terms_abstract_tfidf__regarding,0.03519480101723803
terms_abstract_tfidf__regardless,-0.05690856282889277
terms_abstract_tfidf__regional,0.016835856587090685
terms_abstract_tfidf__regional cerebral,-0.047692486386066844
terms_abstract_tfidf__regional gray,-0.03963425229209669
terms_abstract_tfidf__regional homogeneity,-0.024791028190725383
terms_abstract_tfidf__regular,-0.029907070733427073
terms_abstract_tfidf__regulate,0.09266515968187174
terms_abstract_tfidf__regulating,0.10729726471409419
terms_abstract_tfidf__regulation,0.0769316081847223
terms_abstract_tfidf__regulatory,0.11250327545134543
terms_abstract_tfidf__rehabilitation,-0.0814799122462009
terms_abstract_tfidf__rehearsal,-0.0016249330049741258
terms_abstract_tfidf__reho,-0.024811007376601524
terms_abstract_tfidf__reinforcement,0.21540950797015518
terms_abstract_tfidf__reinforcement learning,0.1999812353853516
terms_abstract_tfidf__relate,-0.034263302010208885
terms_abstract_tfidf__relates,0.05056067832475056
terms_abstract_tfidf__relation,0.020730410095325315
terms_abstract_tfidf__relational,0.13262465632540466
terms_abstract_tfidf__relations,0.059348787368307836
terms_abstract_tfidf__relationship,0.027963927152219906
terms_abstract_tfidf__relationships,0.0002940144705763187
terms_abstract_tfidf__relatively,0.06906705135107323
terms_abstract_tfidf__relevance,0.04991475491244478
terms_abstract_tfidf__relevant,-0.07291533476591862
terms_abstract_tfidf__relevant information,0.004882456020442836
terms_abstract_tfidf__reliability,-0.09492408059462959
terms_abstract_tfidf__reliable,-0.17757415689906092
terms_abstract_tfidf__reliably,-0.007753811260707528
terms_abstract_tfidf__reliance,-0.041688073888417464
terms_abstract_tfidf__relied,0.0756512816430563
terms_abstract_tfidf__relies,-0.020088938371233506
terms_abstract_tfidf__rely,0.0005422849542673192
terms_abstract_tfidf__remain,0.05206366951015571
terms_abstract_tfidf__remain unclear,0.027102768838724277
terms_abstract_tfidf__remained,0.08705403792324826
terms_abstract_tfidf__remaining,-0.12286340393898182
terms_abstract_tfidf__remarkably,-0.04821980732248923
terms_abstract_tfidf__remember,0.06580603920369789
terms_abstract_tfidf__remembered,0.03118032033836069
terms_abstract_tfidf__remembering,0.07852188130254668
terms_abstract_tfidf__remote,-0.09945793130667928
terms_abstract_tfidf__reorganization,-0.142202851963249
terms_abstract_tfidf__repeat,0.1054968161527895
terms_abstract_tfidf__repeated,-0.04940534659156509
terms_abstract_tfidf__repeatedly,0.007125723493536313
terms_abstract_tfidf__repetition,-0.16712724304215745
terms_abstract_tfidf__repetition suppression,-0.15442283231517306
terms_abstract_tfidf__repetitive,-0.0858847987188696
terms_abstract_tfidf__replicate,0.0007117882995232085
terms_abstract_tfidf__replicated,0.012535450187453038
terms_abstract_tfidf__report,0.07048231643768012
terms_abstract_tfidf__reported,0.07980615944077049
terms_abstract_tfidf__reports,-0.051474681520210466
terms_abstract_tfidf__represent,0.025242856427213096
terms_abstract_tfidf__representation,-0.2055380195868408
terms_abstract_tfidf__representational,-0.11692730433981985
terms_abstract_tfidf__representations,-0.12595544863784086
terms_abstract_tfidf__represented,-0.10851164254461146
terms_abstract_tfidf__representing,-0.07843577291207321
terms_abstract_tfidf__represents,-0.09511749538403141
terms_abstract_tfidf__require,-0.013419980145174428
terms_abstract_tfidf__required,0.11604189401096976
terms_abstract_tfidf__requirements,0.06657718657941282
terms_abstract_tfidf__requires,0.060352563778602285
terms_abstract_tfidf__requiring,0.09724076949716408
terms_abstract_tfidf__research,0.046866350921312645
terms_abstract_tfidf__research suggests,-0.02203137883206921
terms_abstract_tfidf__researchers,0.077460618006697
terms_abstract_tfidf__residual,-0.06129539162135546
terms_abstract_tfidf__resolution,-0.09220347577709259
terms_abstract_tfidf__resolve,0.05080422771392905
terms_abstract_tfidf__resonance,0.056650722373459035
terms_abstract_tfidf__resonance experiment,-0.07906938660910952
terms_abstract_tfidf__resonance healthy,0.07398952147917771
terms_abstract_tfidf__resonance images,-0.02788712596162694
terms_abstract_tfidf__resonance measure,0.05957279813767948
terms_abstract_tfidf__resonance performing,0.1925799050209694
terms_abstract_tfidf__resonance rs,0.005599918723554174
terms_abstract_tfidf__resonance scans,-0.05642397591591849
terms_abstract_tfidf__resources,0.09097936861353857
terms_abstract_tfidf__respect,-0.04882441036578672
terms_abstract_tfidf__respective,0.01698608919378313
terms_abstract_tfidf__respectively,0.034211252775990283
terms_abstract_tfidf__respond,0.018415551141729578
terms_abstract_tfidf__responded,-0.010705710237850498
terms_abstract_tfidf__responding,0.08124451754575494
terms_abstract_tfidf__responds,-0.16082420541647435
terms_abstract_tfidf__response,0.16667322505041923
terms_abstract_tfidf__response inhibition,0.23396896147512727
terms_abstract_tfidf__response selection,0.10329389286199797
terms_abstract_tfidf__response time,0.09510373478719446
terms_abstract_tfidf__response times,0.13947234498726815
terms_abstract_tfidf__responses,0.05117406526887991
terms_abstract_tfidf__responsible,-0.06061270686949794
terms_abstract_tfidf__responsive,-0.15732274321501608
terms_abstract_tfidf__responsiveness,0.03942252379423376
terms_abstract_tfidf__rest,0.013452922363969853
terms_abstract_tfidf__resting,0.021460167475302327
terms_abstract_tfidf__resting state,0.02784541520494449
terms_abstract_tfidf__restricted,-0.18741388821755772
terms_abstract_tfidf__result,0.0005843989274095678
terms_abstract_tfidf__resulted,-0.02423389443919335
terms_abstract_tfidf__resulting,-0.03975250921637738
terms_abstract_tfidf__retention,0.02478095856658538
terms_abstract_tfidf__retrieval,0.11325546491373048
terms_abstract_tfidf__retrieved,0.047507978057925754
terms_abstract_tfidf__retrosplenial,0.058833941582892825
terms_abstract_tfidf__retrosplenial cortex,0.08459870567267948
terms_abstract_tfidf__reveal,0.017387329387642265
terms_abstract_tfidf__revealing,-0.11103904220411563
terms_abstract_tfidf__reveals,-0.034746204298550964
terms_abstract_tfidf__reversal,0.2247807029783557
terms_abstract_tfidf__reverse,-0.0399398708115989
terms_abstract_tfidf__reversed,-0.0427302632375167
terms_abstract_tfidf__reward,0.27948489291760414
terms_abstract_tfidf__reward anticipation,0.17591020244682154
terms_abstract_tfidf__rewarding,0.1835828171205482
terms_abstract_tfidf__rewards,0.2965116629925694
terms_abstract_tfidf__rhythm,-0.11877143874080831
terms_abstract_tfidf__rich,-0.07209636965124173
terms_abstract_tfidf__rise,-0.04920889947356379
terms_abstract_tfidf__risk,0.17837917672484302
terms_abstract_tfidf__risk taking,0.24333938304386682
terms_abstract_tfidf__risky,0.22068770499674492
terms_abstract_tfidf__robust,0.022211616948371673
terms_abstract_tfidf__roi,-0.09157704030782923
terms_abstract_tfidf__rois,-0.02864587190065012
terms_abstract_tfidf__role,0.06049709125425901
terms_abstract_tfidf__roles,0.04192851455261815
terms_abstract_tfidf__rostral,0.0986881180475687
terms_abstract_tfidf__rostral anterior,0.09333736933881695
terms_abstract_tfidf__rotation,-0.051589724904820514
terms_abstract_tfidf__rs,0.006348119866825466
terms_abstract_tfidf__rsfc,-0.03181836671861358
terms_abstract_tfidf__rt,0.15277491920555544
terms_abstract_tfidf__rule,0.22543985883175324
terms_abstract_tfidf__rules,0.21729425437921215
terms_abstract_tfidf__run,-0.06653545838607174
terms_abstract_tfidf__runs,-0.0669639076178051
terms_abstract_tfidf__s1,-0.15357316963609355
terms_abstract_tfidf__saccade,0.006202249662632329
terms_abstract_tfidf__saccades,-0.006455036060039724
terms_abstract_tfidf__sad,-0.032521931771444475
terms_abstract_tfidf__salience,0.14426828836198968
terms_abstract_tfidf__salience network,0.13891414320493656
terms_abstract_tfidf__salient,0.043644820287883704
terms_abstract_tfidf__sample,0.06281778722440884
terms_abstract_tfidf__samples,0.08500895450200138
terms_abstract_tfidf__sampling,-0.0655606426821831
terms_abstract_tfidf__scale,0.05284516553681187
terms_abstract_tfidf__scales,0.013954818259608941
terms_abstract_tfidf__scalp,-0.05364620812897581
terms_abstract_tfidf__scan,-0.04995247343608281
terms_abstract_tfidf__scanned,-0.009268560678672795
terms_abstract_tfidf__scanned using,0.03739248613996785
terms_abstract_tfidf__scanner,-0.028298921906345788
terms_abstract_tfidf__scanning,-0.028721173096505043
terms_abstract_tfidf__scans,-0.074267514180832
terms_abstract_tfidf__scene,-0.09167253673133748
terms_abstract_tfidf__scenes,-0.05034200439894628
terms_abstract_tfidf__schizophrenia,0.0771379127705898
terms_abstract_tfidf__schizophrenic,-0.014668989565023417
terms_abstract_tfidf__sclerosis,0.013099585203124667
terms_abstract_tfidf__score,0.0017263529576310663
terms_abstract_tfidf__scores,0.02273076446403733
terms_abstract_tfidf__sd,-0.020634611128718717
terms_abstract_tfidf__se,0.11638159420345388
terms_abstract_tfidf__search,-0.017665471107923585
terms_abstract_tfidf__second,-0.0020914570690529813
terms_abstract_tfidf__secondary,-0.06937735942718658
terms_abstract_tfidf__secondary somatosensory,-0.08594505877107553
terms_abstract_tfidf__sectional,-0.01582370249051378
terms_abstract_tfidf__seed,0.0350393154364021
terms_abstract_tfidf__seeds,0.015333723357926125
terms_abstract_tfidf__seeking,0.24297537207013986
terms_abstract_tfidf__seen,-0.07215058682123711
terms_abstract_tfidf__segregated,0.014621087547457908
terms_abstract_tfidf__segregation,-0.07597197668478661
terms_abstract_tfidf__select,0.0854057099151467
terms_abstract_tfidf__selected,0.018736356762745682
terms_abstract_tfidf__selection,0.13306664180165734
terms_abstract_tfidf__selective,-0.15424781540892799
terms_abstract_tfidf__selective attention,-0.044322089284142434
terms_abstract_tfidf__selectively,-0.024669403062019517
terms_abstract_tfidf__selectivity,-0.16306708409671075
terms_abstract_tfidf__self,0.13535082362578263
terms_abstract_tfidf__self referential,0.055098280475854695
terms_abstract_tfidf__self report,0.08455435436883298
terms_abstract_tfidf__self reported,0.08378472331556762
terms_abstract_tfidf__semantic,-0.06663420695720952
terms_abstract_tfidf__semantic memory,0.0026079320325377475
terms_abstract_tfidf__semantically,-0.13272453096594736
terms_abstract_tfidf__semantics,-0.07123080422716768
terms_abstract_tfidf__sensation,0.014064155792508491
terms_abstract_tfidf__sensations,0.00029188988409085373
terms_abstract_tfidf__sense,0.004952750834359845
terms_abstract_tfidf__sensitive,-0.09470710169392971
terms_abstract_tfidf__sensitivity,0.04831156883326678
terms_abstract_tfidf__sensorimotor,-0.18500180411236722
terms_abstract_tfidf__sensorimotor cortex,-0.16505278908895094
terms_abstract_tfidf__sensorimotor network,-0.13342548643794513
terms_abstract_tfidf__sensory,-0.23231428060337841
terms_abstract_tfidf__sensory information,-0.05175947472733444
terms_abstract_tfidf__sensory motor,-0.18580687548777958
terms_abstract_tfidf__sentence,-0.049712159352313275
terms_abstract_tfidf__sentence comprehension,-0.02511869913805301
terms_abstract_tfidf__sentences,-0.12267534937435595
terms_abstract_tfidf__separable,0.030363389164066525
terms_abstract_tfidf__separate,-0.0020470610517368242
terms_abstract_tfidf__separated,-0.01153240072763982
terms_abstract_tfidf__separately,-0.07338265385924182
terms_abstract_tfidf__separation,-0.00940748182094994
terms_abstract_tfidf__sequence,-0.022855689113810623
terms_abstract_tfidf__sequences,-0.03590923572729405
terms_abstract_tfidf__sequential,-0.053199172932331194
terms_abstract_tfidf__serial,-0.021892245635063784
terms_abstract_tfidf__series,-0.016265708975443383
terms_abstract_tfidf__serotonin,0.10467449987312571
terms_abstract_tfidf__serve,0.036442056603002836
terms_abstract_tfidf__served,-0.02779956831945295
terms_abstract_tfidf__serves,-0.02735478499839718
terms_abstract_tfidf__session,0.0055229220228535875
terms_abstract_tfidf__sessions,0.022446420481281103
terms_abstract_tfidf__set,0.14349988934806668
terms_abstract_tfidf__sets,0.07594325781868892
terms_abstract_tfidf__setting,0.07432063014694067
terms_abstract_tfidf__settings,-0.005200352574536793
terms_abstract_tfidf__seven,0.05802146505316472
terms_abstract_tfidf__seventeen,0.035680094201849
terms_abstract_tfidf__severe,-0.07380165395890456
terms_abstract_tfidf__severity,0.026036407551360104
terms_abstract_tfidf__sex,0.02039752335686085
terms_abstract_tfidf__sexual,0.07764746419244861
terms_abstract_tfidf__sham,0.012341284964348026
terms_abstract_tfidf__shape,0.01369194839000652
terms_abstract_tfidf__shaped,-0.0519806515046328
terms_abstract_tfidf__shapes,-0.021553136477799505
terms_abstract_tfidf__share,0.07075380212246686
terms_abstract_tfidf__shared,0.056885764121643236
terms_abstract_tfidf__shed,0.01942290473778588
terms_abstract_tfidf__shed light,0.02653005297660021
terms_abstract_tfidf__shift,0.08395734049353079
terms_abstract_tfidf__shifted,-0.0402960932998738
terms_abstract_tfidf__shifting,0.18134747462213327
terms_abstract_tfidf__shifts,0.024118598004677208
terms_abstract_tfidf__short,-0.1926696818387688
terms_abstract_tfidf__short term,-0.08296765113421946
terms_abstract_tfidf__shorter,0.01655146654437989
terms_abstract_tfidf__showing,-0.08895421311249088
terms_abstract_tfidf__shown,0.027435209817476203
terms_abstract_tfidf__shows,-0.06996994143930763
terms_abstract_tfidf__si,-0.1372691946522443
terms_abstract_tfidf__sided,-0.05578369593406384
terms_abstract_tfidf__sighted,-0.13911486034139742
terms_abstract_tfidf__sign,-0.11684742717072238
terms_abstract_tfidf__signal,-0.012504835804099905
terms_abstract_tfidf__signal change,-0.09000602122627996
terms_abstract_tfidf__signal task,0.1785007365956245
terms_abstract_tfidf__signaling,0.1506636466265923
terms_abstract_tfidf__signals,-0.08973254674054007
terms_abstract_tfidf__signature,0.008807552242871285
terms_abstract_tfidf__significance,0.06173428960761941
terms_abstract_tfidf__significance statement,0.08814189169175772
terms_abstract_tfidf__signs,-0.07770835000627992
terms_abstract_tfidf__sii,-0.15436393561593736
terms_abstract_tfidf__silent,-0.22466940815046502
terms_abstract_tfidf__similarities,0.11344693643260698
terms_abstract_tfidf__similarity,-0.04231144330315163
terms_abstract_tfidf__similarly,0.06587111761914674
terms_abstract_tfidf__simple,-0.04867492183796636
terms_abstract_tfidf__simply,0.06788385496656933
terms_abstract_tfidf__simulated,-0.07647988379741133
terms_abstract_tfidf__simulation,-0.11747203787011497
terms_abstract_tfidf__simultaneous,-0.07951119942042545
terms_abstract_tfidf__simultaneous eeg,-0.0067442458375367356
terms_abstract_tfidf__simultaneously,-0.07471604760069464
terms_abstract_tfidf__single,-0.115818468909293
terms_abstract_tfidf__single subject,-0.16427081078462533
terms_abstract_tfidf__single trial,-0.039115694814065405
terms_abstract_tfidf__site,-0.035883999937058146
terms_abstract_tfidf__sites,-0.17254068300623962
terms_abstract_tfidf__situation,0.07308052562389361
terms_abstract_tfidf__situations,0.166349949264962
terms_abstract_tfidf__sixteen,0.02551111417014996
terms_abstract_tfidf__size,-0.0037004991108411434
terms_abstract_tfidf__sizes,0.01733168447329983
terms_abstract_tfidf__skill,-0.08614133568284088
terms_abstract_tfidf__skills,-0.15715968642173417
terms_abstract_tfidf__skin,-0.0300108419670403
terms_abstract_tfidf__skin conductance,0.006096414462840838
terms_abstract_tfidf__sleep,0.04609130931715306
terms_abstract_tfidf__slow,-0.06178845272948116
terms_abstract_tfidf__slower,0.06591684541637542
terms_abstract_tfidf__sma,-0.02412557956668848
terms_abstract_tfidf__small,-0.018906496097475523
terms_abstract_tfidf__smaller,-0.045924410663388135
terms_abstract_tfidf__smokers,0.09041376579099081
terms_abstract_tfidf__smoking,0.06725195701591549
terms_abstract_tfidf__sn,0.14456653245688497
terms_abstract_tfidf__social,-0.023063864515012952
terms_abstract_tfidf__social cognition,-0.01678536939367982
terms_abstract_tfidf__social cognitive,-0.024466454007368958
terms_abstract_tfidf__social interaction,-0.02222212411882575
terms_abstract_tfidf__social interactions,-0.0387673473922765
terms_abstract_tfidf__socially,-0.08297367066073859
terms_abstract_tfidf__software,-0.047882962305678636
terms_abstract_tfidf__solving,0.11224857952117454
terms_abstract_tfidf__somatosensory,-0.17524826040734814
terms_abstract_tfidf__somatosensory cortex,-0.1628062701207614
terms_abstract_tfidf__somatosensory cortices,-0.11463727355505288
terms_abstract_tfidf__sought,0.07159208797610592
terms_abstract_tfidf__sound,-0.23946530719929024
terms_abstract_tfidf__sounds,-0.2784491720213836
terms_abstract_tfidf__source,-0.1263238346873526
terms_abstract_tfidf__sources,-0.14799255686940752
terms_abstract_tfidf__space,-0.14546194529054376
terms_abstract_tfidf__span,-0.03779553835715548
terms_abstract_tfidf__sparse,-0.14261642346758335
terms_abstract_tfidf__spatial,-0.03624256254932745
terms_abstract_tfidf__spatial attention,-0.014490828804724642
terms_abstract_tfidf__spatial information,-0.06074917341800071
terms_abstract_tfidf__spatial temporal,0.007984242096849224
terms_abstract_tfidf__spatially,-0.1514867546097956
terms_abstract_tfidf__spatiotemporal,-0.09898106133214729
terms_abstract_tfidf__speaker,-0.20507972288262027
terms_abstract_tfidf__speakers,-0.11033138782543128
terms_abstract_tfidf__speaking,-0.07245462157521998
terms_abstract_tfidf__special,-0.08792575643109041
terms_abstract_tfidf__specialization,-0.13237427959730047
terms_abstract_tfidf__specialized,-0.054618044766049534
terms_abstract_tfidf__species,0.09061549694034272
terms_abstract_tfidf__specifically,0.0721590877228335
terms_abstract_tfidf__specificity,-0.07147393553367963
terms_abstract_tfidf__specified,0.031162917033890333
terms_abstract_tfidf__spectral,-0.1808018016570524
terms_abstract_tfidf__spectrum,-0.08561603017011445
terms_abstract_tfidf__spectrum disorder,-0.04727235525910549
terms_abstract_tfidf__spectrum disorders,-0.06707076055842087
terms_abstract_tfidf__speech,-0.23113673105202429
terms_abstract_tfidf__speech perception,-0.22888665308835285
terms_abstract_tfidf__speech production,-0.17058705515516662
terms_abstract_tfidf__speed,-0.004278662594394938
terms_abstract_tfidf__spin,0.031547732510916214
terms_abstract_tfidf__spin labeling,0.05774076901083753
terms_abstract_tfidf__spinal,-0.03487638969533022
terms_abstract_tfidf__spl,-0.07499323032900423
terms_abstract_tfidf__spoken,-0.2098571447107381
terms_abstract_tfidf__spontaneous,-0.033595323511120705
terms_abstract_tfidf__stable,0.01967229001394425
terms_abstract_tfidf__stage,0.08145307695316181
terms_abstract_tfidf__stages,0.0343931736220585
terms_abstract_tfidf__standard,-0.06134406954096526
terms_abstract_tfidf__standardized,-0.08045694494997663
terms_abstract_tfidf__state,0.019372672539130664
terms_abstract_tfidf__state connectivity,0.030258687277212534
terms_abstract_tfidf__state functional,0.04354285162250911
terms_abstract_tfidf__state networks,0.031347011492284846
terms_abstract_tfidf__statement,0.09385835121778778
terms_abstract_tfidf__states,-0.02321811440878141
terms_abstract_tfidf__static,-0.12407038907062974
terms_abstract_tfidf__statistics,-0.10360597016811261
terms_abstract_tfidf__status,-0.07468777639695832
terms_abstract_tfidf__step,0.009466266646460119
terms_abstract_tfidf__stg,-0.2459696512177853
terms_abstract_tfidf__stimulated,-0.14436285724424805
terms_abstract_tfidf__stimulation,-0.17227916224206993
terms_abstract_tfidf__stimulation tms,-0.1872474356701026
terms_abstract_tfidf__stimuli,-0.10726321405850661
terms_abstract_tfidf__stimuli presented,-0.12028720239701787
terms_abstract_tfidf__stimulus,-0.04514390178052596
terms_abstract_tfidf__stimulus driven,0.028195121013318766
terms_abstract_tfidf__stimulus response,0.177458887556581
terms_abstract_tfidf__stop,0.19637729775008886
terms_abstract_tfidf__stop signal,0.18612455440278275
terms_abstract_tfidf__storage,0.10836531006611502
terms_abstract_tfidf__stored,-0.06465485737802769
terms_abstract_tfidf__strategic,0.1124064252537981
terms_abstract_tfidf__strategies,0.1415682682163445
terms_abstract_tfidf__strategy,0.16113582304230795
terms_abstract_tfidf__stream,-0.1837624661611487
terms_abstract_tfidf__streams,-0.15904113859079255
terms_abstract_tfidf__strength,0.0053173991218393845
terms_abstract_tfidf__stress,0.029330036374637332
terms_abstract_tfidf__stress disorder,-0.00226454916929234
terms_abstract_tfidf__striatal,0.3276489354056935
terms_abstract_tfidf__striatum,0.30668001139359463
terms_abstract_tfidf__striking,-0.0022298138042040564
terms_abstract_tfidf__stroke,-0.20754993214290174
terms_abstract_tfidf__strong,-0.04004969091650092
terms_abstract_tfidf__strongest,-0.06973884517539704
terms_abstract_tfidf__strongly,-0.02927386690509133
terms_abstract_tfidf__stroop,0.16967178123238766
terms_abstract_tfidf__stroop task,0.13676372706927856
terms_abstract_tfidf__structural,-0.12452461920640415
terms_abstract_tfidf__structural functional,-0.0929803256103432
terms_abstract_tfidf__structural magnetic,-0.06594317968957039
terms_abstract_tfidf__structure,-0.11779281660873943
terms_abstract_tfidf__structure function,-0.04214852876330133
terms_abstract_tfidf__structures,0.0736741515390027
terms_abstract_tfidf__structures involved,0.021542073648655388
terms_abstract_tfidf__sts,-0.24622316231374408
terms_abstract_tfidf__students,0.0672017518141641
terms_abstract_tfidf__studied,0.029048994529531216
terms_abstract_tfidf__studying,0.010537342153628986
terms_abstract_tfidf__sub,0.043157592412468415
terms_abstract_tfidf__subcortical,0.11632172847054191
terms_abstract_tfidf__subcortical structures,0.022983767963355023
terms_abstract_tfidf__subgenual,0.07459373523553213
terms_abstract_tfidf__subject,-0.1593364445725424
terms_abstract_tfidf__subjective,0.08773754011301618
terms_abstract_tfidf__subregions,0.02038258633927424
terms_abstract_tfidf__subsequent,0.025707683214735263
terms_abstract_tfidf__subsequent memory,0.020436462003320638
terms_abstract_tfidf__subsequently,0.024197148346183604
terms_abstract_tfidf__subserve,0.022831538740747937
terms_abstract_tfidf__subserved,0.06926458777700054
terms_abstract_tfidf__subserving,0.11021121051539413
terms_abstract_tfidf__subset,0.04965834846649283
terms_abstract_tfidf__substance,0.16494952179870015
terms_abstract_tfidf__substantia,0.14008786439076712
terms_abstract_tfidf__substantial,0.0019988789808313423
terms_abstract_tfidf__substantially,-0.04255831245682799
terms_abstract_tfidf__substrate,-0.0450535404719907
terms_abstract_tfidf__substrates,-0.003638177992310262
terms_abstract_tfidf__subtle,-0.0046907024905147475
terms_abstract_tfidf__subtraction,0.04647315826135296
terms_abstract_tfidf__success,0.13468954066675157
terms_abstract_tfidf__successful,0.06484021218116774
terms_abstract_tfidf__successfully,-0.025066427984576783
terms_abstract_tfidf__successive,-0.11688849272785334
terms_abstract_tfidf__suffering,0.02664463009684364
terms_abstract_tfidf__sufficient,-0.044385184618402976
terms_abstract_tfidf__suggest,0.07299047878904424
terms_abstract_tfidf__suggest functional,-0.010948169797635557
terms_abstract_tfidf__suggested,0.02811351537606046
terms_abstract_tfidf__suggesting,-0.02129139241129207
terms_abstract_tfidf__suggests,-0.028452473455769352
terms_abstract_tfidf__sulci,-0.10582366767563596
terms_abstract_tfidf__sulcus,-0.1870120960474938
terms_abstract_tfidf__sulcus ips,0.03394191103596571
terms_abstract_tfidf__sulcus sts,-0.224211261411022
terms_abstract_tfidf__sum,-0.02418323773378588
terms_abstract_tfidf__summary,0.039815470741433295
terms_abstract_tfidf__superior,-0.278885639314075
terms_abstract_tfidf__superior frontal,0.11243799296208094
terms_abstract_tfidf__superior inferior,-0.04892848865841778
terms_abstract_tfidf__superior middle,-0.1014858202357563
terms_abstract_tfidf__superior parietal,-0.058801790757876934
terms_abstract_tfidf__superior temporal,-0.2820550578598141
terms_abstract_tfidf__supplementary,-0.011090498314043533
terms_abstract_tfidf__supplementary motor,-0.017070829428322082
terms_abstract_tfidf__supported,0.03400005599373528
terms_abstract_tfidf__supporting,0.030196040123504554
terms_abstract_tfidf__supports,0.025907234657524064
terms_abstract_tfidf__suppressed,-0.0017079654845103865
terms_abstract_tfidf__suppression,-0.0743373111753445
terms_abstract_tfidf__supramarginal,-0.09411038545618443
terms_abstract_tfidf__supramarginal gyrus,-0.0798089039282924
terms_abstract_tfidf__surface,-0.2030607184543345
terms_abstract_tfidf__surprisingly,-0.04732595129798204
terms_abstract_tfidf__surrounding,-0.12215284266749225
terms_abstract_tfidf__susceptibility,-0.0071967770505336915
terms_abstract_tfidf__sustained,0.09807881615909435
terms_abstract_tfidf__sustained attention,0.09259418611509512
terms_abstract_tfidf__switch,0.18153584154312022
terms_abstract_tfidf__switching,0.21181525957704533
terms_abstract_tfidf__symbolic,0.049773355118696856
terms_abstract_tfidf__symptom,0.012237818067350636
terms_abstract_tfidf__symptom severity,-0.009068468027999798
terms_abstract_tfidf__symptoms,0.08103970569196217
terms_abstract_tfidf__synchronization,-0.05507740994712815
terms_abstract_tfidf__syndrome,-0.03333098954790932
terms_abstract_tfidf__syntactic,-0.07965772424870397
terms_abstract_tfidf__systematic,-0.073260378192693
terms_abstract_tfidf__systematically,0.017672958858971195
terms_abstract_tfidf__systems,0.02151748182443103
terms_abstract_tfidf__systems involved,-0.049875440150862364
terms_abstract_tfidf__t1,-0.10303631440124233
terms_abstract_tfidf__t1 weighted,-0.12253251073400277
terms_abstract_tfidf__tactile,-0.18787146438461946
terms_abstract_tfidf__taken,-0.024200996332930227
terms_abstract_tfidf__taken suggest,-0.00783855286265499
terms_abstract_tfidf__taking,0.1513130517570364
terms_abstract_tfidf__tapping,-0.04791581435843827
terms_abstract_tfidf__target,0.0003824120073256335
terms_abstract_tfidf__target detection,-0.0383870613729865
terms_abstract_tfidf__targeted,0.023402587205105053
terms_abstract_tfidf__targets,0.03605885224592763
terms_abstract_tfidf__task,0.22430513227790355
terms_abstract_tfidf__task conditions,0.12410616697821393
terms_abstract_tfidf__task demands,0.08221676206820477
terms_abstract_tfidf__task difficulty,0.14010941203592384
terms_abstract_tfidf__task functional,0.07370310904525489
terms_abstract_tfidf__task induced,-0.013873500539261754
terms_abstract_tfidf__task involving,0.0748366219226212
terms_abstract_tfidf__task irrelevant,0.05981778536649711
terms_abstract_tfidf__task performance,0.13931390992765277
terms_abstract_tfidf__task positive,0.030051775866126774
terms_abstract_tfidf__task relevant,0.010362105598020466
terms_abstract_tfidf__task required,0.10344427069086047
terms_abstract_tfidf__task task,0.13827576711880432
terms_abstract_tfidf__task using,-0.008478209581665702
terms_abstract_tfidf__tasks,0.0729790435158506
terms_abstract_tfidf__taste,0.10639891878342694
terms_abstract_tfidf__td,0.008943903029541213
terms_abstract_tfidf__technique,-0.09264730155865694
terms_abstract_tfidf__techniques,-0.08120082932825888
terms_abstract_tfidf__tegmental,0.1553128886104198
terms_abstract_tfidf__temporal,-0.2449012678070928
terms_abstract_tfidf__temporal cortex,-0.20520559623133752
terms_abstract_tfidf__temporal cortices,-0.12888417454474776
terms_abstract_tfidf__temporal frontal,-0.19072786396336108
terms_abstract_tfidf__temporal gyri,-0.20701380363406152
terms_abstract_tfidf__temporal gyrus,-0.23651726208932167
terms_abstract_tfidf__temporal inferior,-0.08603147610918466
terms_abstract_tfidf__temporal lobe,-0.13666182142385613
terms_abstract_tfidf__temporal lobes,-0.1889553279314163
terms_abstract_tfidf__temporal occipital,-0.0792112076905226
terms_abstract_tfidf__temporal parietal,-0.022634339293275695
terms_abstract_tfidf__temporal pole,-0.17434897694720392
terms_abstract_tfidf__temporal sulcus,-0.24592553319457672
terms_abstract_tfidf__temporale,-0.22744193337374374
terms_abstract_tfidf__temporally,-0.06876527522472982
terms_abstract_tfidf__temporo,-0.09469235888001624
terms_abstract_tfidf__temporo parietal,-0.062417132699730656
terms_abstract_tfidf__temporoparietal,-0.018371260328836205
terms_abstract_tfidf__temporoparietal junction,0.008181347582763784
terms_abstract_tfidf__tend,0.04964485706958504
terms_abstract_tfidf__tendency,0.12475237307389772
terms_abstract_tfidf__tensor,-0.018841135452082585
terms_abstract_tfidf__tensor dti,-0.003704047595450122
terms_abstract_tfidf__term,-0.010907245130723137
terms_abstract_tfidf__term memory,-0.016915055011307568
terms_abstract_tfidf__terms,-0.03839516071941698
terms_abstract_tfidf__tesla,0.0012935796701588746
terms_abstract_tfidf__test,0.11162590066683231
terms_abstract_tfidf__tested,-0.0345158604034023
terms_abstract_tfidf__testing,-0.07337455304558752
terms_abstract_tfidf__tests,-0.04401630067068546
terms_abstract_tfidf__thalamic,0.17600447746020334
terms_abstract_tfidf__thalamus,0.1675048836905856
terms_abstract_tfidf__theoretical,0.10543984537611154
terms_abstract_tfidf__theories,0.06243270285890597
terms_abstract_tfidf__theory,0.031598304130770694
terms_abstract_tfidf__theory mind,-0.04683792594546246
terms_abstract_tfidf__therapeutic,-0.04204474572674622
terms_abstract_tfidf__therapy,-0.0014115993659706099
terms_abstract_tfidf__thickness,-0.17497997375904342
terms_abstract_tfidf__thinking,0.04416202698910444
terms_abstract_tfidf__thirteen,0.0017092234579874346
terms_abstract_tfidf__thirty,0.043970775445925335
terms_abstract_tfidf__thought,0.11193841061040875
terms_abstract_tfidf__thoughts,0.059854498655897106
terms_abstract_tfidf__threat,0.05615074295291092
terms_abstract_tfidf__threatening,-0.012100666135097063
terms_abstract_tfidf__threshold,-0.031845459433985784
terms_abstract_tfidf__time,0.08600790485709611
terms_abstract_tfidf__time course,-0.07043298515436579
terms_abstract_tfidf__time courses,-0.02510718828596493
terms_abstract_tfidf__time points,0.03397147318405794
terms_abstract_tfidf__time series,0.021037743243443457
terms_abstract_tfidf__time task,0.11641869194221377
terms_abstract_tfidf__times,0.08086368668332398
terms_abstract_tfidf__timing,-0.020210154590355998
terms_abstract_tfidf__tissue,-0.08294885065505604
terms_abstract_tfidf__tms,-0.2095344540755347
terms_abstract_tfidf__tom,-0.04450844665787219
terms_abstract_tfidf__tomography,-0.023689792789893447
terms_abstract_tfidf__tomography pet,-0.025176987704613105
terms_abstract_tfidf__tone,-0.11557018385400562
terms_abstract_tfidf__tones,-0.15649194904366348
terms_abstract_tfidf__took,0.05838105690455789
terms_abstract_tfidf__tool,-0.12850832685687344
terms_abstract_tfidf__tools,-0.1298696262953994
terms_abstract_tfidf__total,0.011534366913579166
terms_abstract_tfidf__touch,-0.17776150281377348
terms_abstract_tfidf__tpj,-0.012468383336170737
terms_abstract_tfidf__track,0.08189776978118339
terms_abstract_tfidf__tracking,-0.03140756106263365
terms_abstract_tfidf__tract,-0.048635318564161145
terms_abstract_tfidf__tractography,-0.09942704934074487
terms_abstract_tfidf__tracts,-0.041746972188305705
terms_abstract_tfidf__traditional,-0.11621498226771575
terms_abstract_tfidf__traditionally,-0.019861363216591918
terms_abstract_tfidf__trained,-0.09401866031576932
terms_abstract_tfidf__training,-0.15989571094932575
terms_abstract_tfidf__trait,0.10208792095168859
terms_abstract_tfidf__traits,0.05433122740855554
terms_abstract_tfidf__trajectories,0.07454198002484208
terms_abstract_tfidf__transcranial,-0.13225978179111447
terms_abstract_tfidf__transcranial magnetic,-0.15478813697672242
terms_abstract_tfidf__transfer,0.018559551156824627
terms_abstract_tfidf__transformation,-0.10848894585832279
terms_abstract_tfidf__transient,-0.005893311384911361
terms_abstract_tfidf__transition,0.1591520883681272
terms_abstract_tfidf__trauma,0.0005913958430979828
terms_abstract_tfidf__traumatic,0.03949763583389316
terms_abstract_tfidf__treated,0.07670073575754784
terms_abstract_tfidf__treatment,0.09376657723237895
terms_abstract_tfidf__treatments,0.0885321552788936
terms_abstract_tfidf__trend,0.0638870425581798
terms_abstract_tfidf__trial,0.21417943782380391
terms_abstract_tfidf__trial trial,0.11854200579134319
terms_abstract_tfidf__trials,0.24910350227918504
terms_abstract_tfidf__trigger,0.019518820238027174
terms_abstract_tfidf__triggered,-0.03917887494190224
terms_abstract_tfidf__true,0.033109215346083805
terms_abstract_tfidf__turn,0.07527528713682444
terms_abstract_tfidf__twice,-0.012562278353677422
terms_abstract_tfidf__type,0.02484102737574459
terms_abstract_tfidf__types,0.008626592191504695
terms_abstract_tfidf__typical,0.057759740540960273
terms_abstract_tfidf__typically,-0.004509461817915444
terms_abstract_tfidf__typically developing,-0.02251775682774993
terms_abstract_tfidf__unaffected,-0.00045949904664150716
terms_abstract_tfidf__uncertain,0.09602288942821186
terms_abstract_tfidf__uncertainty,0.22576576261242923
terms_abstract_tfidf__unclear,0.061087175579943795
terms_abstract_tfidf__undergoing,0.06866852212130678
terms_abstract_tfidf__undergoing functional,0.06737435515472577
terms_abstract_tfidf__underlie,0.15746877859828318
terms_abstract_tfidf__underlies,0.06862032608449146
terms_abstract_tfidf__underlying,0.07082531897664734
terms_abstract_tfidf__underlying mechanisms,-0.02969965910412653
terms_abstract_tfidf__underpinning,0.01779819039950054
terms_abstract_tfidf__underpinnings,0.1355722310799605
terms_abstract_tfidf__understand,0.00825863641346345
terms_abstract_tfidf__understanding,-0.032730362306633815
terms_abstract_tfidf__understood,0.018231134470521472
terms_abstract_tfidf__unexpected,0.07485408269578774
terms_abstract_tfidf__unfamiliar,-0.07940233847852728
terms_abstract_tfidf__unilateral,-0.19544617109623882
terms_abstract_tfidf__unimodal,-0.23417557270993522
terms_abstract_tfidf__unique,0.0012115810266000071
terms_abstract_tfidf__uniquely,0.028306827895610013
terms_abstract_tfidf__univariate,-0.06386432222663324
terms_abstract_tfidf__unknown,-0.06636390841306718
terms_abstract_tfidf__unlike,-0.0076170006481911514
terms_abstract_tfidf__unmedicated,0.08614495578147112
terms_abstract_tfidf__unpleasant,0.003577929446639411
terms_abstract_tfidf__unrelated,0.008353009193152478
terms_abstract_tfidf__upcoming,0.0423900880084476
terms_abstract_tfidf__updating,0.13957381496496735
terms_abstract_tfidf__upper,-0.18333242493682167
terms_abstract_tfidf__use,0.02345349128850436
terms_abstract_tfidf__use functional,-0.0383452475394929
terms_abstract_tfidf__useful,-0.08963598386612101
terms_abstract_tfidf__users,0.09978641903094436
terms_abstract_tfidf__uses,-0.03148095362031269
terms_abstract_tfidf__using,-0.11596374477087351
terms_abstract_tfidf__using event,0.045329095276643666
terms_abstract_tfidf__using functional,-0.029212854895402075
terms_abstract_tfidf__using resting,0.041122822799991084
terms_abstract_tfidf__using voxel,-0.06413541683988469
terms_abstract_tfidf__usually,-0.0434759335472725
terms_abstract_tfidf__utility,0.02162878410523238
terms_abstract_tfidf__utilized,-0.010660548034473949
terms_abstract_tfidf__v1,-0.04838853324890492
terms_abstract_tfidf__v5,-0.10898026920238858
terms_abstract_tfidf__valence,0.0006796491114835892
terms_abstract_tfidf__valid,0.019464645570499938
terms_abstract_tfidf__validated,-0.07095544663799115
terms_abstract_tfidf__validity,-0.025826891465913406
terms_abstract_tfidf__valuable,0.023861568323162337
terms_abstract_tfidf__value,0.18047680049568812
terms_abstract_tfidf__values,0.04046805571523948
terms_abstract_tfidf__variability,-0.1045067839224369
terms_abstract_tfidf__variable,-0.06279515854051881
terms_abstract_tfidf__variables,0.039977076820442096
terms_abstract_tfidf__variance,0.03855376977369744
terms_abstract_tfidf__variant,-0.041403253036643314
terms_abstract_tfidf__variation,0.04962432786400059
terms_abstract_tfidf__variations,-0.07675536176000652
terms_abstract_tfidf__varied,0.0037723288260578334
terms_abstract_tfidf__varies,-0.03351668013238851
terms_abstract_tfidf__variety,0.004934599009944316
terms_abstract_tfidf__various,-0.032270154360856014
terms_abstract_tfidf__vary,-0.005173724001310185
terms_abstract_tfidf__varying,-0.07295171781564519
terms_abstract_tfidf__vbm,-0.034498801973492366
terms_abstract_tfidf__vector,-0.02685576179348019
terms_abstract_tfidf__ventral,0.13482697979802377
terms_abstract_tfidf__ventral anterior,0.03553831242407509
terms_abstract_tfidf__ventral dorsal,0.1163684695813096
terms_abstract_tfidf__ventral medial,0.04027944246779043
terms_abstract_tfidf__ventral premotor,-0.1654212085854031
terms_abstract_tfidf__ventral striatum,0.2436028341609642
terms_abstract_tfidf__ventral tegmental,0.15117011526644492
terms_abstract_tfidf__ventral visual,-0.0569932336530539
terms_abstract_tfidf__ventrolateral,0.17375008025442473
terms_abstract_tfidf__ventrolateral prefrontal,0.1707806963417636
terms_abstract_tfidf__ventromedial,0.0777580872219698
terms_abstract_tfidf__ventromedial prefrontal,0.09554670961587618
terms_abstract_tfidf__verb,-0.04517941060255294
terms_abstract_tfidf__verbal,0.008149967452522153
terms_abstract_tfidf__verbal fluency,0.007789568815463872
terms_abstract_tfidf__verbal working,0.07964527066976967
terms_abstract_tfidf__verbs,-0.10793147490359781
terms_abstract_tfidf__vermis,-0.004940821209725328
terms_abstract_tfidf__version,0.13155742574932558
terms_abstract_tfidf__versus,0.03893285652362001
terms_abstract_tfidf__vi,-3.939976147456479e-06
terms_abstract_tfidf__video,-0.11855336105144218
terms_abstract_tfidf__video clips,-0.1152717388966446
terms_abstract_tfidf__videos,-0.15999449124071075
terms_abstract_tfidf__view,-0.05767825271017003
terms_abstract_tfidf__viewed,-0.048237177625248574
terms_abstract_tfidf__viewing,-0.11941995913623482
terms_abstract_tfidf__violations,0.026694460228209604
terms_abstract_tfidf__virtual,0.025311848681436617
terms_abstract_tfidf__vision,-0.11839781417951353
terms_abstract_tfidf__visual,-0.1254763981668425
terms_abstract_tfidf__visual attention,-0.040349537919355895
terms_abstract_tfidf__visual auditory,-0.21100664960052604
terms_abstract_tfidf__visual cortex,-0.0828803407948727
terms_abstract_tfidf__visual cortices,-0.05833833895318335
terms_abstract_tfidf__visual field,-0.08429806569830366
terms_abstract_tfidf__visual information,-0.04934904419380593
terms_abstract_tfidf__visual motion,-0.09865688886588679
terms_abstract_tfidf__visual perception,-0.10461049063291589
terms_abstract_tfidf__visual stimuli,-0.05417883438776117
terms_abstract_tfidf__visual stimulus,-0.08217878736868092
terms_abstract_tfidf__visual stream,-0.09730241505181475
terms_abstract_tfidf__visual word,-0.043519172767550726
terms_abstract_tfidf__visually,-0.08261725519295275
terms_abstract_tfidf__visually presented,-0.06372450270433387
terms_abstract_tfidf__visuo,-0.04641371278301087
terms_abstract_tfidf__visuo spatial,0.0583367360748633
terms_abstract_tfidf__visuomotor,-0.057360030005568
terms_abstract_tfidf__visuospatial,-0.046224362824340025
terms_abstract_tfidf__vivo,0.038810708814636524
terms_abstract_tfidf__vlpfc,0.0922880420220409
terms_abstract_tfidf__vmpfc,0.11012368881181266
terms_abstract_tfidf__vocal,-0.2302630690702773
terms_abstract_tfidf__voice,-0.2167590759238176
terms_abstract_tfidf__volume,-0.03919170367390789
terms_abstract_tfidf__volumes,-0.05317584771977192
terms_abstract_tfidf__volumetric,0.002131740935823689
terms_abstract_tfidf__voluntary,-0.06459123165861619
terms_abstract_tfidf__volunteers,-0.03534793771482838
terms_abstract_tfidf__voxel,-0.10622724938693458
terms_abstract_tfidf__voxel morphometry,-0.11257793748248125
terms_abstract_tfidf__voxel wise,-0.028820883349600285
terms_abstract_tfidf__voxels,-0.06433997205385852
terms_abstract_tfidf__voxelwise,0.07225826148025473
terms_abstract_tfidf__vs,0.08225230559723207
terms_abstract_tfidf__vulnerability,0.09186954209924454
terms_abstract_tfidf__watched,-0.126039058138775
terms_abstract_tfidf__watching,-0.06818620349642174
terms_abstract_tfidf__way,-0.04841668913385123
terms_abstract_tfidf__ways,0.025366801936203023
terms_abstract_tfidf__weak,0.064605735678187
terms_abstract_tfidf__weaker,0.09927560499290543
terms_abstract_tfidf__week,-0.0722259672689236
terms_abstract_tfidf__weeks,0.04394935280765224
terms_abstract_tfidf__weight,0.03805546297598052
terms_abstract_tfidf__weighted,-0.08806808822313111
terms_abstract_tfidf__whilst,0.007290991544453465
terms_abstract_tfidf__white,-0.031100833148321474
terms_abstract_tfidf__white matter,-0.0065938678719116
terms_abstract_tfidf__wide,-0.00917233781879665
terms_abstract_tfidf__widely,0.04293100325125399
terms_abstract_tfidf__widespread,0.03659807820492707
terms_abstract_tfidf__wiley,-0.03637824948310254
terms_abstract_tfidf__wiley periodicals,-0.03710005536426955
terms_abstract_tfidf__window,-0.0727850902187036
terms_abstract_tfidf__wise,-0.049086908911414165
terms_abstract_tfidf__wm,0.1377583954897421
terms_abstract_tfidf__wm task,0.0925897300335837
terms_abstract_tfidf__women,0.07835987200633554
terms_abstract_tfidf__word,-0.03273111020008954
terms_abstract_tfidf__word form,-0.05404096981586577
terms_abstract_tfidf__word pairs,0.050063842136772355
terms_abstract_tfidf__word recognition,-0.0486470723854926
terms_abstract_tfidf__words,-0.09891089961099152
terms_abstract_tfidf__work,0.0006469881408197681
terms_abstract_tfidf__working,0.1662656983636443
terms_abstract_tfidf__working memory,0.16740759035968836
terms_abstract_tfidf__world,-0.018993474086193684
terms_abstract_tfidf__worse,0.1020035830608842
terms_abstract_tfidf__written,-0.11488143918912734
terms_abstract_tfidf__year,-4.822152351673661e-05
terms_abstract_tfidf__year old,-0.013028405916526615
terms_abstract_tfidf__years,-0.014268058151874312
terms_abstract_tfidf__years old,-0.055502388206385096
terms_abstract_tfidf__yield,0.0011136248728630248
terms_abstract_tfidf__yielded,-0.05622473672212474
terms_abstract_tfidf__young,0.11305938420200776
terms_abstract_tfidf__young adults,0.10311282593674327
terms_abstract_tfidf__young healthy,0.09520655044150601
terms_abstract_tfidf__young older,0.005000948354196006
terms_abstract_tfidf__younger,0.09585443870337979
terms_abstract_tfidf__younger adults,0.06951815549157876
terms_abstract_tfidf__youth,0.10204381722464227
terms_abstract_tfidf__zone,0.03892368687053099
