feature,r
terms_abstract_tfidf__001,0.04664136975476431
terms_abstract_tfidf__01,0.05773750166131454
terms_abstract_tfidf__05,0.05636693914540003
terms_abstract_tfidf__10,0.10959992546923689
terms_abstract_tfidf__100,0.07021127815773341
terms_abstract_tfidf__11,0.06031750788876393
terms_abstract_tfidf__12,0.1032068061714407
terms_abstract_tfidf__12 healthy,0.05345936636206033
terms_abstract_tfidf__13,0.08229145602139372
terms_abstract_tfidf__14,-0.032243909999787365
terms_abstract_tfidf__14 healthy,-0.027864342225107593
terms_abstract_tfidf__15,0.09722843307175538
terms_abstract_tfidf__15 healthy,0.03357769955473047
terms_abstract_tfidf__16,0.029436957060323607
terms_abstract_tfidf__16 healthy,0.03133049345998468
terms_abstract_tfidf__17,-0.014664319541504697
terms_abstract_tfidf__18,0.021632277680707114
terms_abstract_tfidf__18 healthy,0.052852901833138
terms_abstract_tfidf__19,-0.07655581297197779
terms_abstract_tfidf__20,-0.008275537060905917
terms_abstract_tfidf__20 healthy,-0.06865786537551022
terms_abstract_tfidf__200,0.00014030180380880165
terms_abstract_tfidf__2014,-0.026875069520063875
terms_abstract_tfidf__21,0.0377297637926001
terms_abstract_tfidf__22,0.02155189806169177
terms_abstract_tfidf__23,0.03891411577552681
terms_abstract_tfidf__24,0.05346447384131655
terms_abstract_tfidf__25,0.02784842155381343
terms_abstract_tfidf__26,0.02992512042996919
terms_abstract_tfidf__27,0.01787225735942506
terms_abstract_tfidf__28,0.0381439866429647
terms_abstract_tfidf__29,-0.019318405700914778
terms_abstract_tfidf__30,0.0822705342052743
terms_abstract_tfidf__31,0.039984935549545596
terms_abstract_tfidf__32,0.08222064298070762
terms_abstract_tfidf__33,0.010961301239875883
terms_abstract_tfidf__34,0.049507129451062955
terms_abstract_tfidf__35,0.0029702530827320373
terms_abstract_tfidf__36,0.006194929908185685
terms_abstract_tfidf__37,-0.005875037879755761
terms_abstract_tfidf__38,0.046908862131804126
terms_abstract_tfidf__39,0.006200942215215026
terms_abstract_tfidf__3d,-0.1633142147145374
terms_abstract_tfidf__3t,0.061834527666095734
terms_abstract_tfidf__40,-0.018434867026391515
terms_abstract_tfidf__41,0.031068293302351533
terms_abstract_tfidf__42,0.021033675811484978
terms_abstract_tfidf__43,0.08951030330458362
terms_abstract_tfidf__44,0.09471441314522216
terms_abstract_tfidf__45,0.058346437541285046
terms_abstract_tfidf__46,0.09204915330813508
terms_abstract_tfidf__47,0.1028784497965682
terms_abstract_tfidf__48,0.022240857525842733
terms_abstract_tfidf__49,0.06145088379118575
terms_abstract_tfidf__50,0.06066223721187161
terms_abstract_tfidf__60,-0.0009034376608310011
terms_abstract_tfidf__70,-0.03452399220948424
terms_abstract_tfidf__75,-0.021241509345446444
terms_abstract_tfidf__80,-0.05029551116430148
terms_abstract_tfidf__90,-0.013779846492113567
terms_abstract_tfidf__aberrant,0.06066416939419994
terms_abstract_tfidf__abilities,-0.0820265352315225
terms_abstract_tfidf__ability,-0.04053975679595916
terms_abstract_tfidf__able,0.0492235910039524
terms_abstract_tfidf__abnormal,0.007247931223647182
terms_abstract_tfidf__abnormalities,0.01784610991394817
terms_abstract_tfidf__abnormality,0.06537346716991509
terms_abstract_tfidf__absence,-0.020267083604277265
terms_abstract_tfidf__absent,-0.0024002079882420174
terms_abstract_tfidf__abstract,-0.1038551657820448
terms_abstract_tfidf__abuse,0.0373112248912206
terms_abstract_tfidf__acc,0.17457849813194642
terms_abstract_tfidf__access,-0.06669022062266441
terms_abstract_tfidf__accompanied,0.09157913942147163
terms_abstract_tfidf__accordance,-0.04619255560572351
terms_abstract_tfidf__according,-0.024809559453366187
terms_abstract_tfidf__accordingly,0.024028042819402445
terms_abstract_tfidf__account,0.04038557912556117
terms_abstract_tfidf__accounted,0.013404222952822464
terms_abstract_tfidf__accounts,0.052417270085113786
terms_abstract_tfidf__accumbens,0.06674510400089531
terms_abstract_tfidf__accuracy,0.032377011101164276
terms_abstract_tfidf__accurate,-0.07393152644796255
terms_abstract_tfidf__accurately,-0.010387113491747025
terms_abstract_tfidf__achieve,0.03851115525932541
terms_abstract_tfidf__achieved,-0.07046112830973655
terms_abstract_tfidf__acoustic,0.1401796342587599
terms_abstract_tfidf__acquired,0.0159840561901938
terms_abstract_tfidf__acquisition,0.09918874108507078
terms_abstract_tfidf__act,0.015815026388366862
terms_abstract_tfidf__action,-0.03602683972068684
terms_abstract_tfidf__action observation,-0.12348211919152047
terms_abstract_tfidf__actions,-0.06774718995662374
terms_abstract_tfidf__activate,-0.004873953221124335
terms_abstract_tfidf__activates,-0.009700696447201878
terms_abstract_tfidf__activations,0.03345874987458572
terms_abstract_tfidf__active,0.06408707051300996
terms_abstract_tfidf__actively,-0.059671880211267785
terms_abstract_tfidf__activities,-0.007355445730863724
terms_abstract_tfidf__acts,0.06185858177477596
terms_abstract_tfidf__actual,0.06777093578255719
terms_abstract_tfidf__actually,-0.002069740523805066
terms_abstract_tfidf__acute,0.06894597840054244
terms_abstract_tfidf__ad,-0.1651188633228441
terms_abstract_tfidf__adaptation,-0.09281126006936904
terms_abstract_tfidf__adapted,0.04134480666402645
terms_abstract_tfidf__adaptive,0.13475409726343712
terms_abstract_tfidf__add,-0.03665814291962582
terms_abstract_tfidf__addiction,0.02353353767940558
terms_abstract_tfidf__addition,0.001023940878021442
terms_abstract_tfidf__additional,-0.01003944570288536
terms_abstract_tfidf__additionally,-0.011964422453042998
terms_abstract_tfidf__addressed,-0.05879946133278644
terms_abstract_tfidf__adhd,0.049099005123262256
terms_abstract_tfidf__adjacent,0.05885012110525902
terms_abstract_tfidf__administered,0.01787950265954701
terms_abstract_tfidf__administration,0.020909015061052045
terms_abstract_tfidf__adolescence,-0.0028440163873478166
terms_abstract_tfidf__adolescent,0.1004640744070221
terms_abstract_tfidf__adolescents,0.005841684791697165
terms_abstract_tfidf__adopted,0.004330930621923832
terms_abstract_tfidf__adult,-0.002949850407062389
terms_abstract_tfidf__adulthood,-0.05221049838163537
terms_abstract_tfidf__adults,-0.032249001827405796
terms_abstract_tfidf__advance,-0.022393474152844133
terms_abstract_tfidf__advanced,0.019200607892991703
terms_abstract_tfidf__advances,0.04430319111575582
terms_abstract_tfidf__advantage,-0.0018628014229804676
terms_abstract_tfidf__affect,-0.010258474306924885
terms_abstract_tfidf__affected,-0.021741903790286465
terms_abstract_tfidf__affecting,0.0293382983633759
terms_abstract_tfidf__affective,0.11491286659773106
terms_abstract_tfidf__affects,-0.004635283518279253
terms_abstract_tfidf__age,-0.017198966955108294
terms_abstract_tfidf__age controls,-0.0031761700039278852
terms_abstract_tfidf__age gender,0.026354350088104606
terms_abstract_tfidf__age groups,-0.05460482841728201
terms_abstract_tfidf__age healthy,-0.013511338185813859
terms_abstract_tfidf__age sex,0.005846603891856867
terms_abstract_tfidf__aged,0.005144230343299648
terms_abstract_tfidf__agent,-0.03783735967520686
terms_abstract_tfidf__ages,-0.03183833167037684
terms_abstract_tfidf__aging,-0.059322262490066544
terms_abstract_tfidf__agreement,0.02461889034742989
terms_abstract_tfidf__aim,0.11534446101460634
terms_abstract_tfidf__aimed,0.018203891962571668
terms_abstract_tfidf__aims,0.0597977224536281
terms_abstract_tfidf__al,-0.00548184195957623
terms_abstract_tfidf__alcohol,0.11008418656275623
terms_abstract_tfidf__alff,-0.040933907288064196
terms_abstract_tfidf__algorithm,-0.02456759175203813
terms_abstract_tfidf__allele,-0.024908953841065878
terms_abstract_tfidf__allocation,-0.09112090615036204
terms_abstract_tfidf__allow,0.011603778324588265
terms_abstract_tfidf__allowed,-0.008845698321035128
terms_abstract_tfidf__allowing,0.0057490666822165686
terms_abstract_tfidf__allows,0.0009565590843031312
terms_abstract_tfidf__alpha,0.02584019036917979
terms_abstract_tfidf__alter,0.034944360036221686
terms_abstract_tfidf__alteration,-0.06208661285538159
terms_abstract_tfidf__alterations,-0.01477009784946432
terms_abstract_tfidf__altered,0.050891484861553996
terms_abstract_tfidf__alternating,-0.005497969057766878
terms_abstract_tfidf__alternative,0.005285519216998599
terms_abstract_tfidf__alters,-0.04556798405121975
terms_abstract_tfidf__alzheimer,-0.18129415576004201
terms_abstract_tfidf__alzheimer disease,-0.18909666335259526
terms_abstract_tfidf__ambiguous,0.016206083189839765
terms_abstract_tfidf__amnestic,-0.15321152464147136
terms_abstract_tfidf__amplitude,-0.0033144250408898472
terms_abstract_tfidf__amplitude low,-0.052799058385863566
terms_abstract_tfidf__amplitudes,0.009122416232773841
terms_abstract_tfidf__amygdala,-0.03514275783901209
terms_abstract_tfidf__amygdala anterior,-0.009252139795768624
terms_abstract_tfidf__amygdala hippocampus,-0.06260261005068812
terms_abstract_tfidf__amygdala insula,-0.01493709398503966
terms_abstract_tfidf__amygdala response,-0.05509422940281267
terms_abstract_tfidf__amygdala responses,-0.0576379687606508
terms_abstract_tfidf__analysed,0.05134807306766384
terms_abstract_tfidf__analyses,-0.03817395493360646
terms_abstract_tfidf__analyze,-0.03776913679969301
terms_abstract_tfidf__analyzed,0.03813008410242394
terms_abstract_tfidf__analyzed using,0.07174968099865384
terms_abstract_tfidf__analyzing,-0.033060034746395926
terms_abstract_tfidf__anatomical,0.032744670615000485
terms_abstract_tfidf__anatomically,0.003109556046848088
terms_abstract_tfidf__anatomy,0.0194473950319475
terms_abstract_tfidf__anger,-0.024775374306578703
terms_abstract_tfidf__angry,-0.04555479986174142
terms_abstract_tfidf__angular,-0.14624737970968185
terms_abstract_tfidf__angular gyrus,-0.1461350788759737
terms_abstract_tfidf__animal,-0.007437832535178124
terms_abstract_tfidf__animals,-0.06516078075634354
terms_abstract_tfidf__anisotropy,0.004332713967455333
terms_abstract_tfidf__anisotropy fa,-0.00409108950456051
terms_abstract_tfidf__anterior,0.1623706819363828
terms_abstract_tfidf__anterior cingulate,0.18743457806889233
terms_abstract_tfidf__anterior hippocampus,-0.1934287512496418
terms_abstract_tfidf__anterior insula,0.277525390888893
terms_abstract_tfidf__anterior insular,0.19515283924843843
terms_abstract_tfidf__anterior intraparietal,-0.03500151794257871
terms_abstract_tfidf__anterior medial,-0.12884920289613644
terms_abstract_tfidf__anterior posterior,-0.04060905253334624
terms_abstract_tfidf__anterior prefrontal,0.05810216362197674
terms_abstract_tfidf__anterior superior,0.014762925841730019
terms_abstract_tfidf__anterior temporal,-0.11311655766044414
terms_abstract_tfidf__anti,0.006857601812080767
terms_abstract_tfidf__anticipation,0.11468451285791412
terms_abstract_tfidf__anticipatory,0.08005617651333682
terms_abstract_tfidf__anxiety,0.018615896069379873
terms_abstract_tfidf__anxiety disorders,-0.0036140972896714714
terms_abstract_tfidf__apart,0.038233221375877285
terms_abstract_tfidf__aphasia,0.06335219977528771
terms_abstract_tfidf__apparent,-0.0048428683068774785
terms_abstract_tfidf__appear,-0.052213105150176034
terms_abstract_tfidf__appeared,-0.05891310622910413
terms_abstract_tfidf__appears,-0.06620896188636645
terms_abstract_tfidf__application,0.17951337726346897
terms_abstract_tfidf__applied,0.21012193286880074
terms_abstract_tfidf__apply,-0.04972340421674672
terms_abstract_tfidf__applying,-0.0695002607868087
terms_abstract_tfidf__appraisal,-0.026411856945667955
terms_abstract_tfidf__approach,-0.008966310416496225
terms_abstract_tfidf__approaches,0.04761510962705658
terms_abstract_tfidf__appropriate,0.005442034324680924
terms_abstract_tfidf__approximately,-0.015052005903531434
terms_abstract_tfidf__architecture,-0.038552912665891545
terms_abstract_tfidf__argue,-0.026180935674918582
terms_abstract_tfidf__arise,-0.017769877391280064
terms_abstract_tfidf__arithmetic,-0.06609645226976514
terms_abstract_tfidf__arm,0.039015442479020654
terms_abstract_tfidf__arousal,0.005739645744868709
terms_abstract_tfidf__arterial,0.10229150195543639
terms_abstract_tfidf__arterial spin,0.11731328561358402
terms_abstract_tfidf__articulatory,0.1411000087359034
terms_abstract_tfidf__asd,-0.1272284005856072
terms_abstract_tfidf__asked,-0.058590770210584134
terms_abstract_tfidf__aspect,0.023293561925964004
terms_abstract_tfidf__aspects,0.019692122978156774
terms_abstract_tfidf__assess,0.003439938381144928
terms_abstract_tfidf__assessed,0.01981064134017647
terms_abstract_tfidf__assessed using,0.05487240397986523
terms_abstract_tfidf__assessing,-0.01746731421959211
terms_abstract_tfidf__assessment,0.04337610798501551
terms_abstract_tfidf__assessments,-0.002002627107730601
terms_abstract_tfidf__assigned,-0.021462603715402033
terms_abstract_tfidf__association,0.022048796970799457
terms_abstract_tfidf__associations,-0.0699580878662811
terms_abstract_tfidf__associative,-0.09224226233249977
terms_abstract_tfidf__assume,0.025365937440321666
terms_abstract_tfidf__assumed,-0.08060594310084632
terms_abstract_tfidf__assumption,0.02200061855297068
terms_abstract_tfidf__asymmetry,0.0028406915173936073
terms_abstract_tfidf__atrophy,-0.07891731347836235
terms_abstract_tfidf__attempt,0.07966174986734986
terms_abstract_tfidf__attempted,0.03552332649646682
terms_abstract_tfidf__attend,-0.05087609737942482
terms_abstract_tfidf__attended,-0.15608492337851887
terms_abstract_tfidf__attending,-0.06053640229873423
terms_abstract_tfidf__attention,-0.1170969349243285
terms_abstract_tfidf__attention deficit,0.04484777997387547
terms_abstract_tfidf__attention network,-0.11967847890428501
terms_abstract_tfidf__attention task,-0.015872063207276868
terms_abstract_tfidf__attentional,-0.0724635724682604
terms_abstract_tfidf__attentional control,-0.032305772576532915
terms_abstract_tfidf__attenuated,0.006044937405038845
terms_abstract_tfidf__attenuation,-0.07746380926852903
terms_abstract_tfidf__attributed,0.03399469591709185
terms_abstract_tfidf__attributes,0.03414252958529
terms_abstract_tfidf__attribution,-0.04972077435721658
terms_abstract_tfidf__atypical,-0.024199177043760397
terms_abstract_tfidf__audiovisual,-0.0015812104233211002
terms_abstract_tfidf__auditory,0.15290545745622683
terms_abstract_tfidf__auditory cortex,0.13352479255800118
terms_abstract_tfidf__auditory stimuli,0.08820519667599698
terms_abstract_tfidf__auditory visual,0.04025893968088352
terms_abstract_tfidf__autism,-0.13064855002338155
terms_abstract_tfidf__autism spectrum,-0.1398534088516757
terms_abstract_tfidf__autobiographical,-0.16366251842412416
terms_abstract_tfidf__autobiographical memory,-0.18147872114871366
terms_abstract_tfidf__automated,0.011542749506096404
terms_abstract_tfidf__automatic,-0.04845330521127741
terms_abstract_tfidf__automatically,-0.09130564357584582
terms_abstract_tfidf__autonomic,0.12389486361142651
terms_abstract_tfidf__available,0.07426221085393173
terms_abstract_tfidf__average,0.04477163219323646
terms_abstract_tfidf__aversive,0.07582400014786769
terms_abstract_tfidf__avoid,0.07384236053953656
terms_abstract_tfidf__avoidance,-0.005942038615242611
terms_abstract_tfidf__awareness,0.020313210636437967
terms_abstract_tfidf__away,-0.10174107481364839
terms_abstract_tfidf__axis,-0.14179236347399005
terms_abstract_tfidf__ba,0.09416343346527668
terms_abstract_tfidf__ba 44,0.011401077211641918
terms_abstract_tfidf__background,0.0269795565623859
terms_abstract_tfidf__balance,0.09595095439816184
terms_abstract_tfidf__band,-0.036584471479479325
terms_abstract_tfidf__bands,0.04794421696848674
terms_abstract_tfidf__basal,0.17634646642654286
terms_abstract_tfidf__basal ganglia,0.17363035889645875
terms_abstract_tfidf__baseline,0.091213885056831
terms_abstract_tfidf__bases,0.046180877139706165
terms_abstract_tfidf__basic,0.1155613248138335
terms_abstract_tfidf__basis,0.09002705118569711
terms_abstract_tfidf__bayesian,0.007233625142455057
terms_abstract_tfidf__beginning,0.08649842781993486
terms_abstract_tfidf__behavior,0.13861885714145122
terms_abstract_tfidf__behavioral,0.04261064291879469
terms_abstract_tfidf__behavioral evidence,-0.05926066578850723
terms_abstract_tfidf__behavioral level,-0.02913539904537933
terms_abstract_tfidf__behavioral measures,0.03177331894745222
terms_abstract_tfidf__behavioral performance,-0.029955441490343054
terms_abstract_tfidf__behavioral responses,0.04794970375440001
terms_abstract_tfidf__behaviorally,0.016261203212080442
terms_abstract_tfidf__behaviors,0.043092636251862534
terms_abstract_tfidf__behaviour,0.05636353537037217
terms_abstract_tfidf__behavioural,-0.0357656818709382
terms_abstract_tfidf__belief,0.025655533183548462
terms_abstract_tfidf__beliefs,-0.03284127548393501
terms_abstract_tfidf__believed,0.052456574740579215
terms_abstract_tfidf__beneficial,0.020441416730910437
terms_abstract_tfidf__benefit,-0.13607700000517647
terms_abstract_tfidf__benefits,-0.02453055284698524
terms_abstract_tfidf__best,0.006340880856099815
terms_abstract_tfidf__beta,0.054538232766220864
terms_abstract_tfidf__better,-0.015478348403627978
terms_abstract_tfidf__better understanding,0.05681282978742705
terms_abstract_tfidf__bias,-0.051565987641834114
terms_abstract_tfidf__biased,-0.01103700274322285
terms_abstract_tfidf__biases,-0.03787032335396881
terms_abstract_tfidf__bilaterally,0.03471141102148169
terms_abstract_tfidf__bilinguals,0.03323920049195585
terms_abstract_tfidf__binding,-0.06899382916955969
terms_abstract_tfidf__biological,-0.1319046845178607
terms_abstract_tfidf__biomarker,-0.014542887758613803
terms_abstract_tfidf__biomarkers,0.07828101778750943
terms_abstract_tfidf__bipolar,0.053064918686755905
terms_abstract_tfidf__bipolar disorder,0.05696346136688888
terms_abstract_tfidf__blind,-0.08639754067990855
terms_abstract_tfidf__block,0.08156198086727393
terms_abstract_tfidf__block design,0.06965453920620138
terms_abstract_tfidf__blocked,-0.06056458710396137
terms_abstract_tfidf__blocks,0.03585277624900419
terms_abstract_tfidf__blood,0.11113510976001828
terms_abstract_tfidf__blood flow,0.13457831382190433
terms_abstract_tfidf__blood oxygen,0.07296555613266585
terms_abstract_tfidf__blood oxygenation,0.03708261180711386
terms_abstract_tfidf__bodily,0.04255134182790068
terms_abstract_tfidf__body,-0.05736956367834284
terms_abstract_tfidf__bold,0.09362472666830113
terms_abstract_tfidf__bold response,0.10676151064345524
terms_abstract_tfidf__bold responses,0.06187119407033333
terms_abstract_tfidf__bold signal,0.0224901708138341
terms_abstract_tfidf__bold signals,0.04428104215713885
terms_abstract_tfidf__brains,-0.029890021385157763
terms_abstract_tfidf__brainstem,0.10014963816813166
terms_abstract_tfidf__brief,0.014520404230288777
terms_abstract_tfidf__broad,0.022523767961498478
terms_abstract_tfidf__broader,-0.0705247605263205
terms_abstract_tfidf__broca,0.12752244528263254
terms_abstract_tfidf__brodmann,0.1785104903038101
terms_abstract_tfidf__brodmann ba,0.13437688179714713
terms_abstract_tfidf__button,0.027250953585447355
terms_abstract_tfidf__calculated,0.06598444942458084
terms_abstract_tfidf__calculation,-0.04199329609456214
terms_abstract_tfidf__called,-0.03888812349602202
terms_abstract_tfidf__callosum,0.027305938418346283
terms_abstract_tfidf__candidate,0.0020037561269744147
terms_abstract_tfidf__canonical,-0.04665041213841732
terms_abstract_tfidf__capacity,-0.03606530802248482
terms_abstract_tfidf__capture,-0.00583319594357808
terms_abstract_tfidf__carried,0.0037038883797573673
terms_abstract_tfidf__carriers,-0.06219107490060695
terms_abstract_tfidf__case,-0.03822977323193586
terms_abstract_tfidf__cases,0.0011260404297184004
terms_abstract_tfidf__categorical,-0.11308732185768863
terms_abstract_tfidf__categories,-0.21467701976923328
terms_abstract_tfidf__categorization,-0.026407408405265054
terms_abstract_tfidf__category,-0.17966106247122376
terms_abstract_tfidf__caudal,0.1525211119958991
terms_abstract_tfidf__caudate,0.09662286568597041
terms_abstract_tfidf__caudate nucleus,0.0940245309621487
terms_abstract_tfidf__causal,0.021942398720035717
terms_abstract_tfidf__causal modeling,0.04549499138988337
terms_abstract_tfidf__causality,0.020768713538991797
terms_abstract_tfidf__cause,0.024197870000608638
terms_abstract_tfidf__caused,0.02028442477937362
terms_abstract_tfidf__causes,0.015129512429437926
terms_abstract_tfidf__center,0.11830051822900402
terms_abstract_tfidf__centered,-0.010442777433590308
terms_abstract_tfidf__central,0.11031749567472258
terms_abstract_tfidf__central role,0.009184098909007642
terms_abstract_tfidf__cerebellar,0.023312591206773207
terms_abstract_tfidf__cerebellum,0.11098990340462149
terms_abstract_tfidf__cerebral,0.1379176231504514
terms_abstract_tfidf__cerebral blood,0.11115977376819208
terms_abstract_tfidf__cerebral cortex,0.11067809536524928
terms_abstract_tfidf__certain,0.055791563899353476
terms_abstract_tfidf__challenge,0.04450684127856644
terms_abstract_tfidf__challenges,0.03512268834242901
terms_abstract_tfidf__challenging,-0.06678895995056466
terms_abstract_tfidf__change,0.04137225255191858
terms_abstract_tfidf__changed,-0.07187747203550243
terms_abstract_tfidf__changing,0.048810623486459995
terms_abstract_tfidf__character,-0.036532021072837595
terms_abstract_tfidf__characteristic,-0.02060791642055132
terms_abstract_tfidf__characteristics,0.020841039511744618
terms_abstract_tfidf__characterization,-0.03209410868193479
terms_abstract_tfidf__characterize,0.001844863117129078
terms_abstract_tfidf__characterized,0.039106954758113724
terms_abstract_tfidf__characterizing,-0.041554560007424204
terms_abstract_tfidf__characters,-0.11072041841549671
terms_abstract_tfidf__childhood,-0.014121933463329555
terms_abstract_tfidf__children,0.005193021033663697
terms_abstract_tfidf__children adolescents,-0.01632999838717573
terms_abstract_tfidf__chinese,-0.013059156546518597
terms_abstract_tfidf__choice,0.10968638967606031
terms_abstract_tfidf__choices,0.11590150363671146
terms_abstract_tfidf__choose,0.08927654577353253
terms_abstract_tfidf__chosen,0.03458553803657839
terms_abstract_tfidf__chronic,0.13354868183545715
terms_abstract_tfidf__chronic pain,0.1051173247310799
terms_abstract_tfidf__cingulate,0.12346717162479987
terms_abstract_tfidf__cingulate cortex,0.12349974184167434
terms_abstract_tfidf__cingulate cortices,0.10122232146882398
terms_abstract_tfidf__cingulate gyrus,0.037901965785304005
terms_abstract_tfidf__circuit,0.08834671542800376
terms_abstract_tfidf__circuitry,0.10591804460109874
terms_abstract_tfidf__circuits,0.12276010858466048
terms_abstract_tfidf__clarify,-0.057931665461465394
terms_abstract_tfidf__class,-0.04546290925160784
terms_abstract_tfidf__classic,-0.005605933890588109
terms_abstract_tfidf__classical,0.025641401000846706
terms_abstract_tfidf__classification,-0.04774993757180914
terms_abstract_tfidf__classified,-0.055617779720701886
terms_abstract_tfidf__clear,-0.012712663476950544
terms_abstract_tfidf__clearly,0.010207467327102995
terms_abstract_tfidf__clinical,0.09888467982234228
terms_abstract_tfidf__clinically,0.023653374125991184
terms_abstract_tfidf__clips,-0.09941488526511062
terms_abstract_tfidf__close,-0.057985619566260485
terms_abstract_tfidf__closed,-0.0331445300836435
terms_abstract_tfidf__closely,-0.06475065864090493
terms_abstract_tfidf__cluster,-0.017313128937994963
terms_abstract_tfidf__clustering,-0.013734361273672165
terms_abstract_tfidf__clusters,-0.0052071496455335636
terms_abstract_tfidf__code,-0.07782355551361804
terms_abstract_tfidf__coding,-0.024177701842261954
terms_abstract_tfidf__cognition,-0.07298755593351341
terms_abstract_tfidf__cognitive,0.007925648687686965
terms_abstract_tfidf__cognitive control,0.1209828030159723
terms_abstract_tfidf__cognitive deficits,-0.03494013507357166
terms_abstract_tfidf__cognitive emotional,0.01743886396206172
terms_abstract_tfidf__cognitive function,0.01513820679414537
terms_abstract_tfidf__cognitive functions,0.09205803164888983
terms_abstract_tfidf__cognitive impairment,-0.15328250126896345
terms_abstract_tfidf__cognitive neuroscience,-0.06375810473633318
terms_abstract_tfidf__cognitive performance,-0.016133656048055677
terms_abstract_tfidf__cognitive processes,0.033243964036957445
terms_abstract_tfidf__cognitive task,-0.0777869830181887
terms_abstract_tfidf__cognitive tasks,-0.04654424748585989
terms_abstract_tfidf__cognitively,0.00480650251847754
terms_abstract_tfidf__coherence,-0.002787031520207438
terms_abstract_tfidf__coherent,-0.0953118537439919
terms_abstract_tfidf__cohort,-0.0757448974588668
terms_abstract_tfidf__collected,0.018333361974130023
terms_abstract_tfidf__collectively,-0.022477426575376602
terms_abstract_tfidf__color,-0.12062560627997856
terms_abstract_tfidf__combination,0.048362933287341106
terms_abstract_tfidf__combinations,0.015609129706301936
terms_abstract_tfidf__combined,0.0005015406534836678
terms_abstract_tfidf__combining,-0.06205488327183142
terms_abstract_tfidf__common,0.02505947181667967
terms_abstract_tfidf__commonly,-0.08551358630238722
terms_abstract_tfidf__communication,-0.006117592446253345
terms_abstract_tfidf__community,-0.012628125998218193
terms_abstract_tfidf__comparable,0.03406301992340849
terms_abstract_tfidf__compare,-0.009696919786262189
terms_abstract_tfidf__comparing,0.08649894215074115
terms_abstract_tfidf__comparisons,-0.00620697201186626
terms_abstract_tfidf__compatible,0.050560347587670716
terms_abstract_tfidf__compensate,0.027937905920591092
terms_abstract_tfidf__compensation,0.11121552981127879
terms_abstract_tfidf__compensatory,0.0005786758753047642
terms_abstract_tfidf__competing,0.070102312376344
terms_abstract_tfidf__competition,0.004999202706760302
terms_abstract_tfidf__complementary,-0.002549629135081634
terms_abstract_tfidf__complete,0.01860575693607055
terms_abstract_tfidf__completed,0.017112700782741408
terms_abstract_tfidf__completely,0.009989929206793587
terms_abstract_tfidf__complex,-0.15156355635440424
terms_abstract_tfidf__complexity,0.09782634679194359
terms_abstract_tfidf__component,-0.006245956162640135
terms_abstract_tfidf__component ica,-0.018957906074908798
terms_abstract_tfidf__components,-0.027869870654487025
terms_abstract_tfidf__composed,-0.101484510279964
terms_abstract_tfidf__comprehension,0.02737692512661869
terms_abstract_tfidf__comprehensive,0.0917095158937225
terms_abstract_tfidf__comprised,-0.07792676057529287
terms_abstract_tfidf__compromised,-0.025258288080027638
terms_abstract_tfidf__compulsive,0.08375255122251746
terms_abstract_tfidf__compulsive disorder,0.07660480374602004
terms_abstract_tfidf__computation,-0.026128309835955002
terms_abstract_tfidf__computational,-0.06547112538829647
terms_abstract_tfidf__computed,-0.0017196312469615342
terms_abstract_tfidf__concentration,0.06861073318420698
terms_abstract_tfidf__concept,0.005837060369802078
terms_abstract_tfidf__concepts,-0.11954542017131638
terms_abstract_tfidf__conceptual,-0.1575741620714002
terms_abstract_tfidf__concerning,-0.014414964691231559
terms_abstract_tfidf__conclude,0.026939031211102648
terms_abstract_tfidf__conclusion,0.05844248729287023
terms_abstract_tfidf__concomitant,0.0490485155638634
terms_abstract_tfidf__concrete,-0.09134622131471602
terms_abstract_tfidf__concurrent,0.049493026295836594
terms_abstract_tfidf__concurrently,-0.0679485912187746
terms_abstract_tfidf__condition,0.034027938797123375
terms_abstract_tfidf__conditioned,0.051799829327899116
terms_abstract_tfidf__conditioning,0.09038878421530416
terms_abstract_tfidf__conditions,0.0640914058038463
terms_abstract_tfidf__conductance,0.053713134300129035
terms_abstract_tfidf__conducted,0.06415233630663594
terms_abstract_tfidf__confidence,-0.12436542956491656
terms_abstract_tfidf__confirm,-0.020815510454755104
terms_abstract_tfidf__confirmed,-0.10129340671256723
terms_abstract_tfidf__conflict,0.10336338797878797
terms_abstract_tfidf__conflicting,0.031469071355605095
terms_abstract_tfidf__confounding,0.0027765729379107527
terms_abstract_tfidf__congruency,0.005255099869794397
terms_abstract_tfidf__congruent,-0.012653324004715258
terms_abstract_tfidf__congruent incongruent,0.024130293661717563
terms_abstract_tfidf__conjunction,-0.028196536896554415
terms_abstract_tfidf__connected,0.0375486574890096
terms_abstract_tfidf__connection,0.014656250965886167
terms_abstract_tfidf__connections,0.03614873270070919
terms_abstract_tfidf__connectivity,-0.06459972820261783
terms_abstract_tfidf__connectivity amygdala,-0.08728947697019439
terms_abstract_tfidf__connectivity analyses,-0.07013444809612503
terms_abstract_tfidf__connectivity anterior,-0.01718534817140544
terms_abstract_tfidf__connectivity fc,-0.10760329514977561
terms_abstract_tfidf__connectivity networks,-0.005853210765295355
terms_abstract_tfidf__connectivity patterns,-0.06082503928822273
terms_abstract_tfidf__connectivity posterior,-0.05305679950735576
terms_abstract_tfidf__connectivity rsfc,-0.03322629749702643
terms_abstract_tfidf__connectivity using,-0.017169260650450213
terms_abstract_tfidf__conscious,-0.04445366341439017
terms_abstract_tfidf__consciousness,-0.06675757464048729
terms_abstract_tfidf__consecutive,-0.026689515470181065
terms_abstract_tfidf__consequence,0.09137286825882893
terms_abstract_tfidf__consequences,0.03866034708587658
terms_abstract_tfidf__consequently,-0.04443187451446566
terms_abstract_tfidf__consider,-0.024994352431324543
terms_abstract_tfidf__considerable,-0.033630541434718754
terms_abstract_tfidf__considered,-0.05467611849026835
terms_abstract_tfidf__considering,-0.014751278911875427
terms_abstract_tfidf__consisted,0.022065723051564838
terms_abstract_tfidf__consistency,-0.03422743541080045
terms_abstract_tfidf__consistently,0.007763008938084912
terms_abstract_tfidf__consisting,0.1044226567725848
terms_abstract_tfidf__consists,0.030980985895153794
terms_abstract_tfidf__consolidation,-0.12156458486676328
terms_abstract_tfidf__constant,-0.050125146921060806
terms_abstract_tfidf__constitute,-0.0030024030932746418
terms_abstract_tfidf__constrained,-0.05388106226067982
terms_abstract_tfidf__constraints,-0.005051656416433981
terms_abstract_tfidf__construct,-0.12470799467593317
terms_abstract_tfidf__constructed,-0.09000395719752827
terms_abstract_tfidf__construction,-0.19078796876996287
terms_abstract_tfidf__consumption,0.0438362578753269
terms_abstract_tfidf__contain,-0.03191255555541963
terms_abstract_tfidf__contained,-0.0284359742096005
terms_abstract_tfidf__containing,0.015013405384695972
terms_abstract_tfidf__contains,-0.08333921429855211
terms_abstract_tfidf__content,-0.09396022644725338
terms_abstract_tfidf__contents,-0.0723317742120748
terms_abstract_tfidf__context,0.01639059120566003
terms_abstract_tfidf__contexts,-0.0752181669108914
terms_abstract_tfidf__contextual,-0.08666620848680391
terms_abstract_tfidf__contingent,-0.006921562002723389
terms_abstract_tfidf__continuous,0.07096764415875607
terms_abstract_tfidf__continuously,-0.039867386986950096
terms_abstract_tfidf__contralateral,0.14301546674018165
terms_abstract_tfidf__contrary,0.01516573218068471
terms_abstract_tfidf__contrast,-0.038637712809584404
terms_abstract_tfidf__contrasted,-0.05652032304906057
terms_abstract_tfidf__contrasting,-0.0994641114760253
terms_abstract_tfidf__contrasts,0.01527227091526584
terms_abstract_tfidf__contribute,-0.018215245362656382
terms_abstract_tfidf__contributed,-0.006677482976948788
terms_abstract_tfidf__contributes,-0.06742733124812643
terms_abstract_tfidf__contributing,0.04353395435700964
terms_abstract_tfidf__contribution,0.059745623324521026
terms_abstract_tfidf__contributions,-0.05094387726370497
terms_abstract_tfidf__control,0.17017408858118663
terms_abstract_tfidf__control condition,0.007898201823245824
terms_abstract_tfidf__control conditions,0.02618867858140463
terms_abstract_tfidf__control group,0.01234916557830448
terms_abstract_tfidf__control groups,0.029714376055406524
terms_abstract_tfidf__control network,0.05776372652033211
terms_abstract_tfidf__control processes,0.09590624738174311
terms_abstract_tfidf__control task,0.019809479714300842
terms_abstract_tfidf__controlled,0.17702932477399755
terms_abstract_tfidf__controlling,0.06779062777639747
terms_abstract_tfidf__controls,0.0243532050462518
terms_abstract_tfidf__controls hc,-0.021028320078849288
terms_abstract_tfidf__controls hcs,0.037925287103460104
terms_abstract_tfidf__controls using,-0.015484480066821751
terms_abstract_tfidf__controversial,-0.0067370849988529595
terms_abstract_tfidf__conventional,0.0464839902723353
terms_abstract_tfidf__convergence,-0.011303955576122049
terms_abstract_tfidf__converging,-0.07305049448921526
terms_abstract_tfidf__conversely,-0.0449767120601866
terms_abstract_tfidf__conveyed,-0.05040888524923127
terms_abstract_tfidf__coordinates,-0.055100260216458107
terms_abstract_tfidf__coordination,0.09228674261171026
terms_abstract_tfidf__core,-0.08824115258585855
terms_abstract_tfidf__corpus,0.022109898833918434
terms_abstract_tfidf__corpus callosum,0.027305938418346283
terms_abstract_tfidf__correct,0.039840751260445645
terms_abstract_tfidf__corrected,0.04398094996934764
terms_abstract_tfidf__correction,0.055253049791481976
terms_abstract_tfidf__correctly,-0.06163024711256409
terms_abstract_tfidf__correlate,0.03640490151493828
terms_abstract_tfidf__correlated,0.05315036099390618
terms_abstract_tfidf__correlated negatively,0.00013893995308049864
terms_abstract_tfidf__correlated positively,0.003287378017531034
terms_abstract_tfidf__correlates,0.0025150944482409334
terms_abstract_tfidf__correlating,-0.030217782652146263
terms_abstract_tfidf__correlation,0.03427146088430687
terms_abstract_tfidf__correlation analyses,0.02744589931481605
terms_abstract_tfidf__correlations,0.005175716381386584
terms_abstract_tfidf__correspond,-0.022913081383105424
terms_abstract_tfidf__corresponded,-0.04491781820889535
terms_abstract_tfidf__correspondence,0.049356094540032674
terms_abstract_tfidf__corresponding,0.013062892503062811
terms_abstract_tfidf__cortex acc,0.1652065428198877
terms_abstract_tfidf__cortex amygdala,0.013549408758821189
terms_abstract_tfidf__cortex anterior,0.1385008214822976
terms_abstract_tfidf__cortex ba,0.08082810483224807
terms_abstract_tfidf__cortex bilaterally,0.07143940427227528
terms_abstract_tfidf__cortex cerebellum,0.051986817085851136
terms_abstract_tfidf__cortex dacc,0.08987974983906218
terms_abstract_tfidf__cortex dlpfc,0.14236902088620787
terms_abstract_tfidf__cortex dmpfc,0.003960743237989401
terms_abstract_tfidf__cortex dorsal,0.09378090777163886
terms_abstract_tfidf__cortex dorsolateral,0.04550226946364776
terms_abstract_tfidf__cortex frontal,0.10539670555490842
terms_abstract_tfidf__cortex hippocampus,-0.06556613131986541
terms_abstract_tfidf__cortex inferior,0.11407183924099185
terms_abstract_tfidf__cortex insula,0.16828629418324187
terms_abstract_tfidf__cortex involved,0.025996245544048727
terms_abstract_tfidf__cortex lateral,0.022995060165000643
terms_abstract_tfidf__cortex m1,0.11296446524471798
terms_abstract_tfidf__cortex medial,-0.04574515046456636
terms_abstract_tfidf__cortex middle,0.022882657976080314
terms_abstract_tfidf__cortex mpfc,-0.01612659828795792
terms_abstract_tfidf__cortex ofc,0.08531751247860445
terms_abstract_tfidf__cortex parietal,0.047562618104064806
terms_abstract_tfidf__cortex pcc,-0.10650053733083228
terms_abstract_tfidf__cortex pfc,0.11575421136646839
terms_abstract_tfidf__cortex posterior,-0.10308750611725785
terms_abstract_tfidf__cortex ppc,-0.0768579887942952
terms_abstract_tfidf__cortex precuneus,-0.2023006254484416
terms_abstract_tfidf__cortex suggest,-0.0021590277423011056
terms_abstract_tfidf__cortex superior,-0.00045346144819950057
terms_abstract_tfidf__cortex supplementary,0.11558780595965894
terms_abstract_tfidf__cortex thalamus,0.1425947487437184
terms_abstract_tfidf__cortex ventral,0.06721694964847022
terms_abstract_tfidf__cortex vlpfc,0.03703566530388219
terms_abstract_tfidf__cortex vmpfc,-0.0025868701792998087
terms_abstract_tfidf__cortical,0.11719100420230284
terms_abstract_tfidf__cortical involved,-0.042830251016049335
terms_abstract_tfidf__cortical network,0.06438557061711143
terms_abstract_tfidf__cortical networks,-0.05964205551469967
terms_abstract_tfidf__cortical subcortical,0.16022196271044523
terms_abstract_tfidf__cortical thickness,-0.008723275273118647
terms_abstract_tfidf__cortices,0.16683259322850524
terms_abstract_tfidf__cortico,0.11793555020671453
terms_abstract_tfidf__cost,-0.0025286365895952163
terms_abstract_tfidf__costs,-0.005826316996240196
terms_abstract_tfidf__coupled,0.07246585705357719
terms_abstract_tfidf__coupling,0.008540120153748925
terms_abstract_tfidf__course,-0.020300491807287005
terms_abstract_tfidf__courses,0.0809997624235923
terms_abstract_tfidf__covariance,0.0056628843144493415
terms_abstract_tfidf__covaried,0.039046486003240496
terms_abstract_tfidf__covert,0.03237099420742488
terms_abstract_tfidf__craving,-0.048411732738369434
terms_abstract_tfidf__created,-0.08093201830306192
terms_abstract_tfidf__criteria,-0.00041878889464785603
terms_abstract_tfidf__critical,0.0049419242687001345
terms_abstract_tfidf__critical role,-0.03552577501925193
terms_abstract_tfidf__critically,-0.1264419568750594
terms_abstract_tfidf__cross,-0.059776608143205075
terms_abstract_tfidf__cross modal,-0.03190011413243231
terms_abstract_tfidf__cross sectional,-0.057208867783247117
terms_abstract_tfidf__crossover,0.12781041496160317
terms_abstract_tfidf__crucial,-0.05561982131467614
terms_abstract_tfidf__crucial role,0.06496847068973169
terms_abstract_tfidf__crucially,0.06460228459525946
terms_abstract_tfidf__crus,-0.014559792746879074
terms_abstract_tfidf__cue,-0.03914579945076963
terms_abstract_tfidf__cued,-0.039748062993007025
terms_abstract_tfidf__cues,-0.1212017653966673
terms_abstract_tfidf__cuneus,-0.10606635632463957
terms_abstract_tfidf__current,-0.008341001632195099
terms_abstract_tfidf__current functional,-0.03786164167644322
terms_abstract_tfidf__currently,0.057494067760778214
terms_abstract_tfidf__dacc,0.11378457884680028
terms_abstract_tfidf__daily,0.030896014152794398
terms_abstract_tfidf__daily life,0.010674890857760024
terms_abstract_tfidf__damage,-0.11412812373502071
terms_abstract_tfidf__dataset,0.031177389610119843
terms_abstract_tfidf__datasets,0.028290587714799153
terms_abstract_tfidf__date,-0.09105639609211205
terms_abstract_tfidf__day,-0.038489743109369805
terms_abstract_tfidf__days,0.048770607938972206
terms_abstract_tfidf__deactivated,-0.05414242495971462
terms_abstract_tfidf__deactivation,-0.09240275573321549
terms_abstract_tfidf__deactivations,-0.025782794607747257
terms_abstract_tfidf__debate,-0.04602161760244428
terms_abstract_tfidf__debated,-0.06747418872626648
terms_abstract_tfidf__decision,0.12569222826613258
terms_abstract_tfidf__decision making,0.13893632928021318
terms_abstract_tfidf__decision task,-0.025868246957997287
terms_abstract_tfidf__decisions,0.03895031625375366
terms_abstract_tfidf__decline,-0.04103581426604016
terms_abstract_tfidf__declines,0.0167555194153456
terms_abstract_tfidf__decoding,-0.009238574944073074
terms_abstract_tfidf__decreases,-0.02860889194731204
terms_abstract_tfidf__decreasing,-0.008270149261193563
terms_abstract_tfidf__deep,-0.004049851637488828
terms_abstract_tfidf__default,-0.1086669281271121
terms_abstract_tfidf__default mode,-0.09826624339212908
terms_abstract_tfidf__default network,-0.13908408839259462
terms_abstract_tfidf__deficient,0.043071192297040733
terms_abstract_tfidf__deficit,-0.03530349554354624
terms_abstract_tfidf__deficit hyperactivity,0.03615626144766937
terms_abstract_tfidf__deficits,-0.08533380029222971
terms_abstract_tfidf__define,-0.009031087796885029
terms_abstract_tfidf__defined,-0.03460962176554069
terms_abstract_tfidf__degree,-0.06315826631747909
terms_abstract_tfidf__degrees,0.05157815735288323
terms_abstract_tfidf__delay,-0.02837048035207942
terms_abstract_tfidf__delayed,-0.06394700166266407
terms_abstract_tfidf__delivered,0.1755009818105278
terms_abstract_tfidf__demand,-0.009102267128709611
terms_abstract_tfidf__demanding,-0.017379357363959135
terms_abstract_tfidf__demands,0.02701864580869864
terms_abstract_tfidf__dementia,-0.09819065509386225
terms_abstract_tfidf__demonstrate,0.004344382536659505
terms_abstract_tfidf__demonstrated,0.018103472852976296
terms_abstract_tfidf__demonstrates,0.04966199970869849
terms_abstract_tfidf__demonstrating,-0.1539677008077037
terms_abstract_tfidf__density,-0.04668427802050009
terms_abstract_tfidf__depend,-0.034983421530609064
terms_abstract_tfidf__depended,-0.039285918324144596
terms_abstract_tfidf__dependence,-0.006029001088695395
terms_abstract_tfidf__depending,-0.029207514946147425
terms_abstract_tfidf__depends,-0.015076796168502965
terms_abstract_tfidf__depicting,-0.04754228035491817
terms_abstract_tfidf__depressed,0.018924277745239193
terms_abstract_tfidf__depression,-0.00046673549251659123
terms_abstract_tfidf__depressive,-0.00829449167933241
terms_abstract_tfidf__depressive disorder,0.0017559795831938508
terms_abstract_tfidf__deprivation,-0.06945606355589234
terms_abstract_tfidf__depth,-0.11418919746822172
terms_abstract_tfidf__derived,-0.0845410588424005
terms_abstract_tfidf__described,0.08222430937690944
terms_abstract_tfidf__describing,-0.02764101062408427
terms_abstract_tfidf__design,0.09909192143415316
terms_abstract_tfidf__designed,0.02112957214296166
terms_abstract_tfidf__designs,-0.015124016503944782
terms_abstract_tfidf__despite,-0.02559954564482289
terms_abstract_tfidf__detailed,-0.03886238780859911
terms_abstract_tfidf__details,-0.13414461614441314
terms_abstract_tfidf__detect,0.011547437465068935
terms_abstract_tfidf__detected,0.06442844851277962
terms_abstract_tfidf__detecting,0.019014966469066072
terms_abstract_tfidf__detection,0.044023667366665964
terms_abstract_tfidf__detection task,-0.05835684457249638
terms_abstract_tfidf__determine,0.04452645514475242
terms_abstract_tfidf__determined,0.06598129959253951
terms_abstract_tfidf__determining,-0.005188408784311145
terms_abstract_tfidf__develop,0.03502608644880738
terms_abstract_tfidf__developed,0.010457783835655692
terms_abstract_tfidf__developing,-0.03665165890787435
terms_abstract_tfidf__development,-0.07121828345803478
terms_abstract_tfidf__developmental,0.006751664692058574
terms_abstract_tfidf__diagnosed,-0.03690312691958505
terms_abstract_tfidf__diagnosis,0.017727504268260443
terms_abstract_tfidf__diagnostic,0.030158881102414235
terms_abstract_tfidf__did,-0.058261373103309734
terms_abstract_tfidf__did differ,-0.01635188577707424
terms_abstract_tfidf__differ,0.02950392069214229
terms_abstract_tfidf__differed,-0.03834717394231349
terms_abstract_tfidf__difference,0.017850627536404644
terms_abstract_tfidf__differential,-0.004711174887512677
terms_abstract_tfidf__differentially,-0.06517053038146293
terms_abstract_tfidf__differentiate,0.06048248308768452
terms_abstract_tfidf__differentiated,-0.015086954189646697
terms_abstract_tfidf__differentiation,-0.07152013235063615
terms_abstract_tfidf__differently,-0.05959816232872838
terms_abstract_tfidf__differing,0.037963569165355295
terms_abstract_tfidf__differs,0.006805625051552135
terms_abstract_tfidf__difficult,0.02418499333034884
terms_abstract_tfidf__difficulties,-0.017680021143371534
terms_abstract_tfidf__difficulty,-0.031579061002872284
terms_abstract_tfidf__diffusion,0.015619493047764287
terms_abstract_tfidf__diffusion tensor,0.0016185393299426195
terms_abstract_tfidf__digit,-0.04951468129426937
terms_abstract_tfidf__dimension,-0.12543651025134428
terms_abstract_tfidf__dimensional,-0.15337388943409186
terms_abstract_tfidf__dimensions,-0.05944766736724591
terms_abstract_tfidf__diminished,-0.04890238628540499
terms_abstract_tfidf__direct,-0.044410691066101675
terms_abstract_tfidf__direct evidence,0.019725718863400344
terms_abstract_tfidf__directed,-0.08844293403849797
terms_abstract_tfidf__direction,-0.07381314091958037
terms_abstract_tfidf__directions,-0.07757712853449755
terms_abstract_tfidf__directly,0.03245907732932865
terms_abstract_tfidf__disability,0.015821878773288698
terms_abstract_tfidf__discrete,-0.02592389019518639
terms_abstract_tfidf__discriminate,-0.011578614339573735
terms_abstract_tfidf__discriminated,-0.020356219417057637
terms_abstract_tfidf__discrimination,-0.02837628877517784
terms_abstract_tfidf__discrimination task,-0.042214919565465046
terms_abstract_tfidf__discriminative,0.13696295908822106
terms_abstract_tfidf__discuss,-0.05544552638480219
terms_abstract_tfidf__discussed,-0.02486056597714735
terms_abstract_tfidf__discussion,0.04574361384165677
terms_abstract_tfidf__disease,-0.040855184093918265
terms_abstract_tfidf__disease ad,-0.18065832549654465
terms_abstract_tfidf__disease pd,0.09934529857866695
terms_abstract_tfidf__diseases,0.03705661847516395
terms_abstract_tfidf__disentangle,0.013063002127470554
terms_abstract_tfidf__disgust,-0.009620835548311045
terms_abstract_tfidf__disorder,0.053731603530160627
terms_abstract_tfidf__disorder adhd,0.03879896474467625
terms_abstract_tfidf__disorder mdd,0.010352578248828098
terms_abstract_tfidf__disorder ocd,0.0792905812733353
terms_abstract_tfidf__disorder ptsd,-0.044089556066712866
terms_abstract_tfidf__disorders,0.0016320117833577888
terms_abstract_tfidf__display,-0.12180408011722255
terms_abstract_tfidf__displayed,-0.054723795992257754
terms_abstract_tfidf__displays,-0.11972855904487592
terms_abstract_tfidf__disrupted,0.006927675659207984
terms_abstract_tfidf__disruption,0.04329656690931362
terms_abstract_tfidf__dissociable,0.011563577582865029
terms_abstract_tfidf__dissociate,0.10510233820908112
terms_abstract_tfidf__dissociated,-0.03238812555071642
terms_abstract_tfidf__dissociation,-0.1279387115057903
terms_abstract_tfidf__distance,-0.10832769944374641
terms_abstract_tfidf__distinction,-0.07258872167644712
terms_abstract_tfidf__distinguish,-0.09130127148546766
terms_abstract_tfidf__distinguished,-0.013401148306331762
terms_abstract_tfidf__distraction,-0.026445419160305458
terms_abstract_tfidf__distractor,-0.06504706686544534
terms_abstract_tfidf__distractors,-0.059970331297703
terms_abstract_tfidf__distress,-0.007397750510713161
terms_abstract_tfidf__distributed,-0.07953404986733795
terms_abstract_tfidf__distributed network,-0.10240493378350424
terms_abstract_tfidf__distribution,0.03162049669337447
terms_abstract_tfidf__disturbances,-0.01371232230977709
terms_abstract_tfidf__disturbed,0.06366252509518901
terms_abstract_tfidf__divergent,-0.040293318346949054
terms_abstract_tfidf__diverse,-0.00028067196260837633
terms_abstract_tfidf__divided,-0.08930721414034136
terms_abstract_tfidf__dlpfc,0.14716412557748457
terms_abstract_tfidf__dmn,-0.12799348911259792
terms_abstract_tfidf__dmpfc,0.006673602445373601
terms_abstract_tfidf__documented,0.04842099307953422
terms_abstract_tfidf__does,-0.04018976299066349
terms_abstract_tfidf__domain,-0.054260779652002565
terms_abstract_tfidf__domain general,0.06678642061051668
terms_abstract_tfidf__domains,0.03658620160699309
terms_abstract_tfidf__dominance,0.0737939398822257
terms_abstract_tfidf__dominant,0.0991115857624746
terms_abstract_tfidf__dopamine,0.09126891278329462
terms_abstract_tfidf__dopaminergic,0.06631990321048632
terms_abstract_tfidf__dorsal,0.059665154969632886
terms_abstract_tfidf__dorsal anterior,0.1554754253782432
terms_abstract_tfidf__dorsal attention,-0.14392025396482194
terms_abstract_tfidf__dorsal medial,-0.014031018288327205
terms_abstract_tfidf__dorsal premotor,0.05253434673301684
terms_abstract_tfidf__dorsal striatum,0.09568881154321882
terms_abstract_tfidf__dorsal ventral,-0.021412468681042227
terms_abstract_tfidf__dorsolateral,0.12604261965436858
terms_abstract_tfidf__dorsolateral pfc,0.052390301039908216
terms_abstract_tfidf__dorsolateral prefrontal,0.11850327008700982
terms_abstract_tfidf__dorsomedial,0.057340599109933776
terms_abstract_tfidf__dorsomedial prefrontal,0.023104426617349183
terms_abstract_tfidf__dose,-0.004901000218355676
terms_abstract_tfidf__dot,-0.1581918960019057
terms_abstract_tfidf__double,0.012742259757406303
terms_abstract_tfidf__double blind,0.03637730137277756
terms_abstract_tfidf__drive,0.06587480203266535
terms_abstract_tfidf__driven,-0.04576637295483105
terms_abstract_tfidf__driving,-0.029107111159176885
terms_abstract_tfidf__drug,0.06450709592451383
terms_abstract_tfidf__drugs,0.05641197763474111
terms_abstract_tfidf__dti,-0.014938941688258088
terms_abstract_tfidf__dual,0.020535628959370708
terms_abstract_tfidf__duration,0.08369785339804255
terms_abstract_tfidf__dynamic,-0.06478561052373914
terms_abstract_tfidf__dynamic causal,0.033382824754688054
terms_abstract_tfidf__dynamically,-0.02798429276385584
terms_abstract_tfidf__dynamics,-0.03337640986157903
terms_abstract_tfidf__dysfunction,0.014055821031113292
terms_abstract_tfidf__dysfunctional,0.041064438465415735
terms_abstract_tfidf__dysfunctions,-0.009029422518810754
terms_abstract_tfidf__dyslexia,0.0034304221666916048
terms_abstract_tfidf__dysregulation,0.015492578835078565
terms_abstract_tfidf__earlier,0.020323227901779466
terms_abstract_tfidf__early,-0.1418631668563176
terms_abstract_tfidf__early stage,0.01636424261432125
terms_abstract_tfidf__early stages,-0.028122315332338856
terms_abstract_tfidf__early visual,-0.18780366074430702
terms_abstract_tfidf__easy,0.02117351345661928
terms_abstract_tfidf__eating,0.03279755947838483
terms_abstract_tfidf__echo,0.022174102720445274
terms_abstract_tfidf__economic,0.09164483774186494
terms_abstract_tfidf__education,-0.031966082029135215
terms_abstract_tfidf__eeg,0.050327090256824775
terms_abstract_tfidf__effect,-0.041547992420859596
terms_abstract_tfidf__effective,-0.041378459968187134
terms_abstract_tfidf__effective connectivity,-0.05382075322562229
terms_abstract_tfidf__effectively,0.07082484374336039
terms_abstract_tfidf__effects,-0.04037383594258649
terms_abstract_tfidf__efficacy,0.11403910536893451
terms_abstract_tfidf__efficiency,-0.03425645751184607
terms_abstract_tfidf__efficient,-0.05974733045795545
terms_abstract_tfidf__effort,0.08080470059124271
terms_abstract_tfidf__effortful,0.1059827015866626
terms_abstract_tfidf__eighteen,0.06898341461110366
terms_abstract_tfidf__elderly,-0.1417023069412029
terms_abstract_tfidf__electrical,0.22133676378037798
terms_abstract_tfidf__electroencephalography,0.08663815596146257
terms_abstract_tfidf__electroencephalography eeg,0.06722088508725949
terms_abstract_tfidf__electrophysiological,-0.016187976084851122
terms_abstract_tfidf__elements,-0.11349780942981189
terms_abstract_tfidf__elevated,-0.015551583262119303
terms_abstract_tfidf__elicit,0.09019735368593573
terms_abstract_tfidf__elicited,-0.0958144194092164
terms_abstract_tfidf__elicits,-0.035208913075924296
terms_abstract_tfidf__elucidate,0.013146714050746317
terms_abstract_tfidf__elucidated,0.046346882418093975
terms_abstract_tfidf__elusive,0.026741496671496626
terms_abstract_tfidf__embedded,-0.01416574688190286
terms_abstract_tfidf__emerge,-0.04288333583695751
terms_abstract_tfidf__emerged,-0.08562735832981427
terms_abstract_tfidf__emergence,0.0681176943560553
terms_abstract_tfidf__emerging,-0.011711707927233021
terms_abstract_tfidf__emission,0.03151321400963425
terms_abstract_tfidf__emission tomography,0.05255743689553802
terms_abstract_tfidf__emotion,0.006650323067989659
terms_abstract_tfidf__emotion regulation,0.06774869970631098
terms_abstract_tfidf__emotional,0.003880859161089123
terms_abstract_tfidf__emotional faces,-0.07084432745136977
terms_abstract_tfidf__emotional information,-0.041618049439159525
terms_abstract_tfidf__emotional responses,0.01777228668819713
terms_abstract_tfidf__emotional stimuli,-0.06792211858461251
terms_abstract_tfidf__emotional valence,-0.07413122539662008
terms_abstract_tfidf__emotionally,-0.09167054828383611
terms_abstract_tfidf__emotions,-0.003561901180438926
terms_abstract_tfidf__empathic,0.08274735740425002
terms_abstract_tfidf__empathy,0.048713165935409426
terms_abstract_tfidf__emphasize,0.05028187803686267
terms_abstract_tfidf__empirical,-0.0607056618730002
terms_abstract_tfidf__employed,-0.010557688864949965
terms_abstract_tfidf__employing,0.014692163460678592
terms_abstract_tfidf__enable,-0.0341255806099349
terms_abstract_tfidf__enabled,0.0450275922778553
terms_abstract_tfidf__enables,-0.054214019390442
terms_abstract_tfidf__encode,-0.09160385024641177
terms_abstract_tfidf__encoded,-0.1715927413518979
terms_abstract_tfidf__encoding,-0.20542903541685845
terms_abstract_tfidf__encoding retrieval,-0.11909679635092237
terms_abstract_tfidf__encompassing,0.029047411092813037
terms_abstract_tfidf__end,0.07251402454452799
terms_abstract_tfidf__endogenous,0.04352082278428954
terms_abstract_tfidf__engage,-0.042831277544851304
terms_abstract_tfidf__engaged,-0.09292885995353777
terms_abstract_tfidf__engagement,-0.017377995039004224
terms_abstract_tfidf__engages,-0.09151165071159839
terms_abstract_tfidf__engaging,0.007649536510054955
terms_abstract_tfidf__english,0.024851719357093453
terms_abstract_tfidf__enhance,-0.052470075019077286
terms_abstract_tfidf__enhancement,-0.13988296058192104
terms_abstract_tfidf__enhances,-0.024730539282342725
terms_abstract_tfidf__enhancing,0.06668670675961023
terms_abstract_tfidf__entire,0.09359452263499213
terms_abstract_tfidf__environment,-0.18770330825779305
terms_abstract_tfidf__environmental,-0.04760210430124635
terms_abstract_tfidf__environments,-0.03908272584798114
terms_abstract_tfidf__epilepsy,-0.08154224228049779
terms_abstract_tfidf__episode,-0.07618124823983063
terms_abstract_tfidf__episodes,-0.05312233117505413
terms_abstract_tfidf__episodic,-0.22323094086906553
terms_abstract_tfidf__episodic memory,-0.23344038034589384
terms_abstract_tfidf__equal,0.1563027619064752
terms_abstract_tfidf__equally,0.008384893193095667
terms_abstract_tfidf__equivalent,-0.13143266358499653
terms_abstract_tfidf__erp,-0.08729077874931929
terms_abstract_tfidf__error,0.1907573236566058
terms_abstract_tfidf__errors,0.1571117174465555
terms_abstract_tfidf__especially,0.02940670398094603
terms_abstract_tfidf__essential,0.07105155977337949
terms_abstract_tfidf__establish,-0.023861601107099763
terms_abstract_tfidf__established,-0.06940567888303274
terms_abstract_tfidf__estimate,0.01661237092303749
terms_abstract_tfidf__estimated,0.02334733750586156
terms_abstract_tfidf__estimates,0.016822989955632663
terms_abstract_tfidf__estimation,0.008948204615188825
terms_abstract_tfidf__et,-0.0019288662791717012
terms_abstract_tfidf__et al,-0.009736371545490391
terms_abstract_tfidf__evaluate,0.07016215442358847
terms_abstract_tfidf__evaluated,0.07792790086878564
terms_abstract_tfidf__evaluating,0.013890239010513752
terms_abstract_tfidf__evaluation,0.08915555826127625
terms_abstract_tfidf__evaluations,-0.025200464964534267
terms_abstract_tfidf__event,-0.01718639427522635
terms_abstract_tfidf__event design,0.020169227390897784
terms_abstract_tfidf__event functional,0.041831764692479845
terms_abstract_tfidf__event potential,-0.030626486604899892
terms_abstract_tfidf__event potentials,-0.07657133820346637
terms_abstract_tfidf__events,-0.11460574905634319
terms_abstract_tfidf__everyday,-0.108600999688662
terms_abstract_tfidf__everyday life,-0.04176691898681681
terms_abstract_tfidf__evidence,-0.10916202022249048
terms_abstract_tfidf__evidence suggests,-0.08625519301292697
terms_abstract_tfidf__evidenced,-0.02241171739968214
terms_abstract_tfidf__evident,-0.05119948147480577
terms_abstract_tfidf__evoke,0.003801786501526733
terms_abstract_tfidf__evoked,0.11849990177454274
terms_abstract_tfidf__evolution,0.01947313336866464
terms_abstract_tfidf__exact,-0.11637822145750788
terms_abstract_tfidf__examination,0.054769495672996674
terms_abstract_tfidf__examining,0.05261422646985185
terms_abstract_tfidf__example,-0.06543733717876142
terms_abstract_tfidf__excessive,0.11192393584105495
terms_abstract_tfidf__exclusively,-0.007931088517952982
terms_abstract_tfidf__executed,0.06088316155755044
terms_abstract_tfidf__execution,0.05973204591979662
terms_abstract_tfidf__executive,0.0949346767230318
terms_abstract_tfidf__executive control,0.021130839855030583
terms_abstract_tfidf__executive function,-0.00042908925105014883
terms_abstract_tfidf__executive functions,0.1217056622513032
terms_abstract_tfidf__exert,0.006725462496267417
terms_abstract_tfidf__exhibit,-0.011065426213184872
terms_abstract_tfidf__exhibited,-0.045764190484249415
terms_abstract_tfidf__exhibited greater,-0.037181836607992486
terms_abstract_tfidf__exhibiting,0.02524375684544198
terms_abstract_tfidf__exist,0.03898142482789529
terms_abstract_tfidf__existence,0.009611760705152322
terms_abstract_tfidf__existing,0.10608140364649121
terms_abstract_tfidf__exists,0.059289580940017725
terms_abstract_tfidf__expectancy,0.09947374249506338
terms_abstract_tfidf__expectation,0.12180571386082008
terms_abstract_tfidf__expectations,0.008292089628457115
terms_abstract_tfidf__expected,0.07149392003225301
terms_abstract_tfidf__experience,-0.04781326893113446
terms_abstract_tfidf__experienced,0.08890729799748331
terms_abstract_tfidf__experiences,-0.1005729633104436
terms_abstract_tfidf__experiencing,0.05901085683451793
terms_abstract_tfidf__experiment,-0.012477964893548622
terms_abstract_tfidf__experimental,0.024343650263422927
terms_abstract_tfidf__experimental conditions,-0.01614798247553453
terms_abstract_tfidf__experimentally,0.059432553223726266
terms_abstract_tfidf__experiments,-0.12895600397580165
terms_abstract_tfidf__expertise,-0.14929353754479466
terms_abstract_tfidf__explain,0.055203914377483565
terms_abstract_tfidf__explained,-0.040929475504337634
terms_abstract_tfidf__explanation,-0.06682318947489713
terms_abstract_tfidf__explicit,-0.048538097610240014
terms_abstract_tfidf__explicitly,0.03251387386279181
terms_abstract_tfidf__exploration,-0.010892684102266488
terms_abstract_tfidf__exploratory,0.01707352947379983
terms_abstract_tfidf__explore,0.04131415727303763
terms_abstract_tfidf__explored,-0.056008135510881976
terms_abstract_tfidf__exploring,0.04991896100901542
terms_abstract_tfidf__exposed,-0.00358200685379091
terms_abstract_tfidf__exposure,-0.059509799413203376
terms_abstract_tfidf__expressed,0.04754897124351534
terms_abstract_tfidf__expression,-0.05138628135928617
terms_abstract_tfidf__expressions,-0.07437971060308618
terms_abstract_tfidf__extend,-0.03465844846455674
terms_abstract_tfidf__extended,-0.05710573072116017
terms_abstract_tfidf__extending,0.010232577745831287
terms_abstract_tfidf__extends,-0.07394193852608691
terms_abstract_tfidf__extension,0.07998741032068829
terms_abstract_tfidf__extensive,-0.051494148399789975
terms_abstract_tfidf__extensively,0.022729071467803175
terms_abstract_tfidf__extent,-0.027331562081880242
terms_abstract_tfidf__external,0.023278751006867507
terms_abstract_tfidf__externally,0.08294233052943963
terms_abstract_tfidf__extinction,0.0029824059919069516
terms_abstract_tfidf__extra,-0.0726378903419193
terms_abstract_tfidf__extract,0.027873423506341536
terms_abstract_tfidf__extracted,-0.0671680334071198
terms_abstract_tfidf__extrastriate,-0.21695513421022902
terms_abstract_tfidf__eye,-0.09345789455543739
terms_abstract_tfidf__eye field,-0.013316792708184751
terms_abstract_tfidf__eye fields,-0.066643328267631
terms_abstract_tfidf__eye movement,-0.06161421745847227
terms_abstract_tfidf__eye movements,-0.10360669495015618
terms_abstract_tfidf__eyes,-0.13408722815511925
terms_abstract_tfidf__fa,-0.002247590314777091
terms_abstract_tfidf__face,-0.21589774829124414
terms_abstract_tfidf__face ffa,-0.2150568697043858
terms_abstract_tfidf__face recognition,-0.2115151840170887
terms_abstract_tfidf__faces,-0.21912957945184983
terms_abstract_tfidf__facial,-0.08833141114990922
terms_abstract_tfidf__facial expression,-0.05110296706733288
terms_abstract_tfidf__facial expressions,-0.08205509218278906
terms_abstract_tfidf__facilitate,-0.04519786811402518
terms_abstract_tfidf__facilitated,-0.03213515424129609
terms_abstract_tfidf__facilitates,0.0028565550448273105
terms_abstract_tfidf__facilitation,0.05113357589790469
terms_abstract_tfidf__fact,-0.024991497140534235
terms_abstract_tfidf__factor,-0.022722979333008902
terms_abstract_tfidf__factorial,0.010506789563409696
terms_abstract_tfidf__factorial design,-0.028873531835074247
terms_abstract_tfidf__factors,0.0018068462370950033
terms_abstract_tfidf__failed,-0.0016599288572202997
terms_abstract_tfidf__failure,0.006411527516171447
terms_abstract_tfidf__false,0.012150452098173654
terms_abstract_tfidf__familiar,-0.2695875386495371
terms_abstract_tfidf__familiarity,-0.2182321727458939
terms_abstract_tfidf__family,0.02060901865532841
terms_abstract_tfidf__far,-0.048777223119319736
terms_abstract_tfidf__fasciculus,0.014626480797155712
terms_abstract_tfidf__fashion,0.0658392671216328
terms_abstract_tfidf__fast,0.07106441133148673
terms_abstract_tfidf__faster,-0.0715459838460338
terms_abstract_tfidf__fc,-0.10257343642393128
terms_abstract_tfidf__fear,0.004722260028497079
terms_abstract_tfidf__fearful,-0.09053127386924391
terms_abstract_tfidf__fearful faces,-0.10976649327502065
terms_abstract_tfidf__feature,-0.092573307205518
terms_abstract_tfidf__features,-0.0838196335864389
terms_abstract_tfidf__feedback,0.1758966666221574
terms_abstract_tfidf__feeling,0.046071085909154055
terms_abstract_tfidf__feelings,0.010225955305103377
terms_abstract_tfidf__female,0.042860272915726846
terms_abstract_tfidf__females,0.08325002067802664
terms_abstract_tfidf__fewer,0.031857255644070805
terms_abstract_tfidf__ffa,-0.22100703896831178
terms_abstract_tfidf__fiber,0.045387110629009755
terms_abstract_tfidf__field,-0.10359652346253741
terms_abstract_tfidf__fields,-0.08890641727075711
terms_abstract_tfidf__final,-0.02840258880845756
terms_abstract_tfidf__finally,-0.07539413818106047
terms_abstract_tfidf__fine,0.0341558903378158
terms_abstract_tfidf__finger,0.11158913810626488
terms_abstract_tfidf__finger movements,0.06107539787519407
terms_abstract_tfidf__finger tapping,0.11523775959326214
terms_abstract_tfidf__fixation,-0.1780482925981934
terms_abstract_tfidf__fixed,0.060276820712523896
terms_abstract_tfidf__flexibility,-0.022249021551974994
terms_abstract_tfidf__flexible,-0.039136307725494
terms_abstract_tfidf__flexibly,-0.008824377481205735
terms_abstract_tfidf__flow,0.05045290685758993
terms_abstract_tfidf__fluctuation,0.022055660535141856
terms_abstract_tfidf__fluctuations,-0.05696796464102472
terms_abstract_tfidf__fluency,0.04378999226440524
terms_abstract_tfidf__focal,-0.012794526227541398
terms_abstract_tfidf__foci,0.027839865068755673
terms_abstract_tfidf__focus,0.016592894177756366
terms_abstract_tfidf__focused,0.04161370273621505
terms_abstract_tfidf__focusing,0.03567879708605174
terms_abstract_tfidf__follow,0.024605445904456152
terms_abstract_tfidf__followed,0.0025282605171428035
terms_abstract_tfidf__following,-0.011858957505506461
terms_abstract_tfidf__food,0.06043040067763803
terms_abstract_tfidf__foot,0.1715037722508891
terms_abstract_tfidf__force,0.12467035481370937
terms_abstract_tfidf__form,-0.13564575969707923
terms_abstract_tfidf__formation,-0.1659137874947543
terms_abstract_tfidf__formed,-0.03337465738193424
terms_abstract_tfidf__forms,1.3025096372020515e-05
terms_abstract_tfidf__forward,0.035238403763492424
terms_abstract_tfidf__fourteen,0.022316480691573114
terms_abstract_tfidf__fractional,-0.006602948886068409
terms_abstract_tfidf__fractional anisotropy,0.0027941239823698373
terms_abstract_tfidf__framework,-0.03811068400546233
terms_abstract_tfidf__free,0.10696994669498293
terms_abstract_tfidf__frequencies,0.12532423298438464
terms_abstract_tfidf__frequency,0.07631105635315857
terms_abstract_tfidf__frequency fluctuations,-0.1002737341554689
terms_abstract_tfidf__frequent,0.10977325766924477
terms_abstract_tfidf__frequently,0.08825803087448428
terms_abstract_tfidf__frontal,0.1269012287196933
terms_abstract_tfidf__frontal cortex,0.14883171708196383
terms_abstract_tfidf__frontal cortices,0.10280539255927477
terms_abstract_tfidf__frontal eye,-0.03634273246266368
terms_abstract_tfidf__frontal gyri,0.10490164665223553
terms_abstract_tfidf__frontal gyrus,0.13271652047311921
terms_abstract_tfidf__frontal lobe,0.014440284796889786
terms_abstract_tfidf__frontal lobes,-0.014510566074017874
terms_abstract_tfidf__frontal operculum,0.1948869883809357
terms_abstract_tfidf__frontal parietal,0.006598868655351048
terms_abstract_tfidf__frontal temporal,0.035375222092654264
terms_abstract_tfidf__fronto,-0.010942705191643545
terms_abstract_tfidf__fronto parietal,-0.04148880687568468
terms_abstract_tfidf__fronto striatal,0.06069582530638213
terms_abstract_tfidf__fronto temporal,0.02924564236078319
terms_abstract_tfidf__frontoparietal,-0.03541052774498018
terms_abstract_tfidf__frontoparietal network,-0.04195590427311195
terms_abstract_tfidf__frontopolar,0.07572608937611355
terms_abstract_tfidf__frontotemporal,0.04441448803210698
terms_abstract_tfidf__fully,-0.09729758880368229
terms_abstract_tfidf__function,0.03678906815802567
terms_abstract_tfidf__functional abnormalities,0.038775021249446796
terms_abstract_tfidf__functional connections,-0.09259341271727894
terms_abstract_tfidf__functional connectivity,-0.058123789431733575
terms_abstract_tfidf__functional coupling,0.005865793172560272
terms_abstract_tfidf__functional magnetic,0.1347216659742885
terms_abstract_tfidf__functional network,0.03491624630619216
terms_abstract_tfidf__functional networks,-0.00675067300691049
terms_abstract_tfidf__functional neuroanatomy,0.04310699698251607
terms_abstract_tfidf__functional organization,-0.02480173062001564
terms_abstract_tfidf__functional role,0.011509646038638131
terms_abstract_tfidf__functional structural,0.04166092886086116
terms_abstract_tfidf__functionally,-0.0199257915306363
terms_abstract_tfidf__functionally connected,0.04758764992636242
terms_abstract_tfidf__functioning,-0.0008382163421270025
terms_abstract_tfidf__functions,0.12223498648075908
terms_abstract_tfidf__fundamental,-0.08463099028979461
terms_abstract_tfidf__furthermore,-0.01109511373462053
terms_abstract_tfidf__fusiform,-0.2561738055655952
terms_abstract_tfidf__fusiform face,-0.22051992295308928
terms_abstract_tfidf__fusiform gyri,-0.1764372564868991
terms_abstract_tfidf__fusiform gyrus,-0.2254594516459998
terms_abstract_tfidf__future,-0.03838122571273969
terms_abstract_tfidf__gain,0.13200599098442078
terms_abstract_tfidf__gains,0.09237038153344138
terms_abstract_tfidf__gambling,0.09648516241696833
terms_abstract_tfidf__game,0.08413004697824752
terms_abstract_tfidf__gamma,-0.013852766787563336
terms_abstract_tfidf__ganglia,0.17398586500789456
terms_abstract_tfidf__gap,-0.04246647827763817
terms_abstract_tfidf__gaze,-0.14300648952827325
terms_abstract_tfidf__gender,0.009076204456747476
terms_abstract_tfidf__gene,-7.715806563163151e-05
terms_abstract_tfidf__general,0.04811851538547811
terms_abstract_tfidf__general linear,0.023869547478928842
terms_abstract_tfidf__generalized,-0.06298330674660968
terms_abstract_tfidf__generally,-0.0412894848883489
terms_abstract_tfidf__generate,-0.06799480746167362
terms_abstract_tfidf__generated,-0.03596317201958903
terms_abstract_tfidf__generating,0.02778138907702969
terms_abstract_tfidf__generation,0.07209032857517934
terms_abstract_tfidf__genes,-0.020188671448518596
terms_abstract_tfidf__genetic,-0.041410537230755814
terms_abstract_tfidf__genetic risk,-0.03181630333059049
terms_abstract_tfidf__genotype,-0.0054356311027610555
terms_abstract_tfidf__german,0.0972967747020791
terms_abstract_tfidf__gestures,-0.08902975774755228
terms_abstract_tfidf__given,0.018273374211375076
terms_abstract_tfidf__global,-0.04395164441956846
terms_abstract_tfidf__globus,0.0727683830048433
terms_abstract_tfidf__globus pallidus,0.07303047023089504
terms_abstract_tfidf__gm,-0.023195309509324157
terms_abstract_tfidf__gm volume,-0.008364244230278378
terms_abstract_tfidf__goal,-0.06250084153533841
terms_abstract_tfidf__goal directed,-0.01470288996633968
terms_abstract_tfidf__goals,-0.05030718833145264
terms_abstract_tfidf__good,0.044324227712647574
terms_abstract_tfidf__gradient,-0.04533843576635455
terms_abstract_tfidf__granger,0.023642274090791015
terms_abstract_tfidf__graph,-0.014033943792520733
terms_abstract_tfidf__grasping,-0.07766812279622817
terms_abstract_tfidf__gray,0.04847170694231079
terms_abstract_tfidf__gray matter,0.04153420058171417
terms_abstract_tfidf__great,-0.022741835300504394
terms_abstract_tfidf__greater,-0.013679933010681346
terms_abstract_tfidf__greater extent,-0.010743676761150622
terms_abstract_tfidf__greatest,0.03862030724206411
terms_abstract_tfidf__grey,0.03162400728647788
terms_abstract_tfidf__grey matter,0.023662726423760924
terms_abstract_tfidf__group,0.05776516347435133
terms_abstract_tfidf__group comparisons,0.04265065958192985
terms_abstract_tfidf__group healthy,0.028628372485120453
terms_abstract_tfidf__group level,0.09676375701883938
terms_abstract_tfidf__groups,-0.031258919953959616
terms_abstract_tfidf__growing,-0.024576826713271438
terms_abstract_tfidf__guide,0.03942225500325066
terms_abstract_tfidf__guided,-0.025193197791397535
terms_abstract_tfidf__gyri,0.00503031134661852
terms_abstract_tfidf__gyrus,-0.023983489202884935
terms_abstract_tfidf__gyrus anterior,0.01526456512640691
terms_abstract_tfidf__gyrus ba,0.0498777176295953
terms_abstract_tfidf__gyrus cerebellum,-0.07068811344280301
terms_abstract_tfidf__gyrus ifg,0.12124003133325749
terms_abstract_tfidf__gyrus inferior,-0.013990298469789695
terms_abstract_tfidf__gyrus insula,0.12887550127916114
terms_abstract_tfidf__gyrus medial,-0.04854969101540094
terms_abstract_tfidf__gyrus mfg,0.04552443958681281
terms_abstract_tfidf__gyrus middle,-0.07497945667614998
terms_abstract_tfidf__gyrus posterior,-0.08105557377919494
terms_abstract_tfidf__gyrus precuneus,-0.12389049850180885
terms_abstract_tfidf__gyrus stg,0.14663322439041362
terms_abstract_tfidf__gyrus superior,-0.027811004919278414
terms_abstract_tfidf__half,-0.14290266899299633
terms_abstract_tfidf__hand,0.061556823512589814
terms_abstract_tfidf__hand movements,0.0492608488886931
terms_abstract_tfidf__handed,0.0987894545693205
terms_abstract_tfidf__handedness,0.05391731301231236
terms_abstract_tfidf__hands,-0.015091131265982117
terms_abstract_tfidf__happy,-0.05925513430347757
terms_abstract_tfidf__happy faces,-0.029727720459541345
terms_abstract_tfidf__having,-0.03348172207426843
terms_abstract_tfidf__hc,-0.021861840082995635
terms_abstract_tfidf__hcs,0.039641247168740366
terms_abstract_tfidf__head,0.04787828134797196
terms_abstract_tfidf__health,0.04515166119919824
terms_abstract_tfidf__healthy,0.11947938017906069
terms_abstract_tfidf__healthy adults,0.1133009119236229
terms_abstract_tfidf__healthy control,-0.007109492444605161
terms_abstract_tfidf__healthy controls,0.02025522194148518
terms_abstract_tfidf__healthy handed,0.0916747955695824
terms_abstract_tfidf__healthy human,0.0988282838734408
terms_abstract_tfidf__healthy individuals,0.004694333760635071
terms_abstract_tfidf__healthy male,-0.005251758536345773
terms_abstract_tfidf__healthy volunteers,0.174276554712257
terms_abstract_tfidf__healthy young,-0.03239585038620322
terms_abstract_tfidf__heard,0.14291346576302727
terms_abstract_tfidf__hearing,0.057782760310819484
terms_abstract_tfidf__heart,0.06783078584255696
terms_abstract_tfidf__heart rate,0.05467101961525626
terms_abstract_tfidf__heightened,-0.01389052390686398
terms_abstract_tfidf__held,0.006088708568091445
terms_abstract_tfidf__help,-0.049394129463545496
terms_abstract_tfidf__hemisphere,0.07373716827716638
terms_abstract_tfidf__hemispheres,0.06044878762855391
terms_abstract_tfidf__hemispheric,0.06504456773291022
terms_abstract_tfidf__hemodynamic,0.13065466235879733
terms_abstract_tfidf__hemodynamic response,0.09216835298177972
terms_abstract_tfidf__hemodynamic responses,0.02625361400495384
terms_abstract_tfidf__heschl,0.13002504588941477
terms_abstract_tfidf__heschl gyrus,0.12299733769151044
terms_abstract_tfidf__heterogeneity,-0.008978386586957507
terms_abstract_tfidf__heterogeneous,-0.05014145066799593
terms_abstract_tfidf__hierarchical,0.03998488204039473
terms_abstract_tfidf__hierarchy,0.006848337023474295
terms_abstract_tfidf__high,-0.029366809081776954
terms_abstract_tfidf__high frequency,0.04466045755622074
terms_abstract_tfidf__high functioning,-0.04866429013320534
terms_abstract_tfidf__high level,-0.0638395276325307
terms_abstract_tfidf__high low,-0.015531135829358377
terms_abstract_tfidf__high resolution,-0.06285066964281828
terms_abstract_tfidf__high risk,-0.02841236193495123
terms_abstract_tfidf__higher,0.12904177961023303
terms_abstract_tfidf__higher level,0.02536069898539606
terms_abstract_tfidf__higher levels,0.025669153920027155
terms_abstract_tfidf__higher order,0.1293765854792326
terms_abstract_tfidf__highest,0.07860582112775544
terms_abstract_tfidf__highlight,0.03424665531780833
terms_abstract_tfidf__highlighted,-0.06611042334706951
terms_abstract_tfidf__highlights,-0.004226884137018043
terms_abstract_tfidf__highly,-0.007479205172518339
terms_abstract_tfidf__hippocampal,-0.23638048801149916
terms_abstract_tfidf__hippocampus,-0.15248791650637997
terms_abstract_tfidf__history,0.04317593196631226
terms_abstract_tfidf__hoc,-0.010468599814529588
terms_abstract_tfidf__homogeneity,-0.02211907351443826
terms_abstract_tfidf__homogeneity reho,-0.012942622749055365
terms_abstract_tfidf__hub,-0.06560793400880996
terms_abstract_tfidf__hubs,-0.04178491777275423
terms_abstract_tfidf__hum,-0.05224163805014444
terms_abstract_tfidf__hum mapp,-0.05976480238239986
terms_abstract_tfidf__human,-0.05140078186271847
terms_abstract_tfidf__humans,-0.03290229072160692
terms_abstract_tfidf__hyperactivation,-0.010487753614018222
terms_abstract_tfidf__hyperactivity,0.02989065221495574
terms_abstract_tfidf__hyperactivity disorder,0.03355920891905436
terms_abstract_tfidf__hypoactivation,0.05072547255205281
terms_abstract_tfidf__hypothalamus,-0.0011385860513270598
terms_abstract_tfidf__hypotheses,-0.021350676554636308
terms_abstract_tfidf__hypothesize,-0.0652218534415436
terms_abstract_tfidf__hypothesized,0.058084505900339874
terms_abstract_tfidf__hz,0.1555006846657288
terms_abstract_tfidf__ica,-0.02281915948845594
terms_abstract_tfidf__idea,-0.08974773224686008
terms_abstract_tfidf__identical,0.05420582123642379
terms_abstract_tfidf__identification,-0.1623512472355787
terms_abstract_tfidf__identified,-0.07577206398749203
terms_abstract_tfidf__identify,0.014821648279366188
terms_abstract_tfidf__identifying,0.06046425744233707
terms_abstract_tfidf__identity,-0.18522294108568133
terms_abstract_tfidf__ifg,0.11127672931959852
terms_abstract_tfidf__ii,-0.008623429411522323
terms_abstract_tfidf__iii,-0.020446746641895327
terms_abstract_tfidf__illness,0.011336345708946769
terms_abstract_tfidf__illusion,-0.036783420733039855
terms_abstract_tfidf__illustrate,0.0751985508486706
terms_abstract_tfidf__image,-0.13785733961085062
terms_abstract_tfidf__imagery,-0.026458755261335263
terms_abstract_tfidf__images,-0.16294155611606054
terms_abstract_tfidf__images acquired,0.03361645734716576
terms_abstract_tfidf__imagine,-0.0014468072430868222
terms_abstract_tfidf__imagined,-0.07891632841417985
terms_abstract_tfidf__imitation,-0.012575870709122743
terms_abstract_tfidf__immediate,0.027057151094567248
terms_abstract_tfidf__immediately,-0.07643704393374692
terms_abstract_tfidf__impact,0.024754090349440736
terms_abstract_tfidf__impacts,-0.0310659797521675
terms_abstract_tfidf__impaired,-0.024331305093846237
terms_abstract_tfidf__impairment,-0.10465553267405019
terms_abstract_tfidf__impairments,-0.01793125697816333
terms_abstract_tfidf__implementation,0.02387165940382154
terms_abstract_tfidf__implemented,0.02682734494850612
terms_abstract_tfidf__implicate,-0.012135722164618811
terms_abstract_tfidf__implicated,-0.05506884640400707
terms_abstract_tfidf__implications,-0.006574077273963246
terms_abstract_tfidf__implications understanding,-0.07643634105206384
terms_abstract_tfidf__implicit,-0.07168627023703134
terms_abstract_tfidf__imply,0.041869885360379715
terms_abstract_tfidf__importance,-0.006694816277128633
terms_abstract_tfidf__important,0.09967033083051076
terms_abstract_tfidf__important role,-0.0005670425186533175
terms_abstract_tfidf__importantly,-0.038783624615312935
terms_abstract_tfidf__improve,0.05040143602582852
terms_abstract_tfidf__improved,0.05561080027751416
terms_abstract_tfidf__improvement,0.10804311411309436
terms_abstract_tfidf__improvements,0.01892403241299502
terms_abstract_tfidf__improves,-0.04419719427001106
terms_abstract_tfidf__impulsive,0.0381425029987943
terms_abstract_tfidf__impulsivity,0.09092857973794037
terms_abstract_tfidf__incentive,0.08149620554436389
terms_abstract_tfidf__incentive delay,0.07198280563939749
terms_abstract_tfidf__incidental,-0.059423310815364186
terms_abstract_tfidf__include,0.0007112082777076173
terms_abstract_tfidf__included,0.03708161206048744
terms_abstract_tfidf__includes,0.01683643252861649
terms_abstract_tfidf__incongruent,0.039897169050346286
terms_abstract_tfidf__inconsistent,-0.007896617058240945
terms_abstract_tfidf__incorrect,0.04662291806158615
terms_abstract_tfidf__increases,-0.006156739029255604
terms_abstract_tfidf__increasing,0.035474337288714276
terms_abstract_tfidf__increasingly,0.023724923899477786
terms_abstract_tfidf__independent,-0.06629785120865592
terms_abstract_tfidf__independent component,-0.03531193066491067
terms_abstract_tfidf__independently,0.011791821840439056
terms_abstract_tfidf__index,0.1313178938583875
terms_abstract_tfidf__index finger,0.12237798861270857
terms_abstract_tfidf__indexed,0.016821675491993756
terms_abstract_tfidf__indicate,-0.03608864730150615
terms_abstract_tfidf__indicated,-0.07181234995408305
terms_abstract_tfidf__indicates,0.00439599167672756
terms_abstract_tfidf__indicating,0.0023744327363948987
terms_abstract_tfidf__indices,0.03495989899109914
terms_abstract_tfidf__indirect,0.024156503482869206
terms_abstract_tfidf__individual,0.028212931764356738
terms_abstract_tfidf__individual variability,0.09384340280033554
terms_abstract_tfidf__individually,0.07708969197622448
terms_abstract_tfidf__individuals,-0.007939801504373178
terms_abstract_tfidf__induce,0.03117760425920604
terms_abstract_tfidf__induced,0.15674025911283682
terms_abstract_tfidf__induces,0.09952733715380731
terms_abstract_tfidf__inducing,0.038775983497958626
terms_abstract_tfidf__induction,0.06866196393208092
terms_abstract_tfidf__infer,-0.030117706775539384
terms_abstract_tfidf__inference,-0.03305515129553476
terms_abstract_tfidf__inferences,-0.03179028873781433
terms_abstract_tfidf__inferior,0.05282812428507926
terms_abstract_tfidf__inferior frontal,0.10912126828667938
terms_abstract_tfidf__inferior middle,0.09993262788516215
terms_abstract_tfidf__inferior occipital,-0.1479610344759613
terms_abstract_tfidf__inferior parietal,0.04635786536856114
terms_abstract_tfidf__inferior prefrontal,-0.001150098822696762
terms_abstract_tfidf__inferior superior,-0.03800644291475314
terms_abstract_tfidf__inferior temporal,-0.2175845835083373
terms_abstract_tfidf__influence,0.047023140486902225
terms_abstract_tfidf__influenced,0.009284622462883738
terms_abstract_tfidf__influences,-0.09142960175438877
terms_abstract_tfidf__inform,0.0019565598788771517
terms_abstract_tfidf__information,-0.15697352494027408
terms_abstract_tfidf__inhibit,0.09512976137974069
terms_abstract_tfidf__inhibition,0.21561673333352915
terms_abstract_tfidf__inhibitory,0.22964842675579372
terms_abstract_tfidf__inhibitory control,0.14646507501527709
terms_abstract_tfidf__initial,-0.04407752497228771
terms_abstract_tfidf__initially,-0.05396569744334702
terms_abstract_tfidf__initiation,0.05648388845490732
terms_abstract_tfidf__injury,0.16954333932744997
terms_abstract_tfidf__input,0.059423761527921434
terms_abstract_tfidf__inputs,-0.046696069148016175
terms_abstract_tfidf__insight,-0.008217580314388311
terms_abstract_tfidf__insights,-0.02792337426751068
terms_abstract_tfidf__instead,-0.02533550361592176
terms_abstract_tfidf__instructed,0.07170081346569605
terms_abstract_tfidf__instruction,-0.07705484854142008
terms_abstract_tfidf__instructions,-0.11165148086685667
terms_abstract_tfidf__insula,0.27241900176124556
terms_abstract_tfidf__insula anterior,0.21860495318562576
terms_abstract_tfidf__insula inferior,0.15407037548195104
terms_abstract_tfidf__insular,0.25804153073720776
terms_abstract_tfidf__insular cortex,0.2613377170773672
terms_abstract_tfidf__intact,-0.18124447558677168
terms_abstract_tfidf__integrate,-0.04234306937936918
terms_abstract_tfidf__integrated,0.0010978229168356309
terms_abstract_tfidf__integrating,-0.05671212287304552
terms_abstract_tfidf__integration,0.015104247971680137
terms_abstract_tfidf__integrative,-0.021400623641987943
terms_abstract_tfidf__integrity,0.003859050872075197
terms_abstract_tfidf__intelligence,-0.020317462197152043
terms_abstract_tfidf__intense,0.10885570804576594
terms_abstract_tfidf__intensity,0.20954044448841563
terms_abstract_tfidf__intention,-0.04459483987512019
terms_abstract_tfidf__intentional,0.008956428290971001
terms_abstract_tfidf__intentions,-0.06944958055392535
terms_abstract_tfidf__inter,0.08048831930791026
terms_abstract_tfidf__inter individual,0.012711256384683874
terms_abstract_tfidf__interact,-0.08881904184732556
terms_abstract_tfidf__interacting,-0.06018788388458941
terms_abstract_tfidf__interaction,-0.031638167977819306
terms_abstract_tfidf__interactions,-0.0785073916737739
terms_abstract_tfidf__interactive,-0.019734000457595317
terms_abstract_tfidf__interacts,0.005166123168256103
terms_abstract_tfidf__interestingly,-0.057491217198292435
terms_abstract_tfidf__interference,0.050741102922380314
terms_abstract_tfidf__interhemispheric,0.016789708449293485
terms_abstract_tfidf__intermediate,-0.018664928336971514
terms_abstract_tfidf__internal,-0.03344518471010813
terms_abstract_tfidf__internally,-0.04837786394056085
terms_abstract_tfidf__interoceptive,0.12496721051821161
terms_abstract_tfidf__interpersonal,0.034288288032037595
terms_abstract_tfidf__interplay,0.025730682785729028
terms_abstract_tfidf__interpret,0.017851544673157218
terms_abstract_tfidf__interpretation,0.01272679028160262
terms_abstract_tfidf__interpreted,0.007374804940897805
terms_abstract_tfidf__interval,0.043952971464381325
terms_abstract_tfidf__intervals,0.0626898212294799
terms_abstract_tfidf__intervention,0.049371643568610686
terms_abstract_tfidf__interventions,0.0441533458024997
terms_abstract_tfidf__intra,0.0015830032829665408
terms_abstract_tfidf__intraparietal,-0.10606281790245708
terms_abstract_tfidf__intraparietal sulcus,-0.09786079568833811
terms_abstract_tfidf__intrinsic,-0.01345941727465348
terms_abstract_tfidf__intrinsic functional,-0.021479352941081605
terms_abstract_tfidf__introduced,0.0646946711876833
terms_abstract_tfidf__introduction,0.05788717732927198
terms_abstract_tfidf__invariant,-0.13997487553476623
terms_abstract_tfidf__invasive,0.03429976829769264
terms_abstract_tfidf__inventory,0.03375245608995
terms_abstract_tfidf__inverse,0.006540105434051682
terms_abstract_tfidf__inversely,0.06747540635254036
terms_abstract_tfidf__investigates,0.006087154715266328
terms_abstract_tfidf__investigating,-0.05086914355163094
terms_abstract_tfidf__investigation,0.012544884078834879
terms_abstract_tfidf__investigations,0.03162293112104916
terms_abstract_tfidf__involve,0.06819070761266008
terms_abstract_tfidf__involved,0.0502275321423121
terms_abstract_tfidf__involved cognitive,0.06827983982116638
terms_abstract_tfidf__involvement,0.04454249758886678
terms_abstract_tfidf__involves,-0.07609905850030216
terms_abstract_tfidf__involving,0.056742787755242836
terms_abstract_tfidf__ipl,0.0036640462105345358
terms_abstract_tfidf__ips,-0.10651245770845379
terms_abstract_tfidf__ipsilateral,0.15454906101472785
terms_abstract_tfidf__iq,8.267847704915807e-05
terms_abstract_tfidf__irrelevant,-0.11309502945411168
terms_abstract_tfidf__irrespective,-0.042193800776054766
terms_abstract_tfidf__isolate,-0.01976399967014969
terms_abstract_tfidf__isolated,-0.035918391013312255
terms_abstract_tfidf__issue,-0.056426145003471956
terms_abstract_tfidf__issues,-0.007493364303572333
terms_abstract_tfidf__item,-0.11750661712910997
terms_abstract_tfidf__items,-0.1667856051073881
terms_abstract_tfidf__iv,0.06496619863965379
terms_abstract_tfidf__joint,0.02403143725292612
terms_abstract_tfidf__judge,-0.04182005918027109
terms_abstract_tfidf__judged,-0.12469310599116748
terms_abstract_tfidf__judgment,-0.0750519462309013
terms_abstract_tfidf__judgment task,-0.02311444241239738
terms_abstract_tfidf__judgments,-0.12963369978429803
terms_abstract_tfidf__junction,-0.09062664985445945
terms_abstract_tfidf__junction tpj,-0.07000339475609382
terms_abstract_tfidf__just,-0.06388526307103834
terms_abstract_tfidf__key,0.037854620815914286
terms_abstract_tfidf__key role,0.03308850321282415
terms_abstract_tfidf__kinds,-0.11339033987340814
terms_abstract_tfidf__know,-0.10145503876693111
terms_abstract_tfidf__knowledge,-0.1095615235711333
terms_abstract_tfidf__known,-0.04080748042818267
terms_abstract_tfidf__known involved,0.03901145583114409
terms_abstract_tfidf__labeling,0.08692833319506611
terms_abstract_tfidf__laboratory,-0.06870592858361439
terms_abstract_tfidf__lack,0.04494036581696491
terms_abstract_tfidf__lacking,0.05865005315934962
terms_abstract_tfidf__language,0.07353667762821367
terms_abstract_tfidf__language comprehension,0.046730427097286344
terms_abstract_tfidf__language network,0.029474195398651645
terms_abstract_tfidf__languages,0.002444562020725376
terms_abstract_tfidf__large,-0.06890827979517979
terms_abstract_tfidf__large sample,-0.0016743405133655786
terms_abstract_tfidf__large scale,-0.07709567776074694
terms_abstract_tfidf__largely,-0.05591174948405034
terms_abstract_tfidf__largely unknown,-0.12255725317360013
terms_abstract_tfidf__larger,-0.09459015005905665
terms_abstract_tfidf__late,-0.07820889100297607
terms_abstract_tfidf__latencies,0.06180561447423301
terms_abstract_tfidf__latency,-0.02075711621142168
terms_abstract_tfidf__later,-0.1729517511281731
terms_abstract_tfidf__lateral,-0.08339238187886906
terms_abstract_tfidf__lateral frontal,0.07429994767932559
terms_abstract_tfidf__lateral medial,0.020107258201862273
terms_abstract_tfidf__lateral occipital,-0.24010401439954807
terms_abstract_tfidf__lateral orbitofrontal,0.10316133505315428
terms_abstract_tfidf__lateral parietal,-0.1200933970283658
terms_abstract_tfidf__lateral prefrontal,0.09985763118806963
terms_abstract_tfidf__lateral temporal,-0.09520057429649711
terms_abstract_tfidf__laterality,0.04176124870407262
terms_abstract_tfidf__lateralization,-0.0033390335636287066
terms_abstract_tfidf__lateralized,0.055701444953088396
terms_abstract_tfidf__lead,0.01639887736626284
terms_abstract_tfidf__leading,0.08128817567602897
terms_abstract_tfidf__leads,-0.013395468350464908
terms_abstract_tfidf__learn,-0.010711396159867055
terms_abstract_tfidf__learned,-0.05743181507367163
terms_abstract_tfidf__learning,-0.003728604464352409
terms_abstract_tfidf__learning task,0.00813955976337497
terms_abstract_tfidf__led,0.10035567707972917
terms_abstract_tfidf__length,0.046721451149352285
terms_abstract_tfidf__lesion,-0.006207527081638269
terms_abstract_tfidf__lesions,-0.025561110696210178
terms_abstract_tfidf__lesser,-0.039487893133524264
terms_abstract_tfidf__letter,-0.055962552706136856
terms_abstract_tfidf__letters,-0.09670740966237824
terms_abstract_tfidf__level,0.07433942919362978
terms_abstract_tfidf__level bold,0.05885968076280532
terms_abstract_tfidf__level signal,-0.014027507277384927
terms_abstract_tfidf__levels,0.03463626183602134
terms_abstract_tfidf__lexical,0.03839631287179403
terms_abstract_tfidf__lexical decision,-0.010180930892668865
terms_abstract_tfidf__life,-0.09748600497535773
terms_abstract_tfidf__light,-0.0582241214171112
terms_abstract_tfidf__like,-0.11854563504993512
terms_abstract_tfidf__likelihood,0.021393968413400733
terms_abstract_tfidf__likely,0.029903678782978664
terms_abstract_tfidf__limb,0.07346651801396746
terms_abstract_tfidf__limbic,0.018706576282740337
terms_abstract_tfidf__limitations,-0.023200418405085937
terms_abstract_tfidf__limited,-0.023483289610217742
terms_abstract_tfidf__line,-0.07188793033231256
terms_abstract_tfidf__linear,0.013522103978915257
terms_abstract_tfidf__linear model,0.014171811468256636
terms_abstract_tfidf__linearly,0.009877658554962232
terms_abstract_tfidf__lingual,-0.14588360348997786
terms_abstract_tfidf__lingual gyrus,-0.10593414926971254
terms_abstract_tfidf__linguistic,0.05648827249707503
terms_abstract_tfidf__link,-0.08383654951655546
terms_abstract_tfidf__linked,-0.012166199137847805
terms_abstract_tfidf__linking,-0.026747525310065988
terms_abstract_tfidf__links,-0.004873130814585277
terms_abstract_tfidf__list,-0.045438954134246284
terms_abstract_tfidf__listened,0.13358907416659138
terms_abstract_tfidf__listening,0.16403732871903187
terms_abstract_tfidf__literature,-0.0828183126610071
terms_abstract_tfidf__little,-0.04615382555307878
terms_abstract_tfidf__little known,-0.05112124116758113
terms_abstract_tfidf__load,0.009137009057985018
terms_abstract_tfidf__lobe,-0.2154742964693845
terms_abstract_tfidf__lobe mtl,-0.20149614694306897
terms_abstract_tfidf__lobes,-0.14823750389902163
terms_abstract_tfidf__lobule,0.0031902960755979693
terms_abstract_tfidf__lobule ipl,0.020459272972676443
terms_abstract_tfidf__lobules,-0.023716587925071808
terms_abstract_tfidf__local,-0.007502805813030243
terms_abstract_tfidf__localization,0.02634710676198583
terms_abstract_tfidf__localize,0.04529963355744356
terms_abstract_tfidf__localized,0.05941329437994467
terms_abstract_tfidf__located,-0.04742983543460643
terms_abstract_tfidf__location,-0.1749545948300986
terms_abstract_tfidf__locations,-0.20835343403527987
terms_abstract_tfidf__locus,0.031025288437457044
terms_abstract_tfidf__long,-0.06851738964800509
terms_abstract_tfidf__long term,-0.10071670374664536
terms_abstract_tfidf__longer,0.06097875988365107
terms_abstract_tfidf__longitudinal,0.03394991476798457
terms_abstract_tfidf__loop,0.11663943987481809
terms_abstract_tfidf__loss,0.08166595042551238
terms_abstract_tfidf__losses,0.08671150818748644
terms_abstract_tfidf__low,0.03796970970828697
terms_abstract_tfidf__low frequency,-0.03179566060830408
terms_abstract_tfidf__low high,0.0185072423960106
terms_abstract_tfidf__low level,-0.07368526332700087
terms_abstract_tfidf__lower,0.09607928208570932
terms_abstract_tfidf__m1,0.12708233575205116
terms_abstract_tfidf__machine,0.007104907615060207
terms_abstract_tfidf__magnetic,0.15226229041851497
terms_abstract_tfidf__magnetic resonance,0.1460376325670744
terms_abstract_tfidf__magnetic stimulation,0.11728401863508876
terms_abstract_tfidf__magnetoencephalography,0.05260153269157726
terms_abstract_tfidf__magnitude,0.04342262212440825
terms_abstract_tfidf__main,0.06320406965729641
terms_abstract_tfidf__main effect,0.08549670265346483
terms_abstract_tfidf__mainly,0.08152282936237017
terms_abstract_tfidf__maintain,0.049046006895031524
terms_abstract_tfidf__maintained,-0.06856539018981701
terms_abstract_tfidf__maintaining,-0.005846680446977607
terms_abstract_tfidf__maintenance,0.016727106317720616
terms_abstract_tfidf__major,0.025825626753328727
terms_abstract_tfidf__major depression,0.023992432915607757
terms_abstract_tfidf__major depressive,-0.0028853786424320703
terms_abstract_tfidf__majority,0.050121511210394626
terms_abstract_tfidf__make,-0.00674480500940594
terms_abstract_tfidf__making,0.12465003118009496
terms_abstract_tfidf__male,0.023885344471267264
terms_abstract_tfidf__male female,-0.021363263882704233
terms_abstract_tfidf__males,0.057094348580080875
terms_abstract_tfidf__manifest,-0.016250616618084086
terms_abstract_tfidf__manipulated,0.013753332699280755
terms_abstract_tfidf__manipulating,0.0024826652671382583
terms_abstract_tfidf__manipulation,-0.07838715276944053
terms_abstract_tfidf__manipulations,0.061764041451649196
terms_abstract_tfidf__manner,-0.046436070234868225
terms_abstract_tfidf__manual,0.07558010996050683
terms_abstract_tfidf__map,-0.029677937121321562
terms_abstract_tfidf__mapp,-0.05712357786431265
terms_abstract_tfidf__mapped,-0.03166388926931904
terms_abstract_tfidf__mapping,0.05890589819809839
terms_abstract_tfidf__maps,0.07033979509389289
terms_abstract_tfidf__marked,-0.04123386900738601
terms_abstract_tfidf__marker,0.009551578764953172
terms_abstract_tfidf__markers,0.05673654025040594
terms_abstract_tfidf__masked,-0.05092949642139052
terms_abstract_tfidf__mass,0.023171575150794415
terms_abstract_tfidf__match,-0.011330583789777303
terms_abstract_tfidf__matching,-0.11874888358775183
terms_abstract_tfidf__matching task,-0.12610707195455317
terms_abstract_tfidf__material,-0.1253213855632014
terms_abstract_tfidf__materials,-0.0750939817751048
terms_abstract_tfidf__matrix,0.16426499679918105
terms_abstract_tfidf__matter,0.026505001131634155
terms_abstract_tfidf__matter density,-0.024862205892809536
terms_abstract_tfidf__matter gm,-0.01634229329007075
terms_abstract_tfidf__matter volume,0.054710126908457106
terms_abstract_tfidf__matter volumes,0.003915873564689935
terms_abstract_tfidf__maturation,-0.012708886040326633
terms_abstract_tfidf__maximal,0.06975439577054504
terms_abstract_tfidf__maximum,0.06666127162004193
terms_abstract_tfidf__mci,-0.16883716594916984
terms_abstract_tfidf__mdd,0.009981256438288266
terms_abstract_tfidf__mean,0.051782889673491636
terms_abstract_tfidf__mean age,0.010543891164523417
terms_abstract_tfidf__meaning,0.019138099817478143
terms_abstract_tfidf__meaningful,-0.07854305019814872
terms_abstract_tfidf__means,0.02603038678698963
terms_abstract_tfidf__measure,0.10688631490320251
terms_abstract_tfidf__measurement,0.036013221092991016
terms_abstract_tfidf__measurements,0.03259567007110492
terms_abstract_tfidf__measures,0.03208910901350885
terms_abstract_tfidf__measuring,0.0846006203581899
terms_abstract_tfidf__mechanism,-0.016340998455509608
terms_abstract_tfidf__mechanisms,0.06078653349287726
terms_abstract_tfidf__mechanisms involved,-0.0031719071812318935
terms_abstract_tfidf__mechanisms underlying,0.005022311080138392
terms_abstract_tfidf__medial,-0.096950115812868
terms_abstract_tfidf__medial frontal,0.08116298324079128
terms_abstract_tfidf__medial lateral,0.02917525088211258
terms_abstract_tfidf__medial orbitofrontal,0.04133616320070195
terms_abstract_tfidf__medial pfc,-0.021969299597022974
terms_abstract_tfidf__medial prefrontal,-0.029173021617422214
terms_abstract_tfidf__medial superior,-0.05550788563171957
terms_abstract_tfidf__medial temporal,-0.23754457521995068
terms_abstract_tfidf__median,0.10074144274845229
terms_abstract_tfidf__mediate,0.03002860842690416
terms_abstract_tfidf__mediated,0.03743350041025318
terms_abstract_tfidf__mediates,0.04370951558616398
terms_abstract_tfidf__mediating,0.04613667331820689
terms_abstract_tfidf__medication,0.12489362357771353
terms_abstract_tfidf__meg,0.022176161689232372
terms_abstract_tfidf__memories,-0.2060651288868295
terms_abstract_tfidf__memory,-0.1857534082490569
terms_abstract_tfidf__memory encoding,-0.1754209891697372
terms_abstract_tfidf__memory load,0.013779242573618228
terms_abstract_tfidf__memory performance,-0.12463171113114616
terms_abstract_tfidf__memory processes,-0.08435054532076505
terms_abstract_tfidf__memory retrieval,-0.12437545658672992
terms_abstract_tfidf__memory task,-0.018122199324976725
terms_abstract_tfidf__memory tasks,0.02763387640939335
terms_abstract_tfidf__memory test,-0.16949222489433546
terms_abstract_tfidf__memory wm,0.01735160497876974
terms_abstract_tfidf__men,0.054944044409730955
terms_abstract_tfidf__men women,0.03917876462913735
terms_abstract_tfidf__mental,-0.14909530387489317
terms_abstract_tfidf__mental imagery,-0.1641589486333739
terms_abstract_tfidf__mental state,-0.06839145388780342
terms_abstract_tfidf__mental states,-0.057640245247375634
terms_abstract_tfidf__mentalizing,-0.09180384257380199
terms_abstract_tfidf__mesial,-0.010041254273827589
terms_abstract_tfidf__mesolimbic,0.05115619134599651
terms_abstract_tfidf__met,-0.014295078692974816
terms_abstract_tfidf__metabolic,-0.059068227054364965
terms_abstract_tfidf__metabolism,0.0074589376720460366
terms_abstract_tfidf__method,0.010884443916820842
terms_abstract_tfidf__methodological,0.04162836015124748
terms_abstract_tfidf__methodology,0.007254292946771139
terms_abstract_tfidf__methodology principal,-0.006092700530987031
terms_abstract_tfidf__methods,0.016895769151936135
terms_abstract_tfidf__methods functional,-0.02119553193651888
terms_abstract_tfidf__mfg,0.05348554930438928
terms_abstract_tfidf__mg,0.04406449435605307
terms_abstract_tfidf__mid,0.17061233407505905
terms_abstract_tfidf__midbrain,0.07383500112270029
terms_abstract_tfidf__middle,0.004554889967895418
terms_abstract_tfidf__middle cingulate,0.07626013590311213
terms_abstract_tfidf__middle frontal,0.13834352475602674
terms_abstract_tfidf__middle inferior,-0.011721819157025781
terms_abstract_tfidf__middle occipital,-0.19441292527368073
terms_abstract_tfidf__middle superior,0.05629415643409241
terms_abstract_tfidf__middle temporal,-0.08244760871088862
terms_abstract_tfidf__midline,-0.05414301271621865
terms_abstract_tfidf__mild,-0.08942993359722383
terms_abstract_tfidf__mild cognitive,-0.16456066643204606
terms_abstract_tfidf__min,0.04048673926028533
terms_abstract_tfidf__mind,-0.048804251082955934
terms_abstract_tfidf__mind tom,-0.043485769607801456
terms_abstract_tfidf__minimal,0.01729800399591701
terms_abstract_tfidf__mirror,-0.07224844271412759
terms_abstract_tfidf__mirror neuron,-0.0885566066320104
terms_abstract_tfidf__mixed,0.08471194242745561
terms_abstract_tfidf__mm,0.0767459160113567
terms_abstract_tfidf__mnemonic,-0.06411994405267743
terms_abstract_tfidf__modal,-0.013169315350603726
terms_abstract_tfidf__modalities,-0.004737213496165755
terms_abstract_tfidf__modality,0.00437353766556497
terms_abstract_tfidf__mode,-0.09535010559209671
terms_abstract_tfidf__mode network,-0.11250605956081337
terms_abstract_tfidf__model,0.11822061069156097
terms_abstract_tfidf__modeling,0.08176451970516743
terms_abstract_tfidf__models,-0.02971709274258756
terms_abstract_tfidf__moderate,0.1435081484553694
terms_abstract_tfidf__modified,0.1130712020853377
terms_abstract_tfidf__modulate,-0.04980949802357281
terms_abstract_tfidf__modulated,-0.04835631990829994
terms_abstract_tfidf__modulates,0.07751053110604823
terms_abstract_tfidf__modulating,0.08443694860879476
terms_abstract_tfidf__modulation,0.012790765462465995
terms_abstract_tfidf__modulations,0.06141604830937824
terms_abstract_tfidf__modulatory,0.028826411647923388
terms_abstract_tfidf__monetary,0.1015954930134983
terms_abstract_tfidf__monetary incentive,0.06533496494009106
terms_abstract_tfidf__monetary reward,0.051142958003129776
terms_abstract_tfidf__money,-0.003185888037734878
terms_abstract_tfidf__monitor,0.12877396005265598
terms_abstract_tfidf__monitored,-0.05552231861234707
terms_abstract_tfidf__monitoring,0.1516015156168447
terms_abstract_tfidf__monkey,-0.029988338397763915
terms_abstract_tfidf__monkeys,-0.11507144885104932
terms_abstract_tfidf__months,0.038949469350695556
terms_abstract_tfidf__mood,-0.011553082312129136
terms_abstract_tfidf__moral,-0.018057588176586207
terms_abstract_tfidf__morphological,0.007564974946548335
terms_abstract_tfidf__morphology,0.048551902276065304
terms_abstract_tfidf__morphometry,0.0136872422127042
terms_abstract_tfidf__morphometry vbm,-0.014481002136749866
terms_abstract_tfidf__motion,-0.22625746322638846
terms_abstract_tfidf__motivation,0.07120634481841973
terms_abstract_tfidf__motivational,0.0947627567387393
terms_abstract_tfidf__motor,0.1591243417978863
terms_abstract_tfidf__motor control,0.1245282329220752
terms_abstract_tfidf__motor cortex,0.16592620437204014
terms_abstract_tfidf__motor function,0.08144961056467129
terms_abstract_tfidf__motor imagery,0.060891904654568986
terms_abstract_tfidf__motor network,0.11576586671721266
terms_abstract_tfidf__motor performance,0.07479827446322566
terms_abstract_tfidf__motor pre,0.07531977311333105
terms_abstract_tfidf__motor premotor,0.11256692101343338
terms_abstract_tfidf__motor response,0.10910016691460772
terms_abstract_tfidf__motor responses,0.12716776707680552
terms_abstract_tfidf__motor sma,0.2010046426635063
terms_abstract_tfidf__motor task,0.11784618475956317
terms_abstract_tfidf__movement,0.09913033545002421
terms_abstract_tfidf__movements,0.033524801281891406
terms_abstract_tfidf__moving,-0.15590144390163824
terms_abstract_tfidf__mpfc,-0.015548112800248166
terms_abstract_tfidf__mr,0.04307499657702832
terms_abstract_tfidf__ms,-0.007455117034050174
terms_abstract_tfidf__mt,-0.1722611908602901
terms_abstract_tfidf__mtg,-0.0024769517438719604
terms_abstract_tfidf__mtl,-0.20607701986012425
terms_abstract_tfidf__multi,-0.004364028824833813
terms_abstract_tfidf__multimodal,-0.07844378485647693
terms_abstract_tfidf__multiple,-0.05664369718770908
terms_abstract_tfidf__multiple comparisons,-0.0018845890467047782
terms_abstract_tfidf__multiple sclerosis,0.08030445404609168
terms_abstract_tfidf__multisensory,-0.0350694929230948
terms_abstract_tfidf__multivariate,-0.11334981660141952
terms_abstract_tfidf__multivariate pattern,-0.08782144485595904
terms_abstract_tfidf__muscle,0.15837689969553925
terms_abstract_tfidf__music,0.16195843603912427
terms_abstract_tfidf__musical,0.15368512977570065
terms_abstract_tfidf__musicians,0.15805619240656596
terms_abstract_tfidf__naive,0.02078320525086986
terms_abstract_tfidf__names,-0.13887113554597513
terms_abstract_tfidf__naming,0.0021482056798095006
terms_abstract_tfidf__native,-0.010830786979631666
terms_abstract_tfidf__natural,-0.07235485025478473
terms_abstract_tfidf__naturalistic,-0.10551450657572531
terms_abstract_tfidf__nature,-0.07119358702234159
terms_abstract_tfidf__navigation,-0.26640529450688266
terms_abstract_tfidf__near,-0.0416746189054277
terms_abstract_tfidf__necessary,-0.02695800564283571
terms_abstract_tfidf__need,0.01716123629423715
terms_abstract_tfidf__needed,-0.05230462084341157
terms_abstract_tfidf__needs,-0.07206360135714156
terms_abstract_tfidf__negative,-0.0005690201482331435
terms_abstract_tfidf__negative affect,0.04805758894845796
terms_abstract_tfidf__negative correlation,0.0058623356974669616
terms_abstract_tfidf__negative correlations,0.08690884509961581
terms_abstract_tfidf__negative emotional,-0.05177173401613195
terms_abstract_tfidf__negative emotions,0.02239719048092381
terms_abstract_tfidf__negative feedback,0.06500278972162686
terms_abstract_tfidf__negative neutral,-0.07555969965447293
terms_abstract_tfidf__negative positive,-0.022186233337454335
terms_abstract_tfidf__negatively,-0.004330317038548704
terms_abstract_tfidf__negatively correlated,-0.03025402385349544
terms_abstract_tfidf__negativity,0.06132334946313875
terms_abstract_tfidf__neocortical,-0.08649859122955199
terms_abstract_tfidf__nerve,0.1730042273983685
terms_abstract_tfidf__nervous,0.10529943794025208
terms_abstract_tfidf__network,-0.039141918967873585
terms_abstract_tfidf__network connectivity,0.009281538968364958
terms_abstract_tfidf__network dmn,-0.12094297212472778
terms_abstract_tfidf__network involved,0.014652494055695707
terms_abstract_tfidf__networks,0.00953462007898814
terms_abstract_tfidf__networks involved,0.058174532718461444
terms_abstract_tfidf__neuro,-0.039950200701464385
terms_abstract_tfidf__neuroanatomical,-0.0004783380126270804
terms_abstract_tfidf__neuroanatomy,0.04089632967940402
terms_abstract_tfidf__neurobiological,0.12065567662523377
terms_abstract_tfidf__neurobiology,0.006533500194621039
terms_abstract_tfidf__neurocognitive,-0.021455580724998903
terms_abstract_tfidf__neurodegenerative,0.02484989906131635
terms_abstract_tfidf__neurodevelopmental,-0.03760649605867848
terms_abstract_tfidf__neurofunctional,-0.007860602007950034
terms_abstract_tfidf__neurological,0.05292080061635911
terms_abstract_tfidf__neuron,-0.096576596097688
terms_abstract_tfidf__neuronal,0.04458800789003383
terms_abstract_tfidf__neurons,0.03199700392756446
terms_abstract_tfidf__neurophysiological,0.05664961749668469
terms_abstract_tfidf__neuropsychiatric,0.042666401678805185
terms_abstract_tfidf__neuropsychological,-0.12318190394608529
terms_abstract_tfidf__neuroscience,-0.019395995646771087
terms_abstract_tfidf__neutral,-0.06904383526254745
terms_abstract_tfidf__neutral faces,-0.10364306828561258
terms_abstract_tfidf__neutral pictures,-0.07592274812400931
terms_abstract_tfidf__neutral stimuli,-0.011548958556650476
terms_abstract_tfidf__new,-0.07989472656589947
terms_abstract_tfidf__new insights,0.01380617091102354
terms_abstract_tfidf__newly,-0.09404049815868412
terms_abstract_tfidf__nineteen,0.03913902960855343
terms_abstract_tfidf__nociceptive,0.23128571143827012
terms_abstract_tfidf__node,-0.053810401653214913
terms_abstract_tfidf__nodes,-0.044276431364031116
terms_abstract_tfidf__nogo,0.1467089189004394
terms_abstract_tfidf__noise,0.06592109409820607
terms_abstract_tfidf__non,0.04471017176165106
terms_abstract_tfidf__normal,0.02056774006068062
terms_abstract_tfidf__normal controls,-0.026719103912086668
terms_abstract_tfidf__normalized,-0.008430401421944862
terms_abstract_tfidf__normally,-0.02645264096330043
terms_abstract_tfidf__notably,-0.00887161052407525
terms_abstract_tfidf__noted,0.02511598681698824
terms_abstract_tfidf__notion,0.035571755217676776
terms_abstract_tfidf__nouns,-0.059669027417368924
terms_abstract_tfidf__novel,-0.1003024556678552
terms_abstract_tfidf__novelty,-0.1036557042711348
terms_abstract_tfidf__noxious,0.23581733165135518
terms_abstract_tfidf__nuclei,0.03552520960429547
terms_abstract_tfidf__nucleus,0.10058868833977491
terms_abstract_tfidf__nucleus accumbens,0.06256665650932
terms_abstract_tfidf__number,-0.027956546845196557
terms_abstract_tfidf__numbers,-0.05247902451243759
terms_abstract_tfidf__numerical,-0.0753860700167706
terms_abstract_tfidf__numerous,-0.011691182544661389
terms_abstract_tfidf__object,-0.2661209059814269
terms_abstract_tfidf__object recognition,-0.23724673314719996
terms_abstract_tfidf__objective,0.10979770288869459
terms_abstract_tfidf__objectives,0.052994716996580045
terms_abstract_tfidf__objects,-0.2945332946379099
terms_abstract_tfidf__observation,-0.1010826226628789
terms_abstract_tfidf__observations,-0.022683344853575312
terms_abstract_tfidf__observer,-0.19699276805600918
terms_abstract_tfidf__observers,-0.18943424345468107
terms_abstract_tfidf__observing,-0.09020584612149733
terms_abstract_tfidf__obsessive,0.08662645613998689
terms_abstract_tfidf__obsessive compulsive,0.08409342398834009
terms_abstract_tfidf__obtain,0.02151080475887651
terms_abstract_tfidf__obtained,-0.01617451252392363
terms_abstract_tfidf__occipital,-0.27158972940385223
terms_abstract_tfidf__occipital cortex,-0.20714602047603806
terms_abstract_tfidf__occipital gyrus,-0.21630461611676965
terms_abstract_tfidf__occipital lobe,-0.0882888922780884
terms_abstract_tfidf__occipital parietal,-0.18292388101733034
terms_abstract_tfidf__occipital temporal,-0.20356088444113404
terms_abstract_tfidf__occipito,-0.217935370690463
terms_abstract_tfidf__occipito temporal,-0.22155938485565496
terms_abstract_tfidf__occipitotemporal,-0.21177472863290678
terms_abstract_tfidf__occipitotemporal cortex,-0.2057786769970267
terms_abstract_tfidf__occur,-0.07102508510121003
terms_abstract_tfidf__occurred,0.023502962779728697
terms_abstract_tfidf__occurrence,0.0855881848019679
terms_abstract_tfidf__occurring,-0.00010449346494209215
terms_abstract_tfidf__occurs,0.055027549000146406
terms_abstract_tfidf__ocd,0.09280609011036965
terms_abstract_tfidf__oddball,0.10094323927232829
terms_abstract_tfidf__ofc,0.08188716664046493
terms_abstract_tfidf__offer,0.036132319062204606
terms_abstract_tfidf__offers,0.02404450303584356
terms_abstract_tfidf__old,-0.11768573269655482
terms_abstract_tfidf__older,-0.05735111129688918
terms_abstract_tfidf__older adults,-0.0573700489314359
terms_abstract_tfidf__olfactory,0.09538786264844673
terms_abstract_tfidf__ones,-0.022836443750636776
terms_abstract_tfidf__ongoing,0.07292191449524417
terms_abstract_tfidf__online,-0.04489716648988147
terms_abstract_tfidf__onset,0.04624772510718292
terms_abstract_tfidf__open,-0.05893583774898464
terms_abstract_tfidf__operation,-0.04954476963323731
terms_abstract_tfidf__operations,-0.03464994627411186
terms_abstract_tfidf__opercular,0.16302775008783554
terms_abstract_tfidf__opercularis,0.11533869610893993
terms_abstract_tfidf__operculum,0.24308967547361793
terms_abstract_tfidf__opportunity,0.058195289780629364
terms_abstract_tfidf__opposed,-0.026941555337262543
terms_abstract_tfidf__opposite,-0.08756492051388176
terms_abstract_tfidf__optimal,0.037096927779040854
terms_abstract_tfidf__optimized,0.030368384800329266
terms_abstract_tfidf__options,0.07538941825979323
terms_abstract_tfidf__oral,0.11875153047169347
terms_abstract_tfidf__orbital,0.056241851536180956
terms_abstract_tfidf__orbitofrontal,0.10694893080260517
terms_abstract_tfidf__orbitofrontal cortex,0.10747372458768453
terms_abstract_tfidf__order,0.1434468808201885
terms_abstract_tfidf__organization,0.05031757348077209
terms_abstract_tfidf__organized,-0.004880855331173069
terms_abstract_tfidf__orientation,-0.21971433343853367
terms_abstract_tfidf__oriented,-0.13213665016937007
terms_abstract_tfidf__orienting,-0.09173857751996264
terms_abstract_tfidf__origin,-0.03254702653632232
terms_abstract_tfidf__original,-0.08737773514639152
terms_abstract_tfidf__orthographic,-0.04214337795428761
terms_abstract_tfidf__oscillations,-0.03269235584450411
terms_abstract_tfidf__outcome,0.13266136365426454
terms_abstract_tfidf__outcomes,0.06786243129278574
terms_abstract_tfidf__output,0.12907342316455736
terms_abstract_tfidf__outside,-0.10640298328576359
terms_abstract_tfidf__outside scanner,-0.047139420551787325
terms_abstract_tfidf__overall,-0.07548305865898917
terms_abstract_tfidf__overcome,0.02480634422342454
terms_abstract_tfidf__overlap,-0.08588715800430123
terms_abstract_tfidf__overlapped,-0.07120395504835628
terms_abstract_tfidf__overlapping,-0.029134407809897924
terms_abstract_tfidf__overt,0.1369407120991699
terms_abstract_tfidf__oxygen,0.07266107245068615
terms_abstract_tfidf__oxygen level,0.07325624752578125
terms_abstract_tfidf__oxygenation,0.04533023466873528
terms_abstract_tfidf__oxygenation level,0.027931781036552816
terms_abstract_tfidf__paced,0.1106644206740286
terms_abstract_tfidf__pain,0.23457470344076406
terms_abstract_tfidf__painful,0.25716637423839966
terms_abstract_tfidf__pair,-0.022169848733881295
terms_abstract_tfidf__paired,-0.01891302876592584
terms_abstract_tfidf__pairs,-0.07179439117672903
terms_abstract_tfidf__pallidus,0.07303047023089504
terms_abstract_tfidf__paper,-0.019492307753778873
terms_abstract_tfidf__paradigm,-0.017492772658834074
terms_abstract_tfidf__paradigms,0.02860841276490644
terms_abstract_tfidf__parahippocampal,-0.2433581835968592
terms_abstract_tfidf__parahippocampal cortex,-0.21700050961608858
terms_abstract_tfidf__parahippocampal gyrus,-0.22121320440918338
terms_abstract_tfidf__parahippocampus,-0.10414727031174091
terms_abstract_tfidf__paralimbic,0.06544772248900516
terms_abstract_tfidf__parallel,-0.01344062070177475
terms_abstract_tfidf__parameter,0.02314719783434184
terms_abstract_tfidf__parameters,0.0638872145724796
terms_abstract_tfidf__parametric,0.08727868463253227
terms_abstract_tfidf__parametric mapping,0.07675224491306684
terms_abstract_tfidf__parametrically,0.0016841478944099044
terms_abstract_tfidf__parietal,-0.03934947802100712
terms_abstract_tfidf__parietal cortex,-0.047478168111509365
terms_abstract_tfidf__parietal cortices,-0.025168486071379406
terms_abstract_tfidf__parietal frontal,-0.08505947393713076
terms_abstract_tfidf__parietal junction,-0.05483452952095867
terms_abstract_tfidf__parietal lobe,-0.061422690204893375
terms_abstract_tfidf__parietal lobes,-0.026964135517873994
terms_abstract_tfidf__parietal lobule,-0.013587336699390056
terms_abstract_tfidf__parietal lobules,-0.04006115917306086
terms_abstract_tfidf__parietal network,-0.030484459220773585
terms_abstract_tfidf__parietal occipital,-0.1720168193954904
terms_abstract_tfidf__parietal temporal,-0.020985254457564422
terms_abstract_tfidf__parieto,-0.122653919957913
terms_abstract_tfidf__parieto occipital,-0.17087613897488868
terms_abstract_tfidf__parkinson,0.10309225395883562
terms_abstract_tfidf__parkinson disease,0.10224399130492949
terms_abstract_tfidf__pars,0.13088437447193174
terms_abstract_tfidf__pars opercularis,0.11550465098714018
terms_abstract_tfidf__partial,-0.10808996128334912
terms_abstract_tfidf__partially,0.01839312138484201
terms_abstract_tfidf__participant,0.004658748094836016
terms_abstract_tfidf__participate,0.04561977297393697
terms_abstract_tfidf__participated,0.1091258552285127
terms_abstract_tfidf__particular,-0.05555050003345825
terms_abstract_tfidf__particularly,-0.02446943272079365
terms_abstract_tfidf__partly,-0.031665895731286836
terms_abstract_tfidf__partner,0.03763242840571703
terms_abstract_tfidf__parts,-0.03285217554742032
terms_abstract_tfidf__passive,0.038084676382227116
terms_abstract_tfidf__passive viewing,-0.12078060364353106
terms_abstract_tfidf__passively,-0.08208086810513668
terms_abstract_tfidf__past,-0.16458691629048652
terms_abstract_tfidf__pathological,0.04966655748483029
terms_abstract_tfidf__pathology,0.006710865918486608
terms_abstract_tfidf__pathophysiological,0.04012567493506341
terms_abstract_tfidf__pathophysiology,0.07011519523048103
terms_abstract_tfidf__pathway,-0.03803099812807748
terms_abstract_tfidf__pathways,0.0477847308457783
terms_abstract_tfidf__patient,0.0005512389500956968
terms_abstract_tfidf__patient group,0.058747303122907754
terms_abstract_tfidf__patient groups,0.03542433065438351
terms_abstract_tfidf__pattern,-0.02187828478419668
terms_abstract_tfidf__patterns,-0.013097739706641314
terms_abstract_tfidf__pcc,-0.10535313931424965
terms_abstract_tfidf__pd,0.09257232893806726
terms_abstract_tfidf__peak,0.06752387135084656
terms_abstract_tfidf__people,-0.08512404663401735
terms_abstract_tfidf__perceive,-0.014865070044100146
terms_abstract_tfidf__perceived,0.05183045002412082
terms_abstract_tfidf__perceiving,-0.12466891128397199
terms_abstract_tfidf__percept,-0.04012234662750304
terms_abstract_tfidf__perception,-0.05262040445289502
terms_abstract_tfidf__perceptual,-0.1726958601535191
terms_abstract_tfidf__perform,0.018096500645178214
terms_abstract_tfidf__performance,-0.011983379144650122
terms_abstract_tfidf__performance task,-0.013929112282258902
terms_abstract_tfidf__performances,-0.021865922112442298
terms_abstract_tfidf__performing,0.0659457924698684
terms_abstract_tfidf__perfusion,0.08021228019199611
terms_abstract_tfidf__periaqueductal,0.061839984002944826
terms_abstract_tfidf__period,0.047531537427095344
terms_abstract_tfidf__periodicals,-0.05237946078747843
terms_abstract_tfidf__periods,0.021460904046458125
terms_abstract_tfidf__peripheral,0.04471751117548107
terms_abstract_tfidf__persistent,0.032252747887408506
terms_abstract_tfidf__person,-0.14042672021570662
terms_abstract_tfidf__personal,-0.1115345555347464
terms_abstract_tfidf__personality,0.014887848650766236
terms_abstract_tfidf__personality traits,-0.014544040647370434
terms_abstract_tfidf__persons,0.019812719627284994
terms_abstract_tfidf__perspective,-0.10082894722448334
terms_abstract_tfidf__pet,0.036802200346426776
terms_abstract_tfidf__pfc,0.08778745008373882
terms_abstract_tfidf__pharmacological,0.09186936806427878
terms_abstract_tfidf__phase,0.08361553319403994
terms_abstract_tfidf__phases,0.021584742539116686
terms_abstract_tfidf__phenomena,0.034743798761123754
terms_abstract_tfidf__phenomenon,0.09951254605931759
terms_abstract_tfidf__phenotype,0.020366297575772973
terms_abstract_tfidf__phonological,0.061029908478634654
terms_abstract_tfidf__photographs,-0.1725300253327132
terms_abstract_tfidf__physical,0.02836385042928681
terms_abstract_tfidf__physiological,0.1304513805462018
terms_abstract_tfidf__picture,-0.1363728247349666
terms_abstract_tfidf__pictures,-0.12137317403995733
terms_abstract_tfidf__pitch,0.19600183282386935
terms_abstract_tfidf__place,-0.2005576301770557
terms_abstract_tfidf__placebo,0.09898551447104893
terms_abstract_tfidf__placebo controlled,0.08229071883153175
terms_abstract_tfidf__planning,0.03522060819323666
terms_abstract_tfidf__planum,0.11667338144494582
terms_abstract_tfidf__planum temporale,0.11210402859749624
terms_abstract_tfidf__plasticity,0.04393417891012112
terms_abstract_tfidf__play,-0.03880103034411524
terms_abstract_tfidf__play important,0.023660993319566375
terms_abstract_tfidf__play role,-0.011054225361392686
terms_abstract_tfidf__played,0.12594510645071483
terms_abstract_tfidf__playing,0.047777407311240146
terms_abstract_tfidf__plays,-0.009283757224659378
terms_abstract_tfidf__plays important,-0.028177290159606898
terms_abstract_tfidf__plays role,0.005680890537476818
terms_abstract_tfidf__pleasant,0.08115772558580593
terms_abstract_tfidf__point,-0.08528722887308902
terms_abstract_tfidf__pointing,-0.10240888491305054
terms_abstract_tfidf__points,-0.021916182039722648
terms_abstract_tfidf__pole,-0.0052953424984418865
terms_abstract_tfidf__polymorphism,-0.01980335266860352
terms_abstract_tfidf__poor,0.05708644514878891
terms_abstract_tfidf__poorer,0.02845450918678782
terms_abstract_tfidf__poorly,0.05627225215000797
terms_abstract_tfidf__poorly understood,0.024545310588763976
terms_abstract_tfidf__population,-0.023079613197968276
terms_abstract_tfidf__populations,-0.10104015326705564
terms_abstract_tfidf__portion,0.021704687109739853
terms_abstract_tfidf__portions,0.01461660186325816
terms_abstract_tfidf__position,-0.11662699413625534
terms_abstract_tfidf__positive,-0.0006628757316927923
terms_abstract_tfidf__positive correlation,0.018018764119922762
terms_abstract_tfidf__positive correlations,-0.018688499884369048
terms_abstract_tfidf__positive negative,0.009281131868425893
terms_abstract_tfidf__positively,0.008816468365968165
terms_abstract_tfidf__positively correlated,0.012250333296138022
terms_abstract_tfidf__positron,0.04280198427682394
terms_abstract_tfidf__positron emission,0.043396182850228136
terms_abstract_tfidf__possibility,-0.046919202562986206
terms_abstract_tfidf__possible,-0.03060897949731555
terms_abstract_tfidf__possibly,0.029824149170938095
terms_abstract_tfidf__post,0.016356855529283686
terms_abstract_tfidf__post hoc,-0.011100860190729943
terms_abstract_tfidf__postcentral,0.12027465689873774
terms_abstract_tfidf__postcentral gyrus,0.10408928080754562
terms_abstract_tfidf__posterior,-0.19664756721093415
terms_abstract_tfidf__posterior anterior,-0.08189334107219032
terms_abstract_tfidf__posterior cingulate,-0.1304178721904462
terms_abstract_tfidf__posterior inferior,-0.06551428717882057
terms_abstract_tfidf__posterior insula,0.22056197663472368
terms_abstract_tfidf__posterior middle,-0.04715924824751795
terms_abstract_tfidf__posterior parietal,-0.07673783022138328
terms_abstract_tfidf__posterior superior,-0.021670710882715362
terms_abstract_tfidf__posterior temporal,0.007994326302471887
terms_abstract_tfidf__posttraumatic,-0.08815240274717245
terms_abstract_tfidf__potential,0.05022076889539025
terms_abstract_tfidf__potentially,0.02940677274909738
terms_abstract_tfidf__potentials,0.02233074236241018
terms_abstract_tfidf__power,-0.059841900198597205
terms_abstract_tfidf__powerful,0.018181054782735344
terms_abstract_tfidf__ppc,-0.07868606039240554
terms_abstract_tfidf__ppi,0.0915440698508512
terms_abstract_tfidf__practice,0.04049299115594334
terms_abstract_tfidf__pre,0.10646798868344676
terms_abstract_tfidf__pre post,-0.05366548791236236
terms_abstract_tfidf__pre sma,0.10279328543926043
terms_abstract_tfidf__pre supplementary,0.10648315846882334
terms_abstract_tfidf__preceded,-0.018555102152089133
terms_abstract_tfidf__preceding,0.064782816005789
terms_abstract_tfidf__precentral,0.13372429086900384
terms_abstract_tfidf__precentral gyrus,0.1341862887215591
terms_abstract_tfidf__precise,0.03430725879844426
terms_abstract_tfidf__precuneus,-0.1939928329024955
terms_abstract_tfidf__precuneus posterior,-0.17898774869900366
terms_abstract_tfidf__predict,-0.03316455467041904
terms_abstract_tfidf__predicted,0.020005411042963914
terms_abstract_tfidf__predicting,-0.049192778731952755
terms_abstract_tfidf__prediction,0.017881927368130608
terms_abstract_tfidf__prediction error,0.07617399511325156
terms_abstract_tfidf__predictions,-0.00029439744821930554
terms_abstract_tfidf__predictive,-8.231797550858306e-05
terms_abstract_tfidf__predictors,-0.035380756766272156
terms_abstract_tfidf__predicts,-0.010690005987486147
terms_abstract_tfidf__predominantly,0.04203044448545402
terms_abstract_tfidf__preference,-0.09546231073014799
terms_abstract_tfidf__preferences,0.032837146110138875
terms_abstract_tfidf__preferential,-0.09480361282817419
terms_abstract_tfidf__preferentially,-0.11694782716963541
terms_abstract_tfidf__prefrontal,0.08194885798849447
terms_abstract_tfidf__prefrontal cortex,0.08581458610978424
terms_abstract_tfidf__prefrontal cortical,0.0660816558181872
terms_abstract_tfidf__prefrontal cortices,0.0893216026066888
terms_abstract_tfidf__prefrontal parietal,0.0912995290884222
terms_abstract_tfidf__preliminary,-0.038535506886814
terms_abstract_tfidf__premotor,0.08528949195295686
terms_abstract_tfidf__premotor cortex,0.08190548563362889
terms_abstract_tfidf__preparation,0.04865260567898663
terms_abstract_tfidf__preparatory,0.012616359367543302
terms_abstract_tfidf__presence,-0.03751720767248722
terms_abstract_tfidf__presentation,-0.07945668056004608
terms_abstract_tfidf__presentations,-0.09641911660995238
terms_abstract_tfidf__presented,-0.17264716471708952
terms_abstract_tfidf__presenting,-0.11433375050754503
terms_abstract_tfidf__preserved,-0.061260876580381325
terms_abstract_tfidf__press,0.029816522592658497
terms_abstract_tfidf__pressure,0.20405021602849652
terms_abstract_tfidf__presumably,0.0390713654573754
terms_abstract_tfidf__previous,-0.013784845596821079
terms_abstract_tfidf__previous functional,-0.06969194988292021
terms_abstract_tfidf__previous reports,-0.004827750395747164
terms_abstract_tfidf__previous research,-0.01745816026259511
terms_abstract_tfidf__previous shown,-0.07924887617847105
terms_abstract_tfidf__previous work,-0.0035340082302858593
terms_abstract_tfidf__primarily,-0.0034510626860053207
terms_abstract_tfidf__primary,0.18899124704731973
terms_abstract_tfidf__primary auditory,0.11504792643275241
terms_abstract_tfidf__primary motor,0.16563616564581063
terms_abstract_tfidf__primary secondary,0.2167677338516673
terms_abstract_tfidf__primary sensorimotor,0.11494134717851459
terms_abstract_tfidf__primary somatosensory,0.19726837005709996
terms_abstract_tfidf__primary visual,-0.16099300159990818
terms_abstract_tfidf__primates,0.06396473968547046
terms_abstract_tfidf__prime,-0.08367267432556966
terms_abstract_tfidf__priming,-0.09776331824357361
terms_abstract_tfidf__principal,0.06773782893338885
terms_abstract_tfidf__principle,-0.032825039849638686
terms_abstract_tfidf__prior,-0.05134565026474285
terms_abstract_tfidf__priori,-0.03603518738978014
terms_abstract_tfidf__probabilistic,0.07384943435242686
terms_abstract_tfidf__probability,0.06460450615678434
terms_abstract_tfidf__probably,0.053722303669517635
terms_abstract_tfidf__probe,0.004135963077181458
terms_abstract_tfidf__problem,0.040438342403846084
terms_abstract_tfidf__problems,0.045144216135997804
terms_abstract_tfidf__procedure,0.057169736596482265
terms_abstract_tfidf__procedures,0.0596286747554211
terms_abstract_tfidf__process,-0.09195589867922681
terms_abstract_tfidf__processed,-0.10905014725310014
terms_abstract_tfidf__processes,0.015712063408792654
terms_abstract_tfidf__processes involved,0.045678042237262066
terms_abstract_tfidf__processes underlying,0.0019369533782990856
terms_abstract_tfidf__produce,0.1124407345580291
terms_abstract_tfidf__produced,0.09922353697830977
terms_abstract_tfidf__producing,0.07062161121517797
terms_abstract_tfidf__production,0.16240355868485173
terms_abstract_tfidf__profile,-0.009965493503436663
terms_abstract_tfidf__profiles,-0.04060629220239181
terms_abstract_tfidf__progression,-0.06417036507186688
terms_abstract_tfidf__progressive,0.00871984600694839
terms_abstract_tfidf__prolonged,0.08618165412716138
terms_abstract_tfidf__prominent,0.06145460145824273
terms_abstract_tfidf__promising,0.05533763950298298
terms_abstract_tfidf__pronounced,-0.019120576853256976
terms_abstract_tfidf__proper,0.05878004892028697
terms_abstract_tfidf__properties,-0.08025985735483604
terms_abstract_tfidf__proportion,-0.019257054605449023
terms_abstract_tfidf__propose,-0.047610178375593316
terms_abstract_tfidf__proposed,0.00011731498615215235
terms_abstract_tfidf__prospective,-0.01650703901739472
terms_abstract_tfidf__protocol,0.01090830088341935
terms_abstract_tfidf__provide,-0.008930879430227412
terms_abstract_tfidf__provide evidence,-0.03603343216435161
terms_abstract_tfidf__provide new,0.0018594663271967633
terms_abstract_tfidf__provide novel,-0.04711764110821556
terms_abstract_tfidf__provided,-0.037397003711998646
terms_abstract_tfidf__provides,0.01745026407090082
terms_abstract_tfidf__provides evidence,0.041813845846189676
terms_abstract_tfidf__providing,-0.06772221305346333
terms_abstract_tfidf__pseudowords,0.020351633935161123
terms_abstract_tfidf__psts,-0.058257521065885026
terms_abstract_tfidf__psychiatric,0.00863572419280207
terms_abstract_tfidf__psychiatric disorders,0.01790264420694968
terms_abstract_tfidf__psychological,0.05217347246559363
terms_abstract_tfidf__psychopathology,0.07237726980035665
terms_abstract_tfidf__psychophysical,0.03638944903629584
terms_abstract_tfidf__psychophysiological,0.08535283659750584
terms_abstract_tfidf__psychophysiological interaction,0.08659749432583777
terms_abstract_tfidf__psychosis,0.036694372485898324
terms_abstract_tfidf__psychotic,-0.004002972958426162
terms_abstract_tfidf__ptsd,-0.04747560015411717
terms_abstract_tfidf__published,0.06810253113198611
terms_abstract_tfidf__punishment,0.10858636553012335
terms_abstract_tfidf__pure,0.09415961261973994
terms_abstract_tfidf__purpose,-0.01288496660618724
terms_abstract_tfidf__putamen,0.20050619644513856
terms_abstract_tfidf__putative,-0.1002532616970071
terms_abstract_tfidf__quality,0.021368693793995305
terms_abstract_tfidf__quantified,0.0684292546930146
terms_abstract_tfidf__quantify,0.010225995051823977
terms_abstract_tfidf__quantitative,0.11850465347611466
terms_abstract_tfidf__question,-0.03224543716291157
terms_abstract_tfidf__questionnaire,0.08837568023362848
terms_abstract_tfidf__questions,-0.04010781493321389
terms_abstract_tfidf__random,-0.03493332425694253
terms_abstract_tfidf__random effects,0.03572072579655137
terms_abstract_tfidf__randomized,0.13845728745866032
terms_abstract_tfidf__randomly,-0.014554643652959083
terms_abstract_tfidf__range,0.03554076787378095
terms_abstract_tfidf__ranging,0.04497269186971186
terms_abstract_tfidf__rapid,0.0357391283306996
terms_abstract_tfidf__rapidly,-0.020186224785546988
terms_abstract_tfidf__rare,0.04535635992642543
terms_abstract_tfidf__rarely,-0.030400466896749204
terms_abstract_tfidf__rate,0.08792145261658621
terms_abstract_tfidf__rated,0.007956131844372313
terms_abstract_tfidf__rates,0.09390832696705705
terms_abstract_tfidf__rating,0.049883595172220956
terms_abstract_tfidf__ratings,0.12263373669988613
terms_abstract_tfidf__ratio,0.04397151943560391
terms_abstract_tfidf__rationale,0.02385851841496672
terms_abstract_tfidf__reach,-0.026899732336265216
terms_abstract_tfidf__reaching,-0.02938628629388256
terms_abstract_tfidf__reaction,0.004681377767281034
terms_abstract_tfidf__reaction time,-0.0007748868179569863
terms_abstract_tfidf__reaction times,-0.0031000463589755238
terms_abstract_tfidf__reactions,0.08635515696584196
terms_abstract_tfidf__reactivity,0.0054998761205558855
terms_abstract_tfidf__read,-0.01687863143389189
terms_abstract_tfidf__readers,-0.00911172572022848
terms_abstract_tfidf__reading,-0.025386299511013885
terms_abstract_tfidf__real,-0.14225846210059728
terms_abstract_tfidf__real time,0.03610574250542693
terms_abstract_tfidf__real world,-0.1258295446998539
terms_abstract_tfidf__reality,-0.04436196277122381
terms_abstract_tfidf__reappraisal,0.08702209890681335
terms_abstract_tfidf__reasoning,-0.024120431202151987
terms_abstract_tfidf__recall,-0.10455267717592344
terms_abstract_tfidf__receive,0.09413829710635212
terms_abstract_tfidf__received,0.08300065159734588
terms_abstract_tfidf__receiving,0.18913701103419062
terms_abstract_tfidf__recently,-0.01440055089640337
terms_abstract_tfidf__receptor,0.06674368856095043
terms_abstract_tfidf__recognition,-0.24687445506731398
terms_abstract_tfidf__recognition memory,-0.1289101091875204
terms_abstract_tfidf__recognition task,-0.10365321603566144
terms_abstract_tfidf__recognize,-0.18445768294062212
terms_abstract_tfidf__recognized,-0.07384162950409763
terms_abstract_tfidf__recognizing,-0.08515817573443006
terms_abstract_tfidf__recollection,-0.16280460870317934
terms_abstract_tfidf__recorded,0.05349699954154358
terms_abstract_tfidf__recording,0.05315256048719609
terms_abstract_tfidf__recordings,-0.06330023498289002
terms_abstract_tfidf__recovery,0.07092191084092907
terms_abstract_tfidf__recruit,-0.001447065323028975
terms_abstract_tfidf__recruited,0.028782944137572944
terms_abstract_tfidf__recruitment,0.051562937100357115
terms_abstract_tfidf__recruits,-0.03031688134012779
terms_abstract_tfidf__reduce,0.08018854540215412
terms_abstract_tfidf__reduces,-0.024077433515415917
terms_abstract_tfidf__reducing,0.041613218322732785
terms_abstract_tfidf__reduction,0.0775467672529834
terms_abstract_tfidf__reductions,0.010756998069128398
terms_abstract_tfidf__reference,-0.051482450890915646
terms_abstract_tfidf__referential,-0.0869865379373238
terms_abstract_tfidf__referred,-0.0757994353977624
terms_abstract_tfidf__refers,-0.022098930645457395
terms_abstract_tfidf__reflect,-0.02170990182927551
terms_abstract_tfidf__reflected,-0.014162119821876226
terms_abstract_tfidf__reflecting,-0.022008185388405387
terms_abstract_tfidf__reflects,0.008232870574028862
terms_abstract_tfidf__regard,0.017127013154764396
terms_abstract_tfidf__regarding,0.03033334251680924
terms_abstract_tfidf__regardless,-0.09800403532363117
terms_abstract_tfidf__regional,0.06058041047420898
terms_abstract_tfidf__regional cerebral,0.05907541208328332
terms_abstract_tfidf__regional gray,0.020461383149949126
terms_abstract_tfidf__regional homogeneity,-0.016895493003329178
terms_abstract_tfidf__regular,0.07706191902447183
terms_abstract_tfidf__regulate,0.05997835780544182
terms_abstract_tfidf__regulating,0.09435062689377419
terms_abstract_tfidf__regulation,0.11224279783346765
terms_abstract_tfidf__regulatory,0.10636074378874961
terms_abstract_tfidf__rehabilitation,0.10547938506736686
terms_abstract_tfidf__rehearsal,0.07011621968982533
terms_abstract_tfidf__reho,-0.011540143253007873
terms_abstract_tfidf__reinforcement,0.03528696414747183
terms_abstract_tfidf__reinforcement learning,0.01021740618842386
terms_abstract_tfidf__relate,0.01417493449906209
terms_abstract_tfidf__relates,0.07651231240108843
terms_abstract_tfidf__relation,0.000579534200251863
terms_abstract_tfidf__relational,-0.09503660259261393
terms_abstract_tfidf__relations,-0.15841811219467775
terms_abstract_tfidf__relationship,-0.008711013317138432
terms_abstract_tfidf__relationships,0.06869906909400397
terms_abstract_tfidf__relatively,-0.03930249818991632
terms_abstract_tfidf__relevance,-0.0713128430117712
terms_abstract_tfidf__relevant,-0.06658707543140237
terms_abstract_tfidf__relevant information,-0.11719035751743521
terms_abstract_tfidf__reliability,0.04255518601914067
terms_abstract_tfidf__reliable,-0.06056828075418456
terms_abstract_tfidf__reliably,0.023589197930249828
terms_abstract_tfidf__reliance,-0.023500930374533893
terms_abstract_tfidf__relied,-0.0030045146738808984
terms_abstract_tfidf__relies,-0.04130254758402806
terms_abstract_tfidf__rely,-0.13200698262875665
terms_abstract_tfidf__remain,0.0071500829996470686
terms_abstract_tfidf__remain unclear,0.04146860766750235
terms_abstract_tfidf__remained,-0.035222771330969904
terms_abstract_tfidf__remaining,0.006962020010619691
terms_abstract_tfidf__remarkably,-0.03684413423461119
terms_abstract_tfidf__remember,-0.12686212929603763
terms_abstract_tfidf__remembered,-0.18923921128755553
terms_abstract_tfidf__remembering,-0.175621933787111
terms_abstract_tfidf__remote,-0.036604730890839536
terms_abstract_tfidf__reorganization,0.10270614744308869
terms_abstract_tfidf__repeat,-0.019079390652725556
terms_abstract_tfidf__repeated,-0.0767169543501599
terms_abstract_tfidf__repeatedly,-0.0098069018406795
terms_abstract_tfidf__repetition,-0.0877454066683999
terms_abstract_tfidf__repetition suppression,-0.1755236574614588
terms_abstract_tfidf__repetitive,0.12725082693266326
terms_abstract_tfidf__replicate,-0.06389567134414843
terms_abstract_tfidf__replicated,0.009165774412095411
terms_abstract_tfidf__report,-0.08068128535812763
terms_abstract_tfidf__reported,0.01706422681012846
terms_abstract_tfidf__reports,0.035446797987580506
terms_abstract_tfidf__represent,-0.018121722350012616
terms_abstract_tfidf__representation,-0.08777077296292106
terms_abstract_tfidf__representational,-0.18333177887694976
terms_abstract_tfidf__representations,-0.1350466511721194
terms_abstract_tfidf__represented,-0.04466651403153723
terms_abstract_tfidf__representing,-0.13255880159656291
terms_abstract_tfidf__represents,-0.06887435493126844
terms_abstract_tfidf__require,-0.016823777103431324
terms_abstract_tfidf__required,-0.00522586573594144
terms_abstract_tfidf__requirements,-0.11207081321370449
terms_abstract_tfidf__requires,-0.025940837554312923
terms_abstract_tfidf__requiring,-0.07679249892286913
terms_abstract_tfidf__research,-0.03675804046522039
terms_abstract_tfidf__research suggests,-0.06446532335416502
terms_abstract_tfidf__researchers,-0.04890646767035885
terms_abstract_tfidf__residual,-0.12388899133413618
terms_abstract_tfidf__resolution,0.013790008184269936
terms_abstract_tfidf__resolve,0.047171137803410944
terms_abstract_tfidf__resonance,0.1441555060933723
terms_abstract_tfidf__resonance experiment,0.032820978015215274
terms_abstract_tfidf__resonance healthy,0.0640307948136332
terms_abstract_tfidf__resonance images,0.0372390588221816
terms_abstract_tfidf__resonance measure,0.009139169491566988
terms_abstract_tfidf__resonance performing,0.09714442969775876
terms_abstract_tfidf__resonance rs,-0.012025523626488427
terms_abstract_tfidf__resonance scans,0.07229862170441353
terms_abstract_tfidf__resources,-0.025250757162359787
terms_abstract_tfidf__respect,-0.08912576871083693
terms_abstract_tfidf__respective,0.0059001475285899215
terms_abstract_tfidf__respectively,-0.07067628898042326
terms_abstract_tfidf__respond,0.007658343572068593
terms_abstract_tfidf__responded,-0.07384533330526961
terms_abstract_tfidf__responding,0.032010589791896756
terms_abstract_tfidf__responds,-0.06538975498498953
terms_abstract_tfidf__response,0.1279331720438518
terms_abstract_tfidf__response inhibition,0.1846630083171315
terms_abstract_tfidf__response selection,0.11190445952195775
terms_abstract_tfidf__response time,0.007869694396631965
terms_abstract_tfidf__response times,-0.019171169502435713
terms_abstract_tfidf__responses,0.1014918764263053
terms_abstract_tfidf__responsible,0.04693407138541664
terms_abstract_tfidf__responsive,-0.16916398559410228
terms_abstract_tfidf__responsiveness,0.003564198499764763
terms_abstract_tfidf__rest,-0.04745743025666651
terms_abstract_tfidf__resting,-0.03381235449124826
terms_abstract_tfidf__resting state,-0.041290949858046724
terms_abstract_tfidf__restricted,-0.06178103064385936
terms_abstract_tfidf__result,0.09288897908053026
terms_abstract_tfidf__resulted,0.04894450868410625
terms_abstract_tfidf__resulting,0.018098711467901752
terms_abstract_tfidf__retention,-0.04680110562199338
terms_abstract_tfidf__retrieval,-0.16251781189028602
terms_abstract_tfidf__retrieved,-0.13605823623760196
terms_abstract_tfidf__retrosplenial,-0.2660098911599445
terms_abstract_tfidf__retrosplenial cortex,-0.20926181038274771
terms_abstract_tfidf__reveal,-0.05002756720324462
terms_abstract_tfidf__revealing,-0.005298682024698996
terms_abstract_tfidf__reveals,0.03331136218985167
terms_abstract_tfidf__reversal,0.03748138324488333
terms_abstract_tfidf__reverse,-0.061884808463635775
terms_abstract_tfidf__reversed,-0.09589503620003241
terms_abstract_tfidf__reward,0.09623697576489823
terms_abstract_tfidf__reward anticipation,0.041683443922840596
terms_abstract_tfidf__rewarding,0.05611084202486881
terms_abstract_tfidf__rewards,0.09353270159969619
terms_abstract_tfidf__rhythm,0.11948568244420527
terms_abstract_tfidf__rich,-0.07604946672904149
terms_abstract_tfidf__rise,-0.019048243819897264
terms_abstract_tfidf__risk,0.052716616869126945
terms_abstract_tfidf__risk taking,0.11175503420182305
terms_abstract_tfidf__risky,0.12011806087903433
terms_abstract_tfidf__robust,-0.09167152631520402
terms_abstract_tfidf__roi,0.03673773076411471
terms_abstract_tfidf__rois,-0.013129682972332768
terms_abstract_tfidf__role,-0.044941672303484136
terms_abstract_tfidf__roles,-0.04208953643866831
terms_abstract_tfidf__rostral,0.12943695822880888
terms_abstract_tfidf__rostral anterior,0.034632679414643194
terms_abstract_tfidf__rotation,-0.14972245041873258
terms_abstract_tfidf__rs,-0.03341008691527963
terms_abstract_tfidf__rsfc,-0.027566018560059503
terms_abstract_tfidf__rt,0.029480961827093012
terms_abstract_tfidf__rule,0.029306043887100206
terms_abstract_tfidf__rules,0.06369829795887527
terms_abstract_tfidf__run,-0.03021276940019482
terms_abstract_tfidf__runs,-0.10133542694815659
terms_abstract_tfidf__s1,0.21897560709956568
terms_abstract_tfidf__saccade,-0.06663459946488375
terms_abstract_tfidf__saccades,-0.06971214667563955
terms_abstract_tfidf__sad,0.008937042707798824
terms_abstract_tfidf__salience,0.010873196434617625
terms_abstract_tfidf__salience network,0.04962474030393384
terms_abstract_tfidf__salient,-0.035360007060080786
terms_abstract_tfidf__sample,-0.04668983211461447
terms_abstract_tfidf__samples,0.039701585797612814
terms_abstract_tfidf__sampling,0.14677729250847146
terms_abstract_tfidf__scale,-0.006022174204567208
terms_abstract_tfidf__scales,0.041351730374926614
terms_abstract_tfidf__scalp,0.021700270630916806
terms_abstract_tfidf__scan,-0.08075305540367496
terms_abstract_tfidf__scanned,-0.04350687321969158
terms_abstract_tfidf__scanned using,-0.08370047453973958
terms_abstract_tfidf__scanner,0.02324793235291558
terms_abstract_tfidf__scanning,-0.06005747340696653
terms_abstract_tfidf__scans,0.03974654979925545
terms_abstract_tfidf__scene,-0.284905028822647
terms_abstract_tfidf__scenes,-0.27232058392886116
terms_abstract_tfidf__schizophrenia,0.01475094533761607
terms_abstract_tfidf__schizophrenic,0.01870565932125247
terms_abstract_tfidf__sclerosis,0.05576519020938582
terms_abstract_tfidf__score,0.0031112476681167634
terms_abstract_tfidf__scores,-0.005762520077544063
terms_abstract_tfidf__sd,0.021115632898482298
terms_abstract_tfidf__se,0.0065332918032983585
terms_abstract_tfidf__search,-0.11686485846783924
terms_abstract_tfidf__second,0.048004379146039326
terms_abstract_tfidf__secondary,0.22867411653521968
terms_abstract_tfidf__secondary somatosensory,0.24116907850888433
terms_abstract_tfidf__sectional,-0.057208867783247117
terms_abstract_tfidf__seed,-0.005401407475105223
terms_abstract_tfidf__seeds,-0.03169926158277816
terms_abstract_tfidf__seeking,0.06093138593263622
terms_abstract_tfidf__seen,0.03655764385050793
terms_abstract_tfidf__segregated,-0.018498376303812958
terms_abstract_tfidf__segregation,-0.08345060090431636
terms_abstract_tfidf__select,-0.049333070171622306
terms_abstract_tfidf__selected,-0.003076731915184437
terms_abstract_tfidf__selection,0.08934198706859635
terms_abstract_tfidf__selective,-0.22332998691889244
terms_abstract_tfidf__selective attention,-0.06739321191879702
terms_abstract_tfidf__selectively,-0.1054043155954427
terms_abstract_tfidf__selectivity,-0.2510887671352762
terms_abstract_tfidf__self,-0.00041843112477303894
terms_abstract_tfidf__self referential,-0.08218434020870943
terms_abstract_tfidf__self report,0.015665542014004843
terms_abstract_tfidf__self reported,0.03491167673134654
terms_abstract_tfidf__semantic,-0.0773040560913552
terms_abstract_tfidf__semantic memory,-0.14270177772403567
terms_abstract_tfidf__semantically,-0.041580785414526526
terms_abstract_tfidf__semantics,-0.03278619992895222
terms_abstract_tfidf__sensation,0.22256754438785012
terms_abstract_tfidf__sensations,0.18507574282731193
terms_abstract_tfidf__sense,0.014486210334899897
terms_abstract_tfidf__sensitive,-0.12742544692736615
terms_abstract_tfidf__sensitivity,0.05073158644645935
terms_abstract_tfidf__sensorimotor,0.12810619079196028
terms_abstract_tfidf__sensorimotor cortex,0.12375300535965085
terms_abstract_tfidf__sensorimotor network,0.061687291820424005
terms_abstract_tfidf__sensory,0.10226218687475183
terms_abstract_tfidf__sensory information,-0.01755409423485339
terms_abstract_tfidf__sensory motor,0.06460623765453823
terms_abstract_tfidf__sentence,0.06581254627494415
terms_abstract_tfidf__sentence comprehension,0.06481763633438123
terms_abstract_tfidf__sentences,0.08998783245674105
terms_abstract_tfidf__separable,0.06500996036321804
terms_abstract_tfidf__separate,-0.015438177249482899
terms_abstract_tfidf__separated,0.006963390243770478
terms_abstract_tfidf__separately,-0.01083262840244346
terms_abstract_tfidf__separation,0.021975640491918365
terms_abstract_tfidf__sequence,0.08402861929285113
terms_abstract_tfidf__sequences,0.06791674201575977
terms_abstract_tfidf__sequential,0.0673103323825118
terms_abstract_tfidf__serial,0.0407074454411405
terms_abstract_tfidf__series,-0.011037392284401969
terms_abstract_tfidf__serotonin,0.04045414050986104
terms_abstract_tfidf__serve,0.02202991303076708
terms_abstract_tfidf__served,0.03179070584567506
terms_abstract_tfidf__serves,0.003973796168116391
terms_abstract_tfidf__session,0.015829833365669538
terms_abstract_tfidf__sessions,0.025132514635725946
terms_abstract_tfidf__set,0.005292040335590732
terms_abstract_tfidf__sets,-0.06470201822328865
terms_abstract_tfidf__setting,0.02055619229857811
terms_abstract_tfidf__settings,-0.1073868604227197
terms_abstract_tfidf__seven,0.052188913401552565
terms_abstract_tfidf__seventeen,0.0028332383381233
terms_abstract_tfidf__severe,-0.05227846265503403
terms_abstract_tfidf__severity,0.036057822522101025
terms_abstract_tfidf__sex,-0.0038206020963290296
terms_abstract_tfidf__sexual,0.007112307512401578
terms_abstract_tfidf__sham,0.09742883813598897
terms_abstract_tfidf__shape,-0.18025038995014137
terms_abstract_tfidf__shaped,-0.050690497695543166
terms_abstract_tfidf__shapes,-0.17865335714783642
terms_abstract_tfidf__share,0.01196560282095885
terms_abstract_tfidf__shared,0.05425224978326677
terms_abstract_tfidf__shed,-0.04103907630792832
terms_abstract_tfidf__shed light,-0.03825553503176377
terms_abstract_tfidf__shift,-0.016388493681368733
terms_abstract_tfidf__shifted,0.07585567987300086
terms_abstract_tfidf__shifting,-0.00021149378762862342
terms_abstract_tfidf__shifts,-0.028765111230714836
terms_abstract_tfidf__short,0.02181950400877721
terms_abstract_tfidf__short term,0.03014938880726376
terms_abstract_tfidf__shorter,0.0020598992931856646
terms_abstract_tfidf__showing,-0.0379113308721502
terms_abstract_tfidf__shown,-0.014116724120983795
terms_abstract_tfidf__shows,-0.035033147052096675
terms_abstract_tfidf__si,0.21957662520089188
terms_abstract_tfidf__sided,0.11244611011578719
terms_abstract_tfidf__sighted,-0.15837546685768183
terms_abstract_tfidf__sign,-0.10024855233911821
terms_abstract_tfidf__signal,0.10643073074744855
terms_abstract_tfidf__signal change,0.07603324227275945
terms_abstract_tfidf__signal task,0.15289575533124833
terms_abstract_tfidf__signaling,0.06691101401658511
terms_abstract_tfidf__signals,0.00434055911870044
terms_abstract_tfidf__signature,0.0019499310317296881
terms_abstract_tfidf__significance,0.021808827147209015
terms_abstract_tfidf__significance statement,-0.04299472743620593
terms_abstract_tfidf__signs,-0.01976869116360346
terms_abstract_tfidf__sii,0.2247143103394111
terms_abstract_tfidf__silent,0.07510514656000752
terms_abstract_tfidf__similarities,0.04520656639037471
terms_abstract_tfidf__similarity,-0.14654188941024168
terms_abstract_tfidf__similarly,0.002338738509241104
terms_abstract_tfidf__simple,0.019446565156055858
terms_abstract_tfidf__simply,0.012846772061772756
terms_abstract_tfidf__simulated,-0.017775842579265684
terms_abstract_tfidf__simulation,-0.04258349149133452
terms_abstract_tfidf__simultaneous,0.12963540037597426
terms_abstract_tfidf__simultaneous eeg,0.051703500061171574
terms_abstract_tfidf__simultaneously,0.029411465443583022
terms_abstract_tfidf__single,-0.03241288633866077
terms_abstract_tfidf__single subject,0.034076299320865845
terms_abstract_tfidf__single trial,0.059739268375841
terms_abstract_tfidf__site,0.1425056006545397
terms_abstract_tfidf__sites,-0.03189404875817407
terms_abstract_tfidf__situation,-0.009411768198652913
terms_abstract_tfidf__situations,0.08207087349750011
terms_abstract_tfidf__sixteen,0.030724761014025926
terms_abstract_tfidf__size,-0.1921132340123017
terms_abstract_tfidf__sizes,0.007197861105911463
terms_abstract_tfidf__skill,0.011825503753410424
terms_abstract_tfidf__skills,0.028347447232310204
terms_abstract_tfidf__skin,0.19327702980938943
terms_abstract_tfidf__skin conductance,0.0534051841367081
terms_abstract_tfidf__sleep,0.02623519978460441
terms_abstract_tfidf__slow,0.054447266699335625
terms_abstract_tfidf__slower,0.08088317959426002
terms_abstract_tfidf__sma,0.18050546333640066
terms_abstract_tfidf__small,-0.04106960772493655
terms_abstract_tfidf__smaller,-0.025636985949042648
terms_abstract_tfidf__smokers,-0.0036188306521040673
terms_abstract_tfidf__smoking,-0.0020403555522747296
terms_abstract_tfidf__sn,0.03970319550651171
terms_abstract_tfidf__social,-0.06832575204182371
terms_abstract_tfidf__social cognition,-0.07482057643301768
terms_abstract_tfidf__social cognitive,-0.029282308080741264
terms_abstract_tfidf__social interaction,-0.05588236397650371
terms_abstract_tfidf__social interactions,-0.04693722139697398
terms_abstract_tfidf__socially,-0.05245599085561311
terms_abstract_tfidf__software,-0.005645942402077886
terms_abstract_tfidf__solving,-0.014420653166471792
terms_abstract_tfidf__somatosensory,0.21105653158180285
terms_abstract_tfidf__somatosensory cortex,0.21864549467558966
terms_abstract_tfidf__somatosensory cortices,0.2172431030013776
terms_abstract_tfidf__sought,0.014193792113974419
terms_abstract_tfidf__sound,0.08283665157200444
terms_abstract_tfidf__sounds,0.10014237806154978
terms_abstract_tfidf__source,-0.00580178458642966
terms_abstract_tfidf__sources,-0.017371466875213563
terms_abstract_tfidf__space,-0.21225628474245997
terms_abstract_tfidf__span,0.005013598197049645
terms_abstract_tfidf__sparse,0.08268518061368438
terms_abstract_tfidf__spatial,-0.21760220249317438
terms_abstract_tfidf__spatial attention,-0.1218706936036456
terms_abstract_tfidf__spatial information,-0.190602746363004
terms_abstract_tfidf__spatial temporal,-0.008343045237097122
terms_abstract_tfidf__spatially,-0.031577209201592196
terms_abstract_tfidf__spatiotemporal,-0.0235229578555849
terms_abstract_tfidf__speaker,0.08363845267490676
terms_abstract_tfidf__speakers,0.0744446261902811
terms_abstract_tfidf__speaking,0.10400237748743768
terms_abstract_tfidf__special,-0.14025842650751033
terms_abstract_tfidf__specialization,-0.057369785340934704
terms_abstract_tfidf__specialized,-0.14684828885930457
terms_abstract_tfidf__species,0.018899164015999673
terms_abstract_tfidf__specifically,-0.0073498077749862495
terms_abstract_tfidf__specificity,-0.14170724113590566
terms_abstract_tfidf__specified,0.022357202560944086
terms_abstract_tfidf__spectral,0.10688946313668432
terms_abstract_tfidf__spectrum,-0.13083569356788533
terms_abstract_tfidf__spectrum disorder,-0.09042465606863186
terms_abstract_tfidf__spectrum disorders,-0.10923438044268442
terms_abstract_tfidf__speech,0.1881085764218306
terms_abstract_tfidf__speech perception,0.13904931830949196
terms_abstract_tfidf__speech production,0.18329534465806743
terms_abstract_tfidf__speed,0.01645240705624815
terms_abstract_tfidf__spin,0.11130976297759036
terms_abstract_tfidf__spin labeling,0.11316575721879409
terms_abstract_tfidf__spinal,0.13639751960641427
terms_abstract_tfidf__spl,-0.10062811423117791
terms_abstract_tfidf__spoken,0.08001716218806919
terms_abstract_tfidf__spontaneous,-0.0315233049056516
terms_abstract_tfidf__stable,-0.033022524978390914
terms_abstract_tfidf__stage,0.030133203755744374
terms_abstract_tfidf__stages,0.045485100599495835
terms_abstract_tfidf__standard,-0.0284764290436891
terms_abstract_tfidf__standardized,0.0035062925893499038
terms_abstract_tfidf__state,-0.024250464880109582
terms_abstract_tfidf__state connectivity,-0.01826533350700486
terms_abstract_tfidf__state functional,-0.0257364316151734
terms_abstract_tfidf__state networks,0.024490341688851405
terms_abstract_tfidf__statement,-0.05147929831586902
terms_abstract_tfidf__states,0.008550530435061045
terms_abstract_tfidf__static,-0.12651074704203943
terms_abstract_tfidf__statistics,-0.05995943639108883
terms_abstract_tfidf__status,-0.08312011088453052
terms_abstract_tfidf__step,-0.10885821167752067
terms_abstract_tfidf__stg,0.14097259126408626
terms_abstract_tfidf__stimulated,0.1782700998072778
terms_abstract_tfidf__stimulation,0.23442924864759868
terms_abstract_tfidf__stimulation tms,0.0888620159540662
terms_abstract_tfidf__stimuli,-0.03414530017677404
terms_abstract_tfidf__stimuli presented,-0.03249661300399437
terms_abstract_tfidf__stimulus,0.024816507300890977
terms_abstract_tfidf__stimulus driven,-0.08502668351564295
terms_abstract_tfidf__stimulus response,0.06896434857369142
terms_abstract_tfidf__stop,0.19115260926938898
terms_abstract_tfidf__stop signal,0.17765299911180119
terms_abstract_tfidf__storage,0.03363717918751533
terms_abstract_tfidf__stored,-0.04054224099487751
terms_abstract_tfidf__strategic,-0.02202113501106384
terms_abstract_tfidf__strategies,0.04853499014147543
terms_abstract_tfidf__strategy,0.02479689394412086
terms_abstract_tfidf__stream,-0.12160253517403428
terms_abstract_tfidf__streams,-0.039313051710534
terms_abstract_tfidf__strength,0.03102738741120498
terms_abstract_tfidf__stress,0.025083791231110434
terms_abstract_tfidf__stress disorder,-0.05623147378082094
terms_abstract_tfidf__striatal,0.12094826256377068
terms_abstract_tfidf__striatum,0.14796820696887153
terms_abstract_tfidf__striking,-0.08236449273549593
terms_abstract_tfidf__stroke,0.12442772811662466
terms_abstract_tfidf__strong,-0.003740225194250879
terms_abstract_tfidf__strongest,-0.04409194034767009
terms_abstract_tfidf__strongly,-0.06904668513246826
terms_abstract_tfidf__stroop,0.06857739388456392
terms_abstract_tfidf__stroop task,0.07532167558439615
terms_abstract_tfidf__structural,0.010799845471616313
terms_abstract_tfidf__structural functional,-0.04044792224282288
terms_abstract_tfidf__structural magnetic,0.01925358214552222
terms_abstract_tfidf__structure,-0.024730749725049538
terms_abstract_tfidf__structure function,0.02432558668526644
terms_abstract_tfidf__structures,0.020994631030510674
terms_abstract_tfidf__structures involved,0.011545118891223206
terms_abstract_tfidf__sts,-0.04170382812850945
terms_abstract_tfidf__students,-0.023175147468001374
terms_abstract_tfidf__studied,-0.015350741286710861
terms_abstract_tfidf__studying,-0.03845636015234697
terms_abstract_tfidf__sub,0.03332943776217762
terms_abstract_tfidf__subcortical,0.15031592994504187
terms_abstract_tfidf__subcortical structures,0.08439489632723686
terms_abstract_tfidf__subgenual,0.04742242629083172
terms_abstract_tfidf__subject,0.12758539153713452
terms_abstract_tfidf__subjective,0.03453689243260128
terms_abstract_tfidf__subregions,-0.024130863842532976
terms_abstract_tfidf__subsequent,-0.09556228910914964
terms_abstract_tfidf__subsequent memory,-0.14499309008380132
terms_abstract_tfidf__subsequently,-0.029432010632362907
terms_abstract_tfidf__subserve,0.02715347075370726
terms_abstract_tfidf__subserved,-0.004534733451280544
terms_abstract_tfidf__subserving,0.005016178938215624
terms_abstract_tfidf__subset,-0.013235193639555791
terms_abstract_tfidf__substance,0.09185210433363149
terms_abstract_tfidf__substantia,0.009377854283244705
terms_abstract_tfidf__substantial,0.041641251970009084
terms_abstract_tfidf__substantially,0.013777899510731195
terms_abstract_tfidf__substrate,-0.0463128145103879
terms_abstract_tfidf__substrates,0.043838783904322456
terms_abstract_tfidf__subtle,-0.05048349891640179
terms_abstract_tfidf__subtraction,0.01723621655271034
terms_abstract_tfidf__success,0.035287161341417614
terms_abstract_tfidf__successful,-0.08018709465570259
terms_abstract_tfidf__successfully,-0.12532998473462267
terms_abstract_tfidf__successive,0.07131879936121213
terms_abstract_tfidf__suffering,0.038338327480712545
terms_abstract_tfidf__sufficient,-0.0730093174421801
terms_abstract_tfidf__suggest,-0.10593861411392741
terms_abstract_tfidf__suggest functional,0.018433746816084003
terms_abstract_tfidf__suggested,0.06124966459200445
terms_abstract_tfidf__suggesting,-0.06041496943740787
terms_abstract_tfidf__suggests,-0.04582800741512124
terms_abstract_tfidf__sulci,-0.11982965699801745
terms_abstract_tfidf__sulcus,-0.12326783385475118
terms_abstract_tfidf__sulcus ips,-0.094395631307374
terms_abstract_tfidf__sulcus sts,-0.051393804174243905
terms_abstract_tfidf__sum,-0.04808635627614102
terms_abstract_tfidf__summary,0.03805105743839902
terms_abstract_tfidf__superior,0.007997814763783789
terms_abstract_tfidf__superior frontal,0.038036516001402405
terms_abstract_tfidf__superior inferior,-0.008847305287482697
terms_abstract_tfidf__superior middle,0.05448501744184971
terms_abstract_tfidf__superior parietal,-0.07936344370407765
terms_abstract_tfidf__superior temporal,0.05243287700846187
terms_abstract_tfidf__supplementary,0.18816164326511445
terms_abstract_tfidf__supplementary motor,0.20873926215039523
terms_abstract_tfidf__supported,-0.10889190985234669
terms_abstract_tfidf__supporting,-0.06147983510813593
terms_abstract_tfidf__supports,-0.04809849849657565
terms_abstract_tfidf__suppressed,0.032104877150113176
terms_abstract_tfidf__suppression,-0.04159342455615553
terms_abstract_tfidf__supramarginal,0.04844762690318079
terms_abstract_tfidf__supramarginal gyrus,0.03869642391885574
terms_abstract_tfidf__surface,0.018672022582289706
terms_abstract_tfidf__surprisingly,-0.11713220254758719
terms_abstract_tfidf__surrounding,-0.06168750498004177
terms_abstract_tfidf__susceptibility,0.07290123702137606
terms_abstract_tfidf__sustained,0.042464748930655195
terms_abstract_tfidf__sustained attention,0.08841995586242908
terms_abstract_tfidf__switch,0.028757256745095078
terms_abstract_tfidf__switching,0.03714141376181608
terms_abstract_tfidf__symbolic,-0.11624075537490408
terms_abstract_tfidf__symptom,0.06476480650295795
terms_abstract_tfidf__symptom severity,-0.017954912745679567
terms_abstract_tfidf__symptoms,0.018940973725760403
terms_abstract_tfidf__synchronization,0.06267191564557885
terms_abstract_tfidf__syndrome,0.0375387164711379
terms_abstract_tfidf__syntactic,0.09602957984933407
terms_abstract_tfidf__systematic,-0.05642459660835132
terms_abstract_tfidf__systematically,0.026113259425694656
terms_abstract_tfidf__systems,0.056947378253912724
terms_abstract_tfidf__systems involved,0.035206245507795116
terms_abstract_tfidf__t1,0.015485045354004029
terms_abstract_tfidf__t1 weighted,0.017567778946977544
terms_abstract_tfidf__tactile,0.10524172323903794
terms_abstract_tfidf__taken,-0.024850830913974827
terms_abstract_tfidf__taken suggest,-0.03732278766228776
terms_abstract_tfidf__taking,0.08031333495600523
terms_abstract_tfidf__tapping,0.13010974349653817
terms_abstract_tfidf__target,-0.03393058910933133
terms_abstract_tfidf__target detection,0.054443578827949084
terms_abstract_tfidf__targeted,0.030727546254033337
terms_abstract_tfidf__targets,-0.06086850047705076
terms_abstract_tfidf__task,0.015464129382239596
terms_abstract_tfidf__task conditions,0.03525878127427817
terms_abstract_tfidf__task demands,0.03535708844663522
terms_abstract_tfidf__task difficulty,-0.04458540323650282
terms_abstract_tfidf__task functional,0.06213565621862191
terms_abstract_tfidf__task induced,-0.01506844657902639
terms_abstract_tfidf__task involving,-0.02769130615658775
terms_abstract_tfidf__task irrelevant,-0.0874640136253058
terms_abstract_tfidf__task performance,0.020276160548217306
terms_abstract_tfidf__task positive,-0.04312553784237648
terms_abstract_tfidf__task relevant,-0.0640939851465552
terms_abstract_tfidf__task required,0.030909300919207586
terms_abstract_tfidf__task task,0.10981958174802436
terms_abstract_tfidf__task using,0.032875308457553966
terms_abstract_tfidf__tasks,0.00756620831667318
terms_abstract_tfidf__taste,0.12979556434924874
terms_abstract_tfidf__td,-0.006862232929551109
terms_abstract_tfidf__technique,0.060013381398917855
terms_abstract_tfidf__techniques,0.05992630255721318
terms_abstract_tfidf__tegmental,0.04012059315363655
terms_abstract_tfidf__temporal,-0.11727521646459815
terms_abstract_tfidf__temporal cortex,-0.13246217432792717
terms_abstract_tfidf__temporal cortices,-0.037970111220231424
terms_abstract_tfidf__temporal frontal,-0.03525578983598345
terms_abstract_tfidf__temporal gyri,-0.005677298307129203
terms_abstract_tfidf__temporal gyrus,0.035707135742120616
terms_abstract_tfidf__temporal inferior,0.010093050436611907
terms_abstract_tfidf__temporal lobe,-0.17146242251104504
terms_abstract_tfidf__temporal lobes,-0.12792187750783393
terms_abstract_tfidf__temporal occipital,-0.1628775619437064
terms_abstract_tfidf__temporal parietal,-0.06598785016061791
terms_abstract_tfidf__temporal pole,-0.0020371312389374434
terms_abstract_tfidf__temporal sulcus,-0.05130973939811009
terms_abstract_tfidf__temporale,0.11210402859749624
terms_abstract_tfidf__temporally,0.06982307040540611
terms_abstract_tfidf__temporo,-0.09765831389385102
terms_abstract_tfidf__temporo parietal,-0.05901878358853384
terms_abstract_tfidf__temporoparietal,-0.07630780653963815
terms_abstract_tfidf__temporoparietal junction,-0.0709000528241309
terms_abstract_tfidf__tend,-0.029406781750190486
terms_abstract_tfidf__tendency,0.010688698726868036
terms_abstract_tfidf__tensor,-0.0026176488184018296
terms_abstract_tfidf__tensor dti,-0.018019629764830493
terms_abstract_tfidf__term,-0.06148592852991885
terms_abstract_tfidf__term memory,-0.12073156146149441
terms_abstract_tfidf__terms,0.02141874395864091
terms_abstract_tfidf__tesla,0.006770394752718744
terms_abstract_tfidf__test,-0.11048094878292067
terms_abstract_tfidf__tested,-0.05892252083116318
terms_abstract_tfidf__testing,-0.0299783808815357
terms_abstract_tfidf__tests,-0.0025310706530981865
terms_abstract_tfidf__thalamic,0.05401924372967403
terms_abstract_tfidf__thalamus,0.17026864615773982
terms_abstract_tfidf__theoretical,-0.038883841353306164
terms_abstract_tfidf__theories,-0.034554018944221984
terms_abstract_tfidf__theory,-0.04068628455455298
terms_abstract_tfidf__theory mind,-0.06472843080801947
terms_abstract_tfidf__therapeutic,0.07106097069047727
terms_abstract_tfidf__therapy,0.034749254476266846
terms_abstract_tfidf__thickness,-0.008843947328342547
terms_abstract_tfidf__thinking,-0.10728892420347083
terms_abstract_tfidf__thirteen,0.04179829901041482
terms_abstract_tfidf__thirty,0.08837209226032648
terms_abstract_tfidf__thought,-0.06368354051415659
terms_abstract_tfidf__thoughts,-0.015065548802631501
terms_abstract_tfidf__threat,-0.014674298480978589
terms_abstract_tfidf__threatening,-0.037117680834373105
terms_abstract_tfidf__threshold,0.12492059919258808
terms_abstract_tfidf__time,0.04315220775265034
terms_abstract_tfidf__time course,0.018898418909248524
terms_abstract_tfidf__time courses,0.07350752627361455
terms_abstract_tfidf__time points,0.01225616388708713
terms_abstract_tfidf__time series,0.022116370622626596
terms_abstract_tfidf__time task,0.07215581692400018
terms_abstract_tfidf__times,-0.015137035687863872
terms_abstract_tfidf__timing,0.14250255949081803
terms_abstract_tfidf__tissue,-0.016862570780652553
terms_abstract_tfidf__tms,0.0953320272232984
terms_abstract_tfidf__tom,-0.04136061960993382
terms_abstract_tfidf__tomography,0.041849736358460635
terms_abstract_tfidf__tomography pet,0.024481260864158964
terms_abstract_tfidf__tone,0.12963069546834538
terms_abstract_tfidf__tones,0.1391762098301635
terms_abstract_tfidf__took,-0.05770785530340593
terms_abstract_tfidf__tool,-0.059870306000165005
terms_abstract_tfidf__tools,-0.10861636540717888
terms_abstract_tfidf__total,0.03698273483512704
terms_abstract_tfidf__touch,0.094486908687306
terms_abstract_tfidf__tpj,-0.10070495378303289
terms_abstract_tfidf__track,-0.014192285402534454
terms_abstract_tfidf__tracking,-0.023068010379483857
terms_abstract_tfidf__tract,0.05339814431890285
terms_abstract_tfidf__tractography,0.02232510710015181
terms_abstract_tfidf__tracts,0.04751323700847095
terms_abstract_tfidf__traditional,0.005307531339641089
terms_abstract_tfidf__traditionally,-0.018636820020907278
terms_abstract_tfidf__trained,-0.07977138177474691
terms_abstract_tfidf__training,0.04199819084770305
terms_abstract_tfidf__trait,0.025369195523680093
terms_abstract_tfidf__traits,0.017852061939690026
terms_abstract_tfidf__trajectories,0.024269949231845493
terms_abstract_tfidf__transcranial,0.13241794559922113
terms_abstract_tfidf__transcranial magnetic,0.11774094903300411
terms_abstract_tfidf__transfer,-0.0372220482565939
terms_abstract_tfidf__transformation,0.003489121049279574
terms_abstract_tfidf__transient,-0.05922729887131482
terms_abstract_tfidf__transition,-0.0017870990074854978
terms_abstract_tfidf__trauma,-0.028371492952323035
terms_abstract_tfidf__traumatic,0.02425588260461741
terms_abstract_tfidf__treated,0.0515701158851229
terms_abstract_tfidf__treatment,0.08650666163272273
terms_abstract_tfidf__treatments,0.024932168785534118
terms_abstract_tfidf__trend,0.042595842084946385
terms_abstract_tfidf__trial,0.08209266432588005
terms_abstract_tfidf__trial trial,0.027025882967460193
terms_abstract_tfidf__trials,0.04845622017738534
terms_abstract_tfidf__trigger,0.005514064839007424
terms_abstract_tfidf__triggered,0.017480582900215615
terms_abstract_tfidf__true,-0.016061893956670674
terms_abstract_tfidf__turn,0.007961101487645178
terms_abstract_tfidf__twice,0.036578279955390716
terms_abstract_tfidf__type,-0.06075947436496355
terms_abstract_tfidf__types,-0.045812418005568185
terms_abstract_tfidf__typical,-0.05836882883610205
terms_abstract_tfidf__typically,-0.04194353735211932
terms_abstract_tfidf__typically developing,-0.009085808230136874
terms_abstract_tfidf__unaffected,0.02226470668052231
terms_abstract_tfidf__uncertain,0.07810608642462226
terms_abstract_tfidf__uncertainty,0.08801536951939902
terms_abstract_tfidf__unclear,-0.049658668918915065
terms_abstract_tfidf__undergoing,0.021540947270410095
terms_abstract_tfidf__undergoing functional,-0.021347920556326967
terms_abstract_tfidf__underlie,0.001937579878152874
terms_abstract_tfidf__underlies,0.048916528277776095
terms_abstract_tfidf__underlying,0.050507254251565034
terms_abstract_tfidf__underlying mechanisms,0.03160577812507555
terms_abstract_tfidf__underpinning,-0.08634760909754662
terms_abstract_tfidf__underpinnings,0.012774342208684378
terms_abstract_tfidf__understand,-0.04799884163279075
terms_abstract_tfidf__understanding,-0.03414668531660624
terms_abstract_tfidf__understood,0.0795602708019312
terms_abstract_tfidf__unexpected,0.08646825471451577
terms_abstract_tfidf__unfamiliar,-0.21704363308774008
terms_abstract_tfidf__unilateral,0.024022466617587713
terms_abstract_tfidf__unimodal,-0.043018711048276405
terms_abstract_tfidf__unique,-0.022743724718379748
terms_abstract_tfidf__uniquely,0.04421113909376003
terms_abstract_tfidf__univariate,-0.12052265801102445
terms_abstract_tfidf__unknown,-0.09287190972413077
terms_abstract_tfidf__unlike,-0.0009746012692171479
terms_abstract_tfidf__unmedicated,0.0009903943167564094
terms_abstract_tfidf__unpleasant,0.06508665478847346
terms_abstract_tfidf__unrelated,0.039548588755552144
terms_abstract_tfidf__upcoming,0.031350348751199686
terms_abstract_tfidf__updating,-0.043969193562375546
terms_abstract_tfidf__upper,0.04169482279664222
terms_abstract_tfidf__use,0.0021704780613764165
terms_abstract_tfidf__use functional,0.06953492952502728
terms_abstract_tfidf__useful,0.021572965540602097
terms_abstract_tfidf__users,0.01902227959311443
terms_abstract_tfidf__uses,-0.036610914981287615
terms_abstract_tfidf__using,-0.005753579103571196
terms_abstract_tfidf__using event,-0.0006058787130928453
terms_abstract_tfidf__using functional,0.03535663425518854
terms_abstract_tfidf__using resting,0.005156158649263149
terms_abstract_tfidf__using voxel,0.04382477595266194
terms_abstract_tfidf__usually,0.03181973741009498
terms_abstract_tfidf__utility,0.06086509420359108
terms_abstract_tfidf__utilized,0.04750628930641706
terms_abstract_tfidf__v1,-0.17647234147824487
terms_abstract_tfidf__v5,-0.15087078961181194
terms_abstract_tfidf__valence,-0.04112119472755701
terms_abstract_tfidf__valid,-0.017433453379820055
terms_abstract_tfidf__validated,0.03492958781713985
terms_abstract_tfidf__validity,-0.07600549995455907
terms_abstract_tfidf__valuable,0.044326619017580025
terms_abstract_tfidf__value,0.057117634098167815
terms_abstract_tfidf__values,0.059692462378836714
terms_abstract_tfidf__variability,0.12077921699315511
terms_abstract_tfidf__variable,0.005403270235878939
terms_abstract_tfidf__variables,0.06628631015253822
terms_abstract_tfidf__variance,0.09545970780780551
terms_abstract_tfidf__variant,-0.029904944053758358
terms_abstract_tfidf__variation,0.061498762172751326
terms_abstract_tfidf__variations,0.05297417635523045
terms_abstract_tfidf__varied,-0.013955277609411064
terms_abstract_tfidf__varies,0.03406331051940824
terms_abstract_tfidf__variety,-0.022810774224296334
terms_abstract_tfidf__various,-0.03720046675870897
terms_abstract_tfidf__vary,-0.02049775575163711
terms_abstract_tfidf__varying,0.013999042666756554
terms_abstract_tfidf__vbm,-0.00017250260596895416
terms_abstract_tfidf__vector,-0.06688096208231842
terms_abstract_tfidf__ventral,-0.05411043233454828
terms_abstract_tfidf__ventral anterior,0.037116204679783354
terms_abstract_tfidf__ventral dorsal,-0.0488574357956028
terms_abstract_tfidf__ventral medial,-0.05811673862721984
terms_abstract_tfidf__ventral premotor,0.035793761528945464
terms_abstract_tfidf__ventral striatum,0.11887346110838987
terms_abstract_tfidf__ventral tegmental,0.04052501442449265
terms_abstract_tfidf__ventral visual,-0.22262743059635334
terms_abstract_tfidf__ventrolateral,0.13528602751898414
terms_abstract_tfidf__ventrolateral prefrontal,0.11719859186711025
terms_abstract_tfidf__ventromedial,0.00033211027045256555
terms_abstract_tfidf__ventromedial prefrontal,0.0018945520292898408
terms_abstract_tfidf__verb,0.04257285791098706
terms_abstract_tfidf__verbal,0.056278982667750034
terms_abstract_tfidf__verbal fluency,0.06468522451745674
terms_abstract_tfidf__verbal working,0.08624809703219094
terms_abstract_tfidf__verbs,0.017429224801128667
terms_abstract_tfidf__vermis,0.023949209201591184
terms_abstract_tfidf__version,0.09251088178062593
terms_abstract_tfidf__versus,-0.17673775576177078
terms_abstract_tfidf__vi,0.006246913222368348
terms_abstract_tfidf__video,-0.07715809573352404
terms_abstract_tfidf__video clips,-0.09459171462108698
terms_abstract_tfidf__videos,-0.18141798102851603
terms_abstract_tfidf__view,-0.1490136837726133
terms_abstract_tfidf__viewed,-0.20008117124029387
terms_abstract_tfidf__viewing,-0.2251076551152701
terms_abstract_tfidf__violations,0.07539769158162742
terms_abstract_tfidf__virtual,-0.16550065047268903
terms_abstract_tfidf__vision,-0.17832502996323624
terms_abstract_tfidf__visual,-0.23421291042246153
terms_abstract_tfidf__visual attention,-0.1504455672986201
terms_abstract_tfidf__visual auditory,-0.05037543362944585
terms_abstract_tfidf__visual cortex,-0.17478428748271185
terms_abstract_tfidf__visual cortices,-0.11867116916369871
terms_abstract_tfidf__visual field,-0.12467303682753807
terms_abstract_tfidf__visual information,-0.10358314233973874
terms_abstract_tfidf__visual motion,-0.16444818257505053
terms_abstract_tfidf__visual perception,-0.1519550834577436
terms_abstract_tfidf__visual stimuli,-0.15495266857652798
terms_abstract_tfidf__visual stimulus,-0.029078250433692884
terms_abstract_tfidf__visual stream,-0.20442595655275647
terms_abstract_tfidf__visual word,-0.13973552706757253
terms_abstract_tfidf__visually,-0.0811906771623173
terms_abstract_tfidf__visually presented,-0.055402845112537485
terms_abstract_tfidf__visuo,-0.17113664878611037
terms_abstract_tfidf__visuo spatial,-0.1351298477801593
terms_abstract_tfidf__visuomotor,-0.03037399482231093
terms_abstract_tfidf__visuospatial,-0.15272035599355982
terms_abstract_tfidf__vivo,0.02312308546755583
terms_abstract_tfidf__vlpfc,0.11230918977871722
terms_abstract_tfidf__vmpfc,-0.013397632569639939
terms_abstract_tfidf__vocal,0.16556145717524576
terms_abstract_tfidf__voice,0.06411424500225585
terms_abstract_tfidf__volume,0.021144468183594625
terms_abstract_tfidf__volumes,0.02060164894678449
terms_abstract_tfidf__volumetric,-0.05504612942927874
terms_abstract_tfidf__voluntary,0.13530051922774813
terms_abstract_tfidf__volunteers,0.16953221094104542
terms_abstract_tfidf__voxel,0.007631117998686526
terms_abstract_tfidf__voxel morphometry,0.019743173695221383
terms_abstract_tfidf__voxel wise,0.028356421782540907
terms_abstract_tfidf__voxels,-0.025441762045513443
terms_abstract_tfidf__voxelwise,-0.02673609204448792
terms_abstract_tfidf__vs,-0.020119125882433284
terms_abstract_tfidf__vulnerability,0.029166436154936824
terms_abstract_tfidf__watched,-0.14535246471234495
terms_abstract_tfidf__watching,-0.03411774087301668
terms_abstract_tfidf__way,-0.08037560774633153
terms_abstract_tfidf__ways,-0.015518319598688745
terms_abstract_tfidf__weak,0.028135042827338332
terms_abstract_tfidf__weaker,0.02286320211857749
terms_abstract_tfidf__week,0.015154808507236427
terms_abstract_tfidf__weeks,0.08300509156961908
terms_abstract_tfidf__weight,0.0019833441831336824
terms_abstract_tfidf__weighted,0.031090094166440017
terms_abstract_tfidf__whilst,-0.04750137954413922
terms_abstract_tfidf__white,0.012670747579124248
terms_abstract_tfidf__white matter,0.021156728901247313
terms_abstract_tfidf__wide,-0.03220526638777677
terms_abstract_tfidf__widely,-0.034401527351481796
terms_abstract_tfidf__widespread,0.04155342267351662
terms_abstract_tfidf__wiley,-0.05897166792128082
terms_abstract_tfidf__wiley periodicals,-0.05237946078747843
terms_abstract_tfidf__window,0.07996510334959667
terms_abstract_tfidf__wise,0.03263010127652404
terms_abstract_tfidf__wm,0.007091722615605707
terms_abstract_tfidf__wm task,-0.01030559542408423
terms_abstract_tfidf__women,0.03200954576281426
terms_abstract_tfidf__word,-0.02816038051627887
terms_abstract_tfidf__word form,-0.12863117899510618
terms_abstract_tfidf__word pairs,-0.01482769798792648
terms_abstract_tfidf__word recognition,-0.03841151078429762
terms_abstract_tfidf__words,-0.028398712413487428
terms_abstract_tfidf__work,0.07663735167222886
terms_abstract_tfidf__working,0.026226329118513757
terms_abstract_tfidf__working memory,0.02843640370794331
terms_abstract_tfidf__world,-0.17499592101017933
terms_abstract_tfidf__worse,-0.05511143512738187
terms_abstract_tfidf__written,-0.06410011957673514
terms_abstract_tfidf__year,-0.08908757215206586
terms_abstract_tfidf__year old,-0.06093788543290135
terms_abstract_tfidf__years,0.023918511585948567
terms_abstract_tfidf__years old,-0.032810649132423424
terms_abstract_tfidf__yield,-0.0009892418868051008
terms_abstract_tfidf__yielded,-0.03681681807214405
terms_abstract_tfidf__young,-0.04246876091519127
terms_abstract_tfidf__young adults,-0.012316049161524466
terms_abstract_tfidf__young healthy,0.07100956938942163
terms_abstract_tfidf__young older,-0.03685459441233154
terms_abstract_tfidf__younger,-0.07016723186190765
terms_abstract_tfidf__younger adults,-0.06364272271323326
terms_abstract_tfidf__youth,0.007302386766790623
terms_abstract_tfidf__zone,0.10202665440567217
