feature,r
terms_abstract_tfidf__001,0.0982461847898937
terms_abstract_tfidf__01,0.12466489074000302
terms_abstract_tfidf__05,0.07546328369958478
terms_abstract_tfidf__10,0.19374065393406667
terms_abstract_tfidf__100,0.060497522568190944
terms_abstract_tfidf__11,0.06488865002479492
terms_abstract_tfidf__12,0.07207263446197779
terms_abstract_tfidf__12 healthy,0.02232805031122021
terms_abstract_tfidf__13,0.10099943633393925
terms_abstract_tfidf__14,0.005669770877977594
terms_abstract_tfidf__14 healthy,-0.02836305971915512
terms_abstract_tfidf__15,0.01866650739743616
terms_abstract_tfidf__15 healthy,0.008178008740082275
terms_abstract_tfidf__16,0.10466085080731247
terms_abstract_tfidf__16 healthy,0.06688252734248473
terms_abstract_tfidf__17,0.08303101582327099
terms_abstract_tfidf__18,0.07303321633914008
terms_abstract_tfidf__18 healthy,0.04668938013816397
terms_abstract_tfidf__19,0.026022234585689315
terms_abstract_tfidf__20,0.02783101523077907
terms_abstract_tfidf__20 healthy,-0.02439773162437151
terms_abstract_tfidf__200,-0.03576015950587769
terms_abstract_tfidf__2014,0.002477916074161556
terms_abstract_tfidf__21,0.10436778116530607
terms_abstract_tfidf__22,0.06361837222989701
terms_abstract_tfidf__23,0.06933970804337457
terms_abstract_tfidf__24,0.10120833903505484
terms_abstract_tfidf__25,0.1219221038033266
terms_abstract_tfidf__26,0.07898622530783266
terms_abstract_tfidf__27,0.07760787138265086
terms_abstract_tfidf__28,0.11541144850527982
terms_abstract_tfidf__29,0.05010201452451143
terms_abstract_tfidf__30,0.03445080037580511
terms_abstract_tfidf__31,0.11091792956121324
terms_abstract_tfidf__32,0.13904620142499885
terms_abstract_tfidf__33,0.08319281466554306
terms_abstract_tfidf__34,0.10534086460708558
terms_abstract_tfidf__35,0.0985210766775211
terms_abstract_tfidf__36,-0.010548976231616512
terms_abstract_tfidf__37,-0.06107422661102784
terms_abstract_tfidf__38,0.09612469036993923
terms_abstract_tfidf__39,0.08857033848715695
terms_abstract_tfidf__3d,-0.2247306324554547
terms_abstract_tfidf__3t,0.05623441766525958
terms_abstract_tfidf__40,-0.08567494633644775
terms_abstract_tfidf__41,0.06229779743859681
terms_abstract_tfidf__42,0.04963768883706341
terms_abstract_tfidf__43,0.1311278507843691
terms_abstract_tfidf__44,-0.027431520682771018
terms_abstract_tfidf__45,-0.05504294104213046
terms_abstract_tfidf__46,0.07995799994183117
terms_abstract_tfidf__47,0.07351066654546957
terms_abstract_tfidf__48,0.06302696282087075
terms_abstract_tfidf__49,0.08679477637228963
terms_abstract_tfidf__50,0.09044927038933381
terms_abstract_tfidf__60,-0.053953923583490576
terms_abstract_tfidf__70,-0.018595566789253587
terms_abstract_tfidf__75,0.0010893746659760783
terms_abstract_tfidf__80,-0.031237369983660987
terms_abstract_tfidf__90,-0.04811482133945822
terms_abstract_tfidf__aberrant,0.21744883548327362
terms_abstract_tfidf__abilities,-0.08681313910266496
terms_abstract_tfidf__ability,0.022636162507046313
terms_abstract_tfidf__able,-0.04775632583834566
terms_abstract_tfidf__abnormal,0.13333583595569384
terms_abstract_tfidf__abnormalities,0.09983907379945955
terms_abstract_tfidf__abnormality,0.10443364428868789
terms_abstract_tfidf__absence,-0.07480123121458226
terms_abstract_tfidf__absent,0.029223974439145848
terms_abstract_tfidf__abstract,-0.10896741240077068
terms_abstract_tfidf__abuse,0.10675548902988131
terms_abstract_tfidf__acc,0.23420735277457239
terms_abstract_tfidf__access,-0.09533156267472698
terms_abstract_tfidf__accompanied,0.10388853008256979
terms_abstract_tfidf__accordance,-0.03320790525880183
terms_abstract_tfidf__according,-0.026800389227797303
terms_abstract_tfidf__accordingly,-0.029465491877131805
terms_abstract_tfidf__account,-0.029901976169673772
terms_abstract_tfidf__accounted,-0.025622421627364254
terms_abstract_tfidf__accounts,0.04574123741880485
terms_abstract_tfidf__accumbens,0.19453496607248816
terms_abstract_tfidf__accuracy,0.08244463687046341
terms_abstract_tfidf__accurate,-0.04160098928320469
terms_abstract_tfidf__accurately,0.07003053487598951
terms_abstract_tfidf__achieve,-0.033161583439451206
terms_abstract_tfidf__achieved,-0.022252985488866568
terms_abstract_tfidf__acoustic,0.013340685044750075
terms_abstract_tfidf__acquired,0.013424708834761177
terms_abstract_tfidf__acquisition,-0.02695054263257039
terms_abstract_tfidf__act,0.003360796639086394
terms_abstract_tfidf__action,-0.1345003520677214
terms_abstract_tfidf__action observation,-0.22014838643325724
terms_abstract_tfidf__actions,-0.16081677266533845
terms_abstract_tfidf__activate,-0.16359496848353214
terms_abstract_tfidf__activates,-0.07463222641244383
terms_abstract_tfidf__activations,-0.1370498113575979
terms_abstract_tfidf__active,-0.010949546868325992
terms_abstract_tfidf__actively,-0.026339904397154376
terms_abstract_tfidf__activities,-0.0018866346992872675
terms_abstract_tfidf__acts,-0.03045005341323867
terms_abstract_tfidf__actual,0.011013155029787156
terms_abstract_tfidf__actually,-0.027303460954157716
terms_abstract_tfidf__acute,0.10661205800317597
terms_abstract_tfidf__ad,0.04780722794319287
terms_abstract_tfidf__adaptation,-0.18496465228934106
terms_abstract_tfidf__adapted,0.01650438560882395
terms_abstract_tfidf__adaptive,0.16352534523614892
terms_abstract_tfidf__add,-0.05287133053676109
terms_abstract_tfidf__addiction,0.15155854942680355
terms_abstract_tfidf__addition,-0.0013421441218134387
terms_abstract_tfidf__additional,-0.13724261100414198
terms_abstract_tfidf__additionally,0.03165533680556804
terms_abstract_tfidf__addressed,0.013594270153586985
terms_abstract_tfidf__adhd,0.18086705232022424
terms_abstract_tfidf__adjacent,-0.10633803279823958
terms_abstract_tfidf__administered,0.012241887746609708
terms_abstract_tfidf__administration,0.08582990460949268
terms_abstract_tfidf__adolescence,0.1428990779082485
terms_abstract_tfidf__adolescent,0.22898201549883018
terms_abstract_tfidf__adolescents,0.1712041233835581
terms_abstract_tfidf__adopted,-0.025867458044126927
terms_abstract_tfidf__adult,0.0727772294922423
terms_abstract_tfidf__adulthood,0.12070536367621669
terms_abstract_tfidf__adults,0.11666597758940167
terms_abstract_tfidf__advance,-0.060814894177223376
terms_abstract_tfidf__advanced,-0.03268949969033249
terms_abstract_tfidf__advances,0.07704016058891215
terms_abstract_tfidf__advantage,-0.12112630128050021
terms_abstract_tfidf__affect,0.06295787718820968
terms_abstract_tfidf__affected,-0.007038398326863015
terms_abstract_tfidf__affecting,-0.060888854121855414
terms_abstract_tfidf__affective,0.14468289095322415
terms_abstract_tfidf__affects,0.057005971291347775
terms_abstract_tfidf__age,0.12588501552933126
terms_abstract_tfidf__age controls,-0.05875017908589857
terms_abstract_tfidf__age gender,0.11501389396683599
terms_abstract_tfidf__age groups,0.005812027941211601
terms_abstract_tfidf__age healthy,-0.0265308313412596
terms_abstract_tfidf__age sex,0.06550241802161055
terms_abstract_tfidf__aged,0.07801269938318084
terms_abstract_tfidf__agent,-0.04746122526367426
terms_abstract_tfidf__ages,0.0787580784148666
terms_abstract_tfidf__aging,0.0848901373691669
terms_abstract_tfidf__agreement,0.0325619223324025
terms_abstract_tfidf__aim,0.020797111491524543
terms_abstract_tfidf__aimed,0.07142175044115098
terms_abstract_tfidf__aims,0.07550206735677364
terms_abstract_tfidf__al,0.03512619399515152
terms_abstract_tfidf__alcohol,0.12763460262252455
terms_abstract_tfidf__alff,0.035818884627886176
terms_abstract_tfidf__algorithm,-0.019966943149334327
terms_abstract_tfidf__allele,0.09916096534216436
terms_abstract_tfidf__allocation,-0.03456648954829271
terms_abstract_tfidf__allow,-0.07044652931522317
terms_abstract_tfidf__allowed,-0.11245102888589455
terms_abstract_tfidf__allowing,0.02547489500127761
terms_abstract_tfidf__allows,-0.013699155216113952
terms_abstract_tfidf__alpha,-0.07552933871429461
terms_abstract_tfidf__alter,0.11198648713484372
terms_abstract_tfidf__alteration,0.025501730680072564
terms_abstract_tfidf__alterations,0.10859708326686127
terms_abstract_tfidf__altered,0.1956780329525722
terms_abstract_tfidf__alternating,-0.024102119199477266
terms_abstract_tfidf__alternative,0.07113650123045545
terms_abstract_tfidf__alters,-0.015875026510177817
terms_abstract_tfidf__alzheimer,0.03522369988218167
terms_abstract_tfidf__alzheimer disease,0.03505548583713069
terms_abstract_tfidf__ambiguous,-0.026116192472984707
terms_abstract_tfidf__amnestic,0.04400788408970865
terms_abstract_tfidf__amplitude,-0.06782372722667614
terms_abstract_tfidf__amplitude low,0.024427209477547725
terms_abstract_tfidf__amplitudes,-0.08211230670734986
terms_abstract_tfidf__amygdala,0.09050552794790916
terms_abstract_tfidf__amygdala anterior,0.056247730181480785
terms_abstract_tfidf__amygdala hippocampus,0.04336011995055315
terms_abstract_tfidf__amygdala insula,0.04222764262759355
terms_abstract_tfidf__amygdala response,0.050322102822307396
terms_abstract_tfidf__amygdala responses,-0.023058338093461563
terms_abstract_tfidf__analysed,0.01939983322209237
terms_abstract_tfidf__analyses,0.09101508431795004
terms_abstract_tfidf__analyze,-0.10846755932526113
terms_abstract_tfidf__analyzed,0.02479550960402019
terms_abstract_tfidf__analyzed using,0.014549247311604788
terms_abstract_tfidf__analyzing,-0.07949987022242862
terms_abstract_tfidf__anatomical,-0.054894745067811904
terms_abstract_tfidf__anatomically,0.022951743946383718
terms_abstract_tfidf__anatomy,-0.04342672814740482
terms_abstract_tfidf__anger,-0.019866374919882773
terms_abstract_tfidf__angry,-0.043372130113682086
terms_abstract_tfidf__angular,0.030123984178145925
terms_abstract_tfidf__angular gyrus,0.04288989611314739
terms_abstract_tfidf__animal,0.04758876143682506
terms_abstract_tfidf__animals,-0.02815880754979866
terms_abstract_tfidf__anisotropy,0.014086178232184991
terms_abstract_tfidf__anisotropy fa,0.0015401387207364377
terms_abstract_tfidf__anterior,0.27713158959700007
terms_abstract_tfidf__anterior cingulate,0.28246926670788536
terms_abstract_tfidf__anterior hippocampus,-0.04993005559578792
terms_abstract_tfidf__anterior insula,0.23326543658080395
terms_abstract_tfidf__anterior insular,0.10826212711459317
terms_abstract_tfidf__anterior intraparietal,-0.1736919390150729
terms_abstract_tfidf__anterior medial,0.10502473883297093
terms_abstract_tfidf__anterior posterior,0.11570819672361729
terms_abstract_tfidf__anterior prefrontal,0.11321148076119451
terms_abstract_tfidf__anterior superior,-0.04147242625257827
terms_abstract_tfidf__anterior temporal,-0.053315070465003785
terms_abstract_tfidf__anti,0.08676368283385157
terms_abstract_tfidf__anticipation,0.20103657017368035
terms_abstract_tfidf__anticipatory,0.09900906373207424
terms_abstract_tfidf__anxiety,0.11964510275674015
terms_abstract_tfidf__anxiety disorders,0.05075449060287522
terms_abstract_tfidf__apart,-0.007036155573194893
terms_abstract_tfidf__aphasia,-0.04434898559439517
terms_abstract_tfidf__apparent,-0.0704910115748713
terms_abstract_tfidf__appear,-0.06612571089539504
terms_abstract_tfidf__appeared,-0.05854853873936002
terms_abstract_tfidf__appears,-0.09661955374050055
terms_abstract_tfidf__application,0.11779358216250559
terms_abstract_tfidf__applied,0.0861215087446984
terms_abstract_tfidf__apply,-0.0019248524468289318
terms_abstract_tfidf__applying,-0.0820931464581146
terms_abstract_tfidf__appraisal,0.05826173880822734
terms_abstract_tfidf__approach,0.07944916515786456
terms_abstract_tfidf__approaches,0.1465432121729628
terms_abstract_tfidf__appropriate,-0.009483752873909027
terms_abstract_tfidf__approximately,-0.033448486222682976
terms_abstract_tfidf__architecture,0.12607154973928408
terms_abstract_tfidf__argue,-0.10610305201965514
terms_abstract_tfidf__arise,0.041994300397465906
terms_abstract_tfidf__arithmetic,-0.04177577293639779
terms_abstract_tfidf__arm,-0.12735167453937582
terms_abstract_tfidf__arousal,0.08673497963811122
terms_abstract_tfidf__arterial,0.11022267515004326
terms_abstract_tfidf__arterial spin,0.11922052305774042
terms_abstract_tfidf__articulatory,-0.06269458535312199
terms_abstract_tfidf__asd,-0.014376733588475372
terms_abstract_tfidf__asked,-0.04581945285454278
terms_abstract_tfidf__aspect,0.014731083110227257
terms_abstract_tfidf__aspects,0.0019277835428011282
terms_abstract_tfidf__assess,0.02578300180344616
terms_abstract_tfidf__assessed,0.14793372710551825
terms_abstract_tfidf__assessed using,0.08311547552930555
terms_abstract_tfidf__assessing,0.024545382918124838
terms_abstract_tfidf__assessment,0.12696877178280033
terms_abstract_tfidf__assessments,0.07652838233736879
terms_abstract_tfidf__assigned,0.07389819624974443
terms_abstract_tfidf__association,0.14566779886306638
terms_abstract_tfidf__associations,0.09873633480144599
terms_abstract_tfidf__associative,-0.0030789129037664237
terms_abstract_tfidf__assume,-0.0327924898547987
terms_abstract_tfidf__assumed,-0.01346193315294204
terms_abstract_tfidf__assumption,-0.0743516178097949
terms_abstract_tfidf__asymmetry,-0.1338193538588701
terms_abstract_tfidf__atrophy,0.04025344320111537
terms_abstract_tfidf__attempt,0.06701335553074472
terms_abstract_tfidf__attempted,0.05631262545584645
terms_abstract_tfidf__attend,-0.14233176505155026
terms_abstract_tfidf__attended,-0.24939343287764226
terms_abstract_tfidf__attending,-0.06168226232123921
terms_abstract_tfidf__attention,-0.10175325935598475
terms_abstract_tfidf__attention deficit,0.17484093602584883
terms_abstract_tfidf__attention network,-0.06075521064569015
terms_abstract_tfidf__attention task,-0.0783370325973119
terms_abstract_tfidf__attentional,-0.09141724474369198
terms_abstract_tfidf__attentional control,-0.01201912935497921
terms_abstract_tfidf__attenuated,0.06808381504256769
terms_abstract_tfidf__attenuation,-0.062207785816800594
terms_abstract_tfidf__attributed,0.04750029034964115
terms_abstract_tfidf__attributes,-0.04654585990743961
terms_abstract_tfidf__attribution,0.04486701587302429
terms_abstract_tfidf__atypical,0.05018576382228416
terms_abstract_tfidf__audiovisual,-0.15379131924396322
terms_abstract_tfidf__auditory,-0.045171264667786475
terms_abstract_tfidf__auditory cortex,-0.03158047675375021
terms_abstract_tfidf__auditory stimuli,-0.058793393891613366
terms_abstract_tfidf__auditory visual,-0.09020992796520802
terms_abstract_tfidf__autism,-0.03414449264703615
terms_abstract_tfidf__autism spectrum,-0.02732208457467012
terms_abstract_tfidf__autobiographical,0.10596534503893108
terms_abstract_tfidf__autobiographical memory,0.08599518201073947
terms_abstract_tfidf__automated,0.02441507865461461
terms_abstract_tfidf__automatic,-0.0772850311553776
terms_abstract_tfidf__automatically,-0.17653478863063649
terms_abstract_tfidf__autonomic,0.11751593027170067
terms_abstract_tfidf__available,0.10307627273808041
terms_abstract_tfidf__average,0.004525664806609207
terms_abstract_tfidf__aversive,0.11170486991172812
terms_abstract_tfidf__avoid,0.0626222938848914
terms_abstract_tfidf__avoidance,0.12101234452132913
terms_abstract_tfidf__awareness,0.07980563157651337
terms_abstract_tfidf__away,0.0014994323784880358
terms_abstract_tfidf__axis,-0.1063190269475201
terms_abstract_tfidf__ba,-0.06690549515166382
terms_abstract_tfidf__ba 44,-0.10721045366748495
terms_abstract_tfidf__background,0.1560818255960645
terms_abstract_tfidf__balance,0.08111611110532538
terms_abstract_tfidf__band,-0.0714816708992461
terms_abstract_tfidf__bands,0.0007915468322312675
terms_abstract_tfidf__basal,0.15837046601833063
terms_abstract_tfidf__basal ganglia,0.14968094892297495
terms_abstract_tfidf__baseline,0.1594678363666987
terms_abstract_tfidf__bases,0.07948302614766277
terms_abstract_tfidf__basic,-0.03531917104367811
terms_abstract_tfidf__basis,0.06032236768009021
terms_abstract_tfidf__bayesian,0.045950897787693616
terms_abstract_tfidf__beginning,0.05368250444521613
terms_abstract_tfidf__behavior,0.29355650950023854
terms_abstract_tfidf__behavioral,0.13502333526630042
terms_abstract_tfidf__behavioral evidence,0.014161776192217139
terms_abstract_tfidf__behavioral level,-0.0021954780542055375
terms_abstract_tfidf__behavioral measures,0.07701488889883312
terms_abstract_tfidf__behavioral performance,-0.05394986420785759
terms_abstract_tfidf__behavioral responses,0.08089905268618307
terms_abstract_tfidf__behaviorally,0.07713122712671634
terms_abstract_tfidf__behaviors,0.2163889620961704
terms_abstract_tfidf__behaviour,0.11339472336167367
terms_abstract_tfidf__behavioural,-0.07311144970382805
terms_abstract_tfidf__belief,0.13128293703579466
terms_abstract_tfidf__beliefs,0.14134375689765197
terms_abstract_tfidf__believed,0.057678978655552805
terms_abstract_tfidf__beneficial,0.10786948072436599
terms_abstract_tfidf__benefit,-0.03271896762926232
terms_abstract_tfidf__benefits,0.03645820762337337
terms_abstract_tfidf__best,0.052408718121277675
terms_abstract_tfidf__beta,-0.016961983778087244
terms_abstract_tfidf__better,0.061710007091010065
terms_abstract_tfidf__better understanding,0.11419759880680266
terms_abstract_tfidf__bias,-0.011649786907153957
terms_abstract_tfidf__biased,0.011532768217008863
terms_abstract_tfidf__biases,-0.033589467353822
terms_abstract_tfidf__bilaterally,-0.1328052806736933
terms_abstract_tfidf__bilinguals,-0.050452314909984614
terms_abstract_tfidf__binding,-0.03708555761220661
terms_abstract_tfidf__biological,-0.06847858727070821
terms_abstract_tfidf__biomarker,0.07342035090800754
terms_abstract_tfidf__biomarkers,0.15648908618902663
terms_abstract_tfidf__bipolar,0.18021544468344053
terms_abstract_tfidf__bipolar disorder,0.168804966227156
terms_abstract_tfidf__blind,-0.1530151513118229
terms_abstract_tfidf__block,-0.019350956069416617
terms_abstract_tfidf__block design,-0.0032326261440445364
terms_abstract_tfidf__blocked,-0.09600890585616037
terms_abstract_tfidf__blocks,-0.0071301223566754765
terms_abstract_tfidf__blood,0.07997065073669828
terms_abstract_tfidf__blood flow,0.064487438679039
terms_abstract_tfidf__blood oxygen,0.046671887307047064
terms_abstract_tfidf__blood oxygenation,0.0334601629503105
terms_abstract_tfidf__bodily,-0.05742610964776963
terms_abstract_tfidf__body,-0.2153361620382359
terms_abstract_tfidf__bold,0.005195831961866935
terms_abstract_tfidf__bold response,-0.0008008944325395468
terms_abstract_tfidf__bold responses,0.057472731413292885
terms_abstract_tfidf__bold signal,0.022066872077742234
terms_abstract_tfidf__bold signals,-0.00651752440328836
terms_abstract_tfidf__brains,-0.03976553345828278
terms_abstract_tfidf__brainstem,0.045708959361551164
terms_abstract_tfidf__brief,0.027219434217549958
terms_abstract_tfidf__broad,0.06080517143789989
terms_abstract_tfidf__broader,0.019401741201547768
terms_abstract_tfidf__broca,0.01713710800827768
terms_abstract_tfidf__brodmann,-0.034347548978218255
terms_abstract_tfidf__brodmann ba,-0.04018861584889568
terms_abstract_tfidf__button,-0.0032368997037440675
terms_abstract_tfidf__calculated,0.07988834448764913
terms_abstract_tfidf__calculation,-0.07089644824285288
terms_abstract_tfidf__called,-0.07869371394828313
terms_abstract_tfidf__callosum,-0.016776109339934862
terms_abstract_tfidf__candidate,-0.0069934352682514585
terms_abstract_tfidf__canonical,0.009083556096170677
terms_abstract_tfidf__capacity,-0.00023734515754898959
terms_abstract_tfidf__capture,-0.021608880407333792
terms_abstract_tfidf__carried,-0.052609801278794874
terms_abstract_tfidf__carriers,0.07189777404725392
terms_abstract_tfidf__case,-0.10081405300213157
terms_abstract_tfidf__cases,-0.01210896393738269
terms_abstract_tfidf__categorical,-0.13118298610710533
terms_abstract_tfidf__categories,-0.2202777961944586
terms_abstract_tfidf__categorization,-0.13725388674981745
terms_abstract_tfidf__category,-0.21970218317860518
terms_abstract_tfidf__caudal,0.005809504159633682
terms_abstract_tfidf__caudate,0.22007992653108147
terms_abstract_tfidf__caudate nucleus,0.18039073064522831
terms_abstract_tfidf__causal,-0.12751521508800734
terms_abstract_tfidf__causal modeling,-0.09731755257825545
terms_abstract_tfidf__causality,0.10512243445647
terms_abstract_tfidf__cause,-0.011938563280521704
terms_abstract_tfidf__caused,-0.001240758578127228
terms_abstract_tfidf__causes,-0.013643901560317034
terms_abstract_tfidf__center,-0.03188283242727477
terms_abstract_tfidf__centered,-0.018608699662720708
terms_abstract_tfidf__central,0.02494450741610916
terms_abstract_tfidf__central role,0.058547300488812855
terms_abstract_tfidf__cerebellar,-0.09004946038702963
terms_abstract_tfidf__cerebellum,-0.04012425423119406
terms_abstract_tfidf__cerebral,-0.05137124293185358
terms_abstract_tfidf__cerebral blood,0.08065590894940611
terms_abstract_tfidf__cerebral cortex,-0.02237454198834554
terms_abstract_tfidf__certain,0.07754840881987111
terms_abstract_tfidf__challenge,0.10946573491372333
terms_abstract_tfidf__challenges,-0.024400693608379726
terms_abstract_tfidf__challenging,0.011330233254671336
terms_abstract_tfidf__change,0.006850736077601447
terms_abstract_tfidf__changed,-0.0570089262396063
terms_abstract_tfidf__changing,0.0865246599182691
terms_abstract_tfidf__character,-0.0373733621071189
terms_abstract_tfidf__characteristic,0.01706651246219549
terms_abstract_tfidf__characteristics,-0.013202567473259126
terms_abstract_tfidf__characterization,0.03897399599467735
terms_abstract_tfidf__characterize,0.0597000078360224
terms_abstract_tfidf__characterized,0.17844241113338943
terms_abstract_tfidf__characterizing,0.07917569415411112
terms_abstract_tfidf__characters,-0.15729643198181315
terms_abstract_tfidf__childhood,0.024002688238524347
terms_abstract_tfidf__children,0.035575115555016044
terms_abstract_tfidf__children adolescents,0.08069443120730348
terms_abstract_tfidf__chinese,-0.11978408781782515
terms_abstract_tfidf__choice,0.23867606154384757
terms_abstract_tfidf__choices,0.2698893247802247
terms_abstract_tfidf__choose,0.1716580773232037
terms_abstract_tfidf__chosen,0.02871275141337051
terms_abstract_tfidf__chronic,0.12991385065492428
terms_abstract_tfidf__chronic pain,0.13095483723790693
terms_abstract_tfidf__cingulate,0.30131311849862263
terms_abstract_tfidf__cingulate cortex,0.2990437714633219
terms_abstract_tfidf__cingulate cortices,0.18239471072016136
terms_abstract_tfidf__cingulate gyrus,0.15104392924176732
terms_abstract_tfidf__circuit,0.11126048313706229
terms_abstract_tfidf__circuitry,0.24365118128301727
terms_abstract_tfidf__circuits,0.20326583636631973
terms_abstract_tfidf__clarify,0.031076322482847904
terms_abstract_tfidf__class,-0.1003956793026719
terms_abstract_tfidf__classic,0.059392640256764655
terms_abstract_tfidf__classical,0.00989130831417187
terms_abstract_tfidf__classification,0.025608394614113114
terms_abstract_tfidf__classified,-0.006824009463729024
terms_abstract_tfidf__clear,-0.02921552018379115
terms_abstract_tfidf__clearly,0.04374132549003368
terms_abstract_tfidf__clinical,0.1263700343184527
terms_abstract_tfidf__clinically,0.12379533979562782
terms_abstract_tfidf__clips,-0.14090816157391453
terms_abstract_tfidf__close,-0.07456072768691308
terms_abstract_tfidf__closed,-0.0759503595806086
terms_abstract_tfidf__closely,-0.03025422947810344
terms_abstract_tfidf__cluster,-0.07862550985755336
terms_abstract_tfidf__clustering,0.09144231626660541
terms_abstract_tfidf__clusters,-0.06475075084816598
terms_abstract_tfidf__code,-0.06848889950262921
terms_abstract_tfidf__coding,-0.12148126281729192
terms_abstract_tfidf__cognition,0.08912627402321367
terms_abstract_tfidf__cognitive,0.20421018807128363
terms_abstract_tfidf__cognitive control,0.20674412955072782
terms_abstract_tfidf__cognitive deficits,-0.008417768238211344
terms_abstract_tfidf__cognitive emotional,0.07320649021546805
terms_abstract_tfidf__cognitive function,0.050217724703153215
terms_abstract_tfidf__cognitive functions,0.044264374924747926
terms_abstract_tfidf__cognitive impairment,0.049170219341918404
terms_abstract_tfidf__cognitive neuroscience,-0.06436101133128598
terms_abstract_tfidf__cognitive performance,0.12661224061750842
terms_abstract_tfidf__cognitive processes,0.1593351424021556
terms_abstract_tfidf__cognitive task,-0.0014271112827497516
terms_abstract_tfidf__cognitive tasks,0.008040587518259432
terms_abstract_tfidf__cognitively,0.145783268395585
terms_abstract_tfidf__coherence,0.03068526823550235
terms_abstract_tfidf__coherent,-0.059489443902998235
terms_abstract_tfidf__cohort,0.023816839671926732
terms_abstract_tfidf__collected,0.12553558037614945
terms_abstract_tfidf__collectively,-0.0022481700766050646
terms_abstract_tfidf__color,-0.19001625548592807
terms_abstract_tfidf__combination,0.008955426897615576
terms_abstract_tfidf__combinations,-0.020345488894299088
terms_abstract_tfidf__combined,-0.03327811383405127
terms_abstract_tfidf__combining,-0.08568270901087066
terms_abstract_tfidf__common,0.01334978615568488
terms_abstract_tfidf__commonly,-0.009541672842481601
terms_abstract_tfidf__communication,-0.025681400576566857
terms_abstract_tfidf__community,0.07506358830149679
terms_abstract_tfidf__comparable,-0.05557281436107626
terms_abstract_tfidf__compare,-0.018045940712318985
terms_abstract_tfidf__comparing,0.019725857777544344
terms_abstract_tfidf__comparisons,0.0577086070639488
terms_abstract_tfidf__compatible,-0.08517951422645643
terms_abstract_tfidf__compensate,-0.0176733640363579
terms_abstract_tfidf__compensation,0.02278689874338476
terms_abstract_tfidf__compensatory,0.01141255869659909
terms_abstract_tfidf__competing,0.016776172483135676
terms_abstract_tfidf__competition,-0.03699974487530166
terms_abstract_tfidf__complementary,-0.018616621589595598
terms_abstract_tfidf__complete,-0.06281397301892434
terms_abstract_tfidf__completed,0.18371772806288
terms_abstract_tfidf__completely,-0.03123514629585234
terms_abstract_tfidf__complex,-0.2075617718015959
terms_abstract_tfidf__complexity,-0.0565506264466691
terms_abstract_tfidf__component,0.13695113413515214
terms_abstract_tfidf__component ica,0.1732679709689113
terms_abstract_tfidf__components,-0.005992154594309607
terms_abstract_tfidf__composed,-0.08404051443708287
terms_abstract_tfidf__comprehension,-0.012049203640796145
terms_abstract_tfidf__comprehensive,0.1314175374201424
terms_abstract_tfidf__comprised,-0.0072869896943663845
terms_abstract_tfidf__compromised,0.0640194202616249
terms_abstract_tfidf__compulsive,0.17005075020532956
terms_abstract_tfidf__compulsive disorder,0.1557611752696398
terms_abstract_tfidf__computation,0.02040300105380392
terms_abstract_tfidf__computational,0.017395610027991636
terms_abstract_tfidf__computed,0.08663548131205918
terms_abstract_tfidf__concentration,0.1271720113924516
terms_abstract_tfidf__concept,-0.0036892833401213423
terms_abstract_tfidf__concepts,-0.06240134076044865
terms_abstract_tfidf__conceptual,-0.12274791075939945
terms_abstract_tfidf__concerning,0.03314211383671704
terms_abstract_tfidf__conclude,-0.16636081984331927
terms_abstract_tfidf__conclusion,0.09339987979095375
terms_abstract_tfidf__concomitant,-0.07976832096712333
terms_abstract_tfidf__concrete,-0.046378792060903465
terms_abstract_tfidf__concurrent,-0.04020028824154634
terms_abstract_tfidf__concurrently,-0.1496802038388344
terms_abstract_tfidf__condition,0.05680322086471536
terms_abstract_tfidf__conditioned,0.098086491171552
terms_abstract_tfidf__conditioning,0.0927668330568811
terms_abstract_tfidf__conditions,-0.051376391530205505
terms_abstract_tfidf__conductance,0.09049565957099906
terms_abstract_tfidf__conducted,0.14457820932074608
terms_abstract_tfidf__confidence,0.026741621385884526
terms_abstract_tfidf__confirm,-0.032843720571606345
terms_abstract_tfidf__confirmed,-0.12341454388267722
terms_abstract_tfidf__conflict,0.10861346775387583
terms_abstract_tfidf__conflicting,-0.01955411229411957
terms_abstract_tfidf__confounding,-0.025401077339354663
terms_abstract_tfidf__congruency,-0.09640654933149466
terms_abstract_tfidf__congruent,-0.12669482625099632
terms_abstract_tfidf__congruent incongruent,-0.11028462567516478
terms_abstract_tfidf__conjunction,-0.06100644375977211
terms_abstract_tfidf__connected,0.11708208130349357
terms_abstract_tfidf__connection,-0.0289167568036855
terms_abstract_tfidf__connections,0.05385335942870761
terms_abstract_tfidf__connectivity,0.19494403412178335
terms_abstract_tfidf__connectivity amygdala,0.0009730312214342307
terms_abstract_tfidf__connectivity analyses,0.009396094644711167
terms_abstract_tfidf__connectivity anterior,0.10522004150674398
terms_abstract_tfidf__connectivity fc,0.07515608847087878
terms_abstract_tfidf__connectivity networks,0.1668066401963151
terms_abstract_tfidf__connectivity patterns,0.06280531478315235
terms_abstract_tfidf__connectivity posterior,0.028904440689636584
terms_abstract_tfidf__connectivity rsfc,0.03563491193868431
terms_abstract_tfidf__connectivity using,0.050780729796611
terms_abstract_tfidf__conscious,0.03994288170439019
terms_abstract_tfidf__consciousness,-0.03916386174112797
terms_abstract_tfidf__consecutive,-0.03554035243349496
terms_abstract_tfidf__consequence,0.043319625008456465
terms_abstract_tfidf__consequences,0.12408870408004191
terms_abstract_tfidf__consequently,-0.032272725259839055
terms_abstract_tfidf__consider,-0.01744828145311041
terms_abstract_tfidf__considerable,-0.08242059271827917
terms_abstract_tfidf__considered,-0.04110070990830373
terms_abstract_tfidf__considering,0.034114481514836835
terms_abstract_tfidf__consisted,-0.06022060893765561
terms_abstract_tfidf__consistency,0.09300734137879924
terms_abstract_tfidf__consistently,0.06766743219837269
terms_abstract_tfidf__consisting,-0.0290239510983553
terms_abstract_tfidf__consists,0.007296510095289023
terms_abstract_tfidf__consolidation,0.008883276671577225
terms_abstract_tfidf__constant,-0.09896766214269583
terms_abstract_tfidf__constitute,0.059237970093981344
terms_abstract_tfidf__constrained,-0.024986981029008936
terms_abstract_tfidf__constraints,-0.0332138754797852
terms_abstract_tfidf__construct,0.04903088290723708
terms_abstract_tfidf__constructed,0.04545210640505323
terms_abstract_tfidf__construction,0.005111046680177356
terms_abstract_tfidf__consumption,0.0988532613859745
terms_abstract_tfidf__contain,-0.110290270506606
terms_abstract_tfidf__contained,-0.028943909200927966
terms_abstract_tfidf__containing,-0.09766542816170316
terms_abstract_tfidf__contains,-0.13943244448025002
terms_abstract_tfidf__content,-0.07383406954306912
terms_abstract_tfidf__contents,-0.027154607817064403
terms_abstract_tfidf__context,0.12097399736107543
terms_abstract_tfidf__contexts,0.014372179104151754
terms_abstract_tfidf__contextual,0.05780606939987801
terms_abstract_tfidf__contingent,0.048484763455239964
terms_abstract_tfidf__continuous,0.06999195262606986
terms_abstract_tfidf__continuously,-0.06015899400629497
terms_abstract_tfidf__contralateral,-0.12144191042788456
terms_abstract_tfidf__contrary,-0.05504898849344829
terms_abstract_tfidf__contrast,-0.05363104869186135
terms_abstract_tfidf__contrasted,-0.03526402008254529
terms_abstract_tfidf__contrasting,-0.05127040378650118
terms_abstract_tfidf__contrasts,0.0012783310702937775
terms_abstract_tfidf__contribute,0.12652314972070378
terms_abstract_tfidf__contributed,0.08903365352260353
terms_abstract_tfidf__contributes,-0.002071691058406161
terms_abstract_tfidf__contributing,0.08456783630882043
terms_abstract_tfidf__contribution,0.03885041071978262
terms_abstract_tfidf__contributions,0.031181033095120752
terms_abstract_tfidf__control,0.1701696237942278
terms_abstract_tfidf__control condition,0.06722804568368045
terms_abstract_tfidf__control conditions,-0.07102002949199906
terms_abstract_tfidf__control group,0.019100621915026796
terms_abstract_tfidf__control groups,0.05691079802770029
terms_abstract_tfidf__control network,0.16532578008308077
terms_abstract_tfidf__control processes,0.11825490130151593
terms_abstract_tfidf__control task,-0.021421139218691185
terms_abstract_tfidf__controlled,0.17490828044399317
terms_abstract_tfidf__controlling,0.011177468100030497
terms_abstract_tfidf__controls,0.14079725124755513
terms_abstract_tfidf__controls hc,0.10737888571753719
terms_abstract_tfidf__controls hcs,0.06350448862922053
terms_abstract_tfidf__controls using,0.029416777010672197
terms_abstract_tfidf__controversial,-0.16976412546140476
terms_abstract_tfidf__conventional,-0.025832485623262298
terms_abstract_tfidf__convergence,-0.03679116407774266
terms_abstract_tfidf__converging,-0.09333907870621352
terms_abstract_tfidf__conversely,-0.03819820304719426
terms_abstract_tfidf__conveyed,-0.10904177698164987
terms_abstract_tfidf__coordinates,-0.17537637716392035
terms_abstract_tfidf__coordination,-0.08455236243337542
terms_abstract_tfidf__core,0.050077244148785255
terms_abstract_tfidf__corpus,-0.025409969747918627
terms_abstract_tfidf__corpus callosum,-0.016776109339934862
terms_abstract_tfidf__correct,0.17033604990218149
terms_abstract_tfidf__corrected,0.09400218817724795
terms_abstract_tfidf__correction,0.020924449972602663
terms_abstract_tfidf__correctly,-0.01140175170257076
terms_abstract_tfidf__correlate,0.06247118988456189
terms_abstract_tfidf__correlated,0.16170833886334188
terms_abstract_tfidf__correlated negatively,0.04366586610021653
terms_abstract_tfidf__correlated positively,0.04443275964504878
terms_abstract_tfidf__correlates,0.11932733562278335
terms_abstract_tfidf__correlating,-0.02682471410350042
terms_abstract_tfidf__correlation,0.09457871746652254
terms_abstract_tfidf__correlation analyses,0.06432441275289691
terms_abstract_tfidf__correlations,0.15013152307981995
terms_abstract_tfidf__correspond,-0.13246642589217095
terms_abstract_tfidf__corresponded,-0.024184326089370083
terms_abstract_tfidf__correspondence,-0.037346858643736144
terms_abstract_tfidf__corresponding,-0.09263107596145757
terms_abstract_tfidf__cortex acc,0.20971834177726545
terms_abstract_tfidf__cortex amygdala,0.10931615364960262
terms_abstract_tfidf__cortex anterior,0.17059133483757513
terms_abstract_tfidf__cortex ba,0.010260112052157114
terms_abstract_tfidf__cortex bilaterally,-0.09868919770637306
terms_abstract_tfidf__cortex cerebellum,-0.049172831526320765
terms_abstract_tfidf__cortex dacc,0.16254788586268745
terms_abstract_tfidf__cortex dlpfc,0.19943668361254932
terms_abstract_tfidf__cortex dmpfc,0.10958093850949786
terms_abstract_tfidf__cortex dorsal,0.046417846712610185
terms_abstract_tfidf__cortex dorsolateral,0.03582596524955844
terms_abstract_tfidf__cortex frontal,0.038675783103831206
terms_abstract_tfidf__cortex hippocampus,-0.008251378208778666
terms_abstract_tfidf__cortex inferior,0.09649911342526364
terms_abstract_tfidf__cortex insula,0.14751321885486401
terms_abstract_tfidf__cortex involved,-0.034057795010590454
terms_abstract_tfidf__cortex lateral,0.008735386453938308
terms_abstract_tfidf__cortex m1,-0.053768762019531645
terms_abstract_tfidf__cortex medial,0.12215730283804056
terms_abstract_tfidf__cortex middle,0.10724398476900786
terms_abstract_tfidf__cortex mpfc,0.17421467471140956
terms_abstract_tfidf__cortex ofc,0.1226167176680302
terms_abstract_tfidf__cortex parietal,-0.006393794781995758
terms_abstract_tfidf__cortex pcc,0.14792043955838396
terms_abstract_tfidf__cortex pfc,0.1537452680467083
terms_abstract_tfidf__cortex posterior,0.1006750443468096
terms_abstract_tfidf__cortex ppc,-0.11838531032303028
terms_abstract_tfidf__cortex precuneus,0.06419763518694621
terms_abstract_tfidf__cortex suggest,-0.030681234396031435
terms_abstract_tfidf__cortex superior,0.015394614630133998
terms_abstract_tfidf__cortex supplementary,-0.05159461729625639
terms_abstract_tfidf__cortex thalamus,0.07738776088115766
terms_abstract_tfidf__cortex ventral,0.09921260102971914
terms_abstract_tfidf__cortex vlpfc,0.09062675424205893
terms_abstract_tfidf__cortex vmpfc,0.16592882223320907
terms_abstract_tfidf__cortical,-0.13143025933419242
terms_abstract_tfidf__cortical involved,-0.1900775073806666
terms_abstract_tfidf__cortical network,-0.02985813300850076
terms_abstract_tfidf__cortical networks,-0.04474587273959659
terms_abstract_tfidf__cortical subcortical,0.12118616048458197
terms_abstract_tfidf__cortical thickness,-0.055870374182110646
terms_abstract_tfidf__cortices,-0.005080971402073299
terms_abstract_tfidf__cortico,0.11781759423438508
terms_abstract_tfidf__cost,-3.875705952742546e-05
terms_abstract_tfidf__costs,-0.021970231667175943
terms_abstract_tfidf__coupled,0.08333499210641371
terms_abstract_tfidf__coupling,0.05289298755257186
terms_abstract_tfidf__course,-0.007493865918799541
terms_abstract_tfidf__courses,0.0676480740489006
terms_abstract_tfidf__covariance,0.08054779979053814
terms_abstract_tfidf__covaried,0.07876616946551325
terms_abstract_tfidf__covert,-0.18193110095311424
terms_abstract_tfidf__craving,0.09184714839785216
terms_abstract_tfidf__created,-0.10484874500291035
terms_abstract_tfidf__criteria,0.034376709857020675
terms_abstract_tfidf__critical,0.068641402482342
terms_abstract_tfidf__critical role,-0.07021898783228485
terms_abstract_tfidf__critically,-0.0729074547810413
terms_abstract_tfidf__cross,-0.11605205577515591
terms_abstract_tfidf__cross modal,-0.18587699745876662
terms_abstract_tfidf__cross sectional,0.027624455943402595
terms_abstract_tfidf__crossover,0.05277512507135064
terms_abstract_tfidf__crucial,0.007575929115510117
terms_abstract_tfidf__crucial role,0.04457936339107613
terms_abstract_tfidf__crucially,-0.028765204094815634
terms_abstract_tfidf__crus,-0.07505757924155354
terms_abstract_tfidf__cue,0.02420054703002109
terms_abstract_tfidf__cued,-0.04238479032091066
terms_abstract_tfidf__cues,-0.011396727522103862
terms_abstract_tfidf__cuneus,-0.07580351885294187
terms_abstract_tfidf__current,0.1025684136323663
terms_abstract_tfidf__current functional,-0.001367536573402375
terms_abstract_tfidf__currently,0.05513633808482698
terms_abstract_tfidf__dacc,0.19009726419209003
terms_abstract_tfidf__daily,0.02969059708661011
terms_abstract_tfidf__daily life,0.015027236279573331
terms_abstract_tfidf__damage,-0.11345513766358732
terms_abstract_tfidf__dataset,0.1294736645483229
terms_abstract_tfidf__datasets,0.02950715391782885
terms_abstract_tfidf__date,0.017896586350830086
terms_abstract_tfidf__day,0.02348279312122877
terms_abstract_tfidf__days,0.028690347817510013
terms_abstract_tfidf__deactivated,0.08147781908565647
terms_abstract_tfidf__deactivation,0.10938624602241763
terms_abstract_tfidf__deactivations,0.06961650574175068
terms_abstract_tfidf__debate,-0.07047246863189481
terms_abstract_tfidf__debated,-0.06176785393961536
terms_abstract_tfidf__decision,0.2115150373511603
terms_abstract_tfidf__decision making,0.26779701349205176
terms_abstract_tfidf__decision task,-0.0342443948997164
terms_abstract_tfidf__decisions,0.16934764884158168
terms_abstract_tfidf__decline,0.01575122883497571
terms_abstract_tfidf__declines,-0.0003499835236289279
terms_abstract_tfidf__decoding,-0.13985228374097605
terms_abstract_tfidf__decreases,0.07424305979190951
terms_abstract_tfidf__decreasing,-0.0035233465289959344
terms_abstract_tfidf__deep,-0.06607774312214715
terms_abstract_tfidf__default,0.17740712031848535
terms_abstract_tfidf__default mode,0.18721921157068297
terms_abstract_tfidf__default network,0.12130808757164468
terms_abstract_tfidf__deficient,0.06032429441237475
terms_abstract_tfidf__deficit,0.05169737218185223
terms_abstract_tfidf__deficit hyperactivity,0.1720740191177177
terms_abstract_tfidf__deficits,0.0017930177992940399
terms_abstract_tfidf__define,0.04433999722228801
terms_abstract_tfidf__defined,-0.04392937180507385
terms_abstract_tfidf__degree,-0.024976728240278908
terms_abstract_tfidf__degrees,-0.01203327408731725
terms_abstract_tfidf__delay,0.08328036532834625
terms_abstract_tfidf__delayed,0.008219375984125418
terms_abstract_tfidf__delivered,0.06816642820844299
terms_abstract_tfidf__demand,0.006058467822772914
terms_abstract_tfidf__demanding,0.049177137619745764
terms_abstract_tfidf__demands,-0.029320386287580366
terms_abstract_tfidf__dementia,0.04317354782854668
terms_abstract_tfidf__demonstrate,0.01720216333992557
terms_abstract_tfidf__demonstrated,0.09092764265798385
terms_abstract_tfidf__demonstrates,-0.04227864505633984
terms_abstract_tfidf__demonstrating,-0.031411307809388056
terms_abstract_tfidf__density,0.01478814454388177
terms_abstract_tfidf__depend,-0.01808274352795931
terms_abstract_tfidf__depended,-0.06211478734993268
terms_abstract_tfidf__dependence,0.06834078503926931
terms_abstract_tfidf__depending,-0.05119120452396916
terms_abstract_tfidf__depends,-0.018620233248724527
terms_abstract_tfidf__depicting,-0.07065365036861104
terms_abstract_tfidf__depressed,0.14270973023663572
terms_abstract_tfidf__depression,0.1413909358397569
terms_abstract_tfidf__depressive,0.11930317632733832
terms_abstract_tfidf__depressive disorder,0.10931820618706152
terms_abstract_tfidf__deprivation,-0.1086315266678257
terms_abstract_tfidf__depth,-0.23160047026065833
terms_abstract_tfidf__derived,-0.04233089309450595
terms_abstract_tfidf__described,0.08043475419713499
terms_abstract_tfidf__describing,-0.02372837183474806
terms_abstract_tfidf__design,-0.01569990617429668
terms_abstract_tfidf__designed,-0.014850473761468301
terms_abstract_tfidf__designs,-0.08826708579648086
terms_abstract_tfidf__despite,-0.04068677831792259
terms_abstract_tfidf__detailed,-0.06401517850956581
terms_abstract_tfidf__details,0.018334734808738005
terms_abstract_tfidf__detect,0.07384792823086885
terms_abstract_tfidf__detected,-0.0019482815920731445
terms_abstract_tfidf__detecting,-0.01989611451162232
terms_abstract_tfidf__detection,-0.07351659394124814
terms_abstract_tfidf__detection task,-0.13953710125429
terms_abstract_tfidf__determine,-0.03138427384891537
terms_abstract_tfidf__determined,0.031080356053466537
terms_abstract_tfidf__determining,0.0008832467474290671
terms_abstract_tfidf__develop,0.041765840476787636
terms_abstract_tfidf__developed,-0.05852438098561202
terms_abstract_tfidf__developing,0.04429053688605909
terms_abstract_tfidf__development,0.06522823886830553
terms_abstract_tfidf__developmental,0.047972823420685304
terms_abstract_tfidf__diagnosed,0.03160882434159835
terms_abstract_tfidf__diagnosis,0.08569659819688062
terms_abstract_tfidf__diagnostic,0.13112178283050868
terms_abstract_tfidf__did,-0.08538486228389612
terms_abstract_tfidf__did differ,-0.01647027036356857
terms_abstract_tfidf__differ,0.02557225025347847
terms_abstract_tfidf__differed,0.022731167007076808
terms_abstract_tfidf__difference,-0.03913322232937578
terms_abstract_tfidf__differential,0.024578676461367313
terms_abstract_tfidf__differentially,-0.009052481369487343
terms_abstract_tfidf__differentiate,0.005728737064194252
terms_abstract_tfidf__differentiated,0.1114557334674994
terms_abstract_tfidf__differentiation,-0.014366560999669289
terms_abstract_tfidf__differently,-0.004353393463608958
terms_abstract_tfidf__differing,0.0016552934247341278
terms_abstract_tfidf__differs,-0.027570960849527648
terms_abstract_tfidf__difficult,-0.0596395943343783
terms_abstract_tfidf__difficulties,0.07708807557923306
terms_abstract_tfidf__difficulty,0.012697043946382396
terms_abstract_tfidf__diffusion,0.003755966839887962
terms_abstract_tfidf__diffusion tensor,0.01223930212750908
terms_abstract_tfidf__digit,-0.11370971602896478
terms_abstract_tfidf__dimension,-0.06597572427244411
terms_abstract_tfidf__dimensional,-0.17397037653956388
terms_abstract_tfidf__dimensions,0.010765393459752401
terms_abstract_tfidf__diminished,0.033084887305175434
terms_abstract_tfidf__direct,-0.08786863615814326
terms_abstract_tfidf__direct evidence,0.012627868039033555
terms_abstract_tfidf__directed,0.011100024517586285
terms_abstract_tfidf__direction,-0.1985050030368338
terms_abstract_tfidf__directions,-0.1577864942453725
terms_abstract_tfidf__directly,-0.008199962114361293
terms_abstract_tfidf__disability,-0.0017408390750077425
terms_abstract_tfidf__discrete,-0.007407442129455604
terms_abstract_tfidf__discriminate,-0.017113672256518303
terms_abstract_tfidf__discriminated,-0.04894383947113819
terms_abstract_tfidf__discrimination,-0.15687047022537923
terms_abstract_tfidf__discrimination task,-0.1457216980093811
terms_abstract_tfidf__discriminative,0.07920132331607063
terms_abstract_tfidf__discuss,-0.08992847597592397
terms_abstract_tfidf__discussed,-0.019462786882218138
terms_abstract_tfidf__discussion,0.029876581080125735
terms_abstract_tfidf__disease,0.142116555769635
terms_abstract_tfidf__disease ad,0.045980896876199176
terms_abstract_tfidf__disease pd,0.08803199518053573
terms_abstract_tfidf__diseases,0.08044667337795253
terms_abstract_tfidf__disentangle,-0.007718438864537717
terms_abstract_tfidf__disgust,0.015530991365494413
terms_abstract_tfidf__disorder,0.2051456977695423
terms_abstract_tfidf__disorder adhd,0.15193815796858398
terms_abstract_tfidf__disorder mdd,0.0968410861596847
terms_abstract_tfidf__disorder ocd,0.13873720784193191
terms_abstract_tfidf__disorder ptsd,0.058535600898984505
terms_abstract_tfidf__disorders,0.16666559791514898
terms_abstract_tfidf__display,-0.03923950545596558
terms_abstract_tfidf__displayed,0.01615003167295683
terms_abstract_tfidf__displays,-0.13248374875125415
terms_abstract_tfidf__disrupted,0.08153796787792167
terms_abstract_tfidf__disruption,0.07062548050494263
terms_abstract_tfidf__dissociable,0.14079470491524604
terms_abstract_tfidf__dissociate,0.058504941709485274
terms_abstract_tfidf__dissociated,-0.021928083702294453
terms_abstract_tfidf__dissociation,-0.024417221604106774
terms_abstract_tfidf__distance,-0.0877570229562577
terms_abstract_tfidf__distinction,-0.13777522775201048
terms_abstract_tfidf__distinguish,0.04690030470949669
terms_abstract_tfidf__distinguished,0.026745678951289393
terms_abstract_tfidf__distraction,0.019401945574198786
terms_abstract_tfidf__distractor,-0.05595846531352595
terms_abstract_tfidf__distractors,-0.07207558727227506
terms_abstract_tfidf__distress,0.08090567111200603
terms_abstract_tfidf__distributed,-0.05301849499639515
terms_abstract_tfidf__distributed network,-0.07630735411779849
terms_abstract_tfidf__distribution,-0.0493678186358272
terms_abstract_tfidf__disturbances,0.09512985838019118
terms_abstract_tfidf__disturbed,0.14738392400694492
terms_abstract_tfidf__divergent,0.08526887544033333
terms_abstract_tfidf__diverse,0.049902605507102564
terms_abstract_tfidf__divided,-0.06033516335746819
terms_abstract_tfidf__dlpfc,0.2098507299424364
terms_abstract_tfidf__dmn,0.1654233570466609
terms_abstract_tfidf__dmpfc,0.12477766422894829
terms_abstract_tfidf__documented,-0.036747513707075095
terms_abstract_tfidf__does,-0.10797654498073246
terms_abstract_tfidf__domain,-0.015300905385475634
terms_abstract_tfidf__domain general,0.09736207827121814
terms_abstract_tfidf__domains,0.07392873761982627
terms_abstract_tfidf__dominance,-0.08365154089355661
terms_abstract_tfidf__dominant,-0.03379923161424915
terms_abstract_tfidf__dopamine,0.22107469061237578
terms_abstract_tfidf__dopaminergic,0.1512015234435067
terms_abstract_tfidf__dorsal,0.046749446091277194
terms_abstract_tfidf__dorsal anterior,0.2381988044382559
terms_abstract_tfidf__dorsal attention,0.015153185338735562
terms_abstract_tfidf__dorsal medial,0.11938518260060674
terms_abstract_tfidf__dorsal premotor,-0.10503957845025179
terms_abstract_tfidf__dorsal striatum,0.2422835181018093
terms_abstract_tfidf__dorsal ventral,-0.08879624150437386
terms_abstract_tfidf__dorsolateral,0.19306705045444408
terms_abstract_tfidf__dorsolateral pfc,0.12061178988246468
terms_abstract_tfidf__dorsolateral prefrontal,0.19235399277720402
terms_abstract_tfidf__dorsomedial,0.17585688622297
terms_abstract_tfidf__dorsomedial prefrontal,0.14367311484004713
terms_abstract_tfidf__dose,0.05257598798976053
terms_abstract_tfidf__dot,-0.21054718049797436
terms_abstract_tfidf__double,0.08281163739587921
terms_abstract_tfidf__double blind,0.09272660236282246
terms_abstract_tfidf__drive,0.1070540662533667
terms_abstract_tfidf__driven,0.011533295180472115
terms_abstract_tfidf__driving,0.00467167575515161
terms_abstract_tfidf__drug,0.16684337423747886
terms_abstract_tfidf__drugs,0.08520315411253082
terms_abstract_tfidf__dti,-0.006178864927206438
terms_abstract_tfidf__dual,0.0013971360555125162
terms_abstract_tfidf__duration,0.022305638582078513
terms_abstract_tfidf__dynamic,-0.13204639191136316
terms_abstract_tfidf__dynamic causal,-0.13392567614008521
terms_abstract_tfidf__dynamically,0.014486081020474563
terms_abstract_tfidf__dynamics,-0.04229228721702103
terms_abstract_tfidf__dysfunction,0.2307324460860337
terms_abstract_tfidf__dysfunctional,0.14934670705467437
terms_abstract_tfidf__dysfunctions,0.03920134932476003
terms_abstract_tfidf__dyslexia,-0.09895672832477098
terms_abstract_tfidf__dysregulation,0.12834245722837817
terms_abstract_tfidf__earlier,-0.022609131029745395
terms_abstract_tfidf__early,-0.1375183173810768
terms_abstract_tfidf__early stage,-0.0033138188461240446
terms_abstract_tfidf__early stages,-0.08031393828413336
terms_abstract_tfidf__early visual,-0.26491828999431116
terms_abstract_tfidf__easy,-0.07653212411152888
terms_abstract_tfidf__eating,0.06503012528497454
terms_abstract_tfidf__echo,0.04753471785784421
terms_abstract_tfidf__economic,0.18781279685881913
terms_abstract_tfidf__education,-0.02782321727601468
terms_abstract_tfidf__eeg,-0.06925773905473531
terms_abstract_tfidf__effect,0.010076672537801798
terms_abstract_tfidf__effective,-0.0344428538734998
terms_abstract_tfidf__effective connectivity,-0.090533277627182
terms_abstract_tfidf__effectively,0.0026729563439363284
terms_abstract_tfidf__effects,-0.02718368209446091
terms_abstract_tfidf__efficacy,0.07359793161884255
terms_abstract_tfidf__efficiency,-0.01768839483648832
terms_abstract_tfidf__efficient,-0.09509630503654938
terms_abstract_tfidf__effort,0.0654486448254188
terms_abstract_tfidf__effortful,0.061924849028497396
terms_abstract_tfidf__eighteen,0.11422431479769148
terms_abstract_tfidf__elderly,-0.05812519095348722
terms_abstract_tfidf__electrical,0.031573866489124455
terms_abstract_tfidf__electroencephalography,-0.0008607470840913777
terms_abstract_tfidf__electroencephalography eeg,-0.02237979387208927
terms_abstract_tfidf__electrophysiological,-0.0503076656134266
terms_abstract_tfidf__elements,-0.09502512987800321
terms_abstract_tfidf__elevated,0.005229199093276218
terms_abstract_tfidf__elicit,0.10224891603013071
terms_abstract_tfidf__elicited,-0.12495869263046148
terms_abstract_tfidf__elicits,-0.080044992279633
terms_abstract_tfidf__elucidate,0.07006280614018907
terms_abstract_tfidf__elucidated,0.024720251886410968
terms_abstract_tfidf__elusive,0.057526822410371596
terms_abstract_tfidf__embedded,-0.07558424065607967
terms_abstract_tfidf__emerge,-0.03371102313725141
terms_abstract_tfidf__emerged,-0.0577008526087353
terms_abstract_tfidf__emergence,0.0076563850737149325
terms_abstract_tfidf__emerging,-0.014298067104748161
terms_abstract_tfidf__emission,0.0440998663050752
terms_abstract_tfidf__emission tomography,0.05618000917605445
terms_abstract_tfidf__emotion,0.08529998389890868
terms_abstract_tfidf__emotion regulation,0.15606665821910973
terms_abstract_tfidf__emotional,0.10047406338989419
terms_abstract_tfidf__emotional faces,-0.04421033607754132
terms_abstract_tfidf__emotional information,0.018882646111626978
terms_abstract_tfidf__emotional responses,0.10872377433529856
terms_abstract_tfidf__emotional stimuli,0.029549377374157783
terms_abstract_tfidf__emotional valence,0.023735695936035417
terms_abstract_tfidf__emotionally,-0.02564236880454478
terms_abstract_tfidf__emotions,0.021676254436511787
terms_abstract_tfidf__empathic,0.11046015215412498
terms_abstract_tfidf__empathy,0.05662725551682123
terms_abstract_tfidf__emphasize,-0.0015175734816652213
terms_abstract_tfidf__empirical,0.006124882232174021
terms_abstract_tfidf__employed,0.005488396861997902
terms_abstract_tfidf__employing,0.03470499030405615
terms_abstract_tfidf__enable,0.02189056861140748
terms_abstract_tfidf__enabled,-0.007704211811268395
terms_abstract_tfidf__enables,-0.034944794867818034
terms_abstract_tfidf__encode,-0.1726204752442837
terms_abstract_tfidf__encoded,-0.07163178835949074
terms_abstract_tfidf__encoding,-0.14619433279216693
terms_abstract_tfidf__encoding retrieval,-0.037498954148751165
terms_abstract_tfidf__encompassing,0.05935436386983925
terms_abstract_tfidf__end,0.025638086140434425
terms_abstract_tfidf__endogenous,0.03306695489026207
terms_abstract_tfidf__engage,0.07971169408157695
terms_abstract_tfidf__engaged,-0.03384031130882351
terms_abstract_tfidf__engagement,0.02565170023821413
terms_abstract_tfidf__engages,-0.12288515477426162
terms_abstract_tfidf__engaging,0.020989991510289373
terms_abstract_tfidf__english,-0.046256820699521216
terms_abstract_tfidf__enhance,-0.08457168165410023
terms_abstract_tfidf__enhancement,-0.158015271369684
terms_abstract_tfidf__enhances,-0.0045386128017712015
terms_abstract_tfidf__enhancing,0.0963063220163545
terms_abstract_tfidf__entire,0.018994525509669992
terms_abstract_tfidf__environment,-0.08103498383610883
terms_abstract_tfidf__environmental,0.006476150363125094
terms_abstract_tfidf__environments,-0.01409614964554047
terms_abstract_tfidf__epilepsy,0.05099566352148799
terms_abstract_tfidf__episode,0.03361045402122143
terms_abstract_tfidf__episodes,0.04234196062464453
terms_abstract_tfidf__episodic,0.035260574920525894
terms_abstract_tfidf__episodic memory,0.0027335076964770852
terms_abstract_tfidf__equal,0.011929133244014971
terms_abstract_tfidf__equally,-0.008708456193162076
terms_abstract_tfidf__equivalent,-0.16280586239061834
terms_abstract_tfidf__erp,-0.10710300501679207
terms_abstract_tfidf__error,0.22201260948213325
terms_abstract_tfidf__errors,0.1920982094367421
terms_abstract_tfidf__especially,-0.033124898760105964
terms_abstract_tfidf__essential,0.030326330018532806
terms_abstract_tfidf__establish,0.008470192648406542
terms_abstract_tfidf__established,-0.01734435754747875
terms_abstract_tfidf__estimate,0.01653273798109939
terms_abstract_tfidf__estimated,0.01891792890429838
terms_abstract_tfidf__estimates,0.06770817922563573
terms_abstract_tfidf__estimation,0.12147118007679497
terms_abstract_tfidf__et,0.03037480899885122
terms_abstract_tfidf__et al,0.03389315964002902
terms_abstract_tfidf__evaluate,0.10063038427173669
terms_abstract_tfidf__evaluated,0.07925820982199218
terms_abstract_tfidf__evaluating,0.053503703824424216
terms_abstract_tfidf__evaluation,0.15104332978141444
terms_abstract_tfidf__evaluations,0.09006506007991452
terms_abstract_tfidf__event,-0.01859312936805754
terms_abstract_tfidf__event design,-0.06598207942199172
terms_abstract_tfidf__event functional,0.022919323126177428
terms_abstract_tfidf__event potential,-0.05538916671324621
terms_abstract_tfidf__event potentials,-0.08060998745018629
terms_abstract_tfidf__events,0.11598894794213047
terms_abstract_tfidf__everyday,-0.00032756150303805883
terms_abstract_tfidf__everyday life,-0.0071887346759270205
terms_abstract_tfidf__evidence,-0.016939491612990083
terms_abstract_tfidf__evidence suggests,-0.012932835774266672
terms_abstract_tfidf__evidenced,0.028946820629690038
terms_abstract_tfidf__evident,-0.012205957819595386
terms_abstract_tfidf__evoke,-0.04344140410104001
terms_abstract_tfidf__evoked,-0.12832572811735968
terms_abstract_tfidf__evolution,-0.052308312707458934
terms_abstract_tfidf__exact,-0.0010722962569647925
terms_abstract_tfidf__examination,0.14005771471358716
terms_abstract_tfidf__examining,0.17359397396139487
terms_abstract_tfidf__example,-0.05911182073309787
terms_abstract_tfidf__excessive,0.15625044482138353
terms_abstract_tfidf__exclusively,-0.01757840517212321
terms_abstract_tfidf__executed,-0.1258625499449845
terms_abstract_tfidf__execution,-0.077222897064539
terms_abstract_tfidf__executive,0.18387009924472428
terms_abstract_tfidf__executive control,0.07337812330361491
terms_abstract_tfidf__executive function,0.08335758377487153
terms_abstract_tfidf__executive functions,0.16094109306595733
terms_abstract_tfidf__exert,0.012681923626284113
terms_abstract_tfidf__exhibit,0.058966988104263596
terms_abstract_tfidf__exhibited,0.07130838295590278
terms_abstract_tfidf__exhibited greater,0.08875150338505398
terms_abstract_tfidf__exhibiting,-0.015849105443747492
terms_abstract_tfidf__exist,0.008890921501676781
terms_abstract_tfidf__existence,-0.10061060975583344
terms_abstract_tfidf__existing,0.08145448774420992
terms_abstract_tfidf__exists,0.03278149331312349
terms_abstract_tfidf__expectancy,0.14109901145979994
terms_abstract_tfidf__expectation,0.07493936583562094
terms_abstract_tfidf__expectations,0.06036773136017323
terms_abstract_tfidf__expected,0.061542401753447405
terms_abstract_tfidf__experience,-0.011311768162214788
terms_abstract_tfidf__experienced,0.14248444724784537
terms_abstract_tfidf__experiences,0.05958737929320142
terms_abstract_tfidf__experiencing,0.10003328019716694
terms_abstract_tfidf__experiment,-0.11567283946861595
terms_abstract_tfidf__experimental,-0.02248112488350079
terms_abstract_tfidf__experimental conditions,-0.12967889083606768
terms_abstract_tfidf__experimentally,0.07245301016585096
terms_abstract_tfidf__experiments,-0.22355158802772024
terms_abstract_tfidf__expertise,-0.17516456589537152
terms_abstract_tfidf__explain,0.07369166245623138
terms_abstract_tfidf__explained,-0.02115709094126904
terms_abstract_tfidf__explanation,-0.04037142505008871
terms_abstract_tfidf__explicit,-0.06238143692878113
terms_abstract_tfidf__explicitly,0.08168630064750941
terms_abstract_tfidf__exploration,-0.14746752846720074
terms_abstract_tfidf__exploratory,0.0868989703337632
terms_abstract_tfidf__explore,0.04936190719777732
terms_abstract_tfidf__explored,0.02594192074434578
terms_abstract_tfidf__exploring,0.09368688666398838
terms_abstract_tfidf__exposed,0.026897650409609383
terms_abstract_tfidf__exposure,-0.010533972610322873
terms_abstract_tfidf__expressed,-0.019940500473996554
terms_abstract_tfidf__expression,-0.08782928028634333
terms_abstract_tfidf__expressions,-0.0767739282949629
terms_abstract_tfidf__extend,-0.01122674365597239
terms_abstract_tfidf__extended,-0.015180068859647079
terms_abstract_tfidf__extending,-0.04126654292152503
terms_abstract_tfidf__extends,-0.023035601534304638
terms_abstract_tfidf__extension,-0.03673729204963105
terms_abstract_tfidf__extensive,-0.08541310303345301
terms_abstract_tfidf__extensively,-0.0483502810641805
terms_abstract_tfidf__extent,-0.020824928136525388
terms_abstract_tfidf__external,0.1356649271764588
terms_abstract_tfidf__externally,0.1294033389246706
terms_abstract_tfidf__extinction,0.0881829619466544
terms_abstract_tfidf__extra,-0.07582349088174031
terms_abstract_tfidf__extract,-0.02310461656053127
terms_abstract_tfidf__extracted,-0.01890736644161115
terms_abstract_tfidf__extrastriate,-0.32137301588231776
terms_abstract_tfidf__eye,-0.18400054298170482
terms_abstract_tfidf__eye field,-0.08056460583568756
terms_abstract_tfidf__eye fields,-0.09602919996029141
terms_abstract_tfidf__eye movement,-0.11905118291783606
terms_abstract_tfidf__eye movements,-0.20304704110743207
terms_abstract_tfidf__eyes,-0.20744033722998373
terms_abstract_tfidf__fa,0.005586213279349194
terms_abstract_tfidf__face,-0.2337534836708915
terms_abstract_tfidf__face ffa,-0.23542515150033655
terms_abstract_tfidf__face recognition,-0.20023768312078238
terms_abstract_tfidf__faces,-0.18527338696026774
terms_abstract_tfidf__facial,-0.08992923547330013
terms_abstract_tfidf__facial expression,-0.13808429460177987
terms_abstract_tfidf__facial expressions,-0.08068346408940623
terms_abstract_tfidf__facilitate,-0.047668232123349766
terms_abstract_tfidf__facilitated,-0.08010625717395642
terms_abstract_tfidf__facilitates,0.02225992807949801
terms_abstract_tfidf__facilitation,0.014722950502261654
terms_abstract_tfidf__fact,0.0076153466948734256
terms_abstract_tfidf__factor,0.07357087098885721
terms_abstract_tfidf__factorial,-0.12151308079506672
terms_abstract_tfidf__factorial design,-0.15043855950029464
terms_abstract_tfidf__factors,-0.04218297000168767
terms_abstract_tfidf__failed,0.052378119643450884
terms_abstract_tfidf__failure,0.10774762846116429
terms_abstract_tfidf__false,0.1361825289319805
terms_abstract_tfidf__familiar,-0.1509425253340649
terms_abstract_tfidf__familiarity,-0.10454105682166472
terms_abstract_tfidf__family,0.16072656379120975
terms_abstract_tfidf__far,0.016272042128601713
terms_abstract_tfidf__fasciculus,-0.056363558542994865
terms_abstract_tfidf__fashion,-0.035469470849338346
terms_abstract_tfidf__fast,-0.0589721106776402
terms_abstract_tfidf__faster,-0.1088326767041795
terms_abstract_tfidf__fc,0.0647807252134567
terms_abstract_tfidf__fear,0.042528576451244936
terms_abstract_tfidf__fearful,-0.06791029058870454
terms_abstract_tfidf__fearful faces,-0.07738642265597949
terms_abstract_tfidf__feature,-0.13346266219296918
terms_abstract_tfidf__features,-0.1812842195984774
terms_abstract_tfidf__feedback,0.14325496055334364
terms_abstract_tfidf__feeling,0.04162641465599156
terms_abstract_tfidf__feelings,0.1129622684388096
terms_abstract_tfidf__female,0.10824325034770346
terms_abstract_tfidf__females,0.10690134735134915
terms_abstract_tfidf__fewer,0.06667142029248191
terms_abstract_tfidf__ffa,-0.227540455629929
terms_abstract_tfidf__fiber,-0.05397370197201418
terms_abstract_tfidf__field,-0.22400723306864204
terms_abstract_tfidf__fields,-0.1712565096341632
terms_abstract_tfidf__final,0.03338279916185225
terms_abstract_tfidf__finally,-0.041581000539537026
terms_abstract_tfidf__fine,-0.03495583155518842
terms_abstract_tfidf__finger,-0.06897711140239493
terms_abstract_tfidf__finger movements,-0.0770467362587283
terms_abstract_tfidf__finger tapping,-0.03211991901775137
terms_abstract_tfidf__fixation,-0.20500611132132754
terms_abstract_tfidf__fixed,-0.04873416947435014
terms_abstract_tfidf__flexibility,0.09427663164508283
terms_abstract_tfidf__flexible,0.02982101394201216
terms_abstract_tfidf__flexibly,0.02386956208128329
terms_abstract_tfidf__flow,-0.016689744114584616
terms_abstract_tfidf__fluctuation,0.0957165610085236
terms_abstract_tfidf__fluctuations,0.0682787285749206
terms_abstract_tfidf__fluency,0.01865140119818542
terms_abstract_tfidf__focal,-0.030625515363881604
terms_abstract_tfidf__foci,-0.11270122722253527
terms_abstract_tfidf__focus,0.04404327963752644
terms_abstract_tfidf__focused,0.1429378781637088
terms_abstract_tfidf__focusing,0.049569658215595606
terms_abstract_tfidf__follow,0.10724620555564339
terms_abstract_tfidf__followed,0.027046036553738453
terms_abstract_tfidf__following,-0.04430948884315159
terms_abstract_tfidf__food,0.11766851282627337
terms_abstract_tfidf__foot,0.027974684560828626
terms_abstract_tfidf__force,-0.022945215086315078
terms_abstract_tfidf__form,-0.18420574407263274
terms_abstract_tfidf__formation,-0.0721790686769154
terms_abstract_tfidf__formed,-0.09259215371470478
terms_abstract_tfidf__forms,-0.010619370533857442
terms_abstract_tfidf__forward,-0.09310368813131278
terms_abstract_tfidf__fourteen,0.006404236621570168
terms_abstract_tfidf__fractional,0.0037502296798282387
terms_abstract_tfidf__fractional anisotropy,0.01761949755519835
terms_abstract_tfidf__framework,0.0751810604500258
terms_abstract_tfidf__free,0.10718507623125387
terms_abstract_tfidf__frequencies,-0.017020414317388405
terms_abstract_tfidf__frequency,-0.02126813698901008
terms_abstract_tfidf__frequency fluctuations,-0.017742935667303426
terms_abstract_tfidf__frequent,0.08314037264053044
terms_abstract_tfidf__frequently,0.13064406445422824
terms_abstract_tfidf__frontal,0.050052896014011944
terms_abstract_tfidf__frontal cortex,0.11304541673641036
terms_abstract_tfidf__frontal cortices,0.04655895472862768
terms_abstract_tfidf__frontal eye,-0.09615867475768852
terms_abstract_tfidf__frontal gyri,0.024586440661881332
terms_abstract_tfidf__frontal gyrus,0.06300925980467377
terms_abstract_tfidf__frontal lobe,0.08662130916836647
terms_abstract_tfidf__frontal lobes,-0.0290392899787657
terms_abstract_tfidf__frontal operculum,0.10069381313749376
terms_abstract_tfidf__frontal parietal,-0.0024029616384145754
terms_abstract_tfidf__frontal temporal,0.06774370365539849
terms_abstract_tfidf__fronto,0.04765873759334917
terms_abstract_tfidf__fronto parietal,-0.04627535804883159
terms_abstract_tfidf__fronto striatal,0.18434873460749315
terms_abstract_tfidf__fronto temporal,0.04458802065210901
terms_abstract_tfidf__frontoparietal,0.023164519843999587
terms_abstract_tfidf__frontoparietal network,-0.01861589585572761
terms_abstract_tfidf__frontopolar,0.16989813281014737
terms_abstract_tfidf__frontotemporal,0.06498489865463572
terms_abstract_tfidf__fully,-0.1182527491039045
terms_abstract_tfidf__function,0.12661979941551388
terms_abstract_tfidf__functional abnormalities,0.08057040819912177
terms_abstract_tfidf__functional connections,0.006459017218676676
terms_abstract_tfidf__functional connectivity,0.1918215322162492
terms_abstract_tfidf__functional coupling,0.027035441543013707
terms_abstract_tfidf__functional magnetic,0.006337095004931984
terms_abstract_tfidf__functional network,0.13773471634505816
terms_abstract_tfidf__functional networks,0.16886778007552758
terms_abstract_tfidf__functional neuroanatomy,-0.05272075179400133
terms_abstract_tfidf__functional organization,0.08308938650770031
terms_abstract_tfidf__functional role,-0.039310278688638435
terms_abstract_tfidf__functional structural,0.062107832593441784
terms_abstract_tfidf__functionally,0.015181158250302276
terms_abstract_tfidf__functionally connected,0.10507231934479387
terms_abstract_tfidf__functioning,0.14143874505023632
terms_abstract_tfidf__functions,0.08958727288746256
terms_abstract_tfidf__fundamental,-0.047850753492564665
terms_abstract_tfidf__furthermore,0.033625964508244024
terms_abstract_tfidf__fusiform,-0.29848101241241787
terms_abstract_tfidf__fusiform face,-0.22559572563171626
terms_abstract_tfidf__fusiform gyri,-0.2380759682827525
terms_abstract_tfidf__fusiform gyrus,-0.2900403681511165
terms_abstract_tfidf__future,0.1474594780720361
terms_abstract_tfidf__gain,0.1769232957704879
terms_abstract_tfidf__gains,0.24240086676625863
terms_abstract_tfidf__gambling,0.17384938055381305
terms_abstract_tfidf__game,0.24790518750350268
terms_abstract_tfidf__gamma,-0.10888293270176663
terms_abstract_tfidf__ganglia,0.1527939801977472
terms_abstract_tfidf__gap,0.05205291609650817
terms_abstract_tfidf__gaze,-0.24671990367351854
terms_abstract_tfidf__gender,0.07875507176582278
terms_abstract_tfidf__gene,0.08298582105500464
terms_abstract_tfidf__general,0.0844547357757569
terms_abstract_tfidf__general linear,-0.08773403400867948
terms_abstract_tfidf__generalized,0.029643926254932063
terms_abstract_tfidf__generally,-0.11016242214060262
terms_abstract_tfidf__generate,-0.03598690844652262
terms_abstract_tfidf__generated,-0.021285126815536452
terms_abstract_tfidf__generating,-0.04161129099625484
terms_abstract_tfidf__generation,-0.03134317093020402
terms_abstract_tfidf__genes,0.03591699600828243
terms_abstract_tfidf__genetic,0.0715497645650394
terms_abstract_tfidf__genetic risk,0.09103073784536056
terms_abstract_tfidf__genotype,0.09907321329021748
terms_abstract_tfidf__german,0.06882639878307169
terms_abstract_tfidf__gestures,-0.19215050011494209
terms_abstract_tfidf__given,0.08035871451537574
terms_abstract_tfidf__global,0.006350289258749087
terms_abstract_tfidf__globus,0.06642906542695892
terms_abstract_tfidf__globus pallidus,0.06704041736494093
terms_abstract_tfidf__gm,0.0020029173857543407
terms_abstract_tfidf__gm volume,0.002722854364097543
terms_abstract_tfidf__goal,0.060986220261643284
terms_abstract_tfidf__goal directed,0.08083461544617067
terms_abstract_tfidf__goals,0.00818109370585068
terms_abstract_tfidf__good,-0.01954823830642522
terms_abstract_tfidf__gradient,-0.018093486088881016
terms_abstract_tfidf__granger,0.10591674216434491
terms_abstract_tfidf__graph,0.11375602959485424
terms_abstract_tfidf__grasping,-0.22691135872590437
terms_abstract_tfidf__gray,0.07887479554759265
terms_abstract_tfidf__gray matter,0.07677776643034989
terms_abstract_tfidf__great,-0.005895924042159483
terms_abstract_tfidf__greater,0.03176891411010354
terms_abstract_tfidf__greater extent,-0.019178831006893254
terms_abstract_tfidf__greatest,-0.0005506399135283216
terms_abstract_tfidf__grey,0.08629340525764588
terms_abstract_tfidf__grey matter,0.08089302046581401
terms_abstract_tfidf__group,0.10010118427165843
terms_abstract_tfidf__group comparisons,0.1346070913967396
terms_abstract_tfidf__group healthy,0.03183099159982003
terms_abstract_tfidf__group level,-0.010142656933315449
terms_abstract_tfidf__groups,0.06504473438105218
terms_abstract_tfidf__growing,0.05024994102628731
terms_abstract_tfidf__guide,0.02352187876012531
terms_abstract_tfidf__guided,-0.09161711582088829
terms_abstract_tfidf__gyri,-0.10525653720860487
terms_abstract_tfidf__gyrus,-0.129102312882144
terms_abstract_tfidf__gyrus anterior,0.03617191373642004
terms_abstract_tfidf__gyrus ba,-0.07850054103616917
terms_abstract_tfidf__gyrus cerebellum,-0.08360089162668678
terms_abstract_tfidf__gyrus ifg,-0.029243891309911185
terms_abstract_tfidf__gyrus inferior,-0.08898915431862883
terms_abstract_tfidf__gyrus insula,0.09379897851213316
terms_abstract_tfidf__gyrus medial,0.06280592240602031
terms_abstract_tfidf__gyrus mfg,0.0664624866695237
terms_abstract_tfidf__gyrus middle,-0.02889958862880338
terms_abstract_tfidf__gyrus posterior,0.009468630197809969
terms_abstract_tfidf__gyrus precuneus,0.03202442736560115
terms_abstract_tfidf__gyrus stg,-0.03346534097663762
terms_abstract_tfidf__gyrus superior,-0.12681182790903728
terms_abstract_tfidf__half,-0.08099323551264483
terms_abstract_tfidf__hand,-0.1430991316084242
terms_abstract_tfidf__hand movements,-0.1168439259922956
terms_abstract_tfidf__handed,-0.12939275672879888
terms_abstract_tfidf__handedness,-0.07200593721486218
terms_abstract_tfidf__hands,-0.1700847920172516
terms_abstract_tfidf__happy,-0.017910218453901956
terms_abstract_tfidf__happy faces,-0.0439621737417195
terms_abstract_tfidf__having,0.01791810077267926
terms_abstract_tfidf__hc,0.1287439739981166
terms_abstract_tfidf__hcs,0.07024586053609189
terms_abstract_tfidf__head,-0.017950490109636067
terms_abstract_tfidf__health,0.19645478523585203
terms_abstract_tfidf__healthy,0.1713492082925743
terms_abstract_tfidf__healthy adults,0.06739184429977806
terms_abstract_tfidf__healthy control,0.10969218729528998
terms_abstract_tfidf__healthy controls,0.1506400219675692
terms_abstract_tfidf__healthy handed,-0.0689830852369366
terms_abstract_tfidf__healthy human,0.10181714488846534
terms_abstract_tfidf__healthy individuals,0.1349411267128055
terms_abstract_tfidf__healthy male,-0.011349382013065623
terms_abstract_tfidf__healthy volunteers,0.07365885671790376
terms_abstract_tfidf__healthy young,0.03365660310871576
terms_abstract_tfidf__heard,0.07763126605704894
terms_abstract_tfidf__hearing,-0.06864196335152249
terms_abstract_tfidf__heart,0.028595148453340647
terms_abstract_tfidf__heart rate,0.02145405888569853
terms_abstract_tfidf__heightened,0.07249328504012517
terms_abstract_tfidf__held,0.036105056027370935
terms_abstract_tfidf__help,0.10591900254429908
terms_abstract_tfidf__hemisphere,-0.1890137617128043
terms_abstract_tfidf__hemispheres,-0.17395827845929204
terms_abstract_tfidf__hemispheric,-0.1408933584513721
terms_abstract_tfidf__hemodynamic,-0.008581841586757857
terms_abstract_tfidf__hemodynamic response,-0.036058285738803535
terms_abstract_tfidf__hemodynamic responses,-0.0026802111830974873
terms_abstract_tfidf__heschl,-0.024245753127202136
terms_abstract_tfidf__heschl gyrus,-0.021429888805069477
terms_abstract_tfidf__heterogeneity,0.024333470408398644
terms_abstract_tfidf__heterogeneous,0.013185990443390496
terms_abstract_tfidf__hierarchical,0.012490754211403715
terms_abstract_tfidf__hierarchy,-0.08073373397099373
terms_abstract_tfidf__high,0.05253160726620846
terms_abstract_tfidf__high frequency,-0.0721747432935111
terms_abstract_tfidf__high functioning,-0.051376681051676414
terms_abstract_tfidf__high level,-0.0662268306711336
terms_abstract_tfidf__high low,0.05576264730974203
terms_abstract_tfidf__high resolution,-0.06935586377389259
terms_abstract_tfidf__high risk,0.1261629439427614
terms_abstract_tfidf__higher,0.05192083804620892
terms_abstract_tfidf__higher level,-0.05416761967912899
terms_abstract_tfidf__higher levels,-0.01990382053484248
terms_abstract_tfidf__higher order,-0.04686397002495199
terms_abstract_tfidf__highest,0.06337235103787861
terms_abstract_tfidf__highlight,0.03425935539445762
terms_abstract_tfidf__highlighted,-0.02680331843654282
terms_abstract_tfidf__highlights,-0.06272975884113977
terms_abstract_tfidf__highly,0.06861550236193616
terms_abstract_tfidf__hippocampal,-0.03045540122194983
terms_abstract_tfidf__hippocampus,0.048844817767025775
terms_abstract_tfidf__history,0.1406328335338915
terms_abstract_tfidf__hoc,-0.036130378783680465
terms_abstract_tfidf__homogeneity,0.04509304507501779
terms_abstract_tfidf__homogeneity reho,0.058817763037306264
terms_abstract_tfidf__hub,0.09233626747255047
terms_abstract_tfidf__hubs,0.0651325091338888
terms_abstract_tfidf__hum,-0.037133534127800384
terms_abstract_tfidf__hum mapp,-0.05107745651847681
terms_abstract_tfidf__human,-0.11112501748749817
terms_abstract_tfidf__humans,-0.012230108395762036
terms_abstract_tfidf__hyperactivation,0.05262410500474618
terms_abstract_tfidf__hyperactivity,0.16828318157849248
terms_abstract_tfidf__hyperactivity disorder,0.168731389467925
terms_abstract_tfidf__hypoactivation,0.06881428490670521
terms_abstract_tfidf__hypothalamus,0.07872517925354063
terms_abstract_tfidf__hypotheses,-0.00428436526022549
terms_abstract_tfidf__hypothesize,-0.04844385103116353
terms_abstract_tfidf__hypothesized,0.0493965209664971
terms_abstract_tfidf__hz,0.017618317755506343
terms_abstract_tfidf__ica,0.1777113678052464
terms_abstract_tfidf__idea,-0.04550342586625525
terms_abstract_tfidf__identical,-0.06422119614861896
terms_abstract_tfidf__identification,-0.09040532093306218
terms_abstract_tfidf__identified,-0.013924851371337104
terms_abstract_tfidf__identify,-0.006216853291363767
terms_abstract_tfidf__identifying,0.054571584360044334
terms_abstract_tfidf__identity,-0.19619738645379983
terms_abstract_tfidf__ifg,-0.022750465037827176
terms_abstract_tfidf__ii,-0.05997840792434892
terms_abstract_tfidf__iii,-0.05274811302085998
terms_abstract_tfidf__illness,0.11836856251234802
terms_abstract_tfidf__illusion,-0.1816140737572831
terms_abstract_tfidf__illustrate,0.027020805352675748
terms_abstract_tfidf__image,-0.2094361193718214
terms_abstract_tfidf__imagery,-0.14690630670236388
terms_abstract_tfidf__images,-0.18038742489913517
terms_abstract_tfidf__images acquired,0.02621729777336264
terms_abstract_tfidf__imagine,0.06306086341117705
terms_abstract_tfidf__imagined,-0.04953918174023249
terms_abstract_tfidf__imitation,-0.13980643293254041
terms_abstract_tfidf__immediate,0.11830545130612913
terms_abstract_tfidf__immediately,-0.08533156857956661
terms_abstract_tfidf__impact,0.09902769793683282
terms_abstract_tfidf__impacts,0.006587881247949295
terms_abstract_tfidf__impaired,0.08602470456438091
terms_abstract_tfidf__impairment,0.04348724409533155
terms_abstract_tfidf__impairments,0.06597177786930301
terms_abstract_tfidf__implementation,0.046666477474463036
terms_abstract_tfidf__implemented,0.055651863650439656
terms_abstract_tfidf__implicate,0.07764876698912167
terms_abstract_tfidf__implicated,0.09968493665919394
terms_abstract_tfidf__implications,0.05703595401045096
terms_abstract_tfidf__implications understanding,0.016283947087897536
terms_abstract_tfidf__implicit,-0.06130728953280328
terms_abstract_tfidf__imply,0.10075378788586015
terms_abstract_tfidf__importance,0.026590490952108255
terms_abstract_tfidf__important,0.11433111951727841
terms_abstract_tfidf__important role,-0.021634888778751284
terms_abstract_tfidf__importantly,0.04280577619971483
terms_abstract_tfidf__improve,0.08900317693446787
terms_abstract_tfidf__improved,-0.029853456295429473
terms_abstract_tfidf__improvement,0.04225723483411632
terms_abstract_tfidf__improvements,0.037654456162031134
terms_abstract_tfidf__improves,0.008216147588888698
terms_abstract_tfidf__impulsive,0.14655138122027006
terms_abstract_tfidf__impulsivity,0.22385973870005746
terms_abstract_tfidf__incentive,0.22723413875261836
terms_abstract_tfidf__incentive delay,0.2086722837311423
terms_abstract_tfidf__incidental,0.026907268242496413
terms_abstract_tfidf__include,0.011137578913768794
terms_abstract_tfidf__included,-0.012234275131579897
terms_abstract_tfidf__includes,0.03754330670407806
terms_abstract_tfidf__incongruent,-0.10466939702958576
terms_abstract_tfidf__inconsistent,0.06526977838225562
terms_abstract_tfidf__incorrect,0.11655347467885414
terms_abstract_tfidf__increases,0.08315867568488909
terms_abstract_tfidf__increasing,0.024320298248216302
terms_abstract_tfidf__increasingly,0.013590154323210151
terms_abstract_tfidf__independent,0.10261977179352011
terms_abstract_tfidf__independent component,0.1835530469392756
terms_abstract_tfidf__independently,-0.03704950492939917
terms_abstract_tfidf__index,-0.0018220094254477624
terms_abstract_tfidf__index finger,-0.06205647398884967
terms_abstract_tfidf__indexed,-0.008058473093202425
terms_abstract_tfidf__indicate,-0.049426155218474696
terms_abstract_tfidf__indicated,-0.07802189090299802
terms_abstract_tfidf__indicates,-0.03176917584210306
terms_abstract_tfidf__indicating,-0.01708195272037851
terms_abstract_tfidf__indices,0.036585023037778795
terms_abstract_tfidf__indirect,0.04181087847188971
terms_abstract_tfidf__individual,0.05151217713631902
terms_abstract_tfidf__individual variability,0.09701198635808912
terms_abstract_tfidf__individually,0.030602205007267992
terms_abstract_tfidf__individuals,0.13810869735865922
terms_abstract_tfidf__induce,0.0005714291826347299
terms_abstract_tfidf__induced,0.03594296182298948
terms_abstract_tfidf__induces,-0.05920909646875183
terms_abstract_tfidf__inducing,-0.044581152278643205
terms_abstract_tfidf__induction,-0.015073203955800108
terms_abstract_tfidf__infer,0.055851170530498345
terms_abstract_tfidf__inference,0.017643759115843934
terms_abstract_tfidf__inferences,0.06520078579477993
terms_abstract_tfidf__inferior,-0.06539368494193189
terms_abstract_tfidf__inferior frontal,-0.015288310134015718
terms_abstract_tfidf__inferior middle,0.013904715021924736
terms_abstract_tfidf__inferior occipital,-0.25454751909929424
terms_abstract_tfidf__inferior parietal,0.03714265314124654
terms_abstract_tfidf__inferior prefrontal,-0.015475939978373307
terms_abstract_tfidf__inferior superior,-0.06576293905959173
terms_abstract_tfidf__inferior temporal,-0.2207640878749301
terms_abstract_tfidf__influence,0.03961919829480647
terms_abstract_tfidf__influenced,0.07230405474276569
terms_abstract_tfidf__influences,-0.05191019664982352
terms_abstract_tfidf__inform,0.13464222039610713
terms_abstract_tfidf__information,-0.16825198886955758
terms_abstract_tfidf__inhibit,0.17349741643128183
terms_abstract_tfidf__inhibition,0.20967141830634448
terms_abstract_tfidf__inhibitory,0.17490327994795207
terms_abstract_tfidf__inhibitory control,0.18185013413938422
terms_abstract_tfidf__initial,0.021582013777272775
terms_abstract_tfidf__initially,-0.0033801487656589593
terms_abstract_tfidf__initiation,-0.0008292221341798806
terms_abstract_tfidf__injury,0.04840412346297903
terms_abstract_tfidf__input,-0.18016647138834482
terms_abstract_tfidf__inputs,-0.23303806886302858
terms_abstract_tfidf__insight,0.08693446474527246
terms_abstract_tfidf__insights,0.07593211804148578
terms_abstract_tfidf__instead,0.035060618468903085
terms_abstract_tfidf__instructed,0.02259399653111021
terms_abstract_tfidf__instruction,-0.05255792675098251
terms_abstract_tfidf__instructions,0.00027106161058302816
terms_abstract_tfidf__insula,0.23718119357457934
terms_abstract_tfidf__insula anterior,0.20737931873176213
terms_abstract_tfidf__insula inferior,0.13216096389653423
terms_abstract_tfidf__insular,0.16339347447978542
terms_abstract_tfidf__insular cortex,0.16043675761289777
terms_abstract_tfidf__intact,-0.12150434721696698
terms_abstract_tfidf__integrate,-0.06567954947973614
terms_abstract_tfidf__integrated,-0.02853061413258587
terms_abstract_tfidf__integrating,-0.008752658479783685
terms_abstract_tfidf__integration,-0.09692606638360952
terms_abstract_tfidf__integrative,-0.01549842071030557
terms_abstract_tfidf__integrity,0.04276091133405878
terms_abstract_tfidf__intelligence,0.02608517475055565
terms_abstract_tfidf__intense,0.10329042631275495
terms_abstract_tfidf__intensity,0.08822610714905625
terms_abstract_tfidf__intention,0.06929359558338652
terms_abstract_tfidf__intentional,0.062033305020797416
terms_abstract_tfidf__intentions,0.07319104178400308
terms_abstract_tfidf__inter,0.0696507117759959
terms_abstract_tfidf__inter individual,-0.025472921515973385
terms_abstract_tfidf__interact,-0.10177745371003422
terms_abstract_tfidf__interacting,0.01841458514629071
terms_abstract_tfidf__interaction,0.06778014762705858
terms_abstract_tfidf__interactions,0.01828731994149098
terms_abstract_tfidf__interactive,0.02056526853971856
terms_abstract_tfidf__interacts,-0.053384555780543165
terms_abstract_tfidf__interestingly,-0.12211250386355224
terms_abstract_tfidf__interference,-0.03427784239168849
terms_abstract_tfidf__interhemispheric,-0.1001071973819211
terms_abstract_tfidf__intermediate,0.003537501872906096
terms_abstract_tfidf__internal,0.04210305685107294
terms_abstract_tfidf__internally,0.11506197231518733
terms_abstract_tfidf__interoceptive,0.0770940965491027
terms_abstract_tfidf__interpersonal,0.024960729993775178
terms_abstract_tfidf__interplay,-0.03865851789090228
terms_abstract_tfidf__interpret,-0.04874500655879076
terms_abstract_tfidf__interpretation,-0.053845907023766654
terms_abstract_tfidf__interpreted,-0.1047964764210377
terms_abstract_tfidf__interval,-0.05825998027137625
terms_abstract_tfidf__intervals,0.01918503281162933
terms_abstract_tfidf__intervention,0.08894370461216568
terms_abstract_tfidf__interventions,0.05746566238863098
terms_abstract_tfidf__intra,0.04843571040089875
terms_abstract_tfidf__intraparietal,-0.1888532002578461
terms_abstract_tfidf__intraparietal sulcus,-0.1837249254168506
terms_abstract_tfidf__intrinsic,0.12844815090081826
terms_abstract_tfidf__intrinsic functional,0.1613977493447817
terms_abstract_tfidf__introduced,-0.006116738667431507
terms_abstract_tfidf__introduction,0.03953863521453092
terms_abstract_tfidf__invariant,-0.11670169024746062
terms_abstract_tfidf__invasive,0.00039668638588208105
terms_abstract_tfidf__inventory,0.06201556186996072
terms_abstract_tfidf__inverse,0.021686398007102578
terms_abstract_tfidf__inversely,0.08027984275453726
terms_abstract_tfidf__investigates,-0.05130026669272461
terms_abstract_tfidf__investigating,0.01733830174447052
terms_abstract_tfidf__investigation,0.03222565233018423
terms_abstract_tfidf__investigations,0.04990902068381561
terms_abstract_tfidf__involve,0.09880934286573448
terms_abstract_tfidf__involved,-0.08385485081787335
terms_abstract_tfidf__involved cognitive,0.1253658289972023
terms_abstract_tfidf__involvement,-0.03854100054887716
terms_abstract_tfidf__involves,-0.1003683541072312
terms_abstract_tfidf__involving,0.06935002517028964
terms_abstract_tfidf__ipl,0.010431580464723892
terms_abstract_tfidf__ips,-0.16322776598854027
terms_abstract_tfidf__ipsilateral,-0.08235692242914774
terms_abstract_tfidf__iq,0.04572016954401838
terms_abstract_tfidf__irrelevant,-0.13994691397391334
terms_abstract_tfidf__irrespective,-0.07343264178567879
terms_abstract_tfidf__isolate,-0.04511689195836709
terms_abstract_tfidf__isolated,-0.1142164299200669
terms_abstract_tfidf__issue,-0.03543916840177075
terms_abstract_tfidf__issues,0.05959907626145246
terms_abstract_tfidf__item,-0.02483966461385388
terms_abstract_tfidf__items,-0.03123033619668375
terms_abstract_tfidf__iv,0.03213340363502914
terms_abstract_tfidf__joint,-0.00234642478105314
terms_abstract_tfidf__judge,0.019221063970459713
terms_abstract_tfidf__judged,-0.06391432885213373
terms_abstract_tfidf__judgment,-0.02742058630703382
terms_abstract_tfidf__judgment task,-0.06655957551161612
terms_abstract_tfidf__judgments,0.03142425892519182
terms_abstract_tfidf__junction,0.029965570079006333
terms_abstract_tfidf__junction tpj,0.05813469041993561
terms_abstract_tfidf__just,-0.11039077013258884
terms_abstract_tfidf__key,0.16241714426323312
terms_abstract_tfidf__key role,0.050312386474577364
terms_abstract_tfidf__kinds,-0.07174541093018508
terms_abstract_tfidf__know,0.05338233202989635
terms_abstract_tfidf__knowledge,-0.003983001370912855
terms_abstract_tfidf__known,-0.015359135047869916
terms_abstract_tfidf__known involved,-0.05008784149027985
terms_abstract_tfidf__labeling,0.09754195852145717
terms_abstract_tfidf__laboratory,0.07637493739663376
terms_abstract_tfidf__lack,-0.026920049703158335
terms_abstract_tfidf__lacking,0.011630425486276456
terms_abstract_tfidf__language,-0.059416889120485976
terms_abstract_tfidf__language comprehension,-0.026217292965204145
terms_abstract_tfidf__language network,-0.005764614178207757
terms_abstract_tfidf__languages,-0.08481823238462183
terms_abstract_tfidf__large,0.07007523174728358
terms_abstract_tfidf__large sample,0.024483840622309034
terms_abstract_tfidf__large scale,0.10386110962967508
terms_abstract_tfidf__largely,-0.019392734930917824
terms_abstract_tfidf__largely unknown,-0.15987021206785537
terms_abstract_tfidf__larger,-0.10913388770711681
terms_abstract_tfidf__late,-0.10586489350961825
terms_abstract_tfidf__latencies,-0.11145667693960201
terms_abstract_tfidf__latency,-0.11931708510166174
terms_abstract_tfidf__later,-0.0830216369312273
terms_abstract_tfidf__lateral,-0.06864271122980345
terms_abstract_tfidf__lateral frontal,0.08597033952403717
terms_abstract_tfidf__lateral medial,0.04659481124447174
terms_abstract_tfidf__lateral occipital,-0.33904748193312867
terms_abstract_tfidf__lateral orbitofrontal,0.16734674818297504
terms_abstract_tfidf__lateral parietal,0.13861140930168817
terms_abstract_tfidf__lateral prefrontal,0.1371350120366386
terms_abstract_tfidf__lateral temporal,-0.004486776513561389
terms_abstract_tfidf__laterality,-0.09828799343773023
terms_abstract_tfidf__lateralization,-0.1362279553693536
terms_abstract_tfidf__lateralized,-0.10606776105006714
terms_abstract_tfidf__lead,0.053300385901197025
terms_abstract_tfidf__leading,0.03988638071689586
terms_abstract_tfidf__leads,-0.0860950652988325
terms_abstract_tfidf__learn,0.043093003119463645
terms_abstract_tfidf__learned,0.08038283560410295
terms_abstract_tfidf__learning,0.08492443290949182
terms_abstract_tfidf__learning task,0.17831710537217227
terms_abstract_tfidf__led,0.043147928739879236
terms_abstract_tfidf__length,-0.01886081570402363
terms_abstract_tfidf__lesion,-0.12844434345689293
terms_abstract_tfidf__lesions,-0.10607808451616493
terms_abstract_tfidf__lesser,-0.12094968387176423
terms_abstract_tfidf__letter,-0.1648693892247667
terms_abstract_tfidf__letters,-0.19305341590695713
terms_abstract_tfidf__level,-0.03751308314585396
terms_abstract_tfidf__level bold,0.019967333909519304
terms_abstract_tfidf__level signal,0.02665863708638307
terms_abstract_tfidf__levels,0.06724464067845948
terms_abstract_tfidf__lexical,-0.051072657584093135
terms_abstract_tfidf__lexical decision,-0.05758653933771849
terms_abstract_tfidf__life,0.0489495268665093
terms_abstract_tfidf__light,-0.09081108007661509
terms_abstract_tfidf__like,-0.08843413519805295
terms_abstract_tfidf__likelihood,0.10000974661416155
terms_abstract_tfidf__likely,-0.020885781470667646
terms_abstract_tfidf__limb,-0.10765465328795265
terms_abstract_tfidf__limbic,0.15100608880389496
terms_abstract_tfidf__limitations,0.04258123273848748
terms_abstract_tfidf__limited,-0.007809006707615502
terms_abstract_tfidf__line,-0.059841609650995733
terms_abstract_tfidf__linear,-0.01834071552119788
terms_abstract_tfidf__linear model,-0.07290040118298428
terms_abstract_tfidf__linearly,0.0012148918254713717
terms_abstract_tfidf__lingual,-0.188785707618484
terms_abstract_tfidf__lingual gyrus,-0.14632818606127596
terms_abstract_tfidf__linguistic,-0.04177762064586185
terms_abstract_tfidf__link,0.08230993715827686
terms_abstract_tfidf__linked,0.10887612216719161
terms_abstract_tfidf__linking,-0.0719585864864566
terms_abstract_tfidf__links,0.014226276112541698
terms_abstract_tfidf__list,-0.0642157914639021
terms_abstract_tfidf__listened,0.0225069919544047
terms_abstract_tfidf__listening,0.04133522857528481
terms_abstract_tfidf__literature,-0.015703686948786735
terms_abstract_tfidf__little,0.016244863018529065
terms_abstract_tfidf__little known,0.052507241280826115
terms_abstract_tfidf__load,-0.017423325773704784
terms_abstract_tfidf__lobe,-0.09245168842797387
terms_abstract_tfidf__lobe mtl,-0.06651356483801313
terms_abstract_tfidf__lobes,-0.11349378474924558
terms_abstract_tfidf__lobule,-0.0866876948461822
terms_abstract_tfidf__lobule ipl,0.023387214937378806
terms_abstract_tfidf__lobules,-0.09816525118369049
terms_abstract_tfidf__local,-0.09719251646272666
terms_abstract_tfidf__localization,-0.146612963044054
terms_abstract_tfidf__localize,-0.13777659078993315
terms_abstract_tfidf__localized,-0.0896054615918521
terms_abstract_tfidf__located,-0.12397630311799465
terms_abstract_tfidf__location,-0.2581861870569555
terms_abstract_tfidf__locations,-0.21039047836038755
terms_abstract_tfidf__locus,-0.009593007025513352
terms_abstract_tfidf__long,-0.016670099550412567
terms_abstract_tfidf__long term,0.018396834717911273
terms_abstract_tfidf__longer,0.009675170266196501
terms_abstract_tfidf__longitudinal,0.003415515845020861
terms_abstract_tfidf__loop,0.050465847228034884
terms_abstract_tfidf__loss,0.18973523744274606
terms_abstract_tfidf__losses,0.26379425377475735
terms_abstract_tfidf__low,0.0681353779897268
terms_abstract_tfidf__low frequency,0.020002681330221456
terms_abstract_tfidf__low high,-0.03567682525830093
terms_abstract_tfidf__low level,-0.1657317065565678
terms_abstract_tfidf__lower,0.07179815804173731
terms_abstract_tfidf__m1,-0.05260241503153521
terms_abstract_tfidf__machine,0.04575216371473014
terms_abstract_tfidf__magnetic,0.004726302832401913
terms_abstract_tfidf__magnetic resonance,0.018616608463506202
terms_abstract_tfidf__magnetic stimulation,-0.1061376300746103
terms_abstract_tfidf__magnetoencephalography,-0.11148760439383203
terms_abstract_tfidf__magnitude,0.08587308094142657
terms_abstract_tfidf__main,0.05635013923600127
terms_abstract_tfidf__main effect,0.046944755685686526
terms_abstract_tfidf__mainly,0.006756327735570204
terms_abstract_tfidf__maintain,0.06877426209417958
terms_abstract_tfidf__maintained,-0.0345530988451506
terms_abstract_tfidf__maintaining,0.013085427105089269
terms_abstract_tfidf__maintenance,0.04564129968953955
terms_abstract_tfidf__major,0.09684800117047765
terms_abstract_tfidf__major depression,0.12683697290889032
terms_abstract_tfidf__major depressive,0.11442352467500469
terms_abstract_tfidf__majority,0.002403788177175392
terms_abstract_tfidf__make,0.08204609135871764
terms_abstract_tfidf__making,0.2610195454788748
terms_abstract_tfidf__male,0.056338400935556504
terms_abstract_tfidf__male female,-0.00039066123728939353
terms_abstract_tfidf__males,0.09280708748270111
terms_abstract_tfidf__manifest,0.06928010249040747
terms_abstract_tfidf__manipulated,-0.0788607140358603
terms_abstract_tfidf__manipulating,0.05340994496961241
terms_abstract_tfidf__manipulation,-0.07994815249754043
terms_abstract_tfidf__manipulations,-0.02014629750801273
terms_abstract_tfidf__manner,-0.018927445039520385
terms_abstract_tfidf__manual,-0.09417577634681948
terms_abstract_tfidf__map,-0.01646761819902721
terms_abstract_tfidf__mapp,-0.05127007591404366
terms_abstract_tfidf__mapped,-0.06012124813484637
terms_abstract_tfidf__mapping,-0.07839560799191042
terms_abstract_tfidf__maps,0.012036806740390569
terms_abstract_tfidf__marked,-0.05955356130823401
terms_abstract_tfidf__marker,0.064860548263703
terms_abstract_tfidf__markers,0.10070649716241872
terms_abstract_tfidf__masked,0.04018051635422057
terms_abstract_tfidf__mass,0.033129574707882234
terms_abstract_tfidf__match,-0.04607442393361581
terms_abstract_tfidf__matching,-0.1695624395285458
terms_abstract_tfidf__matching task,-0.13293914244753555
terms_abstract_tfidf__material,-0.07432748318093242
terms_abstract_tfidf__materials,-0.041522118930722426
terms_abstract_tfidf__matrix,0.11112667812227253
terms_abstract_tfidf__matter,0.07244518967117308
terms_abstract_tfidf__matter density,0.011407112042784428
terms_abstract_tfidf__matter gm,-0.00464278225326916
terms_abstract_tfidf__matter volume,0.08894803932605284
terms_abstract_tfidf__matter volumes,0.023937682447271732
terms_abstract_tfidf__maturation,0.050163353090351206
terms_abstract_tfidf__maximal,0.01192938728755581
terms_abstract_tfidf__maximum,-0.028075042706583224
terms_abstract_tfidf__mci,-0.018501263416966906
terms_abstract_tfidf__mdd,0.09622825916221758
terms_abstract_tfidf__mean,0.08264325865801822
terms_abstract_tfidf__mean age,0.05153450479028602
terms_abstract_tfidf__meaning,-0.031072965133482712
terms_abstract_tfidf__meaningful,-0.12429942729400073
terms_abstract_tfidf__means,0.032135342829473855
terms_abstract_tfidf__measure,0.0892591127674769
terms_abstract_tfidf__measurement,-0.03367232406925436
terms_abstract_tfidf__measurements,-0.037676625635458975
terms_abstract_tfidf__measures,0.05834629427840702
terms_abstract_tfidf__measuring,0.07297099986334625
terms_abstract_tfidf__mechanism,0.006998491082083244
terms_abstract_tfidf__mechanisms,0.07981707375624429
terms_abstract_tfidf__mechanisms involved,-0.006420563441185276
terms_abstract_tfidf__mechanisms underlying,0.03097105337498271
terms_abstract_tfidf__medial,0.17684434102635846
terms_abstract_tfidf__medial frontal,0.1599185775788084
terms_abstract_tfidf__medial lateral,0.1978455254976675
terms_abstract_tfidf__medial orbitofrontal,0.1621068316586319
terms_abstract_tfidf__medial pfc,0.12963027806267813
terms_abstract_tfidf__medial prefrontal,0.2142984656486816
terms_abstract_tfidf__medial superior,-0.0025441970442645675
terms_abstract_tfidf__medial temporal,-0.05161109639800527
terms_abstract_tfidf__median,-0.04212358981622939
terms_abstract_tfidf__mediate,0.12864551036923702
terms_abstract_tfidf__mediated,0.09095378386835924
terms_abstract_tfidf__mediates,0.08383167594675302
terms_abstract_tfidf__mediating,0.08473877597732996
terms_abstract_tfidf__medication,0.15571593899373024
terms_abstract_tfidf__meg,-0.13658987251319651
terms_abstract_tfidf__memories,0.04235731354981886
terms_abstract_tfidf__memory,0.01401865830309883
terms_abstract_tfidf__memory encoding,-0.07056156891586789
terms_abstract_tfidf__memory load,0.021402962532874287
terms_abstract_tfidf__memory performance,0.013503140968583974
terms_abstract_tfidf__memory processes,-0.0291933135471171
terms_abstract_tfidf__memory retrieval,0.15433475673470193
terms_abstract_tfidf__memory task,0.062375360833231905
terms_abstract_tfidf__memory tasks,0.0401356113590641
terms_abstract_tfidf__memory test,-0.013865577301621412
terms_abstract_tfidf__memory wm,-0.0023493534034221223
terms_abstract_tfidf__men,0.1037709622668373
terms_abstract_tfidf__men women,0.094086589098875
terms_abstract_tfidf__mental,0.015402091494393665
terms_abstract_tfidf__mental imagery,-0.15409232108227525
terms_abstract_tfidf__mental state,0.10392597883509257
terms_abstract_tfidf__mental states,0.05848980283080596
terms_abstract_tfidf__mentalizing,0.05162146640613909
terms_abstract_tfidf__mesial,0.06095207674799261
terms_abstract_tfidf__mesolimbic,0.17940075569449201
terms_abstract_tfidf__met,0.10249110025625766
terms_abstract_tfidf__metabolic,0.040058769628623016
terms_abstract_tfidf__metabolism,0.04257703387785461
terms_abstract_tfidf__method,0.03723112565321856
terms_abstract_tfidf__methodological,0.000511455875835514
terms_abstract_tfidf__methodology,0.038195801012678214
terms_abstract_tfidf__methodology principal,0.08703981265127926
terms_abstract_tfidf__methods,0.11060453194753869
terms_abstract_tfidf__methods functional,0.018353773353282664
terms_abstract_tfidf__mfg,0.08116719214291077
terms_abstract_tfidf__mg,0.1117021036528464
terms_abstract_tfidf__mid,0.13482936283809302
terms_abstract_tfidf__midbrain,0.10441096282934241
terms_abstract_tfidf__middle,-0.018045541755564883
terms_abstract_tfidf__middle cingulate,0.14179408273391148
terms_abstract_tfidf__middle frontal,0.12510882536938228
terms_abstract_tfidf__middle inferior,-0.01813876510658036
terms_abstract_tfidf__middle occipital,-0.22360974960067367
terms_abstract_tfidf__middle superior,-0.016442709524848748
terms_abstract_tfidf__middle temporal,-0.06620093708499637
terms_abstract_tfidf__midline,0.17087609921812616
terms_abstract_tfidf__mild,0.09487416217777742
terms_abstract_tfidf__mild cognitive,0.043734720873641886
terms_abstract_tfidf__min,0.03027466742220746
terms_abstract_tfidf__mind,0.10622632387671153
terms_abstract_tfidf__mind tom,0.04343010251682939
terms_abstract_tfidf__minimal,-0.03079383773404583
terms_abstract_tfidf__mirror,-0.2044756567405554
terms_abstract_tfidf__mirror neuron,-0.15820094738067864
terms_abstract_tfidf__mixed,0.1452724086757911
terms_abstract_tfidf__mm,0.025966259115424873
terms_abstract_tfidf__mnemonic,0.01636738006037026
terms_abstract_tfidf__modal,-0.19204268156604373
terms_abstract_tfidf__modalities,-0.13204491957401612
terms_abstract_tfidf__modality,-0.14420111315465078
terms_abstract_tfidf__mode,0.18496236205655936
terms_abstract_tfidf__mode network,0.18018369123518513
terms_abstract_tfidf__model,0.07827192148057364
terms_abstract_tfidf__modeling,-0.09538350646998867
terms_abstract_tfidf__models,0.03693992103284839
terms_abstract_tfidf__moderate,0.14452868063626995
terms_abstract_tfidf__modified,0.10090300151466809
terms_abstract_tfidf__modulate,0.06718286429461419
terms_abstract_tfidf__modulated,-0.05418022960753331
terms_abstract_tfidf__modulates,0.07589807403528655
terms_abstract_tfidf__modulating,0.12942957077429573
terms_abstract_tfidf__modulation,0.020552425019322973
terms_abstract_tfidf__modulations,-0.029195925008004008
terms_abstract_tfidf__modulatory,0.019572088767502546
terms_abstract_tfidf__monetary,0.2597044526798484
terms_abstract_tfidf__monetary incentive,0.194492055301381
terms_abstract_tfidf__monetary reward,0.16340630441038395
terms_abstract_tfidf__money,0.2034547949622694
terms_abstract_tfidf__monitor,0.04760416451916332
terms_abstract_tfidf__monitored,-0.013174612662710104
terms_abstract_tfidf__monitoring,0.17916203981502657
terms_abstract_tfidf__monkey,-0.148230610325208
terms_abstract_tfidf__monkeys,-0.1748786885540981
terms_abstract_tfidf__months,0.08509223510036636
terms_abstract_tfidf__mood,0.08501551481983205
terms_abstract_tfidf__moral,0.1445002934199538
terms_abstract_tfidf__morphological,0.02626239103466066
terms_abstract_tfidf__morphology,-0.017583136839426576
terms_abstract_tfidf__morphometry,0.025724290290074694
terms_abstract_tfidf__morphometry vbm,0.026770767194601836
terms_abstract_tfidf__motion,-0.2959758538003875
terms_abstract_tfidf__motivation,0.2073560504634015
terms_abstract_tfidf__motivational,0.23054691208353528
terms_abstract_tfidf__motor,-0.06649199066787721
terms_abstract_tfidf__motor control,-0.028546277945924334
terms_abstract_tfidf__motor cortex,-0.05840130276533642
terms_abstract_tfidf__motor function,-0.07801386823856325
terms_abstract_tfidf__motor imagery,-0.09311204417873523
terms_abstract_tfidf__motor network,-0.025902067947863247
terms_abstract_tfidf__motor performance,-0.05200528849371403
terms_abstract_tfidf__motor pre,0.033650064758614893
terms_abstract_tfidf__motor premotor,-0.07911693508486528
terms_abstract_tfidf__motor response,0.06116973592399968
terms_abstract_tfidf__motor responses,0.05149415488886858
terms_abstract_tfidf__motor sma,0.02657067339699841
terms_abstract_tfidf__motor task,-0.05249952008613415
terms_abstract_tfidf__movement,-0.09139678716610214
terms_abstract_tfidf__movements,-0.1667896786589722
terms_abstract_tfidf__moving,-0.22614591191749456
terms_abstract_tfidf__mpfc,0.17851328774678157
terms_abstract_tfidf__mr,-0.10270269692515618
terms_abstract_tfidf__ms,-0.0819591198059923
terms_abstract_tfidf__mt,-0.27513049046795546
terms_abstract_tfidf__mtg,-0.0196818408063764
terms_abstract_tfidf__mtl,-0.07532834373984426
terms_abstract_tfidf__multi,-0.10773556759650502
terms_abstract_tfidf__multimodal,-0.06548734243310707
terms_abstract_tfidf__multiple,-0.0014945250516907363
terms_abstract_tfidf__multiple comparisons,0.05644503877311602
terms_abstract_tfidf__multiple sclerosis,-0.010464524539326933
terms_abstract_tfidf__multisensory,-0.20359869891099217
terms_abstract_tfidf__multivariate,-0.0014398299799220418
terms_abstract_tfidf__multivariate pattern,-0.034076886282103896
terms_abstract_tfidf__muscle,0.01152253456968915
terms_abstract_tfidf__music,0.017572642253936274
terms_abstract_tfidf__musical,0.0255013337635174
terms_abstract_tfidf__musicians,-0.015003607621802893
terms_abstract_tfidf__naive,0.13696283444325713
terms_abstract_tfidf__names,-0.09833278335258165
terms_abstract_tfidf__naming,-0.15473931959396015
terms_abstract_tfidf__native,-0.12643867955778051
terms_abstract_tfidf__natural,-0.15754017548118276
terms_abstract_tfidf__naturalistic,-0.1171890304084449
terms_abstract_tfidf__nature,-0.0671983401409661
terms_abstract_tfidf__navigation,-0.13860406770483388
terms_abstract_tfidf__near,-0.13130837534277595
terms_abstract_tfidf__necessary,-0.07238826869887466
terms_abstract_tfidf__need,0.1130213106087005
terms_abstract_tfidf__needed,-0.004181833079212453
terms_abstract_tfidf__needs,-0.031995820017933024
terms_abstract_tfidf__negative,0.17565551877726338
terms_abstract_tfidf__negative affect,0.10557466462020763
terms_abstract_tfidf__negative correlation,0.08261930410033742
terms_abstract_tfidf__negative correlations,0.08587061922943053
terms_abstract_tfidf__negative emotional,0.06727577550824267
terms_abstract_tfidf__negative emotions,0.012213168104162035
terms_abstract_tfidf__negative feedback,0.256046447806982
terms_abstract_tfidf__negative neutral,0.003645934249138556
terms_abstract_tfidf__negative positive,0.11986328894571564
terms_abstract_tfidf__negatively,0.12871322779696917
terms_abstract_tfidf__negatively correlated,0.09047135461573275
terms_abstract_tfidf__negativity,0.046692745591588064
terms_abstract_tfidf__neocortical,0.023235431134100176
terms_abstract_tfidf__nerve,0.036182654306138526
terms_abstract_tfidf__nervous,0.016145773250241753
terms_abstract_tfidf__network,0.1275141862747672
terms_abstract_tfidf__network connectivity,0.17953834947442865
terms_abstract_tfidf__network dmn,0.1683425968456859
terms_abstract_tfidf__network involved,0.011437694760010912
terms_abstract_tfidf__networks,0.23504926348930538
terms_abstract_tfidf__networks involved,0.05458114054836762
terms_abstract_tfidf__neuro,0.009124586421065561
terms_abstract_tfidf__neuroanatomical,0.01528508253333149
terms_abstract_tfidf__neuroanatomy,-0.060220277703976685
terms_abstract_tfidf__neurobiological,0.20770038396329155
terms_abstract_tfidf__neurobiology,0.09040935995991009
terms_abstract_tfidf__neurocognitive,0.08657080173932928
terms_abstract_tfidf__neurodegenerative,0.04751198906079035
terms_abstract_tfidf__neurodevelopmental,0.049277768864531606
terms_abstract_tfidf__neurofunctional,-0.03628982308491301
terms_abstract_tfidf__neurological,-0.02014455713190273
terms_abstract_tfidf__neuron,-0.15337419803795388
terms_abstract_tfidf__neuronal,-0.06178039444317587
terms_abstract_tfidf__neurons,-0.11454436637180598
terms_abstract_tfidf__neurophysiological,-0.04851942499976978
terms_abstract_tfidf__neuropsychiatric,0.10716829647515141
terms_abstract_tfidf__neuropsychological,-0.046641023015785536
terms_abstract_tfidf__neuroscience,0.052709013189987296
terms_abstract_tfidf__neutral,0.016993680228483764
terms_abstract_tfidf__neutral faces,-0.06674244561240163
terms_abstract_tfidf__neutral pictures,0.0002377209914956998
terms_abstract_tfidf__neutral stimuli,0.04600177044913184
terms_abstract_tfidf__new,-0.005450579015214448
terms_abstract_tfidf__new insights,-0.005635623326461632
terms_abstract_tfidf__newly,0.02245542322668287
terms_abstract_tfidf__nineteen,0.09410928493831931
terms_abstract_tfidf__nociceptive,0.07049053962815854
terms_abstract_tfidf__node,0.08136846345369454
terms_abstract_tfidf__nodes,0.10327934085819918
terms_abstract_tfidf__nogo,0.1649811416541559
terms_abstract_tfidf__noise,-0.0882834371011936
terms_abstract_tfidf__non,0.003348793369752416
terms_abstract_tfidf__normal,-0.02983425987366117
terms_abstract_tfidf__normal controls,0.07118965049390949
terms_abstract_tfidf__normalized,0.01953721817191457
terms_abstract_tfidf__normally,-0.1174536133616831
terms_abstract_tfidf__notably,0.09121330267158899
terms_abstract_tfidf__noted,0.06418620972241164
terms_abstract_tfidf__notion,0.019697460428169264
terms_abstract_tfidf__nouns,-0.048157011306009856
terms_abstract_tfidf__novel,0.043939002254935716
terms_abstract_tfidf__novelty,-0.010067475419846404
terms_abstract_tfidf__noxious,0.1775514590545444
terms_abstract_tfidf__nuclei,0.04419710415978826
terms_abstract_tfidf__nucleus,0.15640583481728712
terms_abstract_tfidf__nucleus accumbens,0.19397790713198917
terms_abstract_tfidf__number,-0.00861379990813274
terms_abstract_tfidf__numbers,-0.08643876648576337
terms_abstract_tfidf__numerical,-0.1222976333219737
terms_abstract_tfidf__numerous,0.043426814418558654
terms_abstract_tfidf__object,-0.3575414758449402
terms_abstract_tfidf__object recognition,-0.30014387073289983
terms_abstract_tfidf__objective,0.08435898665919765
terms_abstract_tfidf__objectives,0.06960569820533469
terms_abstract_tfidf__objects,-0.34275776806463965
terms_abstract_tfidf__observation,-0.22936630191214155
terms_abstract_tfidf__observations,-0.011192226359358822
terms_abstract_tfidf__observer,-0.20867805783606536
terms_abstract_tfidf__observers,-0.22077830147314953
terms_abstract_tfidf__observing,-0.16525954575937693
terms_abstract_tfidf__obsessive,0.16722528532232547
terms_abstract_tfidf__obsessive compulsive,0.16210487811081356
terms_abstract_tfidf__obtain,0.1088665461109084
terms_abstract_tfidf__obtained,-0.018575259824048174
terms_abstract_tfidf__occipital,-0.3530719328862267
terms_abstract_tfidf__occipital cortex,-0.31187828495639924
terms_abstract_tfidf__occipital gyrus,-0.27501845092722893
terms_abstract_tfidf__occipital lobe,-0.09387976522297528
terms_abstract_tfidf__occipital parietal,-0.23124311920035343
terms_abstract_tfidf__occipital temporal,-0.23781217180832565
terms_abstract_tfidf__occipito,-0.31098688027953464
terms_abstract_tfidf__occipito temporal,-0.30363125470127045
terms_abstract_tfidf__occipitotemporal,-0.30592855482926434
terms_abstract_tfidf__occipitotemporal cortex,-0.29117880407899754
terms_abstract_tfidf__occur,-0.04192833786896401
terms_abstract_tfidf__occurred,-0.0413052059784149
terms_abstract_tfidf__occurrence,0.10613459654818243
terms_abstract_tfidf__occurring,-0.05884559244570307
terms_abstract_tfidf__occurs,-0.04794803755316533
terms_abstract_tfidf__ocd,0.15241493971290923
terms_abstract_tfidf__oddball,0.02686721311812141
terms_abstract_tfidf__ofc,0.1354965119633993
terms_abstract_tfidf__offer,0.022509448572545117
terms_abstract_tfidf__offers,0.001744007095359959
terms_abstract_tfidf__old,0.05354302842368226
terms_abstract_tfidf__older,0.09797785941086001
terms_abstract_tfidf__older adults,0.07416210597592295
terms_abstract_tfidf__olfactory,0.08911964345514765
terms_abstract_tfidf__ones,-0.044534554137228635
terms_abstract_tfidf__ongoing,0.07789726246722482
terms_abstract_tfidf__online,-0.0031589389859034735
terms_abstract_tfidf__onset,-0.046339693451433066
terms_abstract_tfidf__open,-0.08296684387659674
terms_abstract_tfidf__operation,-0.08549333567027906
terms_abstract_tfidf__operations,-0.06832255583617214
terms_abstract_tfidf__opercular,0.07809136771558428
terms_abstract_tfidf__opercularis,-0.011106330351891618
terms_abstract_tfidf__operculum,0.07072382587512696
terms_abstract_tfidf__opportunity,0.06865257838441682
terms_abstract_tfidf__opposed,-0.002283057232113604
terms_abstract_tfidf__opposite,0.0009908975163615758
terms_abstract_tfidf__optimal,0.1510672423585477
terms_abstract_tfidf__optimized,-0.01719181840829786
terms_abstract_tfidf__options,0.18122018482957863
terms_abstract_tfidf__oral,-0.019068146663391326
terms_abstract_tfidf__orbital,0.1234629376066361
terms_abstract_tfidf__orbitofrontal,0.21084739918203052
terms_abstract_tfidf__orbitofrontal cortex,0.20704064132909258
terms_abstract_tfidf__order,0.035740169910844506
terms_abstract_tfidf__organization,-0.025702289055119232
terms_abstract_tfidf__organized,-0.017866979156636546
terms_abstract_tfidf__orientation,-0.21584339813323197
terms_abstract_tfidf__oriented,-0.06530907269647186
terms_abstract_tfidf__orienting,-0.10953190785151584
terms_abstract_tfidf__origin,-0.09827516727221368
terms_abstract_tfidf__original,-0.10676323333280219
terms_abstract_tfidf__orthographic,-0.15589354141208803
terms_abstract_tfidf__oscillations,-0.03117000009173873
terms_abstract_tfidf__outcome,0.27981880677530535
terms_abstract_tfidf__outcomes,0.28568467339147974
terms_abstract_tfidf__output,-0.07044634903541264
terms_abstract_tfidf__outside,-0.059313100816525105
terms_abstract_tfidf__outside scanner,-0.0940558767637725
terms_abstract_tfidf__overall,-0.03794363599851595
terms_abstract_tfidf__overcome,-0.015353979180316718
terms_abstract_tfidf__overlap,-0.03999322271105535
terms_abstract_tfidf__overlapped,-0.05897290658152901
terms_abstract_tfidf__overlapping,-0.039410609610414725
terms_abstract_tfidf__overt,-0.044275085609400876
terms_abstract_tfidf__oxygen,0.047529714052992084
terms_abstract_tfidf__oxygen level,0.04769070574088998
terms_abstract_tfidf__oxygenation,0.04054323204037399
terms_abstract_tfidf__oxygenation level,0.037223498202530424
terms_abstract_tfidf__paced,-0.04555788076540307
terms_abstract_tfidf__pain,0.14720660162488264
terms_abstract_tfidf__painful,0.11965904836502013
terms_abstract_tfidf__pair,-0.06057990875013454
terms_abstract_tfidf__paired,0.025195827939925287
terms_abstract_tfidf__pairs,-0.0673741732318848
terms_abstract_tfidf__pallidus,0.06704041736494093
terms_abstract_tfidf__paper,-0.06044997697824981
terms_abstract_tfidf__paradigm,0.012805787913754446
terms_abstract_tfidf__paradigms,0.060140099100073015
terms_abstract_tfidf__parahippocampal,-0.10134853224539342
terms_abstract_tfidf__parahippocampal cortex,-0.08358577475436584
terms_abstract_tfidf__parahippocampal gyrus,-0.06892262041334322
terms_abstract_tfidf__parahippocampus,0.04089119375129145
terms_abstract_tfidf__paralimbic,0.1309931715171269
terms_abstract_tfidf__parallel,0.016522526124601214
terms_abstract_tfidf__parameter,-0.00949515496863909
terms_abstract_tfidf__parameters,-0.01677035922033747
terms_abstract_tfidf__parametric,0.047548695109414764
terms_abstract_tfidf__parametric mapping,0.014849720002224884
terms_abstract_tfidf__parametrically,-0.052850121212542324
terms_abstract_tfidf__parietal,-0.07483569487394699
terms_abstract_tfidf__parietal cortex,-0.052562313446027915
terms_abstract_tfidf__parietal cortices,0.01795942362104977
terms_abstract_tfidf__parietal frontal,-0.14014066106896353
terms_abstract_tfidf__parietal junction,0.06299189334778971
terms_abstract_tfidf__parietal lobe,-0.06961993293346033
terms_abstract_tfidf__parietal lobes,-0.07284068388930427
terms_abstract_tfidf__parietal lobule,-0.07413937556686645
terms_abstract_tfidf__parietal lobules,-0.07944139139888358
terms_abstract_tfidf__parietal network,-0.030592403677662625
terms_abstract_tfidf__parietal occipital,-0.15726875796677803
terms_abstract_tfidf__parietal temporal,-0.02810191541467139
terms_abstract_tfidf__parieto,-0.18483204731693753
terms_abstract_tfidf__parieto occipital,-0.19254732455230034
terms_abstract_tfidf__parkinson,0.08847566713615651
terms_abstract_tfidf__parkinson disease,0.09029171295494016
terms_abstract_tfidf__pars,0.0050045976822435095
terms_abstract_tfidf__pars opercularis,-0.010561625454065542
terms_abstract_tfidf__partial,-0.04354035906958698
terms_abstract_tfidf__partially,0.0006025293538612814
terms_abstract_tfidf__participant,0.02339670607015101
terms_abstract_tfidf__participate,0.023743882538446177
terms_abstract_tfidf__participated,0.025377656052456912
terms_abstract_tfidf__particular,-0.07058186054853108
terms_abstract_tfidf__particularly,-0.01515641618368615
terms_abstract_tfidf__partly,-0.034720158817325056
terms_abstract_tfidf__partner,0.14632717757576008
terms_abstract_tfidf__parts,-0.16636559810973778
terms_abstract_tfidf__passive,-0.0863037535933854
terms_abstract_tfidf__passive viewing,-0.12961868936226165
terms_abstract_tfidf__passively,-0.17075697410435775
terms_abstract_tfidf__past,0.09293382176848124
terms_abstract_tfidf__pathological,0.0557058839306855
terms_abstract_tfidf__pathology,0.07055925330560081
terms_abstract_tfidf__pathophysiological,0.10069170422030004
terms_abstract_tfidf__pathophysiology,0.13412540899078304
terms_abstract_tfidf__pathway,-0.16258730209145805
terms_abstract_tfidf__pathways,-0.08073021867860973
terms_abstract_tfidf__patient,-0.04904618350764908
terms_abstract_tfidf__patient group,0.017494664511544886
terms_abstract_tfidf__patient groups,0.06890802586867037
terms_abstract_tfidf__pattern,-0.08544490752054831
terms_abstract_tfidf__patterns,-0.021900458539978507
terms_abstract_tfidf__pcc,0.17328666634420165
terms_abstract_tfidf__pd,0.0911060162922794
terms_abstract_tfidf__peak,-0.1207407961405145
terms_abstract_tfidf__people,0.05033536165692417
terms_abstract_tfidf__perceive,-0.13549581817524584
terms_abstract_tfidf__perceived,-0.062518169804307
terms_abstract_tfidf__perceiving,-0.20889987999124157
terms_abstract_tfidf__percept,-0.1376772210163462
terms_abstract_tfidf__perception,-0.2759938468332647
terms_abstract_tfidf__perceptual,-0.31265479201851276
terms_abstract_tfidf__perform,-0.05600194515740718
terms_abstract_tfidf__performance,0.04174070941772084
terms_abstract_tfidf__performance task,0.06309541111200431
terms_abstract_tfidf__performances,-0.03690070313295026
terms_abstract_tfidf__performing,-0.07278230558471166
terms_abstract_tfidf__perfusion,0.10641603846826746
terms_abstract_tfidf__periaqueductal,0.06429075855555172
terms_abstract_tfidf__period,0.11151433775078264
terms_abstract_tfidf__periodicals,-0.03362748551177412
terms_abstract_tfidf__periods,0.08876606360048661
terms_abstract_tfidf__peripheral,-0.07481810767894188
terms_abstract_tfidf__persistent,0.08667887853491704
terms_abstract_tfidf__person,-0.014378364579523536
terms_abstract_tfidf__personal,0.13504426793661412
terms_abstract_tfidf__personality,0.1603946377428204
terms_abstract_tfidf__personality traits,0.09533747272767017
terms_abstract_tfidf__persons,0.04983821042051017
terms_abstract_tfidf__perspective,0.009169366235977394
terms_abstract_tfidf__pet,-0.0015487082202276631
terms_abstract_tfidf__pfc,0.18274046133279198
terms_abstract_tfidf__pharmacological,0.1531074405308865
terms_abstract_tfidf__phase,0.03713150166948835
terms_abstract_tfidf__phases,0.0036494981349160065
terms_abstract_tfidf__phenomena,0.029902456134402542
terms_abstract_tfidf__phenomenon,0.024711598622622385
terms_abstract_tfidf__phenotype,0.07499272984220687
terms_abstract_tfidf__phonological,-0.102191511619895
terms_abstract_tfidf__photographs,-0.12005373171033244
terms_abstract_tfidf__physical,-0.09634509227332066
terms_abstract_tfidf__physiological,0.0722927909704977
terms_abstract_tfidf__picture,-0.10545078312040879
terms_abstract_tfidf__pictures,-0.011210408034526569
terms_abstract_tfidf__pitch,-0.004113919120729702
terms_abstract_tfidf__place,-0.12989593774052055
terms_abstract_tfidf__placebo,0.15346899930446514
terms_abstract_tfidf__placebo controlled,0.09240881194579023
terms_abstract_tfidf__planning,-0.0548097628114735
terms_abstract_tfidf__planum,-0.04522912532344133
terms_abstract_tfidf__planum temporale,-0.03595903774714031
terms_abstract_tfidf__plasticity,-0.12762558922269157
terms_abstract_tfidf__play,-0.00776580875655952
terms_abstract_tfidf__play important,-0.07201203379925165
terms_abstract_tfidf__play role,-0.024142555724517505
terms_abstract_tfidf__played,0.1633690156556057
terms_abstract_tfidf__playing,0.04475799473586276
terms_abstract_tfidf__plays,-0.0022006383304570966
terms_abstract_tfidf__plays important,-0.02747193550565581
terms_abstract_tfidf__plays role,-0.008034913442851023
terms_abstract_tfidf__pleasant,0.07099240508752784
terms_abstract_tfidf__point,-0.0857785176121056
terms_abstract_tfidf__pointing,-0.06392071277218737
terms_abstract_tfidf__points,-0.0052180710350750925
terms_abstract_tfidf__pole,0.04146315718826836
terms_abstract_tfidf__polymorphism,0.10734286018752016
terms_abstract_tfidf__poor,0.046336522018064125
terms_abstract_tfidf__poorer,0.08235289953664073
terms_abstract_tfidf__poorly,0.09477412825563432
terms_abstract_tfidf__poorly understood,0.06965366057230764
terms_abstract_tfidf__population,-0.009291153626505198
terms_abstract_tfidf__populations,-0.10237106502214448
terms_abstract_tfidf__portion,-0.020140832643601236
terms_abstract_tfidf__portions,0.07099309675012422
terms_abstract_tfidf__position,-0.18430459229017024
terms_abstract_tfidf__positive,0.19849670794639368
terms_abstract_tfidf__positive correlation,0.036586006511840366
terms_abstract_tfidf__positive correlations,0.03480878308422741
terms_abstract_tfidf__positive negative,0.20358091039968884
terms_abstract_tfidf__positively,0.15449137359979126
terms_abstract_tfidf__positively correlated,0.15618744687040237
terms_abstract_tfidf__positron,0.04802426725934632
terms_abstract_tfidf__positron emission,0.048571410859553785
terms_abstract_tfidf__possibility,-0.05533148040665189
terms_abstract_tfidf__possible,-0.0721383705403293
terms_abstract_tfidf__possibly,-0.0021167177236513313
terms_abstract_tfidf__post,0.08097018462554943
terms_abstract_tfidf__post hoc,-0.045049717526581254
terms_abstract_tfidf__postcentral,-0.05479594620270101
terms_abstract_tfidf__postcentral gyrus,-0.0473799565771892
terms_abstract_tfidf__posterior,-0.054772502129438676
terms_abstract_tfidf__posterior anterior,-0.004120711598560491
terms_abstract_tfidf__posterior cingulate,0.18270904128873872
terms_abstract_tfidf__posterior inferior,-0.07744375798304226
terms_abstract_tfidf__posterior insula,0.10090704578721545
terms_abstract_tfidf__posterior middle,-0.04762325467824397
terms_abstract_tfidf__posterior parietal,-0.11785133572799704
terms_abstract_tfidf__posterior superior,-0.10145249743835237
terms_abstract_tfidf__posterior temporal,-0.02511554785061449
terms_abstract_tfidf__posttraumatic,0.030554929791058935
terms_abstract_tfidf__potential,0.15036149633216533
terms_abstract_tfidf__potentially,0.11735612901439359
terms_abstract_tfidf__potentials,-0.09762707660597052
terms_abstract_tfidf__power,-0.06395394747598532
terms_abstract_tfidf__powerful,0.04446473454263525
terms_abstract_tfidf__ppc,-0.12043075594990184
terms_abstract_tfidf__ppi,0.025780017228033573
terms_abstract_tfidf__practice,-0.07263107004335691
terms_abstract_tfidf__pre,0.02986493486615839
terms_abstract_tfidf__pre post,-0.011168136363151566
terms_abstract_tfidf__pre sma,0.005167957617263519
terms_abstract_tfidf__pre supplementary,0.04293646092035806
terms_abstract_tfidf__preceded,0.0015685592376025682
terms_abstract_tfidf__preceding,0.012735713712765396
terms_abstract_tfidf__precentral,-0.06422527861446316
terms_abstract_tfidf__precentral gyrus,-0.040164706608705684
terms_abstract_tfidf__precise,0.01629457624185678
terms_abstract_tfidf__precuneus,0.0723210601236466
terms_abstract_tfidf__precuneus posterior,0.0837384975442516
terms_abstract_tfidf__predict,-0.0007084428532196648
terms_abstract_tfidf__predicted,0.12821469712679287
terms_abstract_tfidf__predicting,0.08570616253624808
terms_abstract_tfidf__prediction,0.1091183702238331
terms_abstract_tfidf__prediction error,0.19906163098564963
terms_abstract_tfidf__predictions,-0.05631644727017098
terms_abstract_tfidf__predictive,0.020037808402381778
terms_abstract_tfidf__predictors,0.006871082002331418
terms_abstract_tfidf__predicts,0.046995233459108506
terms_abstract_tfidf__predominantly,0.021746941895936865
terms_abstract_tfidf__preference,-0.04916640314810925
terms_abstract_tfidf__preferences,0.13203223340732764
terms_abstract_tfidf__preferential,-0.08273185261035915
terms_abstract_tfidf__preferentially,-0.08771432344139185
terms_abstract_tfidf__prefrontal,0.27762415597008844
terms_abstract_tfidf__prefrontal cortex,0.29450893455755967
terms_abstract_tfidf__prefrontal cortical,0.10100186780880425
terms_abstract_tfidf__prefrontal cortices,0.14784107643404093
terms_abstract_tfidf__prefrontal parietal,0.09177647811408485
terms_abstract_tfidf__preliminary,0.02757584191178493
terms_abstract_tfidf__premotor,-0.12160253669879545
terms_abstract_tfidf__premotor cortex,-0.13123483778543982
terms_abstract_tfidf__preparation,-0.01307537487232464
terms_abstract_tfidf__preparatory,0.000750033292958097
terms_abstract_tfidf__presence,-0.05215252956116891
terms_abstract_tfidf__presentation,-0.13136090171812212
terms_abstract_tfidf__presentations,-0.06866281173902809
terms_abstract_tfidf__presented,-0.2845710999465361
terms_abstract_tfidf__presenting,-0.14363573856882603
terms_abstract_tfidf__preserved,-0.07150109127617203
terms_abstract_tfidf__press,-0.05395950042827443
terms_abstract_tfidf__pressure,0.12066130439092797
terms_abstract_tfidf__presumably,-0.10138800794975897
terms_abstract_tfidf__previous,-0.015613271365428685
terms_abstract_tfidf__previous functional,-0.04825967425316771
terms_abstract_tfidf__previous reports,-0.113695708169919
terms_abstract_tfidf__previous research,0.06398180139712574
terms_abstract_tfidf__previous shown,-0.0018005944483428472
terms_abstract_tfidf__previous work,-0.016582347525041757
terms_abstract_tfidf__primarily,-0.02137103942299572
terms_abstract_tfidf__primary,-0.06549524689338118
terms_abstract_tfidf__primary auditory,-0.03535203032864205
terms_abstract_tfidf__primary motor,-0.049011099366863
terms_abstract_tfidf__primary secondary,0.012998706754678966
terms_abstract_tfidf__primary sensorimotor,-0.08190141260866929
terms_abstract_tfidf__primary somatosensory,-0.025279793269494352
terms_abstract_tfidf__primary visual,-0.23961858253176666
terms_abstract_tfidf__primates,0.036555761393809276
terms_abstract_tfidf__prime,-0.10004056747792392
terms_abstract_tfidf__priming,-0.13336939179814664
terms_abstract_tfidf__principal,0.08952071556873996
terms_abstract_tfidf__principle,-0.09316300296412737
terms_abstract_tfidf__prior,-0.00012488524405657544
terms_abstract_tfidf__priori,0.06678710343623097
terms_abstract_tfidf__probabilistic,0.1544330932568504
terms_abstract_tfidf__probability,0.17529922526548433
terms_abstract_tfidf__probably,-0.0948576891598349
terms_abstract_tfidf__probe,-0.044297063797206694
terms_abstract_tfidf__problem,0.14253144244628288
terms_abstract_tfidf__problems,0.1440868673178989
terms_abstract_tfidf__procedure,0.05830291064609532
terms_abstract_tfidf__procedures,0.04945382860844239
terms_abstract_tfidf__process,-0.0011380756687755882
terms_abstract_tfidf__processed,-0.19764885583237243
terms_abstract_tfidf__processes,0.08346863625793793
terms_abstract_tfidf__processes involved,0.03046075582770357
terms_abstract_tfidf__processes underlying,0.04191095503448706
terms_abstract_tfidf__produce,0.007209817836810981
terms_abstract_tfidf__produced,-0.08622679600964157
terms_abstract_tfidf__producing,-0.013764514645055076
terms_abstract_tfidf__production,-0.05082155618346791
terms_abstract_tfidf__profile,-0.022866140108271933
terms_abstract_tfidf__profiles,0.009836218232555049
terms_abstract_tfidf__progression,0.09348864942822772
terms_abstract_tfidf__progressive,0.07934435409309598
terms_abstract_tfidf__prolonged,0.014939569407563953
terms_abstract_tfidf__prominent,-0.0562244027672117
terms_abstract_tfidf__promising,0.11724467503674828
terms_abstract_tfidf__pronounced,-0.021879070534957315
terms_abstract_tfidf__proper,-0.021704880958793363
terms_abstract_tfidf__properties,-0.17355910485577494
terms_abstract_tfidf__proportion,0.07635308112249152
terms_abstract_tfidf__propose,-0.06871488724244004
terms_abstract_tfidf__proposed,0.029409878298052864
terms_abstract_tfidf__prospective,0.14826138646853962
terms_abstract_tfidf__protocol,0.01283225786988903
terms_abstract_tfidf__provide,0.14332873332085427
terms_abstract_tfidf__provide evidence,0.03300209174620759
terms_abstract_tfidf__provide new,0.06645860411379396
terms_abstract_tfidf__provide novel,0.06689999158556477
terms_abstract_tfidf__provided,0.028700420461547936
terms_abstract_tfidf__provides,-0.004003259372681094
terms_abstract_tfidf__provides evidence,0.052405613831381155
terms_abstract_tfidf__providing,-0.024760081509802367
terms_abstract_tfidf__pseudowords,-0.09961655828236861
terms_abstract_tfidf__psts,-0.06785153912215611
terms_abstract_tfidf__psychiatric,0.14565885789714253
terms_abstract_tfidf__psychiatric disorders,0.13745922254662177
terms_abstract_tfidf__psychological,0.1665127632764823
terms_abstract_tfidf__psychopathology,0.15979256534275663
terms_abstract_tfidf__psychophysical,-0.06635812979327875
terms_abstract_tfidf__psychophysiological,0.048480675180178116
terms_abstract_tfidf__psychophysiological interaction,0.06928196765317278
terms_abstract_tfidf__psychosis,0.10275771024039994
terms_abstract_tfidf__psychotic,0.09316987930395018
terms_abstract_tfidf__ptsd,0.07189310693785735
terms_abstract_tfidf__published,0.12354140288900489
terms_abstract_tfidf__punishment,0.2459804032702749
terms_abstract_tfidf__pure,-0.0489251561740822
terms_abstract_tfidf__purpose,-0.08409580295128975
terms_abstract_tfidf__putamen,0.17014890347669287
terms_abstract_tfidf__putative,-0.05505239944737139
terms_abstract_tfidf__quality,0.02276919715820613
terms_abstract_tfidf__quantified,0.06470745149091632
terms_abstract_tfidf__quantify,-0.025158409754389814
terms_abstract_tfidf__quantitative,0.06255576304027638
terms_abstract_tfidf__question,-0.011009276568311105
terms_abstract_tfidf__questionnaire,0.09799886127765838
terms_abstract_tfidf__questions,0.039546787158025634
terms_abstract_tfidf__random,-0.04677199180395999
terms_abstract_tfidf__random effects,-0.009850652695475456
terms_abstract_tfidf__randomized,0.09570931833762406
terms_abstract_tfidf__randomly,0.004835596258020326
terms_abstract_tfidf__range,-0.00822336714746763
terms_abstract_tfidf__ranging,0.06619862927185481
terms_abstract_tfidf__rapid,-0.032834889074300724
terms_abstract_tfidf__rapidly,-0.08007725256911982
terms_abstract_tfidf__rare,0.0019261927343179116
terms_abstract_tfidf__rarely,-0.004737579558637535
terms_abstract_tfidf__rate,0.06067743797267722
terms_abstract_tfidf__rated,0.10232524414392881
terms_abstract_tfidf__rates,0.08926319358278373
terms_abstract_tfidf__rating,0.12238902497803258
terms_abstract_tfidf__ratings,0.15208265489170222
terms_abstract_tfidf__ratio,-0.0328697921106847
terms_abstract_tfidf__rationale,0.028708472101727896
terms_abstract_tfidf__reach,-0.10259076499072965
terms_abstract_tfidf__reaching,-0.07912066754268061
terms_abstract_tfidf__reaction,-0.007525880023708048
terms_abstract_tfidf__reaction time,0.018795289783389076
terms_abstract_tfidf__reaction times,-0.06838511618483867
terms_abstract_tfidf__reactions,0.07012418616374336
terms_abstract_tfidf__reactivity,0.07171524887908087
terms_abstract_tfidf__read,-0.08519605240701925
terms_abstract_tfidf__readers,-0.08831573024358132
terms_abstract_tfidf__reading,-0.17702556265024078
terms_abstract_tfidf__real,-0.05825322391573956
terms_abstract_tfidf__real time,0.010672803363526039
terms_abstract_tfidf__real world,0.017839382574451643
terms_abstract_tfidf__reality,0.04993447269614562
terms_abstract_tfidf__reappraisal,0.11130728215706316
terms_abstract_tfidf__reasoning,0.06477969266565696
terms_abstract_tfidf__recall,0.08317350515667042
terms_abstract_tfidf__receive,0.15213958185864868
terms_abstract_tfidf__received,0.10343229709079627
terms_abstract_tfidf__receiving,0.22197452612749288
terms_abstract_tfidf__recently,0.06554442491136095
terms_abstract_tfidf__receptor,0.2031394258361078
terms_abstract_tfidf__recognition,-0.17527444532696013
terms_abstract_tfidf__recognition memory,0.06370670718521927
terms_abstract_tfidf__recognition task,-0.0015476698734029498
terms_abstract_tfidf__recognize,-0.19480850877513498
terms_abstract_tfidf__recognized,-0.018420798476887146
terms_abstract_tfidf__recognizing,-0.0698995988581814
terms_abstract_tfidf__recollection,0.057581106743430005
terms_abstract_tfidf__recorded,-0.0756142642041904
terms_abstract_tfidf__recording,0.007992078327196723
terms_abstract_tfidf__recordings,-0.1653876783359239
terms_abstract_tfidf__recovery,-0.05219441872914779
terms_abstract_tfidf__recruit,0.014998510694020526
terms_abstract_tfidf__recruited,0.04379016441434118
terms_abstract_tfidf__recruitment,-0.0006765048694607503
terms_abstract_tfidf__recruits,-0.027330519601041128
terms_abstract_tfidf__reduce,0.12503843525408123
terms_abstract_tfidf__reduces,0.06682076244727174
terms_abstract_tfidf__reducing,0.09680126503777893
terms_abstract_tfidf__reduction,0.11855041152547727
terms_abstract_tfidf__reductions,0.04202367988977364
terms_abstract_tfidf__reference,-0.012342290916552551
terms_abstract_tfidf__referential,0.1569538259849517
terms_abstract_tfidf__referred,-0.05399360064900961
terms_abstract_tfidf__refers,0.04725248652647941
terms_abstract_tfidf__reflect,-0.06965550277440044
terms_abstract_tfidf__reflected,0.03088636141210775
terms_abstract_tfidf__reflecting,-0.02569876894262239
terms_abstract_tfidf__reflects,-0.042540651312629976
terms_abstract_tfidf__regard,-0.0008728692090591067
terms_abstract_tfidf__regarding,0.1293695278015451
terms_abstract_tfidf__regardless,-0.08575887370203295
terms_abstract_tfidf__regional,0.10352866028652127
terms_abstract_tfidf__regional cerebral,0.0011504911978579382
terms_abstract_tfidf__regional gray,0.05106461275963623
terms_abstract_tfidf__regional homogeneity,0.05763918782330176
terms_abstract_tfidf__regular,0.03289481700958598
terms_abstract_tfidf__regulate,0.19243109737496716
terms_abstract_tfidf__regulating,0.15249836273768455
terms_abstract_tfidf__regulation,0.1976287835945527
terms_abstract_tfidf__regulatory,0.15960478159693103
terms_abstract_tfidf__rehabilitation,-0.02656928237186558
terms_abstract_tfidf__rehearsal,-0.04797247617869805
terms_abstract_tfidf__reho,0.05773095847969932
terms_abstract_tfidf__reinforcement,0.19415085685891093
terms_abstract_tfidf__reinforcement learning,0.13426874165445413
terms_abstract_tfidf__relate,0.05453043385734137
terms_abstract_tfidf__relates,0.10414037336088197
terms_abstract_tfidf__relation,-0.023164723364436028
terms_abstract_tfidf__relational,-0.014228845564327432
terms_abstract_tfidf__relations,-0.05223615890018388
terms_abstract_tfidf__relationship,0.08948294060120371
terms_abstract_tfidf__relationships,0.15149904718461707
terms_abstract_tfidf__relatively,0.08675802144590372
terms_abstract_tfidf__relevance,0.016833257771088694
terms_abstract_tfidf__relevant,-0.10858646732966533
terms_abstract_tfidf__relevant information,-0.1263938650983207
terms_abstract_tfidf__reliability,0.007037358123310503
terms_abstract_tfidf__reliable,-0.06968094576670769
terms_abstract_tfidf__reliably,0.08429233853006163
terms_abstract_tfidf__reliance,-0.1020536524241035
terms_abstract_tfidf__relied,-0.0055403705090908235
terms_abstract_tfidf__relies,-0.00913962346190032
terms_abstract_tfidf__rely,-0.15810944262791232
terms_abstract_tfidf__remain,0.06801583646430333
terms_abstract_tfidf__remain unclear,0.05807605990050169
terms_abstract_tfidf__remained,0.006134153096277697
terms_abstract_tfidf__remaining,-0.012623530718238797
terms_abstract_tfidf__remarkably,0.003071846224749891
terms_abstract_tfidf__remember,-0.045357327720865544
terms_abstract_tfidf__remembered,-0.08133515602789665
terms_abstract_tfidf__remembering,0.034539176508461326
terms_abstract_tfidf__remote,-0.02948082690048127
terms_abstract_tfidf__reorganization,-0.05073860297453314
terms_abstract_tfidf__repeat,0.02703731641393742
terms_abstract_tfidf__repeated,-0.17071576905738411
terms_abstract_tfidf__repeatedly,0.040085781589796324
terms_abstract_tfidf__repetition,-0.18335413194134814
terms_abstract_tfidf__repetition suppression,-0.1846066416687723
terms_abstract_tfidf__repetitive,-0.008893230579701669
terms_abstract_tfidf__replicate,-0.08958971749603536
terms_abstract_tfidf__replicated,0.022138712522075405
terms_abstract_tfidf__report,0.028554427904205558
terms_abstract_tfidf__reported,0.16314651734792288
terms_abstract_tfidf__reports,0.01763418767618118
terms_abstract_tfidf__represent,0.05253404485615251
terms_abstract_tfidf__representation,-0.21464666129514928
terms_abstract_tfidf__representational,-0.15256782771434313
terms_abstract_tfidf__representations,-0.21864321300979134
terms_abstract_tfidf__represented,-0.130080666694984
terms_abstract_tfidf__representing,-0.05028698072601364
terms_abstract_tfidf__represents,-0.06661167696268196
terms_abstract_tfidf__require,0.012828035300984897
terms_abstract_tfidf__required,-0.03874972746361078
terms_abstract_tfidf__requirements,-0.12663469399440858
terms_abstract_tfidf__requires,-0.04819519104220174
terms_abstract_tfidf__requiring,-0.06722634922775475
terms_abstract_tfidf__research,0.1524432936206444
terms_abstract_tfidf__research suggests,0.02993935058200164
terms_abstract_tfidf__researchers,0.059978161790352216
terms_abstract_tfidf__residual,-0.1697463823219846
terms_abstract_tfidf__resolution,-0.07423568692387315
terms_abstract_tfidf__resolve,0.0059917715121911895
terms_abstract_tfidf__resonance,0.01712834113613808
terms_abstract_tfidf__resonance experiment,-0.07786006978536963
terms_abstract_tfidf__resonance healthy,-0.002448323288820668
terms_abstract_tfidf__resonance images,0.0009617014468959945
terms_abstract_tfidf__resonance measure,0.015302707802101773
terms_abstract_tfidf__resonance performing,0.0984429031881131
terms_abstract_tfidf__resonance rs,0.05427446011189314
terms_abstract_tfidf__resonance scans,0.07452948990567404
terms_abstract_tfidf__resources,-0.03740850826265352
terms_abstract_tfidf__respect,-0.07772014138545867
terms_abstract_tfidf__respective,0.023031041936924755
terms_abstract_tfidf__respectively,-0.03658962167283378
terms_abstract_tfidf__respond,0.023271293400525778
terms_abstract_tfidf__responded,-0.03841864130487145
terms_abstract_tfidf__responding,0.048179897444887126
terms_abstract_tfidf__responds,-0.12348605230849927
terms_abstract_tfidf__response,0.1161833369600782
terms_abstract_tfidf__response inhibition,0.20837703268807842
terms_abstract_tfidf__response selection,0.03826470255833345
terms_abstract_tfidf__response time,-0.0005350793683510055
terms_abstract_tfidf__response times,-0.01586849250107827
terms_abstract_tfidf__responses,0.08837477669082817
terms_abstract_tfidf__responsible,-0.05568672083103615
terms_abstract_tfidf__responsive,-0.2026206006708586
terms_abstract_tfidf__responsiveness,0.07324753226544616
terms_abstract_tfidf__rest,0.09771666265475756
terms_abstract_tfidf__resting,0.16845737653390383
terms_abstract_tfidf__resting state,0.1723202286950088
terms_abstract_tfidf__restricted,-0.1540712033707195
terms_abstract_tfidf__result,-0.01615715750916581
terms_abstract_tfidf__resulted,-0.0674515249012862
terms_abstract_tfidf__resulting,-0.00329393619388441
terms_abstract_tfidf__retention,-0.01888578432867969
terms_abstract_tfidf__retrieval,0.050832427486270745
terms_abstract_tfidf__retrieved,0.056426252124529064
terms_abstract_tfidf__retrosplenial,0.01338126578851063
terms_abstract_tfidf__retrosplenial cortex,0.06676780387878475
terms_abstract_tfidf__reveal,-0.05210518513975237
terms_abstract_tfidf__revealing,-0.02465696496379114
terms_abstract_tfidf__reveals,0.022401735590256745
terms_abstract_tfidf__reversal,0.1949834985562696
terms_abstract_tfidf__reverse,-0.07333741350007403
terms_abstract_tfidf__reversed,-0.032738181707365914
terms_abstract_tfidf__reward,0.2719970508333284
terms_abstract_tfidf__reward anticipation,0.14821768801812032
terms_abstract_tfidf__rewarding,0.23009372516880638
terms_abstract_tfidf__rewards,0.2883600228288134
terms_abstract_tfidf__rhythm,-0.03856167931565902
terms_abstract_tfidf__rich,-0.016607810112298046
terms_abstract_tfidf__rise,-0.07561558082480886
terms_abstract_tfidf__risk,0.24900603625903117
terms_abstract_tfidf__risk taking,0.2639981681150349
terms_abstract_tfidf__risky,0.22060328622740064
terms_abstract_tfidf__robust,0.023099523528594023
terms_abstract_tfidf__roi,-0.053602242288190785
terms_abstract_tfidf__rois,-0.01882588351663142
terms_abstract_tfidf__role,-0.03280444298598936
terms_abstract_tfidf__roles,0.06087167292832684
terms_abstract_tfidf__rostral,0.17246553881456128
terms_abstract_tfidf__rostral anterior,0.1602338016896944
terms_abstract_tfidf__rotation,-0.2116605456820698
terms_abstract_tfidf__rs,0.10106197225885799
terms_abstract_tfidf__rsfc,0.05187163039319489
terms_abstract_tfidf__rt,0.05003651465070876
terms_abstract_tfidf__rule,0.08367983558476631
terms_abstract_tfidf__rules,0.11896511313908424
terms_abstract_tfidf__run,-0.07150371214909008
terms_abstract_tfidf__runs,-0.10167383801705085
terms_abstract_tfidf__s1,-0.018820686668147624
terms_abstract_tfidf__saccade,-0.09567738957717609
terms_abstract_tfidf__saccades,-0.10522434510781856
terms_abstract_tfidf__sad,0.080469286246334
terms_abstract_tfidf__salience,0.18614299409166854
terms_abstract_tfidf__salience network,0.1904856384217866
terms_abstract_tfidf__salient,0.03624605792669244
terms_abstract_tfidf__sample,0.044998740136655294
terms_abstract_tfidf__samples,0.126947246042189
terms_abstract_tfidf__sampling,0.06805921004444819
terms_abstract_tfidf__scale,0.1700982695504855
terms_abstract_tfidf__scales,0.07323613768677421
terms_abstract_tfidf__scalp,-0.08553717667525174
terms_abstract_tfidf__scan,0.03501285191255332
terms_abstract_tfidf__scanned,-0.0394180866694811
terms_abstract_tfidf__scanned using,-0.007252195054165994
terms_abstract_tfidf__scanner,-0.046956502028270466
terms_abstract_tfidf__scanning,0.040786003303010264
terms_abstract_tfidf__scans,0.045086314760072244
terms_abstract_tfidf__scene,-0.19793536188425426
terms_abstract_tfidf__scenes,-0.18076653109062346
terms_abstract_tfidf__schizophrenia,0.13040083733618427
terms_abstract_tfidf__schizophrenic,0.03150450924972724
terms_abstract_tfidf__sclerosis,-0.00841538501211957
terms_abstract_tfidf__score,0.010913222536276286
terms_abstract_tfidf__scores,0.11853224024316675
terms_abstract_tfidf__sd,0.06456299583559004
terms_abstract_tfidf__se,0.04455448307276746
terms_abstract_tfidf__search,-0.11002913731073027
terms_abstract_tfidf__second,0.008177776364540245
terms_abstract_tfidf__secondary,0.04336861540824044
terms_abstract_tfidf__secondary somatosensory,0.03288425204185666
terms_abstract_tfidf__sectional,0.027624455943402595
terms_abstract_tfidf__seed,0.18577760333266996
terms_abstract_tfidf__seeds,0.04084913613018021
terms_abstract_tfidf__seeking,0.1837273454909754
terms_abstract_tfidf__seen,-0.07830872354348717
terms_abstract_tfidf__segregated,-0.027351293721709743
terms_abstract_tfidf__segregation,-0.06599553216521854
terms_abstract_tfidf__select,-0.023688075230400025
terms_abstract_tfidf__selected,-0.014929985409738354
terms_abstract_tfidf__selection,0.03437768354799904
terms_abstract_tfidf__selective,-0.30741212163548937
terms_abstract_tfidf__selective attention,-0.14864888935491746
terms_abstract_tfidf__selectively,-0.08694310638213888
terms_abstract_tfidf__selectivity,-0.2821131826258939
terms_abstract_tfidf__self,0.25692417692218295
terms_abstract_tfidf__self referential,0.1614846705783773
terms_abstract_tfidf__self report,0.11037396224978918
terms_abstract_tfidf__self reported,0.12446667391491957
terms_abstract_tfidf__semantic,-0.04166466164117888
terms_abstract_tfidf__semantic memory,0.048986993004356036
terms_abstract_tfidf__semantically,-0.07769844232716652
terms_abstract_tfidf__semantics,-0.0868683163189952
terms_abstract_tfidf__sensation,0.08312391070295586
terms_abstract_tfidf__sensations,0.11766969227067847
terms_abstract_tfidf__sense,0.0428794930138245
terms_abstract_tfidf__sensitive,-0.19489638933089604
terms_abstract_tfidf__sensitivity,0.11442999064205574
terms_abstract_tfidf__sensorimotor,-0.08142782266870315
terms_abstract_tfidf__sensorimotor cortex,-0.08172670923550969
terms_abstract_tfidf__sensorimotor network,-0.06471640797099672
terms_abstract_tfidf__sensory,-0.14203642464721628
terms_abstract_tfidf__sensory information,-0.08339173522376232
terms_abstract_tfidf__sensory motor,-0.10410036058200027
terms_abstract_tfidf__sentence,0.03626596987435567
terms_abstract_tfidf__sentence comprehension,0.03720957101798107
terms_abstract_tfidf__sentences,0.011749222913693796
terms_abstract_tfidf__separable,0.05627884308240932
terms_abstract_tfidf__separate,-0.08079356988452023
terms_abstract_tfidf__separated,-0.06906365158917202
terms_abstract_tfidf__separately,-0.07993828785209155
terms_abstract_tfidf__separation,0.04352892514453231
terms_abstract_tfidf__sequence,-0.013274899134478395
terms_abstract_tfidf__sequences,-0.03701985970505643
terms_abstract_tfidf__sequential,-0.0564906253728369
terms_abstract_tfidf__serial,-0.03982063235542147
terms_abstract_tfidf__series,-0.0035305797773224888
terms_abstract_tfidf__serotonin,0.1143815037724094
terms_abstract_tfidf__serve,-0.009756812431878014
terms_abstract_tfidf__served,-0.009517997009515576
terms_abstract_tfidf__serves,-0.0242445811616658
terms_abstract_tfidf__session,-0.03597368655091764
terms_abstract_tfidf__sessions,0.028388265025906752
terms_abstract_tfidf__set,0.043894582470836926
terms_abstract_tfidf__sets,-0.01653651114893401
terms_abstract_tfidf__setting,0.08031499568662298
terms_abstract_tfidf__settings,-0.09011163622881548
terms_abstract_tfidf__seven,0.014420535602360675
terms_abstract_tfidf__seventeen,0.004503418221929361
terms_abstract_tfidf__severe,-0.019893806892899595
terms_abstract_tfidf__severity,0.13450810738938765
terms_abstract_tfidf__sex,0.0980454955673779
terms_abstract_tfidf__sexual,0.0810976749144583
terms_abstract_tfidf__sham,0.10910824293133942
terms_abstract_tfidf__shape,-0.25578344214497817
terms_abstract_tfidf__shaped,-0.02922167639530148
terms_abstract_tfidf__shapes,-0.20892712007462044
terms_abstract_tfidf__share,-0.030881533754913353
terms_abstract_tfidf__shared,-0.03201106737141958
terms_abstract_tfidf__shed,0.008973774987868305
terms_abstract_tfidf__shed light,0.00743838734787751
terms_abstract_tfidf__shift,0.02935489380355461
terms_abstract_tfidf__shifted,0.03765794186097648
terms_abstract_tfidf__shifting,0.028677698895720194
terms_abstract_tfidf__shifts,-0.06252527127838065
terms_abstract_tfidf__short,-0.1313668946629273
terms_abstract_tfidf__short term,-0.10151312399633625
terms_abstract_tfidf__shorter,-0.012347280084554074
terms_abstract_tfidf__showing,-0.04461379318207954
terms_abstract_tfidf__shown,0.03509993860231086
terms_abstract_tfidf__shows,-0.017292799836738842
terms_abstract_tfidf__si,0.0059612241297215445
terms_abstract_tfidf__sided,-0.07603334145186269
terms_abstract_tfidf__sighted,-0.2638518382654245
terms_abstract_tfidf__sign,-0.16214648767262346
terms_abstract_tfidf__signal,0.1021156475834414
terms_abstract_tfidf__signal change,-0.03181800610653939
terms_abstract_tfidf__signal task,0.19081556114541728
terms_abstract_tfidf__signaling,0.11795960556239383
terms_abstract_tfidf__signals,-0.08398344590589525
terms_abstract_tfidf__signature,0.089560675604352
terms_abstract_tfidf__significance,0.12140983891498927
terms_abstract_tfidf__significance statement,0.09658082775057882
terms_abstract_tfidf__signs,-0.051286314865313806
terms_abstract_tfidf__sii,0.012238073363253896
terms_abstract_tfidf__silent,-0.08402911030508657
terms_abstract_tfidf__similarities,0.16320582753600024
terms_abstract_tfidf__similarity,-0.12099836669936713
terms_abstract_tfidf__similarly,0.043140720584762184
terms_abstract_tfidf__simple,-0.10659580657580917
terms_abstract_tfidf__simply,-0.0286741434771573
terms_abstract_tfidf__simulated,-0.06531759036166317
terms_abstract_tfidf__simulation,-0.11702950445565681
terms_abstract_tfidf__simultaneous,-0.025793931209245193
terms_abstract_tfidf__simultaneous eeg,0.03202241982575079
terms_abstract_tfidf__simultaneously,-0.1255281864996764
terms_abstract_tfidf__single,-0.1933561686964576
terms_abstract_tfidf__single subject,-0.08524879578511607
terms_abstract_tfidf__single trial,-0.0077369353382170415
terms_abstract_tfidf__site,-0.010825417377447586
terms_abstract_tfidf__sites,-0.19235597450023734
terms_abstract_tfidf__situation,0.08075463543405349
terms_abstract_tfidf__situations,0.15886779177345076
terms_abstract_tfidf__sixteen,0.011021977142605473
terms_abstract_tfidf__size,-0.12145251161183296
terms_abstract_tfidf__sizes,0.022911737726437086
terms_abstract_tfidf__skill,-0.09906272808165897
terms_abstract_tfidf__skills,-0.12114150533300756
terms_abstract_tfidf__skin,0.11266015071852523
terms_abstract_tfidf__skin conductance,0.09107021321583987
terms_abstract_tfidf__sleep,0.02202523439657807
terms_abstract_tfidf__slow,0.0723761741885468
terms_abstract_tfidf__slower,0.05732795811441548
terms_abstract_tfidf__sma,-0.002043976267066478
terms_abstract_tfidf__small,0.019057436220980876
terms_abstract_tfidf__smaller,-0.08382027215242167
terms_abstract_tfidf__smokers,0.14665277732385082
terms_abstract_tfidf__smoking,0.14940099985846345
terms_abstract_tfidf__sn,0.19646022082114242
terms_abstract_tfidf__social,0.0787866938133303
terms_abstract_tfidf__social cognition,0.06592234242938609
terms_abstract_tfidf__social cognitive,0.07796588526106979
terms_abstract_tfidf__social interaction,0.04267784528067103
terms_abstract_tfidf__social interactions,0.04932828914138199
terms_abstract_tfidf__socially,-0.04334977803133173
terms_abstract_tfidf__software,0.009373218009786502
terms_abstract_tfidf__solving,0.06841872152552414
terms_abstract_tfidf__somatosensory,-0.03862091942291748
terms_abstract_tfidf__somatosensory cortex,-0.01046022770504251
terms_abstract_tfidf__somatosensory cortices,0.002216681971095949
terms_abstract_tfidf__sought,0.12266433015179579
terms_abstract_tfidf__sound,-0.08176599863795027
terms_abstract_tfidf__sounds,-0.03266947663731284
terms_abstract_tfidf__source,-0.0460218838216001
terms_abstract_tfidf__sources,-0.13419992221165697
terms_abstract_tfidf__space,-0.2517263387130216
terms_abstract_tfidf__span,-0.05728145127560856
terms_abstract_tfidf__sparse,0.008112114119250733
terms_abstract_tfidf__spatial,-0.21611878529753278
terms_abstract_tfidf__spatial attention,-0.16079893496998207
terms_abstract_tfidf__spatial information,-0.19515334854885236
terms_abstract_tfidf__spatial temporal,-7.87457375762337e-06
terms_abstract_tfidf__spatially,-0.1189736323242962
terms_abstract_tfidf__spatiotemporal,-0.07646922709308664
terms_abstract_tfidf__speaker,-0.03458242500626093
terms_abstract_tfidf__speakers,-0.05453854089687993
terms_abstract_tfidf__speaking,-0.014178344317974479
terms_abstract_tfidf__special,-0.14079150832026058
terms_abstract_tfidf__specialization,-0.20404444312953246
terms_abstract_tfidf__specialized,-0.20286424252700044
terms_abstract_tfidf__species,0.09548189347357236
terms_abstract_tfidf__specifically,0.03601823199545284
terms_abstract_tfidf__specificity,-0.0728194240901112
terms_abstract_tfidf__specified,-0.03606472401228495
terms_abstract_tfidf__spectral,0.00167857996425192
terms_abstract_tfidf__spectrum,0.0022806774835504393
terms_abstract_tfidf__spectrum disorder,0.02031937969441394
terms_abstract_tfidf__spectrum disorders,-0.03996430008491392
terms_abstract_tfidf__speech,-0.019138692419523977
terms_abstract_tfidf__speech perception,-0.01547640516423119
terms_abstract_tfidf__speech production,-0.013725086878071637
terms_abstract_tfidf__speed,-0.030567790362023815
terms_abstract_tfidf__spin,0.12273289641453368
terms_abstract_tfidf__spin labeling,0.11919412545966974
terms_abstract_tfidf__spinal,0.006119825268824146
terms_abstract_tfidf__spl,-0.14282581321191354
terms_abstract_tfidf__spoken,-0.0668463302543705
terms_abstract_tfidf__spontaneous,0.08714803763921157
terms_abstract_tfidf__stable,0.05204615286887853
terms_abstract_tfidf__stage,0.021009952616080123
terms_abstract_tfidf__stages,-0.0026263543715972742
terms_abstract_tfidf__standard,-0.010024835719884646
terms_abstract_tfidf__standardized,0.010420945078948614
terms_abstract_tfidf__state,0.19143412170452448
terms_abstract_tfidf__state connectivity,0.10200225888780907
terms_abstract_tfidf__state functional,0.17061678412738907
terms_abstract_tfidf__state networks,0.1413276058473352
terms_abstract_tfidf__statement,0.11087784975330864
terms_abstract_tfidf__states,0.13542475819496688
terms_abstract_tfidf__static,-0.1804423758435672
terms_abstract_tfidf__statistics,-0.07491277370610974
terms_abstract_tfidf__status,-0.004536302203303065
terms_abstract_tfidf__step,-0.0992517133910734
terms_abstract_tfidf__stg,-0.02593804156821025
terms_abstract_tfidf__stimulated,-0.0414826939348508
terms_abstract_tfidf__stimulation,-0.055401635783793556
terms_abstract_tfidf__stimulation tms,-0.11036084812038413
terms_abstract_tfidf__stimuli,-0.18366534349938055
terms_abstract_tfidf__stimuli presented,-0.12540884537435337
terms_abstract_tfidf__stimulus,-0.15040896299525466
terms_abstract_tfidf__stimulus driven,-0.06782275460471732
terms_abstract_tfidf__stimulus response,0.06455705200455446
terms_abstract_tfidf__stop,0.21520388195612952
terms_abstract_tfidf__stop signal,0.20371498516431708
terms_abstract_tfidf__storage,-0.04508955031883962
terms_abstract_tfidf__stored,-0.027978280329970948
terms_abstract_tfidf__strategic,0.061106408297949596
terms_abstract_tfidf__strategies,0.053419246752103765
terms_abstract_tfidf__strategy,0.12430231726270553
terms_abstract_tfidf__stream,-0.2791171683183932
terms_abstract_tfidf__streams,-0.17161264872660795
terms_abstract_tfidf__strength,0.09913223805284356
terms_abstract_tfidf__stress,0.1415956158229423
terms_abstract_tfidf__stress disorder,0.05908867407546995
terms_abstract_tfidf__striatal,0.2789139617617343
terms_abstract_tfidf__striatum,0.30595405618328714
terms_abstract_tfidf__striking,0.035626079529922444
terms_abstract_tfidf__stroke,-0.09535379860671325
terms_abstract_tfidf__strong,-0.009172648776461387
terms_abstract_tfidf__strongest,-0.07720007810375182
terms_abstract_tfidf__strongly,-0.03996615986088223
terms_abstract_tfidf__stroop,0.0330024141225613
terms_abstract_tfidf__stroop task,0.01712691760992238
terms_abstract_tfidf__structural,-0.021660060753097444
terms_abstract_tfidf__structural functional,-0.04823827093009047
terms_abstract_tfidf__structural magnetic,0.014400489700658478
terms_abstract_tfidf__structure,-0.05835187494744993
terms_abstract_tfidf__structure function,0.0629551396036175
terms_abstract_tfidf__structures,0.14812343923331156
terms_abstract_tfidf__structures involved,0.03117467838691422
terms_abstract_tfidf__sts,-0.12477173422195373
terms_abstract_tfidf__students,0.026207346047700666
terms_abstract_tfidf__studied,0.04127613318296863
terms_abstract_tfidf__studying,0.06037978969717557
terms_abstract_tfidf__sub,0.10555409064025534
terms_abstract_tfidf__subcortical,0.11237055154491055
terms_abstract_tfidf__subcortical structures,0.06673876507293977
terms_abstract_tfidf__subgenual,0.12100312510165677
terms_abstract_tfidf__subject,-0.017213107683181704
terms_abstract_tfidf__subjective,0.13838670106750697
terms_abstract_tfidf__subregions,0.09349250450669455
terms_abstract_tfidf__subsequent,0.007751560764634474
terms_abstract_tfidf__subsequent memory,-0.025133171650654252
terms_abstract_tfidf__subsequently,0.07373964216193193
terms_abstract_tfidf__subserve,0.0906359666030535
terms_abstract_tfidf__subserved,0.022053217270469872
terms_abstract_tfidf__subserving,0.0437085602808155
terms_abstract_tfidf__subset,0.03854735410402735
terms_abstract_tfidf__substance,0.16826731083958527
terms_abstract_tfidf__substantia,0.09140211503347492
terms_abstract_tfidf__substantial,0.06425650870394088
terms_abstract_tfidf__substantially,-0.012650926248190583
terms_abstract_tfidf__substrate,-0.15882136679990558
terms_abstract_tfidf__substrates,0.02481024414012867
terms_abstract_tfidf__subtle,0.033147844994009024
terms_abstract_tfidf__subtraction,-0.07432799653303096
terms_abstract_tfidf__success,0.12614123114204107
terms_abstract_tfidf__successful,0.09115665349599572
terms_abstract_tfidf__successfully,-0.11462410050675442
terms_abstract_tfidf__successive,-0.050812815971679325
terms_abstract_tfidf__suffering,0.015732317507255796
terms_abstract_tfidf__sufficient,-0.055552922098966395
terms_abstract_tfidf__suggest,0.020694847274038752
terms_abstract_tfidf__suggest functional,0.0482259096662972
terms_abstract_tfidf__suggested,0.06305584433476255
terms_abstract_tfidf__suggesting,-0.007378031721684876
terms_abstract_tfidf__suggests,0.004667230887314986
terms_abstract_tfidf__sulci,-0.17295698961010264
terms_abstract_tfidf__sulcus,-0.23562696550256668
terms_abstract_tfidf__sulcus ips,-0.1631891712848436
terms_abstract_tfidf__sulcus sts,-0.11697828005815826
terms_abstract_tfidf__sum,0.01004331049880237
terms_abstract_tfidf__summary,0.0303921648693835
terms_abstract_tfidf__superior,-0.16684894500792877
terms_abstract_tfidf__superior frontal,0.1382060937943448
terms_abstract_tfidf__superior inferior,-0.14547535396959277
terms_abstract_tfidf__superior middle,0.001035120157195865
terms_abstract_tfidf__superior parietal,-0.18574451099497266
terms_abstract_tfidf__superior temporal,-0.10940724546394948
terms_abstract_tfidf__supplementary,-0.0001435871194242311
terms_abstract_tfidf__supplementary motor,0.01242479943192899
terms_abstract_tfidf__supported,-0.01948938503733371
terms_abstract_tfidf__supporting,0.040424430201389555
terms_abstract_tfidf__supports,0.06610308693928424
terms_abstract_tfidf__suppressed,0.028197656938188074
terms_abstract_tfidf__suppression,-0.08137962280740565
terms_abstract_tfidf__supramarginal,-0.0005313701835560325
terms_abstract_tfidf__supramarginal gyrus,0.006701386659096987
terms_abstract_tfidf__surface,-0.15605457023630864
terms_abstract_tfidf__surprisingly,-0.0647481436054885
terms_abstract_tfidf__surrounding,-0.0965540055076595
terms_abstract_tfidf__susceptibility,0.06667144370671857
terms_abstract_tfidf__sustained,-0.012171013652024883
terms_abstract_tfidf__sustained attention,0.07699095079035588
terms_abstract_tfidf__switch,0.05979487842649961
terms_abstract_tfidf__switching,0.07959008666055768
terms_abstract_tfidf__symbolic,-0.1146555975402574
terms_abstract_tfidf__symptom,0.11554801245284016
terms_abstract_tfidf__symptom severity,0.08209659008465121
terms_abstract_tfidf__symptoms,0.1692381011517202
terms_abstract_tfidf__synchronization,-0.03409908460941571
terms_abstract_tfidf__syndrome,0.045189835408935806
terms_abstract_tfidf__syntactic,0.04217988238549063
terms_abstract_tfidf__systematic,-0.03233008714460167
terms_abstract_tfidf__systematically,-0.011038745408632028
terms_abstract_tfidf__systems,0.06539388043665509
terms_abstract_tfidf__systems involved,-0.02622918057560655
terms_abstract_tfidf__t1,-0.026522914560303378
terms_abstract_tfidf__t1 weighted,-0.031956504102506486
terms_abstract_tfidf__tactile,-0.1276319832695199
terms_abstract_tfidf__taken,-0.013363204128575133
terms_abstract_tfidf__taken suggest,-0.03595757255773448
terms_abstract_tfidf__taking,0.20287996844832393
terms_abstract_tfidf__tapping,-0.01040158964420745
terms_abstract_tfidf__target,-0.09246700144079849
terms_abstract_tfidf__target detection,0.00346784423546737
terms_abstract_tfidf__targeted,0.09591630944118618
terms_abstract_tfidf__targets,-0.07977915893511546
terms_abstract_tfidf__task,0.02429652896171558
terms_abstract_tfidf__task conditions,0.006894407831996462
terms_abstract_tfidf__task demands,-0.008817996918763877
terms_abstract_tfidf__task difficulty,-0.020498888546841672
terms_abstract_tfidf__task functional,0.13981497704236506
terms_abstract_tfidf__task induced,0.05539723068656906
terms_abstract_tfidf__task involving,0.017687613870478312
terms_abstract_tfidf__task irrelevant,-0.10668589372355086
terms_abstract_tfidf__task performance,0.01614694097340761
terms_abstract_tfidf__task positive,0.09038643642056927
terms_abstract_tfidf__task relevant,-0.1557628728481648
terms_abstract_tfidf__task required,0.05553346336527095
terms_abstract_tfidf__task task,0.07439205760042206
terms_abstract_tfidf__task using,-0.10084194507394849
terms_abstract_tfidf__tasks,-0.08305675190966896
terms_abstract_tfidf__taste,0.1384094848597934
terms_abstract_tfidf__td,0.003093332209215647
terms_abstract_tfidf__technique,0.015242581524046643
terms_abstract_tfidf__techniques,0.010109558937424006
terms_abstract_tfidf__tegmental,0.14515876874688824
terms_abstract_tfidf__temporal,-0.1434667543398586
terms_abstract_tfidf__temporal cortex,-0.18976921250325712
terms_abstract_tfidf__temporal cortices,-0.03150877747641009
terms_abstract_tfidf__temporal frontal,-0.0897586479398258
terms_abstract_tfidf__temporal gyri,-0.05185866825872522
terms_abstract_tfidf__temporal gyrus,-0.057710651529680405
terms_abstract_tfidf__temporal inferior,-0.023675540802526703
terms_abstract_tfidf__temporal lobe,-0.04748166805454572
terms_abstract_tfidf__temporal lobes,-0.07291651976793627
terms_abstract_tfidf__temporal occipital,-0.20545604515000446
terms_abstract_tfidf__temporal parietal,0.023333790320918014
terms_abstract_tfidf__temporal pole,0.0046469623846903145
terms_abstract_tfidf__temporal sulcus,-0.13270250934887262
terms_abstract_tfidf__temporale,-0.03595903774714031
terms_abstract_tfidf__temporally,0.058424924868994275
terms_abstract_tfidf__temporo,-0.02358259827065422
terms_abstract_tfidf__temporo parietal,0.04133344997149795
terms_abstract_tfidf__temporoparietal,0.05810917639306611
terms_abstract_tfidf__temporoparietal junction,0.07547785541112047
terms_abstract_tfidf__tend,0.037285667069103454
terms_abstract_tfidf__tendency,0.1007225083478272
terms_abstract_tfidf__tensor,0.005890709545785415
terms_abstract_tfidf__tensor dti,-0.008441553898262177
terms_abstract_tfidf__term,-0.062455633001594055
terms_abstract_tfidf__term memory,-0.15351165051101376
terms_abstract_tfidf__terms,-0.0013368289476266269
terms_abstract_tfidf__tesla,-0.026202866273422998
terms_abstract_tfidf__test,0.010399564042972625
terms_abstract_tfidf__tested,-0.07382553346559238
terms_abstract_tfidf__testing,-0.03008047064688925
terms_abstract_tfidf__tests,0.027632588311367123
terms_abstract_tfidf__thalamic,0.04129872022065781
terms_abstract_tfidf__thalamus,0.1503561078744713
terms_abstract_tfidf__theoretical,0.008185294321191998
terms_abstract_tfidf__theories,-0.012440718767047072
terms_abstract_tfidf__theory,0.11055646233682928
terms_abstract_tfidf__theory mind,0.07396258342556607
terms_abstract_tfidf__therapeutic,0.07055562983870503
terms_abstract_tfidf__therapy,0.027711744320645052
terms_abstract_tfidf__thickness,-0.054192391296783764
terms_abstract_tfidf__thinking,0.08554445946836806
terms_abstract_tfidf__thirteen,-0.034644484426768464
terms_abstract_tfidf__thirty,0.11408904413106019
terms_abstract_tfidf__thought,0.0778504677262823
terms_abstract_tfidf__thoughts,0.16950714390086505
terms_abstract_tfidf__threat,0.05724591974297714
terms_abstract_tfidf__threatening,0.0016006987085597547
terms_abstract_tfidf__threshold,0.004724220320514459
terms_abstract_tfidf__time,0.07317679503876193
terms_abstract_tfidf__time course,-0.06036589986792525
terms_abstract_tfidf__time courses,0.06523803510735404
terms_abstract_tfidf__time points,0.017961206145662916
terms_abstract_tfidf__time series,0.061608732717560635
terms_abstract_tfidf__time task,0.05140369473757154
terms_abstract_tfidf__times,-0.043784721677610744
terms_abstract_tfidf__timing,-0.01667689836606596
terms_abstract_tfidf__tissue,-0.015461893203142502
terms_abstract_tfidf__tms,-0.11491429893520107
terms_abstract_tfidf__tom,0.04867989811511691
terms_abstract_tfidf__tomography,0.040606511268292456
terms_abstract_tfidf__tomography pet,-0.011431459486499962
terms_abstract_tfidf__tone,0.022423995718988288
terms_abstract_tfidf__tones,0.015326391810354958
terms_abstract_tfidf__took,0.022106711046789917
terms_abstract_tfidf__tool,-0.1642191222372416
terms_abstract_tfidf__tools,-0.22015319446244794
terms_abstract_tfidf__total,0.0503503360314804
terms_abstract_tfidf__touch,-0.1322437662640088
terms_abstract_tfidf__tpj,0.05171562313728739
terms_abstract_tfidf__track,0.11125941154080321
terms_abstract_tfidf__tracking,-0.09615838029541025
terms_abstract_tfidf__tract,0.007741458982717271
terms_abstract_tfidf__tractography,-0.08405408956519143
terms_abstract_tfidf__tracts,-0.004254537063056205
terms_abstract_tfidf__traditional,-0.09094270971303213
terms_abstract_tfidf__traditionally,-0.022224895729093502
terms_abstract_tfidf__trained,-0.17015346230285514
terms_abstract_tfidf__training,-0.10667007402640488
terms_abstract_tfidf__trait,0.17842478427362796
terms_abstract_tfidf__traits,0.13616836706146235
terms_abstract_tfidf__trajectories,0.02515953960303646
terms_abstract_tfidf__transcranial,-0.07376624888505946
terms_abstract_tfidf__transcranial magnetic,-0.1021553115076464
terms_abstract_tfidf__transfer,-0.021050351421303133
terms_abstract_tfidf__transformation,-0.12708703689493797
terms_abstract_tfidf__transient,-0.09326983906727968
terms_abstract_tfidf__transition,0.06047453180967733
terms_abstract_tfidf__trauma,0.057611931376198196
terms_abstract_tfidf__traumatic,0.06729922643416594
terms_abstract_tfidf__treated,0.10728596839772005
terms_abstract_tfidf__treatment,0.21375602235616875
terms_abstract_tfidf__treatments,0.1281856604654607
terms_abstract_tfidf__trend,0.17891584093234528
terms_abstract_tfidf__trial,0.12386250879411334
terms_abstract_tfidf__trial trial,0.08482432730318884
terms_abstract_tfidf__trials,0.1259398007312628
terms_abstract_tfidf__trigger,-0.014729453905383829
terms_abstract_tfidf__triggered,-0.07590055798960174
terms_abstract_tfidf__true,0.003770534975792874
terms_abstract_tfidf__turn,0.02286868410411648
terms_abstract_tfidf__twice,0.020978616158756284
terms_abstract_tfidf__type,-0.04618161520376226
terms_abstract_tfidf__types,-0.07500150454751729
terms_abstract_tfidf__typical,0.012829379837361534
terms_abstract_tfidf__typically,0.047866085441967146
terms_abstract_tfidf__typically developing,0.007669582027711924
terms_abstract_tfidf__unaffected,0.04372233692891122
terms_abstract_tfidf__uncertain,0.06665395503822504
terms_abstract_tfidf__uncertainty,0.17081812491015683
terms_abstract_tfidf__unclear,0.058146336188088496
terms_abstract_tfidf__undergoing,0.11855987081436851
terms_abstract_tfidf__undergoing functional,0.08367853519592891
terms_abstract_tfidf__underlie,0.11774771028985757
terms_abstract_tfidf__underlies,0.05568861429258449
terms_abstract_tfidf__underlying,0.12932132957640863
terms_abstract_tfidf__underlying mechanisms,0.04935759329362302
terms_abstract_tfidf__underpinning,-0.018487410075192647
terms_abstract_tfidf__underpinnings,0.17350362195442148
terms_abstract_tfidf__understand,0.04582281954222835
terms_abstract_tfidf__understanding,0.09093475408373752
terms_abstract_tfidf__understood,0.07083979490708453
terms_abstract_tfidf__unexpected,0.037399044018180914
terms_abstract_tfidf__unfamiliar,-0.14650522444127168
terms_abstract_tfidf__unilateral,-0.14672580682478267
terms_abstract_tfidf__unimodal,-0.15628398537281735
terms_abstract_tfidf__unique,-0.0018393475545661862
terms_abstract_tfidf__uniquely,-0.01809775813109138
terms_abstract_tfidf__univariate,-0.016440078853074705
terms_abstract_tfidf__unknown,-0.09347734402932319
terms_abstract_tfidf__unlike,-0.02786365100326203
terms_abstract_tfidf__unmedicated,0.06696007612167419
terms_abstract_tfidf__unpleasant,0.07116381616571983
terms_abstract_tfidf__unrelated,0.07360862349437122
terms_abstract_tfidf__upcoming,-0.05747116795305028
terms_abstract_tfidf__updating,0.02146253748346586
terms_abstract_tfidf__upper,-0.1409281029619629
terms_abstract_tfidf__use,0.07798901511960814
terms_abstract_tfidf__use functional,0.02672460414255981
terms_abstract_tfidf__useful,0.04665445505148509
terms_abstract_tfidf__users,0.062158100391215665
terms_abstract_tfidf__uses,-0.03150744507615143
terms_abstract_tfidf__using,-0.06426353975449346
terms_abstract_tfidf__using event,-0.040130341919044965
terms_abstract_tfidf__using functional,-0.10332940403719858
terms_abstract_tfidf__using resting,0.1573364887089775
terms_abstract_tfidf__using voxel,0.04435959875751126
terms_abstract_tfidf__usually,-0.015957368091736302
terms_abstract_tfidf__utility,0.11408720120044018
terms_abstract_tfidf__utilized,0.02102965596086408
terms_abstract_tfidf__v1,-0.26703259868614204
terms_abstract_tfidf__v5,-0.28146212311051366
terms_abstract_tfidf__valence,0.09037181586016124
terms_abstract_tfidf__valid,-0.0030305716303300483
terms_abstract_tfidf__validated,0.014271957925109166
terms_abstract_tfidf__validity,-0.0905360436453824
terms_abstract_tfidf__valuable,0.08512652770739929
terms_abstract_tfidf__value,0.2533958133553426
terms_abstract_tfidf__values,0.15426291375349835
terms_abstract_tfidf__variability,0.08651059928957719
terms_abstract_tfidf__variable,-0.0735004292059848
terms_abstract_tfidf__variables,0.07480358583790819
terms_abstract_tfidf__variance,0.11406715192589936
terms_abstract_tfidf__variant,0.050301846006910116
terms_abstract_tfidf__variation,0.10718003833531221
terms_abstract_tfidf__variations,-0.001093828380829776
terms_abstract_tfidf__varied,-0.020640150390061087
terms_abstract_tfidf__varies,-0.009029441548631932
terms_abstract_tfidf__variety,-0.020058421401095823
terms_abstract_tfidf__various,-0.025579794592173872
terms_abstract_tfidf__vary,-0.005773382970101938
terms_abstract_tfidf__varying,-0.012438727529590262
terms_abstract_tfidf__vbm,0.0506638068610233
terms_abstract_tfidf__vector,-0.0065446645280498655
terms_abstract_tfidf__ventral,0.01914275036836525
terms_abstract_tfidf__ventral anterior,0.15277674367623606
terms_abstract_tfidf__ventral dorsal,-0.022588607458547766
terms_abstract_tfidf__ventral medial,0.15472193238797904
terms_abstract_tfidf__ventral premotor,-0.16583340975448752
terms_abstract_tfidf__ventral striatum,0.2767941836633272
terms_abstract_tfidf__ventral tegmental,0.14485451216474549
terms_abstract_tfidf__ventral visual,-0.2856692301182801
terms_abstract_tfidf__ventrolateral,0.11919927431624884
terms_abstract_tfidf__ventrolateral prefrontal,0.11774517243852324
terms_abstract_tfidf__ventromedial,0.18871825854622254
terms_abstract_tfidf__ventromedial prefrontal,0.19767533610620555
terms_abstract_tfidf__verb,-0.022138368825399105
terms_abstract_tfidf__verbal,-0.03892526540141799
terms_abstract_tfidf__verbal fluency,0.0015430011773127797
terms_abstract_tfidf__verbal working,-0.027160963399394174
terms_abstract_tfidf__verbs,-0.05491594553468399
terms_abstract_tfidf__vermis,-0.07123283759241783
terms_abstract_tfidf__version,0.07069065410243537
terms_abstract_tfidf__versus,-0.04331161282221672
terms_abstract_tfidf__vi,-0.09138609231382623
terms_abstract_tfidf__video,-0.16572620289961493
terms_abstract_tfidf__video clips,-0.17081425425874222
terms_abstract_tfidf__videos,-0.21262485690626629
terms_abstract_tfidf__view,-0.1369904830178782
terms_abstract_tfidf__viewed,-0.18667777377551556
terms_abstract_tfidf__viewing,-0.23068236545991574
terms_abstract_tfidf__violations,0.11759212642941086
terms_abstract_tfidf__virtual,-0.09245751760632533
terms_abstract_tfidf__vision,-0.27476103282660685
terms_abstract_tfidf__visual,-0.36162957927609807
terms_abstract_tfidf__visual attention,-0.19081694206758537
terms_abstract_tfidf__visual auditory,-0.1877273173615744
terms_abstract_tfidf__visual cortex,-0.32038164163428456
terms_abstract_tfidf__visual cortices,-0.21853154057351415
terms_abstract_tfidf__visual field,-0.2610044859866413
terms_abstract_tfidf__visual information,-0.18859750009941567
terms_abstract_tfidf__visual motion,-0.25016648144140224
terms_abstract_tfidf__visual perception,-0.27113562069166947
terms_abstract_tfidf__visual stimuli,-0.24855265688668768
terms_abstract_tfidf__visual stimulus,-0.15783982635775384
terms_abstract_tfidf__visual stream,-0.2784383272386049
terms_abstract_tfidf__visual word,-0.20182450803571683
terms_abstract_tfidf__visually,-0.213528273849625
terms_abstract_tfidf__visually presented,-0.17130132594170433
terms_abstract_tfidf__visuo,-0.20459922094752014
terms_abstract_tfidf__visuo spatial,-0.06655333523020131
terms_abstract_tfidf__visuomotor,-0.13629573043648768
terms_abstract_tfidf__visuospatial,-0.19126373667657248
terms_abstract_tfidf__vivo,0.0956579484002289
terms_abstract_tfidf__vlpfc,0.15529353196978207
terms_abstract_tfidf__vmpfc,0.1766721037433296
terms_abstract_tfidf__vocal,-0.0032951382199019478
terms_abstract_tfidf__voice,-0.013399069430931585
terms_abstract_tfidf__volume,0.0704060546989816
terms_abstract_tfidf__volumes,0.07297344539589078
terms_abstract_tfidf__volumetric,0.0003367888366916868
terms_abstract_tfidf__voluntary,0.000755770090770483
terms_abstract_tfidf__volunteers,0.011196861712133344
terms_abstract_tfidf__voxel,0.038958466078778065
terms_abstract_tfidf__voxel morphometry,0.02972257604492269
terms_abstract_tfidf__voxel wise,0.07513760972739938
terms_abstract_tfidf__voxels,-0.0664180646597122
terms_abstract_tfidf__voxelwise,0.06422060539264429
terms_abstract_tfidf__vs,0.08206189953592977
terms_abstract_tfidf__vulnerability,0.10792673371698794
terms_abstract_tfidf__watched,-0.18593879671280014
terms_abstract_tfidf__watching,-0.06549063763025842
terms_abstract_tfidf__way,-0.03146113138394534
terms_abstract_tfidf__ways,0.09000211836778366
terms_abstract_tfidf__weak,0.06225465017529472
terms_abstract_tfidf__weaker,0.13940719605450225
terms_abstract_tfidf__week,0.02906333452217257
terms_abstract_tfidf__weeks,0.07308941004609883
terms_abstract_tfidf__weight,0.08758176360856208
terms_abstract_tfidf__weighted,-0.024800182697571675
terms_abstract_tfidf__whilst,-0.04801937640514074
terms_abstract_tfidf__white,0.013775133768268914
terms_abstract_tfidf__white matter,0.04237971251123031
terms_abstract_tfidf__wide,-0.0674366035291113
terms_abstract_tfidf__widely,0.05194531013084042
terms_abstract_tfidf__widespread,0.08381110921675812
terms_abstract_tfidf__wiley,-0.033720575202595436
terms_abstract_tfidf__wiley periodicals,-0.03362748551177412
terms_abstract_tfidf__window,0.022070444593310815
terms_abstract_tfidf__wise,0.05894838702041119
terms_abstract_tfidf__wm,-0.006504682544718707
terms_abstract_tfidf__wm task,-0.0008027063578518255
terms_abstract_tfidf__women,0.11579649454506345
terms_abstract_tfidf__word,-0.09242390850129732
terms_abstract_tfidf__word form,-0.2055305424385984
terms_abstract_tfidf__word pairs,0.06297701364612883
terms_abstract_tfidf__word recognition,-0.10603066796961337
terms_abstract_tfidf__words,-0.09117274543922416
terms_abstract_tfidf__work,0.10539428499310365
terms_abstract_tfidf__working,0.0038590310026009093
terms_abstract_tfidf__working memory,0.004087138741696937
terms_abstract_tfidf__world,-0.023896981042409338
terms_abstract_tfidf__worse,0.05183605248030151
terms_abstract_tfidf__written,-0.1365843104631815
terms_abstract_tfidf__year,0.01916280843110061
terms_abstract_tfidf__year old,-0.028437074274136304
terms_abstract_tfidf__years,0.07105565128229716
terms_abstract_tfidf__years old,0.02900121888807342
terms_abstract_tfidf__yield,0.03819054372559198
terms_abstract_tfidf__yielded,-0.0778170272453197
terms_abstract_tfidf__young,0.08305339654964711
terms_abstract_tfidf__young adults,0.1029288806388172
terms_abstract_tfidf__young healthy,0.0879211408348795
terms_abstract_tfidf__young older,0.01315704153037723
terms_abstract_tfidf__younger,0.03562695683817688
terms_abstract_tfidf__younger adults,0.012754904039727717
terms_abstract_tfidf__youth,0.11166628589597388
terms_abstract_tfidf__zone,0.06401810133934609
